# Blender 4.5.2 LTS
# www.blender.org
mtllib aku.mtl
o pasted__pCylinder7
v -0.173467 0.225241 -0.006611
v -0.173639 0.224971 -0.007368
v -0.173989 0.224527 -0.008019
v -0.174480 0.223952 -0.008469
v -0.175066 0.223302 -0.008691
v -0.175689 0.222641 -0.008664
v -0.176288 0.222035 -0.008445
v -0.176804 0.221541 -0.007950
v -0.177187 0.221209 -0.007282
v -0.177399 0.221071 -0.006509
v -0.177420 0.221141 -0.005704
v -0.177247 0.221411 -0.004948
v -0.176898 0.221855 -0.004313
v -0.176406 0.222431 -0.003863
v -0.175820 0.223080 -0.003584
v -0.175198 0.223741 -0.003611
v -0.174599 0.224347 -0.003887
v -0.174083 0.224841 -0.004366
v -0.173700 0.225173 -0.005033
v -0.173488 0.225311 -0.005807
v -0.205202 0.243052 -0.003197
v -0.205354 0.242815 -0.003859
v -0.205659 0.242426 -0.004414
v -0.206090 0.241923 -0.004809
v -0.206603 0.241354 -0.005003
v -0.207148 0.240776 -0.004979
v -0.207672 0.240244 -0.004787
v -0.208124 0.239812 -0.004353
v -0.208459 0.239522 -0.003769
v -0.208645 0.239401 -0.003091
v -0.208663 0.239462 -0.002387
v -0.208512 0.239698 -0.001725
v -0.208206 0.240087 -0.001169
v -0.207776 0.240591 -0.000726
v -0.207263 0.241160 -0.000532
v -0.206718 0.241738 -0.000556
v -0.206193 0.242269 -0.000797
v -0.205742 0.242701 -0.001231
v -0.205406 0.242992 -0.001815
v -0.205221 0.243113 -0.002492
v -0.157477 0.214076 -0.008532
v -0.157650 0.213805 -0.009295
v -0.157999 0.213361 -0.009929
v -0.158491 0.212786 -0.010380
v -0.159077 0.212136 -0.010602
v -0.159700 0.211476 -0.010632
v -0.160298 0.210869 -0.010357
v -0.160814 0.210375 -0.009861
v -0.161197 0.210043 -0.009194
v -0.161409 0.209905 -0.008420
v -0.161430 0.209975 -0.007616
v -0.161258 0.210245 -0.006859
v -0.160908 0.210690 -0.006224
v -0.160417 0.211265 -0.005774
v -0.159831 0.211915 -0.005552
v -0.159208 0.212575 -0.005522
v -0.158609 0.213182 -0.005797
v -0.158093 0.213675 -0.006293
v -0.157710 0.214007 -0.006954
v -0.157498 0.214145 -0.007727
v -0.140399 0.201214 -0.010617
v -0.140571 0.200944 -0.011374
v -0.140921 0.200500 -0.012008
v -0.141412 0.199924 -0.012491
v -0.141998 0.199275 -0.012713
v -0.142621 0.198614 -0.012685
v -0.143220 0.198007 -0.012463
v -0.143736 0.197514 -0.011968
v -0.144119 0.197182 -0.011300
v -0.144331 0.197044 -0.010527
v -0.144352 0.197113 -0.009722
v -0.144179 0.197384 -0.008965
v -0.143830 0.197828 -0.008331
v -0.143338 0.198403 -0.007880
v -0.142752 0.199053 -0.007605
v -0.142129 0.199714 -0.007633
v -0.141531 0.200320 -0.007908
v -0.141015 0.200814 -0.008372
v -0.140632 0.201146 -0.009039
v -0.140419 0.201284 -0.009813
v -0.118662 0.186576 -0.012766
v -0.118835 0.186306 -0.013529
v -0.119184 0.185861 -0.014164
v -0.119676 0.185286 -0.014614
v -0.120262 0.184636 -0.014884
v -0.120884 0.183976 -0.014856
v -0.121483 0.183369 -0.014581
v -0.121999 0.182876 -0.014143
v -0.122382 0.182543 -0.013476
v -0.122594 0.182406 -0.012702
v -0.122615 0.182475 -0.011898
v -0.122442 0.182745 -0.011141
v -0.122093 0.183190 -0.010507
v -0.121601 0.183765 -0.009999
v -0.121016 0.184415 -0.009777
v -0.120393 0.185075 -0.009804
v -0.119794 0.185682 -0.010031
v -0.119278 0.186175 -0.010527
v -0.118895 0.186507 -0.011194
v -0.118683 0.186645 -0.011962
v -0.096141 0.169942 -0.014827
v -0.096314 0.169672 -0.015584
v -0.096663 0.169227 -0.016218
v -0.097154 0.168652 -0.016705
v -0.097740 0.168002 -0.016927
v -0.098363 0.167342 -0.016899
v -0.098962 0.166735 -0.016691
v -0.099478 0.166242 -0.016195
v -0.099861 0.165909 -0.015561
v -0.100073 0.165771 -0.014788
v -0.100094 0.165841 -0.013983
v -0.099921 0.166111 -0.013227
v -0.099572 0.166556 -0.012558
v -0.099080 0.167131 -0.012108
v -0.098494 0.167781 -0.011886
v -0.097872 0.168441 -0.011847
v -0.097273 0.169048 -0.012122
v -0.096757 0.169541 -0.012582
v -0.096374 0.169873 -0.013249
v -0.096162 0.170011 -0.014023
v -0.091399 0.165547 -0.015263
v -0.091571 0.165277 -0.016019
v -0.093375 0.163497 -0.014848
v -0.091921 0.164832 -0.016654
v -0.092412 0.164257 -0.017180
v -0.092998 0.163607 -0.017402
v -0.093621 0.162947 -0.017374
v -0.094220 0.162340 -0.017127
v -0.094736 0.161847 -0.016631
v -0.095119 0.161515 -0.015964
v -0.095331 0.161377 -0.015233
v -0.095352 0.161446 -0.014428
v -0.095179 0.161716 -0.013671
v -0.094830 0.162161 -0.012994
v -0.094338 0.162736 -0.012544
v -0.093752 0.163386 -0.012322
v -0.093129 0.164046 -0.012322
v -0.092531 0.164653 -0.012597
v -0.092014 0.165146 -0.013017
v -0.091632 0.165479 -0.013684
v -0.091419 0.165616 -0.014458
v -0.211334 0.248643 -0.002032
v -0.211460 0.248446 -0.002586
v -0.211716 0.248120 -0.003051
v -0.212076 0.247699 -0.003381
v -0.212505 0.247223 -0.003543
v -0.212961 0.246740 -0.003523
v -0.213399 0.246295 -0.003322
v -0.213777 0.245934 -0.003005
v -0.214057 0.245691 -0.002516
v -0.214213 0.245590 -0.001950
v -0.214228 0.245641 -0.001361
v -0.214102 0.245839 -0.000761
v -0.213846 0.246164 -0.000296
v -0.213486 0.246585 0.000033
v -0.213057 0.247061 0.000196
v -0.212601 0.247544 0.000176
v -0.212162 0.247989 -0.000026
v -0.211785 0.248350 -0.000388
v -0.211504 0.248593 -0.000877
v -0.211349 0.248694 -0.001443
v -0.227800 0.263811 0.000964
v -0.227904 0.263648 0.000508
v -0.228115 0.263381 0.000126
v -0.228411 0.263034 -0.000145
v -0.228764 0.262643 -0.000279
v -0.229139 0.262245 -0.000290
v -0.229499 0.261880 -0.000124
v -0.229810 0.261583 0.000174
v -0.230041 0.261383 0.000576
v -0.230169 0.261300 0.001042
v -0.230181 0.261341 0.001527
v -0.230077 0.261504 0.001983
v -0.229867 0.261772 0.002365
v -0.229571 0.262118 0.002663
v -0.229218 0.262509 0.002797
v -0.228843 0.262907 0.002780
v -0.228482 0.263273 0.002615
v -0.228171 0.263570 0.002316
v -0.227941 0.263770 0.001914
v -0.227813 0.263853 0.001448
v -0.242932 0.277372 0.004400
v -0.242960 0.277329 0.004278
v -0.243253 0.277040 0.004480
v -0.243017 0.277256 0.004175
v -0.243097 0.277163 0.004102
v -0.243192 0.277058 0.004066
v -0.243293 0.276951 0.004070
v -0.243390 0.276852 0.004115
v -0.243474 0.276772 0.004195
v -0.243536 0.276718 0.004303
v -0.243570 0.276696 0.004429
v -0.243573 0.276707 0.004559
v -0.243545 0.276751 0.004682
v -0.243489 0.276823 0.004785
v -0.243409 0.276916 0.004858
v -0.243314 0.277022 0.004894
v -0.243213 0.277129 0.004890
v -0.243116 0.277227 0.004845
v -0.243032 0.277307 0.004765
v -0.242970 0.277361 0.004656
v -0.242936 0.277384 0.004531
v -0.037914 0.101853 -0.039793
v -0.046677 0.113648 -0.039249
v -0.056369 0.123008 -0.038701
v -0.068581 0.129018 -0.038184
v -0.082118 0.131089 -0.037744
v -0.095655 0.129018 -0.037423
v -0.107866 0.123008 -0.037250
v -0.117558 0.113648 -0.037250
v -0.127537 0.101853 -0.037250
v -0.127369 0.088778 -0.037656
v -0.125514 0.075703 -0.038093
v -0.119870 0.063909 -0.038607
v -0.111045 0.053941 -0.039156
v -0.095655 0.047021 -0.039840
v -0.082118 0.045181 -0.040295
v -0.068581 0.045529 -0.040639
v -0.055336 0.049950 -0.040846
v -0.042812 0.063186 -0.040812
v -0.038449 0.075703 -0.040587
v -0.037107 0.088778 -0.040240
v -0.037914 0.101853 -0.027211
v -0.046677 0.113648 -0.026665
v -0.056369 0.123008 -0.026116
v -0.068581 0.129018 -0.025597
v -0.082118 0.131089 -0.025156
v -0.095655 0.129018 -0.024840
v -0.107866 0.123008 -0.024660
v -0.117558 0.113648 -0.024660
v -0.127537 0.101853 -0.024607
v -0.127369 0.088778 -0.025068
v -0.125514 0.075703 -0.025506
v -0.119870 0.063909 -0.026022
v -0.111045 0.053941 -0.026572
v -0.095655 0.047021 -0.027258
v -0.082118 0.045181 -0.027715
v -0.068581 0.045529 -0.028060
v -0.055336 0.049950 -0.028268
v -0.042812 0.063186 -0.028234
v -0.038449 0.075703 -0.028030
v -0.037107 0.088778 -0.027660
v -0.082118 0.088778 -0.039481
v -0.082118 0.088778 -0.026883
v -0.127948 0.105224 -0.040594
v -0.131264 0.090515 -0.040920
v -0.131264 0.090515 -0.024840
v -0.127948 0.105224 -0.024486
v -0.130002 0.075806 -0.041377
v -0.130002 0.075806 -0.025277
v -0.124563 0.062537 -0.041922
v -0.124563 0.062537 -0.025791
v -0.118496 0.052006 -0.042355
v -0.118496 0.052006 -0.026255
v -0.099665 0.041052 -0.043248
v -0.099665 0.041052 -0.027152
v -0.082092 0.038448 -0.043840
v -0.082092 0.038448 -0.027772
v -0.065773 0.038961 -0.044239
v -0.065773 0.038961 -0.028162
v -0.048788 0.045451 -0.044476
v -0.048788 0.045451 -0.028397
v -0.038726 0.057994 -0.044446
v -0.038726 0.057994 -0.028347
v -0.034613 0.076705 -0.044076
v -0.034613 0.076705 -0.028030
v -0.034183 0.089167 -0.043756
v -0.034183 0.089167 -0.027660
v -0.035210 0.102377 -0.043302
v -0.035210 0.102377 -0.027211
v -0.127359 0.112248 -0.035394
v -0.133971 0.095260 -0.035672
v -0.133971 0.095260 -0.024888
v -0.127359 0.112248 -0.024618
v -0.135127 0.076086 -0.036142
v -0.135127 0.076086 -0.025345
v -0.130846 0.060424 -0.036673
v -0.130846 0.060424 -0.025901
v -0.122053 0.047175 -0.037287
v -0.122053 0.047175 -0.026509
v -0.106029 0.035058 -0.038069
v -0.106029 0.035058 -0.027269
v -0.083204 0.032448 -0.038883
v -0.083204 0.032448 -0.028099
v -0.061563 0.034738 -0.039408
v -0.061563 0.034738 -0.028617
v -0.046927 0.041032 -0.039581
v -0.046927 0.041032 -0.028826
v -0.036414 0.052402 -0.039581
v -0.036414 0.052402 -0.028826
v -0.030268 0.075637 -0.039171
v -0.030268 0.075637 -0.028413
v -0.030429 0.090765 -0.038772
v -0.030429 0.090765 -0.028001
v -0.032779 0.102598 -0.038371
v -0.032779 0.102598 -0.027595
v 0.073600 0.101853 -0.037250
v 0.064837 0.113648 -0.037250
v 0.055145 0.123008 -0.037250
v 0.042933 0.129018 -0.037406
v 0.029396 0.131089 -0.037744
v 0.015859 0.129018 -0.038141
v 0.003647 0.123008 -0.038701
v -0.006044 0.113648 -0.039249
v -0.016023 0.101853 -0.039793
v -0.015855 0.088778 -0.040240
v -0.014000 0.075703 -0.040587
v -0.008356 0.063909 -0.040812
v 0.000468 0.054548 -0.040812
v 0.015859 0.048538 -0.040587
v 0.029396 0.047912 -0.040240
v 0.042933 0.049475 -0.039793
v 0.055145 0.052943 -0.039249
v 0.066843 0.063909 -0.038607
v 0.073065 0.075703 -0.038055
v 0.074407 0.088778 -0.037656
v 0.073600 0.101853 -0.024660
v 0.064837 0.113648 -0.024607
v 0.055145 0.123008 -0.024607
v 0.042933 0.129018 -0.024840
v 0.029396 0.131089 -0.025142
v 0.015859 0.129018 -0.025597
v 0.003647 0.123008 -0.026116
v -0.006044 0.113648 -0.026665
v -0.016023 0.101853 -0.027211
v -0.015855 0.088778 -0.027660
v -0.014000 0.075703 -0.028030
v -0.008356 0.063909 -0.028162
v 0.000468 0.054548 -0.028234
v 0.015859 0.048538 -0.028030
v 0.029396 0.047912 -0.027660
v 0.042933 0.049475 -0.027211
v 0.055145 0.052943 -0.026722
v 0.066843 0.063909 -0.026013
v 0.073065 0.075703 -0.025506
v 0.074407 0.088778 -0.025068
v 0.029396 0.088778 -0.039481
v 0.029396 0.088778 -0.026883
v -0.017952 0.105224 -0.043193
v -0.019750 0.090515 -0.043756
v -0.019750 0.090515 -0.027618
v -0.017952 0.105224 -0.027097
v -0.019399 0.075806 -0.044131
v -0.019399 0.075806 -0.028030
v -0.013049 0.062537 -0.044357
v -0.013049 0.062537 -0.028268
v -0.006982 0.052006 -0.044446
v -0.006982 0.052006 -0.028397
v 0.011849 0.043177 -0.044239
v 0.011849 0.043177 -0.028153
v 0.029422 0.041635 -0.043840
v 0.029422 0.041635 -0.027715
v 0.045741 0.043211 -0.043299
v 0.045741 0.043211 -0.027152
v 0.058389 0.050201 -0.042671
v 0.058389 0.050201 -0.026590
v 0.071549 0.062537 -0.041922
v 0.071549 0.062537 -0.025791
v 0.076901 0.076705 -0.041344
v 0.076901 0.076705 -0.025239
v 0.078260 0.089167 -0.040920
v 0.078260 0.089167 -0.024840
v 0.076304 0.102377 -0.040650
v 0.076304 0.102377 -0.024504
v -0.020246 0.112248 -0.037937
v -0.023064 0.095260 -0.038606
v -0.023064 0.095260 -0.027863
v -0.020246 0.112248 -0.027216
v -0.023613 0.076086 -0.039171
v -0.023613 0.076086 -0.028413
v -0.019332 0.060424 -0.039500
v -0.019332 0.060424 -0.028731
v -0.010388 0.049603 -0.039581
v -0.010388 0.049603 -0.028826
v 0.008368 0.039155 -0.039378
v 0.008368 0.039155 -0.028617
v 0.028765 0.035331 -0.038914
v 0.028765 0.035331 -0.028155
v 0.049344 0.037622 -0.038231
v 0.049344 0.037622 -0.027434
v 0.064891 0.045433 -0.037473
v 0.064891 0.045433 -0.026723
v 0.076466 0.059838 -0.036715
v 0.076466 0.059838 -0.025981
v 0.081246 0.075637 -0.036188
v 0.081246 0.075637 -0.025416
v 0.082015 0.090765 -0.035781
v 0.082015 0.090765 -0.024973
v 0.078734 0.102598 -0.035526
v 0.078734 0.102598 -0.024754
v -0.038253 0.095918 -0.048594
v -0.161549 0.084640 -0.044354
v -0.033488 0.140326 -0.046579
v -0.166349 0.131464 -0.042282
v -0.033488 0.140326 -0.030872
v -0.166349 0.131464 -0.026550
v -0.036442 0.090918 -0.033082
v -0.161549 0.084640 -0.028624
v -0.049164 0.097495 -0.048450
v -0.049164 0.091201 -0.032937
v -0.046999 0.142326 -0.030689
v -0.046999 0.142326 -0.046412
v -0.062425 0.098156 -0.048207
v -0.061081 0.143459 -0.046121
v -0.061081 0.143459 -0.030427
v -0.062425 0.092380 -0.032698
v -0.074572 0.097337 -0.047957
v -0.073981 0.142805 -0.045942
v -0.073981 0.142805 -0.030206
v -0.074572 0.092077 -0.032432
v -0.088454 0.095988 -0.047630
v -0.088724 0.142858 -0.045505
v -0.088724 0.142858 -0.029789
v -0.088454 0.091073 -0.032118
v -0.099604 0.094968 -0.047272
v -0.100565 0.142483 -0.045125
v -0.100565 0.142483 -0.029408
v -0.099604 0.090053 -0.031722
v -0.115960 0.091584 -0.046685
v -0.117934 0.140495 -0.044526
v -0.117934 0.140495 -0.028805
v -0.115960 0.086928 -0.031144
v -0.129117 0.088346 -0.046207
v -0.131907 0.138113 -0.043980
v -0.131907 0.138113 -0.028256
v -0.129117 0.084351 -0.030579
v -0.142870 0.087910 -0.045423
v -0.146512 0.136724 -0.043254
v -0.146512 0.136724 -0.027527
v -0.142870 0.082839 -0.029871
v -0.151844 0.086124 -0.044936
v -0.156043 0.135052 -0.042768
v -0.156043 0.135052 -0.027038
v -0.151844 0.080746 -0.029352
v 0.117841 0.096112 -0.043374
v -0.014837 0.099487 -0.048501
v 0.106806 0.146811 -0.041902
v -0.021795 0.141911 -0.046546
v 0.106806 0.146811 -0.026168
v -0.021795 0.141911 -0.030824
v 0.117841 0.096112 -0.027647
v -0.016034 0.092543 -0.033026
v 0.110484 0.094508 -0.043927
v 0.110484 0.092402 -0.028283
v 0.099534 0.147976 -0.026550
v 0.099534 0.147976 -0.042282
v 0.101909 0.094853 -0.044473
v 0.091578 0.148019 -0.042746
v 0.091578 0.148019 -0.027038
v 0.101909 0.092526 -0.028865
v 0.094667 0.094713 -0.044936
v 0.084657 0.148470 -0.043109
v 0.084657 0.148470 -0.027373
v 0.094667 0.092608 -0.029270
v 0.084015 0.095643 -0.045505
v 0.074475 0.149793 -0.043548
v 0.074475 0.149793 -0.027822
v 0.084015 0.092651 -0.029871
v 0.074463 0.098603 -0.045942
v 0.065345 0.150170 -0.043927
v 0.065345 0.150170 -0.028256
v 0.074463 0.092951 -0.030387
v 0.063860 0.100466 -0.046359
v 0.055210 0.149486 -0.044425
v 0.055210 0.149486 -0.028703
v 0.063860 0.095036 -0.030824
v 0.050662 0.101687 -0.046895
v 0.042596 0.149144 -0.044936
v 0.042596 0.149144 -0.029195
v 0.050662 0.096034 -0.031365
v 0.041036 0.101873 -0.047214
v 0.033395 0.148788 -0.045229
v 0.033395 0.148788 -0.029512
v 0.041036 0.096775 -0.031672
v 0.031734 0.101243 -0.047557
v 0.024504 0.148007 -0.045505
v 0.024504 0.148007 -0.029789
v 0.031734 0.096921 -0.031979
v 0.017268 0.101301 -0.047926
v 0.010677 0.147180 -0.045860
v 0.010677 0.147180 -0.030153
v 0.017268 0.096646 -0.032430
v 0.000200 0.100202 -0.048283
v -0.005637 0.145089 -0.046224
v -0.005637 0.145089 -0.030508
v 0.000200 0.094993 -0.032758
v -0.009394 0.100300 -0.048395
v -0.014286 0.144061 -0.046412
v -0.014286 0.144061 -0.030689
v -0.009394 0.093981 -0.032937
v 0.045389 -0.118310 -0.035391
v -0.108773 -0.107040 -0.035550
v 0.045744 -0.046951 -0.038094
v -0.100638 -0.041126 -0.038094
v 0.045744 -0.046951 -0.024044
v -0.100638 -0.041126 -0.024044
v 0.045389 -0.118310 -0.021338
v -0.108773 -0.107040 -0.021485
v 0.019607 -0.136533 -0.035116
v 0.019607 -0.136533 -0.020966
v 0.019607 -0.037381 -0.024984
v 0.019607 -0.037381 -0.039121
v 0.007920 -0.138440 -0.035228
v 0.007920 -0.033636 -0.039401
v 0.007920 -0.033636 -0.025313
v 0.007920 -0.138440 -0.021048
v -0.005566 -0.138864 -0.035365
v -0.005566 -0.040086 -0.039500
v -0.005566 -0.040086 -0.025394
v -0.005566 -0.138864 -0.021206
v -0.018601 -0.138864 -0.035391
v -0.018601 -0.046119 -0.039500
v -0.018601 -0.046119 -0.025394
v -0.018601 -0.138864 -0.021338
v -0.025793 -0.139500 -0.035391
v -0.025793 -0.047992 -0.039446
v -0.025793 -0.047992 -0.025322
v -0.025793 -0.139500 -0.021293
v -0.040177 -0.139923 -0.035310
v -0.040177 -0.042166 -0.039534
v -0.040177 -0.042166 -0.025394
v -0.040177 -0.139923 -0.021206
v -0.057708 -0.137593 -0.035275
v -0.057708 -0.030932 -0.039500
v -0.057708 -0.030932 -0.025394
v -0.057708 -0.137593 -0.021164
v -0.068496 -0.136957 -0.035116
v -0.068496 -0.032180 -0.039219
v -0.068496 -0.032180 -0.025157
v -0.068496 -0.136957 -0.021022
v -0.081082 -0.132719 -0.035078
v -0.086908 -0.035925 -0.038656
v -0.086908 -0.035925 -0.024584
v -0.081082 -0.132719 -0.020966
v 0.048940 -0.110587 -0.035738
v 0.023538 -0.118344 -0.050410
v 0.007920 -0.122864 -0.050419
v -0.005566 -0.122428 -0.050662
v -0.018601 -0.122275 -0.050766
v -0.025793 -0.122339 -0.050766
v -0.040177 -0.121683 -0.050766
v -0.057708 -0.120304 -0.050662
v -0.068496 -0.118259 -0.050546
v -0.081713 -0.112769 -0.050501
v -0.109714 -0.099907 -0.035874
v -0.109714 -0.099907 -0.021750
v -0.081713 -0.112769 -0.022692
v -0.068496 -0.118259 -0.022726
v -0.057708 -0.120304 -0.022797
v -0.040177 -0.121683 -0.022920
v -0.025793 -0.122339 -0.022920
v -0.018601 -0.122275 -0.022920
v -0.005566 -0.122428 -0.022832
v 0.007920 -0.122864 -0.022645
v 0.023538 -0.118344 -0.022604
v 0.048940 -0.110587 -0.021594
v 0.051203 -0.100236 -0.022041
v 0.033920 -0.111420 -0.022645
v 0.015277 -0.111201 -0.023132
v -0.005566 -0.112019 -0.023429
v -0.018601 -0.111994 -0.023522
v -0.025793 -0.111847 -0.023555
v -0.040177 -0.111875 -0.023522
v -0.057708 -0.110578 -0.023361
v -0.068770 -0.108592 -0.023270
v -0.095667 -0.103251 -0.022726
v -0.110876 -0.090346 -0.022122
v -0.110876 -0.090346 -0.036246
v -0.095667 -0.103251 -0.050546
v -0.068770 -0.108592 -0.035397
v -0.057708 -0.110578 -0.035487
v -0.040177 -0.111875 -0.035637
v -0.025793 -0.111847 -0.035716
v -0.018601 -0.111994 -0.035637
v -0.005566 -0.112019 -0.035626
v 0.015277 -0.111201 -0.035275
v 0.033920 -0.111420 -0.050419
v 0.051203 -0.100236 -0.036111
v 0.051374 -0.092143 -0.022399
v 0.042891 -0.100174 -0.022920
v 0.029432 -0.100009 -0.023361
v -0.005566 -0.102642 -0.023890
v -0.018601 -0.104854 -0.023890
v -0.025793 -0.105944 -0.023880
v -0.040177 -0.104076 -0.023890
v -0.057708 -0.098480 -0.023940
v -0.085720 -0.098301 -0.023282
v -0.101135 -0.094166 -0.022920
v -0.111124 -0.082870 -0.022438
v -0.111124 -0.082870 -0.036536
v -0.101135 -0.094166 -0.050766
v -0.085720 -0.098301 -0.035445
v -0.057708 -0.098480 -0.036132
v -0.040177 -0.104076 -0.036059
v -0.025793 -0.105944 -0.036004
v -0.018601 -0.104854 -0.036059
v -0.005566 -0.102642 -0.036059
v 0.029432 -0.100009 -0.035487
v 0.042891 -0.100174 -0.050766
v 0.051374 -0.092143 -0.036465
v 0.051035 -0.081737 -0.022815
v 0.043496 -0.085716 -0.023555
v 0.032196 -0.084726 -0.023940
v -0.005566 -0.088238 -0.024597
v -0.018601 -0.091331 -0.024542
v -0.025793 -0.092600 -0.024486
v -0.040177 -0.089821 -0.024597
v -0.057708 -0.082927 -0.024647
v -0.090290 -0.083257 -0.023786
v -0.102130 -0.083110 -0.023361
v -0.109678 -0.073258 -0.022825
v -0.109678 -0.073258 -0.036932
v -0.102130 -0.083110 -0.051137
v -0.090290 -0.083257 -0.035938
v -0.057708 -0.082927 -0.036785
v -0.040177 -0.089821 -0.036709
v -0.025793 -0.092600 -0.036633
v -0.018601 -0.091331 -0.036691
v -0.005566 -0.088238 -0.036709
v 0.032196 -0.084726 -0.036132
v 0.043496 -0.085716 -0.051332
v 0.051035 -0.081737 -0.036932
v 0.049917 -0.071000 -0.023276
v 0.041076 -0.070797 -0.024161
v 0.029827 -0.078279 -0.024278
v -0.005566 -0.083863 -0.024741
v -0.018601 -0.074458 -0.025188
v -0.025793 -0.076079 -0.025155
v -0.040177 -0.075112 -0.025155
v -0.057708 -0.066878 -0.025188
v -0.085720 -0.067491 -0.024542
v -0.098345 -0.068546 -0.024019
v -0.107413 -0.063340 -0.023276
v -0.107413 -0.063340 -0.037323
v -0.098345 -0.068546 -0.051831
v -0.085720 -0.067491 -0.036633
v -0.057708 -0.066878 -0.037331
v -0.040177 -0.075112 -0.037271
v -0.025793 -0.076079 -0.037271
v -0.018601 -0.074458 -0.037331
v -0.005566 -0.083863 -0.036897
v 0.029827 -0.078279 -0.036428
v 0.041076 -0.070797 -0.051967
v 0.049917 -0.071000 -0.037323
v 0.049180 -0.062249 -0.023500
v 0.037265 -0.061903 -0.024597
v 0.024696 -0.067202 -0.024788
v 0.005522 -0.068442 -0.025155
v -0.018601 -0.074299 -0.025188
v -0.025793 -0.076072 -0.025155
v -0.040177 -0.071526 -0.025244
v -0.057708 -0.064924 -0.025244
v -0.080682 -0.061905 -0.024814
v -0.094981 -0.056675 -0.024486
v -0.105634 -0.055256 -0.023500
v -0.105634 -0.055256 -0.037620
v -0.094981 -0.056675 -0.052292
v -0.080682 -0.061905 -0.037003
v -0.057708 -0.064924 -0.037378
v -0.040177 -0.071526 -0.037378
v -0.025793 -0.076072 -0.037271
v -0.018601 -0.074299 -0.037331
v 0.005522 -0.068442 -0.037271
v 0.024696 -0.067202 -0.036952
v 0.037265 -0.061903 -0.052352
v 0.049180 -0.062249 -0.037630
v 0.047398 -0.054474 -0.023826
v 0.035940 -0.057852 -0.024741
v 0.007920 -0.054008 -0.025480
v -0.005566 -0.060987 -0.025536
v -0.018601 -0.067113 -0.025424
v -0.025793 -0.068855 -0.025382
v -0.040177 -0.063834 -0.025480
v -0.057708 -0.050479 -0.025662
v -0.068496 -0.050509 -0.025424
v -0.086293 -0.051519 -0.024916
v -0.103447 -0.048075 -0.023750
v -0.103447 -0.048075 -0.037844
v -0.086293 -0.051519 -0.052689
v -0.068496 -0.050509 -0.053200
v -0.057708 -0.050479 -0.053387
v -0.040177 -0.063834 -0.053272
v -0.025793 -0.068855 -0.053200
v -0.018601 -0.067113 -0.053226
v -0.005566 -0.060987 -0.053272
v 0.007920 -0.054008 -0.053272
v 0.035940 -0.057852 -0.052516
v 0.047398 -0.054474 -0.037900
v 0.036018 -0.085434 -0.037694
v -0.095125 -0.080219 -0.037661
v 0.026084 -0.066542 -0.038681
v -0.084694 -0.061202 -0.038625
v 0.026084 -0.066542 -0.021474
v -0.084694 -0.061202 -0.021474
v 0.036018 -0.085434 -0.020471
v -0.095125 -0.080219 -0.020471
v 0.021417 -0.088635 -0.038020
v 0.021417 -0.088635 -0.020790
v 0.013613 -0.066155 -0.021790
v 0.013613 -0.066155 -0.038954
v 0.028873 -0.088336 -0.037789
v 0.028873 -0.088336 -0.020576
v 0.019294 -0.066332 -0.021661
v 0.019294 -0.066332 -0.038790
v 0.012105 -0.088506 -0.038212
v 0.005658 -0.067524 -0.039055
v 0.005658 -0.067524 -0.021929
v 0.012105 -0.088506 -0.021022
v 0.000644 -0.088693 -0.038336
v -0.004132 -0.069457 -0.039115
v -0.004132 -0.069457 -0.021986
v 0.000644 -0.088693 -0.021227
v -0.009533 -0.089174 -0.038476
v -0.012825 -0.072418 -0.039115
v -0.012825 -0.072418 -0.021986
v -0.009533 -0.089174 -0.021333
v -0.018134 -0.089153 -0.038493
v -0.020172 -0.074799 -0.039055
v -0.020172 -0.074799 -0.021929
v -0.018134 -0.089153 -0.021336
v -0.027650 -0.088695 -0.038569
v -0.028300 -0.075044 -0.039055
v -0.028300 -0.075044 -0.021929
v -0.027650 -0.088695 -0.021336
v -0.034116 -0.088759 -0.038493
v -0.033823 -0.073505 -0.039115
v -0.033823 -0.073505 -0.021929
v -0.034116 -0.088759 -0.021336
v -0.046712 -0.088120 -0.038476
v -0.044583 -0.068698 -0.039244
v -0.044583 -0.068698 -0.022017
v -0.046712 -0.088120 -0.021333
v -0.061539 -0.087337 -0.038243
v -0.057247 -0.063956 -0.039162
v -0.057247 -0.063956 -0.022017
v -0.061539 -0.087337 -0.021115
v -0.041815 -0.088030 -0.038493
v -0.041815 -0.088030 -0.021336
v -0.040400 -0.070568 -0.022017
v -0.040400 -0.070568 -0.039162
v -0.073858 -0.085141 -0.038079
v -0.067770 -0.062138 -0.039000
v -0.067770 -0.062138 -0.021874
v -0.073858 -0.085141 -0.020883
v -0.088061 -0.082016 -0.037789
v -0.079902 -0.061389 -0.038787
v -0.079902 -0.061389 -0.021546
v -0.088061 -0.082016 -0.020626
v 0.021332 -0.111660 -0.036865
v -0.081273 -0.106831 -0.036936
v 0.029133 -0.098728 -0.037331
v -0.089753 -0.092450 -0.037331
v 0.029133 -0.098728 -0.020115
v -0.089753 -0.092450 -0.020115
v 0.021332 -0.111660 -0.019727
v -0.081273 -0.106831 -0.019727
v 0.010967 -0.115289 -0.036936
v 0.010967 -0.115289 -0.019727
v 0.017124 -0.095152 -0.020576
v 0.017124 -0.095152 -0.037789
v 0.003127 -0.114900 -0.037060
v 0.008039 -0.093339 -0.038029
v 0.008039 -0.093339 -0.020883
v 0.003127 -0.114900 -0.019878
v -0.009201 -0.114289 -0.037229
v -0.006244 -0.092320 -0.038300
v -0.006244 -0.092320 -0.021115
v -0.009201 -0.114289 -0.020105
v -0.023680 -0.113571 -0.037331
v -0.023021 -0.091383 -0.038417
v -0.023021 -0.091383 -0.021282
v -0.023680 -0.113571 -0.020207
v -0.037748 -0.112874 -0.037331
v -0.039322 -0.090479 -0.038417
v -0.039322 -0.090479 -0.021282
v -0.037748 -0.112874 -0.020207
v -0.047542 -0.112388 -0.037271
v -0.050670 -0.090835 -0.038300
v -0.050670 -0.090835 -0.021115
v -0.047542 -0.112388 -0.020115
v -0.065376 -0.111504 -0.037060
v -0.071333 -0.090526 -0.037925
v -0.071333 -0.090526 -0.020759
v -0.065376 -0.111504 -0.019878
v -0.058030 -0.111868 -0.037181
v -0.058030 -0.111868 -0.019967
v -0.062822 -0.090486 -0.020963
v -0.062822 -0.090486 -0.038079
v -0.072976 -0.111127 -0.036936
v -0.080139 -0.090934 -0.037694
v -0.080139 -0.090934 -0.020471
v -0.072976 -0.111127 -0.019727
v -0.026933 -0.113410 -0.037331
v -0.026933 -0.113410 -0.020208
v -0.026790 -0.091174 -0.021282
v -0.026790 -0.091174 -0.038476
v -0.032133 -0.113152 -0.037331
v -0.032816 -0.090840 -0.038476
v -0.032816 -0.090840 -0.021282
v -0.032133 -0.113152 -0.020208
v -0.054783 -0.112029 -0.037229
v -0.054783 -0.112029 -0.020047
v -0.059060 -0.090594 -0.021022
v -0.059060 -0.090594 -0.038212
v -0.006713 -0.114413 -0.037229
v -0.006713 -0.114413 -0.020047
v -0.003362 -0.092526 -0.021040
v -0.003362 -0.092526 -0.038243
v -0.003045 -0.114594 -0.037181
v -0.003045 -0.114594 -0.019967
v 0.000888 -0.092829 -0.021022
v 0.000888 -0.092829 -0.038212
v -0.026790 -0.093025 -0.037553
v -0.026933 -0.112902 -0.036627
v -0.032133 -0.112672 -0.036627
v -0.032816 -0.092726 -0.037553
v -0.059060 -0.092506 -0.037296
v -0.054783 -0.111668 -0.036446
v -0.058030 -0.111524 -0.036446
v -0.062822 -0.092410 -0.037246
v 0.000888 -0.094504 -0.037376
v -0.003045 -0.113961 -0.036446
v -0.006713 -0.113799 -0.036488
v -0.003362 -0.094233 -0.037429
v -0.053095 -0.233103 -0.011852
v -0.053095 -0.233103 -0.011852
v -0.029191 -0.172546 -0.027343
v -0.051387 -0.172546 -0.026285
v -0.029191 -0.172546 -0.023705
v -0.051387 -0.172546 -0.022655
v -0.053095 -0.233103 -0.008295
v -0.053095 -0.233103 -0.008295
v -0.048815 -0.230053 -0.012857
v -0.054082 -0.230053 -0.012534
v -0.054082 -0.230053 -0.009021
v -0.048815 -0.230053 -0.009295
v -0.046331 -0.228184 -0.009920
v -0.054636 -0.228184 -0.009446
v -0.054636 -0.228184 -0.013034
v -0.046331 -0.228184 -0.013485
v -0.040947 -0.223603 -0.011446
v -0.056793 -0.223603 -0.010488
v -0.056793 -0.223603 -0.014088
v -0.040947 -0.223603 -0.015053
v -0.034675 -0.218455 -0.013119
v -0.058401 -0.218455 -0.011741
v -0.058401 -0.218455 -0.015347
v -0.034675 -0.218455 -0.016696
v -0.029072 -0.213108 -0.014699
v -0.061208 -0.213108 -0.012874
v -0.061208 -0.213108 -0.016486
v -0.029072 -0.213108 -0.018281
v -0.024764 -0.205986 -0.016649
v -0.063875 -0.205986 -0.014371
v -0.063875 -0.205986 -0.017949
v -0.024764 -0.205986 -0.020280
v -0.022158 -0.199807 -0.018190
v -0.064362 -0.199807 -0.015815
v -0.064362 -0.199807 -0.019397
v -0.022158 -0.199807 -0.021780
v -0.021437 -0.189934 -0.020509
v -0.064378 -0.189934 -0.017948
v -0.064378 -0.189934 -0.021535
v -0.021437 -0.189934 -0.024105
v -0.022952 -0.183046 -0.021962
v -0.061757 -0.183046 -0.019661
v -0.061757 -0.183046 -0.023243
v -0.022952 -0.183046 -0.025560
v -0.026722 -0.176507 -0.023181
v -0.056719 -0.176507 -0.021447
v -0.056719 -0.176507 -0.025048
v -0.026722 -0.176507 -0.026781
v -0.060207 -0.180239 -0.023979
v -0.060207 -0.180239 -0.020390
v -0.024465 -0.180239 -0.022571
v -0.024465 -0.180239 -0.026145
v -0.063549 -0.186643 -0.022304
v -0.063549 -0.186643 -0.018693
v -0.021549 -0.186643 -0.021148
v -0.021549 -0.186643 -0.024749
v -0.064529 -0.195306 -0.020396
v -0.064529 -0.195306 -0.016768
v -0.021878 -0.195306 -0.019320
v -0.021878 -0.195306 -0.022913
v -0.064089 -0.203153 -0.018629
v -0.064089 -0.203153 -0.015049
v -0.023396 -0.203153 -0.017344
v -0.023396 -0.203153 -0.020936
v -0.062877 -0.209735 -0.017107
v -0.062877 -0.209735 -0.013533
v -0.026244 -0.209735 -0.015642
v -0.026244 -0.209735 -0.019229
v -0.060026 -0.215539 -0.015932
v -0.060026 -0.215539 -0.012323
v -0.031196 -0.215539 -0.013997
v -0.031196 -0.215539 -0.017578
v -0.053095 -0.233103 -0.011852
v -0.053095 -0.233103 -0.008295
v -0.051448 -0.230053 -0.009150
v -0.050484 -0.228184 -0.009713
v -0.048870 -0.223603 -0.011082
v -0.046538 -0.218455 -0.012745
v -0.045611 -0.215539 -0.013726
v -0.045140 -0.213108 -0.014453
v -0.044561 -0.209735 -0.015512
v -0.044319 -0.205986 -0.016659
v -0.043742 -0.203153 -0.017509
v -0.043260 -0.199807 -0.018489
v -0.043204 -0.195306 -0.019644
v -0.042907 -0.189934 -0.020913
v -0.042549 -0.186643 -0.021602
v -0.042355 -0.183046 -0.022292
v -0.042336 -0.180239 -0.022715
v -0.041720 -0.176507 -0.023241
v -0.040289 -0.172546 -0.023725
v -0.040289 -0.172546 -0.027296
v -0.041720 -0.176507 -0.026834
v -0.042336 -0.180239 -0.026317
v -0.042355 -0.183046 -0.025877
v -0.042549 -0.186643 -0.025247
v -0.042907 -0.189934 -0.024515
v -0.043204 -0.195306 -0.023239
v -0.043260 -0.199807 -0.022056
v -0.043742 -0.203153 -0.021090
v -0.044319 -0.205986 -0.020250
v -0.044561 -0.209735 -0.019067
v -0.045140 -0.213108 -0.018034
v -0.045611 -0.215539 -0.017263
v -0.046538 -0.218455 -0.016321
v -0.048870 -0.223603 -0.014652
v -0.050484 -0.228184 -0.013254
v -0.051448 -0.230053 -0.012743
v -0.088415 -0.162901 -0.018914
v -0.088415 -0.162901 -0.018914
v -0.043916 -0.142487 -0.026556
v -0.044074 -0.161779 -0.027634
v -0.043916 -0.142487 -0.030035
v -0.044074 -0.161779 -0.031067
v -0.088415 -0.162901 -0.022435
v -0.088415 -0.162901 -0.022435
v -0.086151 -0.159198 -0.019540
v -0.086189 -0.163777 -0.019388
v -0.086189 -0.163777 -0.022905
v -0.086151 -0.159198 -0.023052
v -0.084766 -0.157051 -0.023403
v -0.084825 -0.164270 -0.023199
v -0.084825 -0.164270 -0.019681
v -0.084766 -0.157051 -0.019861
v -0.081374 -0.152399 -0.024213
v -0.081487 -0.166172 -0.023872
v -0.081487 -0.166172 -0.020423
v -0.081374 -0.152399 -0.020725
v -0.077561 -0.146978 -0.024964
v -0.077730 -0.167601 -0.024665
v -0.077730 -0.167601 -0.021189
v -0.077561 -0.146978 -0.021449
v -0.073607 -0.142140 -0.025556
v -0.073836 -0.170072 -0.025510
v -0.073836 -0.170072 -0.022009
v -0.073607 -0.142140 -0.022069
v -0.068363 -0.138439 -0.026266
v -0.068641 -0.172433 -0.026506
v -0.068641 -0.172433 -0.023050
v -0.068363 -0.138439 -0.022804
v -0.063821 -0.136211 -0.026851
v -0.064122 -0.172893 -0.027498
v -0.064122 -0.172893 -0.024031
v -0.063821 -0.136211 -0.023391
v -0.056589 -0.135644 -0.027871
v -0.056895 -0.172966 -0.028887
v -0.056895 -0.172966 -0.025385
v -0.056589 -0.135644 -0.024423
v -0.051558 -0.137002 -0.028641
v -0.051834 -0.170730 -0.029807
v -0.051834 -0.170730 -0.026406
v -0.051558 -0.137002 -0.025151
v -0.046798 -0.140317 -0.029563
v -0.047011 -0.166390 -0.030670
v -0.047011 -0.166390 -0.027197
v -0.046798 -0.140317 -0.026059
v -0.049768 -0.169399 -0.026721
v -0.049768 -0.169399 -0.030177
v -0.049513 -0.138334 -0.029056
v -0.049513 -0.138334 -0.025560
v -0.054480 -0.172266 -0.025907
v -0.054480 -0.172266 -0.029283
v -0.054180 -0.135761 -0.028171
v -0.054180 -0.135761 -0.024723
v -0.060828 -0.173066 -0.024683
v -0.060828 -0.173066 -0.028181
v -0.060524 -0.135995 -0.027352
v -0.060524 -0.135995 -0.023854
v -0.066569 -0.172636 -0.023542
v -0.066569 -0.172636 -0.027009
v -0.066279 -0.137267 -0.026572
v -0.066279 -0.137267 -0.023090
v -0.071379 -0.171543 -0.022525
v -0.071379 -0.171543 -0.025996
v -0.071118 -0.139703 -0.025922
v -0.071118 -0.139703 -0.022420
v -0.075607 -0.169031 -0.021626
v -0.075607 -0.169031 -0.025136
v -0.075402 -0.143972 -0.025292
v -0.075402 -0.143972 -0.021802
v -0.088415 -0.162901 -0.018914
v -0.088415 -0.162901 -0.022435
v -0.086170 -0.161488 -0.022966
v -0.084796 -0.160660 -0.023289
v -0.081431 -0.159286 -0.024114
v -0.077646 -0.157289 -0.025030
v -0.075505 -0.156501 -0.025546
v -0.073721 -0.156106 -0.025925
v -0.071248 -0.155623 -0.026518
v -0.068502 -0.155436 -0.027112
v -0.066424 -0.154951 -0.027516
v -0.063972 -0.154552 -0.028045
v -0.060676 -0.154530 -0.028729
v -0.056742 -0.154305 -0.029378
v -0.054330 -0.154014 -0.029773
v -0.051696 -0.153866 -0.030156
v -0.049641 -0.153867 -0.030400
v -0.046904 -0.153354 -0.030672
v -0.043995 -0.152133 -0.030884
v -0.043995 -0.152133 -0.027401
v -0.046904 -0.153354 -0.027247
v -0.049641 -0.153867 -0.026926
v -0.051696 -0.153866 -0.026682
v -0.054330 -0.154014 -0.026295
v -0.056742 -0.154305 -0.025921
v -0.060676 -0.154530 -0.025220
v -0.063972 -0.154552 -0.024607
v -0.066424 -0.154951 -0.024050
v -0.068502 -0.155436 -0.023622
v -0.071248 -0.155623 -0.023037
v -0.073721 -0.156106 -0.022442
v -0.075505 -0.156501 -0.022044
v -0.077646 -0.157289 -0.021542
v -0.081431 -0.159286 -0.020625
v -0.084796 -0.160660 -0.019781
v -0.086170 -0.161488 -0.019443
v -0.045587 -0.199593 -0.026214
v -0.045587 -0.199593 -0.026214
v -0.017204 -0.139036 -0.029763
v -0.043559 -0.139036 -0.030400
v -0.017204 -0.139036 -0.026290
v -0.043559 -0.139036 -0.026923
v -0.045587 -0.199593 -0.022778
v -0.045587 -0.199593 -0.022778
v -0.040505 -0.196542 -0.027331
v -0.046759 -0.196542 -0.026865
v -0.046759 -0.196542 -0.023465
v -0.040505 -0.196542 -0.023840
v -0.037556 -0.194674 -0.024456
v -0.047417 -0.194674 -0.023910
v -0.047417 -0.194674 -0.027312
v -0.037556 -0.194674 -0.027933
v -0.031163 -0.190093 -0.025535
v -0.049978 -0.190093 -0.024639
v -0.049978 -0.190093 -0.028082
v -0.031163 -0.190093 -0.028986
v -0.023715 -0.184944 -0.026154
v -0.051888 -0.184944 -0.025391
v -0.051888 -0.184944 -0.028884
v -0.023715 -0.184944 -0.029560
v -0.017063 -0.179597 -0.026178
v -0.055220 -0.179597 -0.025734
v -0.055220 -0.179597 -0.029153
v -0.017063 -0.179597 -0.029647
v -0.011948 -0.172475 -0.026217
v -0.058386 -0.172475 -0.025919
v -0.058386 -0.172475 -0.029395
v -0.011948 -0.172475 -0.029684
v -0.008854 -0.166297 -0.026117
v -0.058965 -0.166297 -0.026167
v -0.058965 -0.166297 -0.029598
v -0.008854 -0.166297 -0.029597
v -0.007998 -0.156423 -0.026205
v -0.058983 -0.156423 -0.026324
v -0.058983 -0.156423 -0.029762
v -0.007998 -0.156423 -0.029640
v -0.009797 -0.149536 -0.026267
v -0.055872 -0.149536 -0.026608
v -0.055872 -0.149536 -0.030029
v -0.009797 -0.149536 -0.029708
v -0.014273 -0.142996 -0.026408
v -0.049890 -0.142996 -0.026809
v -0.049890 -0.142996 -0.030279
v -0.014273 -0.142996 -0.029891
v -0.054031 -0.146728 -0.030115
v -0.054031 -0.146728 -0.026665
v -0.011593 -0.146728 -0.026339
v -0.011593 -0.146728 -0.029801
v -0.058000 -0.153132 -0.029875
v -0.058000 -0.153132 -0.026418
v -0.008131 -0.153132 -0.026132
v -0.008131 -0.153132 -0.029612
v -0.059163 -0.161796 -0.029734
v -0.059163 -0.161796 -0.026263
v -0.008522 -0.161796 -0.026240
v -0.008522 -0.161796 -0.029690
v -0.058641 -0.169642 -0.029519
v -0.058641 -0.169643 -0.026055
v -0.010324 -0.169643 -0.026160
v -0.010324 -0.169642 -0.029640
v -0.057202 -0.176225 -0.029229
v -0.057202 -0.176225 -0.025854
v -0.013705 -0.176225 -0.026107
v -0.013705 -0.176225 -0.029539
v -0.053817 -0.182029 -0.029076
v -0.053817 -0.182029 -0.025611
v -0.019585 -0.182029 -0.026156
v -0.019585 -0.182029 -0.029601
v -0.045587 -0.199593 -0.026214
v -0.045587 -0.199593 -0.022778
v -0.043632 -0.196542 -0.023686
v -0.042486 -0.194674 -0.024259
v -0.040571 -0.190093 -0.025437
v -0.037801 -0.184944 -0.026545
v -0.036701 -0.182029 -0.027107
v -0.036141 -0.179597 -0.027474
v -0.035454 -0.176225 -0.027909
v -0.035167 -0.172475 -0.028232
v -0.034482 -0.169643 -0.028437
v -0.033910 -0.166297 -0.028733
v -0.033843 -0.161796 -0.028787
v -0.033491 -0.156423 -0.028772
v -0.033066 -0.153132 -0.028610
v -0.032834 -0.149536 -0.028438
v -0.032812 -0.146728 -0.028192
v -0.032081 -0.142996 -0.027752
v -0.030381 -0.139036 -0.027186
v -0.030381 -0.139036 -0.030651
v -0.032081 -0.142996 -0.031222
v -0.032812 -0.146728 -0.031580
v -0.032834 -0.149536 -0.031824
v -0.033066 -0.153132 -0.032079
v -0.033491 -0.156423 -0.032196
v -0.033843 -0.161796 -0.032227
v -0.033910 -0.166297 -0.032108
v -0.034482 -0.169642 -0.031897
v -0.035167 -0.172475 -0.031687
v -0.035454 -0.176225 -0.031340
v -0.036141 -0.179597 -0.030879
v -0.036701 -0.182029 -0.030539
v -0.037801 -0.184944 -0.029995
v -0.040571 -0.190093 -0.028850
v -0.042486 -0.194674 -0.027708
v -0.043632 -0.196542 -0.027172
v 0.014938 -0.192642 -0.020108
v 0.014937 -0.192642 -0.020108
v -0.008412 -0.134892 -0.026929
v -0.025113 -0.152881 -0.030495
v -0.008412 -0.134892 -0.023465
v -0.025113 -0.152881 -0.026995
v 0.014938 -0.192642 -0.016564
v 0.014937 -0.192642 -0.016564
v 0.016076 -0.187239 -0.020622
v 0.012112 -0.191509 -0.020805
v 0.012112 -0.191509 -0.017302
v 0.016076 -0.187239 -0.017157
v 0.016670 -0.184043 -0.017432
v 0.010420 -0.190774 -0.017782
v 0.010420 -0.190774 -0.021304
v 0.016670 -0.184043 -0.020924
v 0.017593 -0.176776 -0.018115
v 0.005670 -0.189619 -0.018981
v 0.005670 -0.189619 -0.022474
v 0.017593 -0.176776 -0.021666
v 0.018799 -0.168430 -0.018594
v 0.000946 -0.187660 -0.020318
v 0.000946 -0.187660 -0.023814
v 0.018799 -0.168430 -0.022107
v 0.019365 -0.160500 -0.018947
v -0.004816 -0.186546 -0.021739
v -0.004816 -0.186546 -0.025213
v 0.019365 -0.160500 -0.022471
v 0.017745 -0.152495 -0.019527
v -0.011684 -0.184194 -0.023411
v -0.011684 -0.184194 -0.026911
v 0.017745 -0.152495 -0.023008
v 0.015488 -0.146468 -0.019956
v -0.016268 -0.180674 -0.024681
v -0.016268 -0.180674 -0.028168
v 0.015488 -0.146468 -0.023464
v 0.009291 -0.139626 -0.020899
v -0.023020 -0.174429 -0.026253
v -0.023020 -0.174429 -0.029711
v 0.009291 -0.139626 -0.024410
v 0.003449 -0.136490 -0.021771
v -0.025749 -0.167940 -0.027029
v -0.025749 -0.167940 -0.030530
v 0.003449 -0.136490 -0.025241
v -0.003851 -0.135401 -0.022830
v -0.026422 -0.159713 -0.027301
v -0.026422 -0.159713 -0.030783
v -0.003851 -0.135401 -0.026377
v -0.026499 -0.164905 -0.030699
v -0.026499 -0.164905 -0.027237
v 0.000395 -0.135937 -0.022221
v 0.000395 -0.135937 -0.025724
v -0.024643 -0.171672 -0.030148
v -0.024643 -0.171672 -0.026626
v 0.006960 -0.137632 -0.021239
v 0.006960 -0.137632 -0.024752
v -0.019466 -0.177957 -0.028948
v -0.019466 -0.177957 -0.025418
v 0.012626 -0.143388 -0.020431
v 0.012626 -0.143388 -0.023944
v -0.013779 -0.182572 -0.027510
v -0.013779 -0.182572 -0.024017
v 0.016841 -0.149591 -0.019706
v 0.016841 -0.149591 -0.023179
v -0.008374 -0.185762 -0.026017
v -0.008374 -0.185762 -0.022520
v 0.019191 -0.156070 -0.019125
v 0.019191 -0.156070 -0.022624
v -0.002267 -0.187129 -0.024601
v -0.002267 -0.187129 -0.021122
v 0.019427 -0.163762 -0.018794
v 0.019427 -0.163762 -0.022280
v 0.014937 -0.192642 -0.020108
v 0.014937 -0.192642 -0.016564
v 0.014094 -0.189374 -0.017213
v 0.013545 -0.187408 -0.017684
v 0.011632 -0.183197 -0.018624
v 0.009873 -0.178045 -0.019742
v 0.008580 -0.175446 -0.020291
v 0.007275 -0.173523 -0.020816
v 0.005408 -0.170916 -0.021471
v 0.003031 -0.168344 -0.022267
v 0.001531 -0.166082 -0.022709
v -0.000390 -0.163571 -0.023274
v -0.003420 -0.160673 -0.024030
v -0.006864 -0.157028 -0.024687
v -0.008841 -0.154652 -0.025016
v -0.011150 -0.152215 -0.025354
v -0.013052 -0.150421 -0.025581
v -0.015136 -0.147557 -0.025659
v -0.016763 -0.143887 -0.025541
v -0.016763 -0.143887 -0.029041
v -0.015136 -0.147557 -0.029157
v -0.013052 -0.150421 -0.029060
v -0.011150 -0.152215 -0.028820
v -0.008841 -0.154652 -0.028536
v -0.006864 -0.157028 -0.028206
v -0.003420 -0.160673 -0.027457
v -0.000390 -0.163571 -0.026766
v 0.001531 -0.166082 -0.026209
v 0.003031 -0.168344 -0.025743
v 0.005408 -0.170916 -0.024978
v 0.007275 -0.173523 -0.024338
v 0.008580 -0.175446 -0.023815
v 0.009873 -0.178045 -0.023235
v 0.011632 -0.183197 -0.022124
v 0.013545 -0.187408 -0.021189
v 0.014094 -0.189374 -0.020710
v -0.011807 -0.224195 -0.014923
v -0.011807 -0.224195 -0.014923
v -0.019985 -0.167808 -0.027947
v -0.038737 -0.180156 -0.027456
v -0.019985 -0.167808 -0.024354
v -0.038737 -0.180156 -0.023923
v -0.011807 -0.224195 -0.011339
v -0.011807 -0.224195 -0.011339
v -0.009620 -0.219642 -0.015920
v -0.014070 -0.222573 -0.015526
v -0.014070 -0.222573 -0.011976
v -0.009620 -0.219642 -0.012405
v -0.008397 -0.216931 -0.012966
v -0.015413 -0.221552 -0.012366
v -0.015413 -0.221552 -0.015909
v -0.008397 -0.216931 -0.016563
v -0.005995 -0.210677 -0.014295
v -0.019382 -0.219492 -0.013271
v -0.019382 -0.219492 -0.016821
v -0.005995 -0.210677 -0.017875
v -0.003108 -0.203524 -0.015702
v -0.023153 -0.216724 -0.014308
v -0.023153 -0.216724 -0.017871
v -0.003108 -0.203524 -0.019243
v -0.000880 -0.196602 -0.016833
v -0.028029 -0.214481 -0.015244
v -0.028029 -0.214481 -0.018787
v -0.000880 -0.196602 -0.020421
v -0.000577 -0.189138 -0.018282
v -0.033619 -0.210897 -0.016439
v -0.033619 -0.210897 -0.019985
v -0.000577 -0.189138 -0.021849
v -0.001271 -0.183292 -0.019394
v -0.036926 -0.206772 -0.017707
v -0.036926 -0.206772 -0.021257
v -0.001271 -0.183292 -0.022974
v -0.005288 -0.175866 -0.021204
v -0.041566 -0.199755 -0.019590
v -0.041566 -0.199755 -0.023128
v -0.005288 -0.175866 -0.024783
v -0.009795 -0.171808 -0.022501
v -0.042578 -0.193396 -0.021130
v -0.042578 -0.193396 -0.024685
v -0.009795 -0.171808 -0.026094
v -0.016044 -0.169252 -0.023711
v -0.041387 -0.185941 -0.022800
v -0.041387 -0.185941 -0.026370
v -0.016044 -0.169252 -0.027302
v -0.042585 -0.190537 -0.025339
v -0.042585 -0.190537 -0.021820
v -0.012389 -0.170652 -0.023050
v -0.012389 -0.170652 -0.026638
v -0.042408 -0.196953 -0.023828
v -0.042408 -0.196953 -0.020215
v -0.006925 -0.173587 -0.021796
v -0.006925 -0.173587 -0.025384
v -0.039176 -0.203662 -0.022103
v -0.039176 -0.203662 -0.018545
v -0.003143 -0.179934 -0.020242
v -0.003143 -0.179934 -0.023800
v -0.035128 -0.209000 -0.020596
v -0.035128 -0.209000 -0.017032
v -0.000749 -0.186361 -0.018798
v -0.000749 -0.186361 -0.022329
v -0.031020 -0.213010 -0.019333
v -0.031020 -0.213010 -0.015734
v -0.000071 -0.192629 -0.017509
v -0.000071 -0.192629 -0.021085
v -0.025892 -0.215554 -0.018375
v -0.025892 -0.215554 -0.014818
v -0.001535 -0.199514 -0.016321
v -0.001535 -0.199514 -0.019918
v -0.011807 -0.224195 -0.014923
v -0.011807 -0.224195 -0.011339
v -0.011845 -0.221108 -0.012154
v -0.011905 -0.219242 -0.012722
v -0.012688 -0.215084 -0.013931
v -0.013130 -0.210124 -0.015374
v -0.013713 -0.207534 -0.016186
v -0.014454 -0.205541 -0.016814
v -0.015545 -0.202819 -0.017655
v -0.017098 -0.200017 -0.018604
v -0.017938 -0.197681 -0.019265
v -0.019099 -0.195032 -0.020089
v -0.021160 -0.191798 -0.021025
v -0.023427 -0.187810 -0.022150
v -0.024666 -0.185270 -0.022738
v -0.026187 -0.182602 -0.023302
v -0.027487 -0.180594 -0.023705
v -0.028715 -0.177597 -0.024154
v -0.029361 -0.173982 -0.024577
v -0.029361 -0.173982 -0.028173
v -0.028715 -0.177597 -0.027703
v -0.027487 -0.180594 -0.027294
v -0.026187 -0.182602 -0.026845
v -0.024666 -0.185270 -0.026261
v -0.023427 -0.187810 -0.025697
v -0.021160 -0.191798 -0.024589
v -0.019099 -0.195032 -0.023651
v -0.017938 -0.197681 -0.022864
v -0.017098 -0.200017 -0.022138
v -0.015545 -0.202819 -0.021259
v -0.014454 -0.205541 -0.020404
v -0.013713 -0.207534 -0.019730
v -0.013130 -0.210124 -0.018970
v -0.012688 -0.215084 -0.017520
v -0.011905 -0.219242 -0.016275
v -0.011845 -0.221108 -0.015711
v -0.076713 -0.206041 -0.014386
v -0.076713 -0.206042 -0.014386
v -0.059477 -0.160217 -0.024054
v -0.046009 -0.174031 -0.025383
v -0.059477 -0.160217 -0.027593
v -0.046009 -0.174031 -0.028893
v -0.076713 -0.206041 -0.017871
v -0.076713 -0.206042 -0.017871
v -0.077711 -0.201818 -0.015092
v -0.074515 -0.205097 -0.015009
v -0.074515 -0.205097 -0.018509
v -0.077711 -0.201818 -0.018611
v -0.078239 -0.199318 -0.019005
v -0.073200 -0.204487 -0.018869
v -0.073200 -0.204487 -0.015367
v -0.078239 -0.199318 -0.015509
v -0.079105 -0.193626 -0.019898
v -0.069490 -0.203488 -0.019757
v -0.069490 -0.203488 -0.016242
v -0.079105 -0.193626 -0.016345
v -0.080212 -0.187092 -0.020726
v -0.065815 -0.201858 -0.020795
v -0.065815 -0.201858 -0.017300
v -0.080212 -0.187092 -0.017222
v -0.080810 -0.180872 -0.021433
v -0.061310 -0.200872 -0.021839
v -0.061310 -0.200872 -0.018269
v -0.080810 -0.180872 -0.017873
v -0.079691 -0.174551 -0.022365
v -0.055959 -0.198892 -0.023149
v -0.055959 -0.198892 -0.019625
v -0.079691 -0.174551 -0.018823
v -0.078033 -0.169772 -0.023132
v -0.052424 -0.196038 -0.024342
v -0.052424 -0.196038 -0.020775
v -0.078033 -0.169772 -0.019625
v -0.073295 -0.164278 -0.024501
v -0.047240 -0.191002 -0.026044
v -0.047240 -0.191002 -0.022525
v -0.073295 -0.164278 -0.020974
v -0.068766 -0.161701 -0.025610
v -0.045220 -0.185851 -0.027342
v -0.045220 -0.185851 -0.023774
v -0.068766 -0.161701 -0.022130
v -0.063051 -0.160705 -0.026853
v -0.044849 -0.179374 -0.028383
v -0.044849 -0.179374 -0.024893
v -0.063051 -0.160705 -0.023334
v -0.044689 -0.183452 -0.024276
v -0.044689 -0.183452 -0.027807
v -0.066377 -0.161208 -0.026201
v -0.066377 -0.161208 -0.022657
v -0.046017 -0.188805 -0.023127
v -0.046017 -0.188805 -0.026675
v -0.071502 -0.162666 -0.025006
v -0.071502 -0.162666 -0.021486
v -0.049964 -0.193842 -0.021608
v -0.049964 -0.193842 -0.025158
v -0.075844 -0.167298 -0.023828
v -0.075844 -0.167298 -0.020276
v -0.054344 -0.197578 -0.020179
v -0.054344 -0.197578 -0.023702
v -0.079036 -0.172253 -0.022708
v -0.079036 -0.172253 -0.019219
v -0.058529 -0.200187 -0.018875
v -0.058529 -0.200187 -0.022405
v -0.080758 -0.177388 -0.021812
v -0.080758 -0.177388 -0.018323
v -0.063301 -0.201379 -0.017833
v -0.063301 -0.201379 -0.021336
v -0.080795 -0.183436 -0.021066
v -0.080795 -0.183436 -0.017584
v -0.076713 -0.206041 -0.014386
v -0.076713 -0.206041 -0.017871
v -0.076113 -0.203458 -0.018593
v -0.075719 -0.201902 -0.018988
v -0.074297 -0.198557 -0.019935
v -0.073014 -0.194475 -0.020997
v -0.072048 -0.192408 -0.021632
v -0.071060 -0.190872 -0.022141
v -0.069643 -0.188788 -0.022810
v -0.067825 -0.186722 -0.023539
v -0.066690 -0.184915 -0.024118
v -0.065229 -0.182905 -0.024744
v -0.062904 -0.180570 -0.025566
v -0.060268 -0.177640 -0.026434
v -0.058760 -0.175735 -0.026921
v -0.056993 -0.173776 -0.027455
v -0.055533 -0.172330 -0.027803
v -0.053950 -0.170039 -0.028164
v -0.052743 -0.167124 -0.028522
v -0.052743 -0.167124 -0.024981
v -0.053950 -0.170039 -0.024692
v -0.055533 -0.172330 -0.024320
v -0.056993 -0.173776 -0.023917
v -0.058760 -0.175735 -0.023415
v -0.060268 -0.177640 -0.022918
v -0.062904 -0.180570 -0.022023
v -0.065229 -0.182905 -0.021181
v -0.066690 -0.184915 -0.020547
v -0.067825 -0.186722 -0.020054
v -0.069643 -0.188788 -0.019268
v -0.071060 -0.190872 -0.018631
v -0.072048 -0.192408 -0.018083
v -0.073014 -0.194475 -0.017498
v -0.074297 -0.198557 -0.016422
v -0.075719 -0.201902 -0.015477
v -0.076113 -0.203458 -0.015066
v 0.049249 -0.130781 -0.030420
v -0.113048 -0.123668 -0.030299
v 0.072572 0.176524 -0.027928
v -0.127525 0.163367 -0.028666
v 0.072572 0.176524 0.000309
v -0.127525 0.163367 -0.000508
v 0.049249 -0.130781 -0.002242
v -0.113048 -0.123668 -0.002170
v 0.058013 -0.066061 -0.033021
v -0.113832 -0.068444 -0.032770
v -0.113832 -0.068444 -0.004609
v 0.058013 -0.066061 -0.004864
v 0.062074 -0.030783 -0.005424
v -0.113468 -0.034464 -0.005424
v -0.113468 -0.034464 -0.033518
v 0.062074 -0.030783 -0.033572
v 0.065348 -0.005214 -0.005424
v -0.114396 -0.009836 -0.005517
v -0.114396 -0.009836 -0.033660
v 0.065348 -0.005214 -0.033572
v 0.067111 0.033543 -0.005284
v -0.117655 0.027494 -0.005424
v -0.117655 0.027494 -0.033572
v 0.067111 0.033543 -0.033389
v 0.067795 0.063077 -0.004977
v -0.121179 0.055941 -0.005107
v -0.121179 0.055941 -0.033203
v 0.067795 0.063077 -0.033082
v 0.069394 0.093745 -0.004129
v -0.125032 0.085479 -0.004280
v -0.125032 0.085479 -0.032419
v 0.069394 0.093745 -0.032296
v 0.072555 0.126837 -0.002658
v -0.128232 0.117353 -0.002984
v -0.128232 0.117353 -0.031124
v 0.072555 0.126837 -0.030838
v 0.073259 0.152694 -0.001214
v -0.128649 0.142258 -0.001760
v -0.128649 0.142258 -0.029880
v 0.073259 0.152694 -0.029395
v 0.036564 -0.133531 -0.030654
v 0.036564 -0.133531 -0.002500
v 0.044582 -0.066247 -0.005424
v 0.048353 -0.031071 -0.006003
v 0.051298 -0.005575 -0.006003
v 0.052670 0.033070 -0.005902
v 0.053025 0.062520 -0.005684
v 0.054197 0.093099 -0.004864
v 0.056861 0.126096 -0.003441
v 0.057477 0.151878 -0.002008
v 0.056932 0.178325 -0.000255
v 0.056932 0.178325 -0.028414
v 0.057477 0.151878 -0.030172
v 0.056861 0.126096 -0.031588
v 0.054197 0.093099 -0.033021
v 0.053025 0.062520 -0.033835
v 0.052670 0.033070 -0.034096
v 0.051299 -0.005575 -0.034149
v 0.048353 -0.031071 -0.034147
v 0.044582 -0.066247 -0.033518
v 0.031498 -0.066429 -0.005828
v 0.024207 -0.135928 -0.002713
v 0.024207 -0.135928 -0.030875
v 0.031498 -0.066429 -0.033985
v 0.034988 -0.031351 -0.034654
v 0.037613 -0.005927 -0.034687
v 0.038602 0.032610 -0.034654
v 0.038636 0.061976 -0.034314
v 0.039394 0.092469 -0.033572
v 0.041573 0.125373 -0.032192
v 0.042104 0.151084 -0.030771
v 0.043228 0.179192 -0.028900
v 0.043228 0.179192 -0.000708
v 0.042104 0.151084 -0.002623
v 0.041573 0.125373 -0.004008
v 0.039394 0.092469 -0.005441
v 0.038636 0.061976 -0.006243
v 0.038602 0.032610 -0.006469
v 0.037613 -0.005927 -0.006511
v 0.034987 -0.031351 -0.006469
v 0.020415 -0.066583 -0.006110
v 0.013740 -0.137674 -0.002817
v 0.013740 -0.137674 -0.030987
v 0.020415 -0.066583 -0.034287
v 0.023667 -0.031588 -0.034923
v 0.026021 -0.006225 -0.035035
v 0.026686 0.032219 -0.034979
v 0.026449 0.061516 -0.034743
v 0.026855 0.091936 -0.033985
v 0.028624 0.124762 -0.032631
v 0.029083 0.150411 -0.031229
v 0.033961 0.173681 -0.029573
v 0.033961 0.173681 -0.001435
v 0.029083 0.150411 -0.003086
v 0.028624 0.124762 -0.004506
v 0.026855 0.091936 -0.005876
v 0.026449 0.061516 -0.006567
v 0.026686 0.032219 -0.006848
v 0.026021 -0.006225 -0.006882
v 0.023667 -0.031588 -0.006793
v -0.017000 -0.067101 -0.006623
v -0.021597 -0.139982 -0.003086
v -0.021597 -0.139982 -0.031229
v -0.017000 -0.067101 -0.034799
v -0.014554 -0.032390 -0.035531
v -0.013114 -0.007232 -0.035706
v -0.013543 0.030902 -0.035706
v -0.014696 0.059962 -0.035425
v -0.015477 0.090137 -0.034799
v -0.015092 0.122697 -0.033439
v -0.014878 0.148139 -0.032104
v -0.014774 0.173148 -0.030470
v -0.014774 0.173148 -0.002313
v -0.014878 0.148139 -0.003919
v -0.015093 0.122697 -0.005284
v -0.015477 0.090137 -0.006623
v -0.014696 0.059962 -0.007322
v -0.013543 0.030902 -0.007591
v -0.013114 -0.007232 -0.007591
v -0.014554 -0.032390 -0.007393
v -0.060960 -0.067711 -0.006331
v -0.063113 -0.138162 -0.002817
v -0.063113 -0.138162 -0.030987
v -0.060960 -0.067711 -0.034415
v -0.059458 -0.033332 -0.035260
v -0.059094 -0.008414 -0.035425
v -0.060807 0.029355 -0.035425
v -0.063037 0.058136 -0.035205
v -0.065212 0.088022 -0.034474
v -0.066455 0.120271 -0.033203
v -0.066528 0.145469 -0.031870
v -0.065960 0.168740 -0.030470
v -0.065960 0.168740 -0.002313
v -0.066528 0.145469 -0.003732
v -0.066455 0.120271 -0.005027
v -0.065212 0.088022 -0.006331
v -0.063037 0.058136 -0.007013
v -0.060807 0.029355 -0.007294
v -0.059094 -0.008414 -0.007294
v -0.059459 -0.033332 -0.007119
v -0.048635 -0.139164 -0.002984
v -0.045629 -0.067498 -0.006511
v -0.043798 -0.033003 -0.007322
v -0.043058 -0.008002 -0.007511
v -0.044324 0.029895 -0.007511
v -0.046178 0.058773 -0.007294
v -0.047867 0.088759 -0.006567
v -0.048543 0.121117 -0.005284
v -0.048515 0.146400 -0.003994
v -0.048110 0.172998 -0.002242
v -0.048110 0.172998 -0.030420
v -0.048515 0.146400 -0.032144
v -0.048543 0.121117 -0.033439
v -0.047867 0.088759 -0.034743
v -0.046178 0.058773 -0.035416
v -0.044324 0.029895 -0.035660
v -0.043058 -0.008002 -0.035660
v -0.043798 -0.033003 -0.035497
v -0.045629 -0.067498 -0.034687
v -0.048635 -0.139164 -0.031125
v -0.033069 -0.139847 -0.003086
v -0.029148 -0.067270 -0.006623
v -0.026962 -0.032650 -0.007423
v -0.025819 -0.007558 -0.007591
v -0.026603 0.030475 -0.007591
v -0.028054 0.059458 -0.007393
v -0.029220 0.089552 -0.006675
v -0.029285 0.122027 -0.005424
v -0.029150 0.147401 -0.004008
v -0.028918 0.174842 -0.002242
v -0.028918 0.174842 -0.030420
v -0.029150 0.147401 -0.032192
v -0.029285 0.122027 -0.033518
v -0.029220 0.089552 -0.034799
v -0.028054 0.059458 -0.035497
v -0.026603 0.030475 -0.035733
v -0.025819 -0.007558 -0.035733
v -0.026962 -0.032650 -0.035531
v -0.029148 -0.067270 -0.034799
v -0.033069 -0.139847 -0.031229
v -0.014935 -0.140274 -0.003030
v -0.009947 -0.067004 -0.006567
v -0.007349 -0.032239 -0.007322
v -0.005737 -0.007042 -0.007511
v -0.005959 0.031151 -0.007511
v -0.006940 0.060255 -0.007249
v -0.007497 0.090476 -0.006511
v -0.006852 0.123086 -0.005248
v -0.006591 0.148567 -0.003884
v -0.006562 0.171237 -0.002426
v -0.006562 0.171237 -0.030582
v -0.006591 0.148567 -0.032058
v -0.006852 0.123086 -0.033389
v -0.007497 0.090476 -0.034687
v -0.006940 0.060255 -0.035416
v -0.005959 0.031151 -0.035611
v -0.005737 -0.007042 -0.035660
v -0.007349 -0.032239 -0.035497
v -0.009947 -0.067004 -0.034743
v -0.014935 -0.140274 -0.031151
v -0.074663 -0.067901 -0.006003
v -0.076055 -0.134406 -0.002817
v -0.076055 -0.134406 -0.030987
v -0.074663 -0.067901 -0.034147
v -0.073457 -0.033625 -0.034923
v -0.073427 -0.008783 -0.035161
v -0.075541 0.028872 -0.035087
v -0.078106 0.057567 -0.034830
v -0.080716 0.087363 -0.034147
v -0.082466 0.119515 -0.032860
v -0.082628 0.144637 -0.031588
v -0.081917 0.167348 -0.030172
v -0.081917 0.167348 -0.002008
v -0.082628 0.144637 -0.003441
v -0.082466 0.119515 -0.004671
v -0.080716 0.087363 -0.005948
v -0.078106 0.057567 -0.006675
v -0.075541 0.028872 -0.006912
v -0.073427 -0.008783 -0.007004
v -0.073457 -0.033625 -0.006848
v -0.087259 -0.068075 -0.005684
v -0.087400 -0.128932 -0.002817
v -0.087400 -0.128932 -0.030987
v -0.087259 -0.068075 -0.033777
v -0.086323 -0.033895 -0.034604
v -0.086601 -0.009122 -0.034743
v -0.089084 0.028429 -0.034687
v -0.091958 0.057044 -0.034415
v -0.094967 0.086757 -0.033660
v -0.097184 0.118819 -0.032406
v -0.097428 0.143872 -0.031124
v -0.096583 0.166067 -0.029780
v -0.096583 0.166067 -0.001659
v -0.097428 0.143872 -0.002984
v -0.097184 0.118819 -0.004220
v -0.094967 0.086757 -0.005517
v -0.091958 0.057044 -0.006276
v -0.089084 0.028429 -0.006567
v -0.086602 -0.009122 -0.006623
v -0.086323 -0.033895 -0.006418
v -0.089469 0.296162 -0.003350
v -0.089868 0.296052 -0.004070
v -0.090489 0.295881 -0.004642
v -0.091272 0.295666 -0.005009
v -0.092139 0.295427 -0.005135
v -0.093007 0.295188 -0.005009
v -0.093790 0.294973 -0.004642
v -0.094411 0.294802 -0.004070
v -0.094810 0.294692 -0.003350
v -0.094947 0.294654 -0.002551
v -0.094810 0.294692 -0.001752
v -0.094411 0.294802 -0.001032
v -0.093790 0.294973 -0.000460
v -0.093007 0.295188 -0.000093
v -0.092139 0.295427 0.000033
v -0.091272 0.295666 -0.000093
v -0.090489 0.295881 -0.000460
v -0.089868 0.296052 -0.001032
v -0.089469 0.296162 -0.001752
v -0.089331 0.296200 -0.002551
v -0.104174 0.351681 0.003288
v -0.104523 0.351585 0.002657
v -0.105067 0.351435 0.002157
v -0.105752 0.351246 0.001836
v -0.106512 0.351037 0.001725
v -0.107271 0.350828 0.001836
v -0.107957 0.350640 0.002157
v -0.108501 0.350490 0.002657
v -0.108850 0.350394 0.003288
v -0.108970 0.350361 0.003969
v -0.108850 0.350394 0.004669
v -0.108501 0.350490 0.005299
v -0.107957 0.350640 0.005800
v -0.107271 0.350828 0.006121
v -0.106512 0.351037 0.006232
v -0.105752 0.351246 0.006121
v -0.105067 0.351435 0.005818
v -0.104523 0.351585 0.005317
v -0.104174 0.351681 0.004687
v -0.104053 0.351714 0.003987
v -0.080905 0.268409 -0.006479
v -0.081304 0.268299 -0.007199
v -0.081926 0.268128 -0.007771
v -0.082708 0.267913 -0.008138
v -0.083576 0.267674 -0.008265
v -0.084444 0.267435 -0.008138
v -0.085227 0.267219 -0.007771
v -0.085848 0.267048 -0.007199
v -0.086247 0.266938 -0.006479
v -0.086384 0.266901 -0.005696
v -0.086247 0.266938 -0.004898
v -0.085848 0.267048 -0.004177
v -0.085227 0.267219 -0.003606
v -0.084444 0.267435 -0.003238
v -0.083576 0.267674 -0.003112
v -0.082708 0.267913 -0.003238
v -0.081926 0.268128 -0.003606
v -0.081304 0.268299 -0.004161
v -0.080905 0.268409 -0.004882
v -0.080768 0.268447 -0.005680
v -0.072936 0.239839 -0.009446
v -0.073335 0.239729 -0.010166
v -0.073956 0.239558 -0.010738
v -0.074739 0.239343 -0.011105
v -0.075606 0.239104 -0.011232
v -0.076474 0.238865 -0.011105
v -0.077257 0.238649 -0.010738
v -0.077878 0.238479 -0.010166
v -0.078277 0.238369 -0.009446
v -0.078415 0.238331 -0.008647
v -0.078277 0.238369 -0.007849
v -0.077878 0.238479 -0.007128
v -0.077257 0.238649 -0.006645
v -0.076474 0.238865 -0.006278
v -0.075606 0.239104 -0.006063
v -0.074739 0.239343 -0.006189
v -0.073956 0.239558 -0.006556
v -0.073335 0.239729 -0.007128
v -0.072936 0.239839 -0.007849
v -0.072798 0.239877 -0.008647
v -0.063616 0.205425 -0.012728
v -0.064015 0.205316 -0.013405
v -0.064636 0.205145 -0.013976
v -0.065419 0.204929 -0.014343
v -0.066286 0.204690 -0.014470
v -0.067154 0.204451 -0.014387
v -0.067937 0.204236 -0.014020
v -0.068558 0.204065 -0.013448
v -0.068957 0.203955 -0.012728
v -0.069094 0.203917 -0.011929
v -0.068957 0.203955 -0.011131
v -0.068558 0.204065 -0.010410
v -0.067937 0.204236 -0.009838
v -0.067154 0.204451 -0.009471
v -0.066286 0.204690 -0.009345
v -0.065419 0.204929 -0.009471
v -0.064636 0.205145 -0.009838
v -0.064015 0.205316 -0.010410
v -0.063616 0.205425 -0.011131
v -0.063478 0.205463 -0.011929
v -0.054445 0.170575 -0.015524
v -0.054844 0.170465 -0.016244
v -0.055465 0.170294 -0.016816
v -0.056248 0.170079 -0.017183
v -0.057116 0.169840 -0.017310
v -0.057984 0.169601 -0.017183
v -0.058766 0.169386 -0.016816
v -0.059388 0.169215 -0.016244
v -0.059786 0.169105 -0.015524
v -0.059924 0.169067 -0.014725
v -0.059786 0.169105 -0.013927
v -0.059388 0.169215 -0.013206
v -0.058766 0.169386 -0.012681
v -0.057984 0.169601 -0.012314
v -0.057116 0.169840 -0.012141
v -0.056248 0.170079 -0.012268
v -0.055465 0.170294 -0.012635
v -0.054844 0.170465 -0.013206
v -0.054445 0.170575 -0.013927
v -0.054308 0.170613 -0.014725
v -0.045660 0.164394 -0.016028
v -0.046059 0.164284 -0.016749
v -0.048330 0.163658 -0.015268
v -0.046680 0.164113 -0.017320
v -0.047463 0.163897 -0.017687
v -0.048330 0.163658 -0.017814
v -0.049198 0.163420 -0.017687
v -0.049981 0.163204 -0.017320
v -0.050602 0.163033 -0.016787
v -0.051001 0.162923 -0.016066
v -0.051138 0.162886 -0.015268
v -0.051001 0.162923 -0.014469
v -0.050602 0.163033 -0.013749
v -0.049981 0.163204 -0.013177
v -0.049198 0.163420 -0.012810
v -0.048330 0.163658 -0.012683
v -0.047463 0.163897 -0.012810
v -0.046680 0.164113 -0.013177
v -0.046059 0.164284 -0.013711
v -0.045660 0.164394 -0.014431
v -0.045522 0.164431 -0.015230
v -0.107059 0.363026 0.004762
v -0.107351 0.362946 0.004235
v -0.107806 0.362821 0.003816
v -0.108379 0.362663 0.003548
v -0.109014 0.362488 0.003455
v -0.109650 0.362313 0.003548
v -0.110223 0.362155 0.003812
v -0.110678 0.362030 0.004230
v -0.110970 0.361950 0.004758
v -0.111071 0.361922 0.005343
v -0.110970 0.361950 0.005927
v -0.110678 0.362030 0.006455
v -0.110223 0.362155 0.006873
v -0.109650 0.362313 0.007142
v -0.109014 0.362488 0.007235
v -0.108379 0.362663 0.007142
v -0.107806 0.362821 0.006873
v -0.107351 0.362946 0.006455
v -0.107059 0.363026 0.005927
v -0.106958 0.363054 0.005347
v -0.115509 0.394344 0.008624
v -0.115749 0.394278 0.008191
v -0.116123 0.394175 0.007847
v -0.116595 0.394045 0.007626
v -0.117117 0.393901 0.007548
v -0.117640 0.393757 0.007625
v -0.118111 0.393627 0.007846
v -0.118486 0.393524 0.008190
v -0.118726 0.393458 0.008624
v -0.118809 0.393436 0.009105
v -0.118726 0.393458 0.009586
v -0.118486 0.393524 0.010020
v -0.118111 0.393627 0.010364
v -0.117640 0.393757 0.010585
v -0.117117 0.393901 0.010661
v -0.116595 0.394045 0.010585
v -0.116123 0.394175 0.010364
v -0.115749 0.394278 0.010020
v -0.115509 0.394344 0.009586
v -0.115426 0.394367 0.009105
v -0.120862 0.415467 0.011459
v -0.120927 0.415449 0.011342
v -0.121295 0.415348 0.011589
v -0.121027 0.415422 0.011250
v -0.121154 0.415387 0.011190
v -0.121295 0.415348 0.011169
v -0.121436 0.415309 0.011190
v -0.121563 0.415274 0.011250
v -0.121664 0.415247 0.011342
v -0.121728 0.415229 0.011459
v -0.121751 0.415223 0.011589
v -0.121728 0.415229 0.011718
v -0.121664 0.415247 0.011835
v -0.121563 0.415274 0.011928
v -0.121436 0.415309 0.011987
v -0.121295 0.415348 0.012008
v -0.121154 0.415387 0.011987
v -0.121027 0.415422 0.011928
v -0.120927 0.415449 0.011835
v -0.120862 0.415467 0.011718
v -0.120840 0.415473 0.011589
v 0.108910 0.261881 -0.002297
v 0.109280 0.261697 -0.001576
v 0.109855 0.261409 -0.001005
v 0.110580 0.261048 -0.000638
v 0.111384 0.260646 -0.000511
v 0.112187 0.260245 -0.000638
v 0.112912 0.259883 -0.001005
v 0.113488 0.259596 -0.001576
v 0.113857 0.259412 -0.002297
v 0.113984 0.259348 -0.003043
v 0.113857 0.259412 -0.003841
v 0.113488 0.259596 -0.004562
v 0.112912 0.259883 -0.005133
v 0.112187 0.260245 -0.005500
v 0.111384 0.260646 -0.005680
v 0.110580 0.261048 -0.005553
v 0.109855 0.261409 -0.005186
v 0.109280 0.261697 -0.004615
v 0.108910 0.261881 -0.003894
v 0.108783 0.261945 -0.003095
v 0.131684 0.298834 0.002495
v 0.132007 0.298672 0.003126
v 0.132511 0.298421 0.003626
v 0.133146 0.298104 0.003948
v 0.133849 0.297753 0.004058
v 0.134553 0.297402 0.003948
v 0.135188 0.297085 0.003626
v 0.135691 0.296833 0.003126
v 0.136015 0.296672 0.002538
v 0.136126 0.296616 0.001839
v 0.136015 0.296672 0.001140
v 0.135691 0.296833 0.000509
v 0.135188 0.297085 0.000009
v 0.134553 0.297402 -0.000313
v 0.133849 0.297753 -0.000467
v 0.133146 0.298104 -0.000356
v 0.132511 0.298421 -0.000035
v 0.132007 0.298672 0.000466
v 0.131684 0.298834 0.001097
v 0.131572 0.298889 0.001796
v 0.096320 0.243440 -0.004688
v 0.096689 0.243255 -0.003969
v 0.097264 0.242968 -0.003398
v 0.097989 0.242606 -0.003029
v 0.098793 0.242205 -0.002902
v 0.099597 0.241804 -0.003029
v 0.100322 0.241442 -0.003396
v 0.100897 0.241155 -0.003967
v 0.101266 0.240970 -0.004688
v 0.101394 0.240907 -0.005487
v 0.101266 0.240970 -0.006233
v 0.100897 0.241155 -0.006953
v 0.100322 0.241442 -0.007525
v 0.099597 0.241804 -0.007944
v 0.098793 0.242205 -0.008071
v 0.097989 0.242606 -0.007944
v 0.097264 0.242968 -0.007577
v 0.096689 0.243255 -0.007006
v 0.096320 0.243440 -0.006285
v 0.096192 0.243503 -0.005487
v 0.081098 0.224649 -0.007115
v 0.081467 0.224465 -0.006394
v 0.082043 0.224177 -0.005822
v 0.082768 0.223816 -0.005455
v 0.083571 0.223414 -0.005329
v 0.084375 0.223013 -0.005455
v 0.085100 0.222651 -0.005822
v 0.085675 0.222364 -0.006394
v 0.086044 0.222180 -0.007115
v 0.086172 0.222116 -0.007913
v 0.086044 0.222180 -0.008712
v 0.085675 0.222364 -0.009377
v 0.085100 0.222651 -0.009949
v 0.084375 0.223013 -0.010371
v 0.083571 0.223414 -0.010498
v 0.082768 0.223816 -0.010371
v 0.082043 0.224177 -0.010004
v 0.081467 0.224465 -0.009432
v 0.081098 0.224649 -0.008712
v 0.080971 0.224712 -0.007913
v 0.065718 0.202395 -0.009718
v 0.066088 0.202211 -0.008998
v 0.066663 0.201923 -0.008426
v 0.067388 0.201562 -0.008059
v 0.068192 0.201160 -0.007933
v 0.068995 0.200759 -0.008059
v 0.069720 0.200397 -0.008377
v 0.070296 0.200110 -0.008949
v 0.070665 0.199926 -0.009669
v 0.070792 0.199862 -0.010468
v 0.070665 0.199926 -0.011266
v 0.070296 0.200110 -0.011987
v 0.069720 0.200397 -0.012558
v 0.068995 0.200759 -0.012926
v 0.068192 0.201160 -0.013052
v 0.067388 0.201562 -0.012926
v 0.066663 0.201923 -0.012558
v 0.066088 0.202211 -0.011987
v 0.065718 0.202395 -0.011266
v 0.065591 0.202459 -0.010468
v 0.048636 0.180267 -0.012017
v 0.049006 0.180083 -0.011296
v 0.049581 0.179796 -0.010725
v 0.050306 0.179434 -0.010358
v 0.051110 0.179033 -0.010231
v 0.051913 0.178632 -0.010358
v 0.052638 0.178270 -0.010725
v 0.053214 0.177983 -0.011296
v 0.053583 0.177798 -0.012017
v 0.053710 0.177735 -0.012815
v 0.053583 0.177798 -0.013614
v 0.053214 0.177983 -0.014335
v 0.052638 0.178270 -0.014869
v 0.051913 0.178632 -0.015236
v 0.051110 0.179033 -0.015362
v 0.050306 0.179434 -0.015236
v 0.049581 0.179796 -0.014906
v 0.049006 0.180083 -0.014335
v 0.048636 0.180267 -0.013614
v 0.048509 0.180331 -0.012815
v 0.043974 0.176785 -0.012446
v 0.044343 0.176601 -0.011726
v 0.046447 0.175550 -0.013245
v 0.044918 0.176313 -0.011154
v 0.045643 0.175952 -0.010787
v 0.046447 0.175550 -0.010660
v 0.047251 0.175149 -0.010787
v 0.047975 0.174787 -0.011154
v 0.048551 0.174500 -0.011726
v 0.048920 0.174316 -0.012446
v 0.049047 0.174252 -0.013245
v 0.048920 0.174316 -0.014043
v 0.048551 0.174500 -0.014764
v 0.047975 0.174787 -0.015336
v 0.047251 0.175149 -0.015703
v 0.046447 0.175550 -0.015829
v 0.045643 0.175952 -0.015703
v 0.044918 0.176313 -0.015336
v 0.044343 0.176601 -0.014764
v 0.043974 0.176785 -0.014043
v 0.043846 0.176849 -0.013245
v 0.135167 0.306514 0.003349
v 0.135437 0.306379 0.003876
v 0.135858 0.306168 0.004295
v 0.136389 0.305903 0.004564
v 0.136978 0.305610 0.004656
v 0.137566 0.305316 0.004564
v 0.138097 0.305051 0.004295
v 0.138518 0.304841 0.003876
v 0.138788 0.304706 0.003349
v 0.138882 0.304659 0.002803
v 0.138788 0.304706 0.002218
v 0.138518 0.304841 0.001690
v 0.138097 0.305051 0.001272
v 0.137566 0.305316 0.000965
v 0.136978 0.305610 0.000872
v 0.136389 0.305903 0.000965
v 0.135858 0.306168 0.001233
v 0.135437 0.306379 0.001652
v 0.135167 0.306514 0.002179
v 0.135073 0.306560 0.002764
v 0.141958 0.327850 0.005824
v 0.142180 0.327739 0.006257
v 0.142527 0.327566 0.006602
v 0.142963 0.327348 0.006823
v 0.143447 0.327107 0.006899
v 0.143931 0.326865 0.006823
v 0.144368 0.326647 0.006602
v 0.144715 0.326474 0.006257
v 0.144937 0.326363 0.005824
v 0.145014 0.326325 0.005343
v 0.144937 0.326363 0.004862
v 0.144715 0.326474 0.004428
v 0.144368 0.326647 0.004083
v 0.143931 0.326865 0.003862
v 0.143447 0.327107 0.003786
v 0.142963 0.327348 0.003862
v 0.142527 0.327566 0.004083
v 0.142180 0.327739 0.004428
v 0.141958 0.327850 0.004862
v 0.141881 0.327888 0.005343
v 0.145927 0.341922 0.007088
v 0.145987 0.341893 0.007205
v 0.146328 0.341722 0.006959
v 0.146080 0.341846 0.007298
v 0.146198 0.341787 0.007357
v 0.146328 0.341722 0.007378
v 0.146458 0.341657 0.007357
v 0.146576 0.341598 0.007298
v 0.146669 0.341552 0.007205
v 0.146729 0.341522 0.007088
v 0.146750 0.341512 0.006959
v 0.146729 0.341522 0.006829
v 0.146669 0.341552 0.006712
v 0.146576 0.341598 0.006619
v 0.146458 0.341657 0.006560
v 0.146328 0.341722 0.006539
v 0.146198 0.341787 0.006560
v 0.146080 0.341846 0.006619
v 0.145987 0.341893 0.006712
v 0.145927 0.341922 0.006829
v 0.145906 0.341933 0.006959
v 0.015982 0.321857 0.000640
v 0.016394 0.321814 0.001361
v 0.017036 0.321746 0.001933
v 0.017844 0.321661 0.002300
v 0.018740 0.321567 0.002426
v 0.019636 0.321472 0.002310
v 0.020444 0.321387 0.001943
v 0.021086 0.321320 0.001371
v 0.021498 0.321276 0.000651
v 0.021640 0.321261 -0.000148
v 0.021498 0.321276 -0.000946
v 0.021086 0.321320 -0.001667
v 0.020444 0.321387 -0.002238
v 0.019636 0.321472 -0.002605
v 0.018740 0.321567 -0.002732
v 0.017844 0.321661 -0.002605
v 0.017036 0.321746 -0.002238
v 0.016394 0.321814 -0.001667
v 0.015982 0.321857 -0.000957
v 0.015840 0.321872 -0.000158
v 0.021149 0.385575 0.007917
v 0.021510 0.385537 0.008547
v 0.022071 0.385478 0.009048
v 0.022779 0.385404 0.009369
v 0.023563 0.385321 0.009480
v 0.024348 0.385238 0.009369
v 0.025056 0.385164 0.009058
v 0.025617 0.385105 0.008558
v 0.025978 0.385067 0.007927
v 0.026102 0.385054 0.007228
v 0.025978 0.385067 0.006529
v 0.025617 0.385105 0.005898
v 0.025056 0.385164 0.005397
v 0.024348 0.385238 0.005076
v 0.023563 0.385321 0.004965
v 0.022779 0.385404 0.005076
v 0.022071 0.385478 0.005397
v 0.021510 0.385537 0.005898
v 0.021149 0.385575 0.006518
v 0.021025 0.385588 0.007217
v 0.013281 0.289981 -0.002909
v 0.013693 0.289938 -0.002188
v 0.014334 0.289870 -0.001617
v 0.015143 0.289785 -0.001248
v 0.016039 0.289691 -0.001122
v 0.016935 0.289597 -0.001248
v 0.017743 0.289511 -0.001616
v 0.018384 0.289444 -0.002187
v 0.018796 0.289400 -0.002908
v 0.018938 0.289385 -0.003706
v 0.018796 0.289400 -0.004505
v 0.018384 0.289444 -0.005225
v 0.017743 0.289511 -0.005797
v 0.016935 0.289597 -0.006164
v 0.016039 0.289691 -0.006291
v 0.015143 0.289785 -0.006164
v 0.014334 0.289870 -0.005797
v 0.013693 0.289938 -0.005225
v 0.013281 0.289981 -0.004505
v 0.013139 0.289996 -0.003706
v 0.009769 0.257025 -0.006382
v 0.010181 0.256982 -0.005661
v 0.010823 0.256914 -0.005090
v 0.011631 0.256829 -0.004722
v 0.012527 0.256735 -0.004596
v 0.013423 0.256640 -0.004722
v 0.014231 0.256555 -0.005069
v 0.014873 0.256488 -0.005640
v 0.015285 0.256444 -0.006361
v 0.015426 0.256429 -0.007159
v 0.015285 0.256444 -0.007958
v 0.014873 0.256488 -0.008678
v 0.014231 0.256555 -0.009250
v 0.013423 0.256640 -0.009617
v 0.012527 0.256735 -0.009744
v 0.011631 0.256829 -0.009617
v 0.010823 0.256914 -0.009250
v 0.010181 0.256982 -0.008678
v 0.009769 0.257025 -0.007979
v 0.009627 0.257040 -0.007180
v 0.004096 0.217045 -0.010196
v 0.004508 0.217002 -0.009475
v 0.005150 0.216934 -0.008904
v 0.005958 0.216849 -0.008537
v 0.006854 0.216755 -0.008410
v 0.007750 0.216660 -0.008537
v 0.008558 0.216575 -0.008904
v 0.009200 0.216508 -0.009475
v 0.009612 0.216464 -0.010196
v 0.009754 0.216450 -0.010971
v 0.009612 0.216464 -0.011770
v 0.009200 0.216508 -0.012490
v 0.008558 0.216575 -0.013062
v 0.007750 0.216660 -0.013429
v 0.006854 0.216755 -0.013556
v 0.005958 0.216849 -0.013452
v 0.005150 0.216934 -0.013085
v 0.004508 0.217002 -0.012514
v 0.004096 0.217045 -0.011793
v 0.003955 0.217060 -0.010994
v -0.003197 0.176255 -0.013543
v -0.002785 0.176212 -0.012823
v -0.002144 0.176144 -0.012251
v -0.001336 0.176059 -0.011884
v -0.000439 0.175965 -0.011758
v 0.000457 0.175870 -0.011884
v 0.001265 0.175785 -0.012251
v 0.001906 0.175718 -0.012823
v 0.002318 0.175674 -0.013543
v 0.002460 0.175659 -0.014300
v 0.002318 0.175674 -0.015098
v 0.001906 0.175718 -0.015819
v 0.001265 0.175785 -0.016390
v 0.000457 0.175870 -0.016758
v -0.000439 0.175965 -0.016884
v -0.001336 0.176059 -0.016800
v -0.002144 0.176144 -0.016433
v -0.002785 0.176212 -0.015861
v -0.003197 0.176255 -0.015141
v -0.003339 0.176270 -0.014342
v -0.006169 0.168692 -0.014114
v -0.005757 0.168648 -0.013394
v -0.003411 0.168401 -0.014913
v -0.005115 0.168581 -0.012822
v -0.004307 0.168496 -0.012455
v -0.003411 0.168401 -0.012328
v -0.002515 0.168307 -0.012455
v -0.001707 0.168222 -0.012822
v -0.001065 0.168154 -0.013394
v -0.000653 0.168111 -0.014114
v -0.000511 0.168096 -0.014913
v -0.000653 0.168111 -0.015711
v -0.001065 0.168154 -0.016432
v -0.001707 0.168222 -0.016967
v -0.002515 0.168307 -0.017334
v -0.003411 0.168401 -0.017497
v -0.004307 0.168496 -0.017370
v -0.005115 0.168581 -0.017003
v -0.005757 0.168648 -0.016432
v -0.006169 0.168692 -0.015711
v -0.006311 0.168706 -0.014913
v 0.021717 0.398501 0.009294
v 0.022019 0.398469 0.009822
v 0.022488 0.398419 0.010240
v 0.023080 0.398357 0.010509
v 0.023736 0.398288 0.010601
v 0.024392 0.398219 0.010509
v 0.024984 0.398156 0.010240
v 0.025454 0.398107 0.009822
v 0.025755 0.398075 0.009294
v 0.025859 0.398064 0.008709
v 0.025755 0.398075 0.008125
v 0.025454 0.398107 0.007597
v 0.024984 0.398156 0.007178
v 0.024392 0.398219 0.006910
v 0.023736 0.398288 0.006817
v 0.023080 0.398357 0.006910
v 0.022488 0.398419 0.007178
v 0.022019 0.398469 0.007597
v 0.021717 0.398501 0.008125
v 0.021613 0.398511 0.008709
v 0.022767 0.434078 0.013216
v 0.023015 0.434052 0.013650
v 0.023401 0.434012 0.013995
v 0.023888 0.433960 0.014216
v 0.024428 0.433904 0.014292
v 0.024968 0.433847 0.014216
v 0.025454 0.433795 0.013995
v 0.025841 0.433755 0.013650
v 0.026089 0.433729 0.013216
v 0.026174 0.433720 0.012735
v 0.026089 0.433729 0.012254
v 0.025841 0.433755 0.011821
v 0.025454 0.433796 0.011476
v 0.024968 0.433847 0.011255
v 0.024428 0.433904 0.011179
v 0.023888 0.433960 0.011255
v 0.023401 0.434012 0.011476
v 0.023015 0.434052 0.011821
v 0.022767 0.434078 0.012254
v 0.022682 0.434087 0.012735
v 0.024685 0.458312 0.015522
v 0.024752 0.458305 0.015639
v 0.025132 0.458265 0.015392
v 0.024856 0.458294 0.015731
v 0.024987 0.458281 0.015791
v 0.025132 0.458265 0.015811
v 0.025278 0.458250 0.015791
v 0.025409 0.458236 0.015731
v 0.025513 0.458225 0.015639
v 0.025580 0.458218 0.015522
v 0.025603 0.458216 0.015392
v 0.025580 0.458218 0.015263
v 0.025513 0.458225 0.015146
v 0.025409 0.458236 0.015053
v 0.025278 0.458250 0.014994
v 0.025132 0.458265 0.014973
v 0.024987 0.458281 0.014994
v 0.024856 0.458294 0.015053
v 0.024752 0.458305 0.015146
v 0.024685 0.458312 0.015263
v 0.024662 0.458315 0.015392
v 0.013828 0.157842 -0.016097
v -0.008496 0.158329 -0.016421
v 0.028743 0.521808 0.020895
v 0.028743 0.521808 0.020895
v 0.028743 0.521808 0.022468
v 0.028743 0.521808 0.022468
v 0.013828 0.157842 -0.014524
v -0.008496 0.158329 -0.014848
v 0.015176 0.164405 -0.015662
v -0.008819 0.165504 -0.015938
v -0.008819 0.165503 -0.014365
v 0.015176 0.164405 -0.014126
v 0.018691 0.174970 -0.013333
v -0.009980 0.177649 -0.013556
v -0.009980 0.177648 -0.015086
v 0.018691 0.174970 -0.014858
v 0.020257 0.181702 -0.012753
v -0.010000 0.184970 -0.012995
v -0.010000 0.184970 -0.014568
v 0.020257 0.181702 -0.014326
v 0.020374 0.187102 -0.012334
v -0.010197 0.190554 -0.012578
v -0.010197 0.190553 -0.014151
v 0.020374 0.187101 -0.013907
v 0.022058 0.194949 -0.011765
v -0.010567 0.199149 -0.011881
v -0.010567 0.199149 -0.013454
v 0.022058 0.194949 -0.013338
v 0.027958 0.208458 -0.010449
v -0.015841 0.216226 -0.010449
v -0.015841 0.216226 -0.012022
v 0.027958 0.208458 -0.012022
v 0.031192 0.220847 -0.009331
v -0.019627 0.230919 -0.009217
v -0.019627 0.230919 -0.010790
v 0.031192 0.220847 -0.010904
v 0.035782 0.235640 -0.007861
v -0.020888 0.247716 -0.007576
v -0.020888 0.247715 -0.009149
v 0.035782 0.235639 -0.009434
v 0.037892 0.245968 -0.006845
v -0.028931 0.261237 -0.006260
v -0.028931 0.261237 -0.007833
v 0.037892 0.245968 -0.008360
v 0.044843 0.257425 -0.005529
v -0.023737 0.273440 -0.004966
v -0.023737 0.273440 -0.006539
v 0.044843 0.257425 -0.007102
v 0.048900 0.265044 -0.004648
v -0.026030 0.283090 -0.003989
v -0.026030 0.283089 -0.005552
v 0.048900 0.265044 -0.006221
v 0.050298 0.274561 -0.003637
v -0.025793 0.293116 -0.002920
v -0.025793 0.293115 -0.004493
v 0.050298 0.274561 -0.005200
v 0.052917 0.285761 -0.002394
v -0.034755 0.307950 -0.001250
v -0.034755 0.307949 -0.002823
v 0.052917 0.285761 -0.003967
v 0.057320 0.300787 -0.000661
v -0.021127 0.320511 0.000132
v -0.021127 0.320511 -0.001441
v 0.057320 0.300787 -0.002234
v 0.056845 0.317319 0.001112
v -0.031447 0.340236 0.002379
v -0.031447 0.340236 0.000806
v 0.056845 0.317318 -0.000461
v -0.029616 0.335003 0.000212
v -0.029616 0.335003 0.001785
v 0.056658 0.312761 0.000628
v 0.056658 0.312761 -0.000945
v -0.017802 0.326560 -0.000738
v -0.017802 0.326560 0.000835
v 0.057600 0.307623 0.000083
v 0.057600 0.307623 -0.001490
v 0.057967 0.332093 0.002776
v -0.033857 0.356309 0.004241
v -0.033857 0.356309 0.002676
v 0.057967 0.332093 0.001203
v 0.058670 0.349255 0.004756
v -0.030133 0.372864 0.006134
v -0.030133 0.372864 0.004561
v 0.058670 0.349254 0.003183
v 0.058042 0.368655 0.006878
v -0.023925 0.390557 0.008212
v -0.023925 0.390556 0.006647
v 0.058042 0.368654 0.005305
v 0.058592 0.382074 0.008407
v -0.022552 0.403958 0.009762
v -0.022552 0.403958 0.008189
v 0.058592 0.382074 0.006834
v 0.054971 0.397881 0.010090
v -0.018601 0.417765 0.011351
v -0.018601 0.417764 0.009778
v 0.054971 0.397881 0.008525
v 0.052889 0.427083 0.013285
v -0.017374 0.424796 0.012153
v -0.017374 0.424796 0.010580
v 0.052889 0.427083 0.011712
v 0.031190 0.430244 0.013221
v -0.011221 0.430396 0.012805
v -0.011221 0.430395 0.011232
v 0.031190 0.430244 0.011648
v 0.039565 0.434511 0.013833
v -0.010566 0.436795 0.013522
v -0.010566 0.436795 0.011949
v 0.039565 0.434510 0.012260
v 0.042978 0.437356 0.014206
v -0.006279 0.443988 0.014341
v -0.006279 0.443987 0.012768
v 0.042978 0.437356 0.012633
v 0.045463 0.440387 0.014581
v -0.004164 0.452258 0.015257
v -0.004164 0.452258 0.013684
v 0.045463 0.440387 0.013008
v 0.050917 0.446483 0.015343
v -0.001323 0.460830 0.016179
v -0.001323 0.460830 0.014630
v 0.050917 0.446483 0.013770
v 0.047036 0.454499 0.016120
v 0.001128 0.467082 0.016877
v 0.001128 0.467082 0.015304
v 0.047036 0.454499 0.014547
v 0.037220 0.466843 0.017247
v 0.005982 0.475233 0.017762
v 0.005982 0.475233 0.016189
v 0.037220 0.466843 0.015674
v 0.038748 0.474311 0.018038
v 0.014821 0.480665 0.018394
v 0.014821 0.480665 0.016821
v 0.038748 0.474311 0.016465
v 0.038887 0.477689 0.018383
v 0.013408 0.484560 0.018775
v 0.013408 0.484560 0.017202
v 0.038887 0.477689 0.016821
v 0.035111 0.484971 0.019060
v 0.012775 0.491012 0.019414
v 0.012775 0.491012 0.017841
v 0.035111 0.484971 0.017487
v 0.032948 0.491841 0.019709
v 0.013491 0.497132 0.020021
v 0.013491 0.497132 0.018448
v 0.032948 0.491841 0.018136
v 0.033349 0.498321 0.020342
v 0.016251 0.503023 0.020613
v 0.016251 0.503023 0.019040
v 0.033349 0.498321 0.018769
v -0.046775 0.169025 -0.015699
v -0.068316 0.164030 -0.015699
v -0.135955 0.469025 0.016821
v -0.135955 0.469024 0.016821
v -0.135955 0.469025 0.018383
v -0.135955 0.469024 0.018383
v -0.046775 0.169025 -0.014126
v -0.068316 0.164030 -0.014126
v -0.047349 0.174695 -0.015309
v -0.070666 0.169795 -0.015257
v -0.070666 0.169795 -0.013684
v -0.047349 0.174695 -0.013736
v -0.046983 0.184147 -0.012995
v -0.075232 0.179405 -0.012906
v -0.075232 0.179405 -0.014479
v -0.046983 0.184147 -0.014568
v -0.047394 0.190008 -0.012609
v -0.077332 0.185362 -0.012408
v -0.077332 0.185362 -0.013981
v -0.047394 0.190008 -0.014151
v -0.048818 0.194433 -0.012201
v -0.079109 0.189862 -0.012029
v -0.079109 0.189861 -0.013564
v -0.048818 0.194433 -0.013774
v -0.049434 0.201230 -0.011703
v -0.081908 0.196772 -0.011452
v -0.081907 0.196772 -0.012970
v -0.049434 0.201230 -0.013201
v -0.047618 0.213657 -0.010639
v -0.091819 0.209405 -0.010135
v -0.091819 0.209405 -0.011708
v -0.047618 0.213656 -0.012212
v -0.048041 0.224527 -0.009681
v -0.099626 0.220456 -0.008903
v -0.099626 0.220456 -0.010476
v -0.048041 0.224526 -0.011254
v -0.047846 0.237682 -0.008495
v -0.105611 0.233830 -0.007541
v -0.105611 0.233830 -0.009114
v -0.047846 0.237681 -0.010016
v -0.048759 0.246602 -0.007641
v -0.117166 0.242899 -0.006260
v -0.117166 0.242899 -0.007833
v -0.048759 0.246602 -0.009149
v -0.045353 0.257610 -0.006579
v -0.115655 0.254091 -0.005243
v -0.115655 0.254091 -0.006816
v -0.045353 0.257610 -0.008152
v -0.043629 0.264795 -0.005836
v -0.120598 0.261395 -0.004339
v -0.120597 0.261395 -0.005912
v -0.043629 0.264795 -0.007409
v -0.044995 0.272883 -0.004966
v -0.123221 0.269617 -0.003421
v -0.123221 0.269617 -0.004994
v -0.044994 0.272883 -0.006539
v -0.045667 0.282636 -0.003979
v -0.136030 0.279533 -0.001883
v -0.136030 0.279533 -0.003456
v -0.045667 0.282636 -0.005552
v -0.045719 0.295936 -0.002529
v -0.126536 0.293054 -0.000894
v -0.126536 0.293054 -0.002457
v -0.045719 0.295936 -0.004103
v -0.050874 0.309284 -0.001016
v -0.142038 0.306624 0.001177
v -0.142038 0.306624 -0.000396
v -0.050874 0.309284 -0.002589
v -0.138795 0.302805 -0.000934
v -0.138795 0.302805 0.000628
v -0.049758 0.305527 -0.001443
v -0.049758 0.305527 -0.003016
v -0.125068 0.298782 -0.001906
v -0.125068 0.298782 -0.000333
v -0.047394 0.301570 -0.001883
v -0.047394 0.301570 -0.003456
v -0.053999 0.321586 0.000393
v -0.148919 0.319132 0.002776
v -0.148919 0.319131 0.001203
v -0.053999 0.321586 -0.001180
v -0.058204 0.335732 0.002045
v -0.150055 0.333513 0.004392
v -0.150055 0.333512 0.002819
v -0.058204 0.335732 0.000472
v -0.064322 0.351379 0.003916
v -0.149133 0.349420 0.006071
v -0.149133 0.349420 0.004556
v -0.064322 0.351379 0.002343
v -0.067610 0.362439 0.005236
v -0.151627 0.360665 0.007396
v -0.151627 0.360665 0.005831
v -0.067610 0.362439 0.003663
v -0.075576 0.374438 0.006741
v -0.151765 0.372863 0.008728
v -0.151765 0.372862 0.007155
v -0.075576 0.374437 0.005168
v -0.085874 0.397716 0.009588
v -0.152587 0.378885 0.009415
v -0.152587 0.378885 0.007842
v -0.085874 0.397716 0.008015
v -0.107577 0.395050 0.009762
v -0.148281 0.384931 0.009893
v -0.148280 0.384931 0.008320
v -0.107577 0.395050 0.008189
v -0.100760 0.400547 0.010214
v -0.149471 0.390301 0.010535
v -0.149471 0.390300 0.008962
v -0.100760 0.400547 0.008641
v -0.098297 0.403688 0.010535
v -0.147406 0.397193 0.011207
v -0.147406 0.397193 0.009634
v -0.098297 0.403688 0.008962
v -0.096777 0.406756 0.010826
v -0.147730 0.404439 0.012001
v -0.147730 0.404439 0.010428
v -0.096777 0.406756 0.009253
v -0.093280 0.413038 0.011461
v -0.147443 0.412106 0.012805
v -0.147443 0.412106 0.011232
v -0.093280 0.413038 0.009888
v -0.099281 0.418629 0.012206
v -0.146871 0.417790 0.013403
v -0.146871 0.417789 0.011830
v -0.099281 0.418629 0.010633
v -0.112201 0.426311 0.013339
v -0.144536 0.425599 0.014157
v -0.144536 0.425599 0.012633
v -0.112201 0.426311 0.011766
v -0.112859 0.432761 0.014056
v -0.137605 0.432157 0.014641
v -0.137605 0.432157 0.013068
v -0.112859 0.432761 0.012489
v -0.113687 0.435546 0.014375
v -0.140067 0.434988 0.015011
v -0.140067 0.434988 0.013438
v -0.113687 0.435546 0.012802
v -0.119377 0.440564 0.015047
v -0.142509 0.440090 0.015617
v -0.142509 0.440090 0.014044
v -0.119377 0.440564 0.013474
v -0.123404 0.445636 0.015681
v -0.143562 0.445247 0.016179
v -0.143562 0.445246 0.014606
v -0.123404 0.445636 0.014108
v -0.124862 0.451010 0.016279
v -0.142591 0.450710 0.016714
v -0.142591 0.450710 0.015141
v -0.124862 0.451010 0.014706
v 0.037011 0.172206 -0.012995
v 0.049643 0.162469 -0.013214
v 0.144365 0.357779 0.009274
v 0.144365 0.357779 0.009274
v 0.144365 0.357779 0.007701
v 0.144365 0.357779 0.007701
v 0.037011 0.172206 -0.014568
v 0.049643 0.162469 -0.014787
v 0.039134 0.175996 -0.012637
v 0.052963 0.165810 -0.012840
v 0.052963 0.165810 -0.014413
v 0.039134 0.175996 -0.014210
v 0.041804 0.182701 -0.013688
v 0.058925 0.171193 -0.013807
v 0.058925 0.171193 -0.012305
v 0.041804 0.182701 -0.012115
v 0.043879 0.186672 -0.013338
v 0.062141 0.174742 -0.013454
v 0.062141 0.174742 -0.011881
v 0.043879 0.186671 -0.011765
v 0.046178 0.189347 -0.013025
v 0.064696 0.177367 -0.013179
v 0.064696 0.177367 -0.011606
v 0.046178 0.189347 -0.011481
v 0.048677 0.193913 -0.012586
v 0.068664 0.181378 -0.012716
v 0.068664 0.181378 -0.011143
v 0.048677 0.193913 -0.011013
v 0.051308 0.203114 -0.011758
v 0.079047 0.187320 -0.011781
v 0.079047 0.187320 -0.010208
v 0.051308 0.203113 -0.010208
v 0.054743 0.210578 -0.011025
v 0.087373 0.192768 -0.010970
v 0.087373 0.192768 -0.009397
v 0.054743 0.210578 -0.009452
v 0.058209 0.219817 -0.010123
v 0.094905 0.200367 -0.009977
v 0.094905 0.200367 -0.008404
v 0.058209 0.219817 -0.008550
v 0.061087 0.225778 -0.009434
v 0.104816 0.203344 -0.009214
v 0.104815 0.203344 -0.007641
v 0.061087 0.225778 -0.007949
v 0.061583 0.234451 -0.008700
v 0.106468 0.211594 -0.008418
v 0.106468 0.211594 -0.006845
v 0.061583 0.234451 -0.007127
v 0.062161 0.239966 -0.008152
v 0.111396 0.215259 -0.007833
v 0.111396 0.215258 -0.006260
v 0.062161 0.239966 -0.006610
v 0.064841 0.245215 -0.007555
v 0.114924 0.220236 -0.007215
v 0.114924 0.220236 -0.005642
v 0.064841 0.245215 -0.005982
v 0.067363 0.251827 -0.006816
v 0.125611 0.223441 -0.006275
v 0.125610 0.223441 -0.004702
v 0.067362 0.251827 -0.005266
v 0.070130 0.261095 -0.005820
v 0.121867 0.235633 -0.005485
v 0.121867 0.235633 -0.003912
v 0.070130 0.261095 -0.004247
v 0.075950 0.268916 -0.004807
v 0.135040 0.240607 -0.004205
v 0.135040 0.240607 -0.002632
v 0.075950 0.268916 -0.003234
v 0.132081 0.238882 -0.002987
v 0.132081 0.238882 -0.004560
v 0.074530 0.266618 -0.005095
v 0.074530 0.266618 -0.003532
v 0.121967 0.240057 -0.003532
v 0.121967 0.240058 -0.005095
v 0.072292 0.264542 -0.005393
v 0.072291 0.264542 -0.003820
v 0.080230 0.276597 -0.003882
v 0.142197 0.247340 -0.003139
v 0.142197 0.247340 -0.001566
v 0.080230 0.276597 -0.002309
v 0.085501 0.285250 -0.002748
v 0.145737 0.257049 -0.002042
v 0.145737 0.257049 -0.000468
v 0.085501 0.285250 -0.001175
v 0.092279 0.294396 -0.001503
v 0.148363 0.268415 -0.000837
v 0.148363 0.268415 0.000736
v 0.092279 0.294396 0.000070
v 0.096530 0.301022 -0.000620
v 0.152966 0.275672 0.000141
v 0.152966 0.275672 0.001704
v 0.096530 0.301022 0.000943
v 0.103937 0.305756 0.000212
v 0.156063 0.284593 0.001179
v 0.156063 0.284593 0.002752
v 0.103937 0.305756 0.001785
v 0.113674 0.315299 0.001702
v 0.157924 0.288969 0.001714
v 0.157924 0.288968 0.003275
v 0.113674 0.315299 0.003275
v 0.127874 0.308400 0.001714
v 0.155880 0.294459 0.002098
v 0.155880 0.294459 0.003671
v 0.127874 0.308400 0.003287
v 0.123509 0.312989 0.001978
v 0.157439 0.298348 0.002571
v 0.157439 0.298348 0.004144
v 0.123509 0.312989 0.003551
v 0.121962 0.315318 0.002137
v 0.156493 0.303936 0.003046
v 0.156493 0.303936 0.004619
v 0.121962 0.315318 0.003710
v 0.121011 0.317403 0.002301
v 0.156907 0.309410 0.003602
v 0.156907 0.309410 0.005175
v 0.121011 0.317403 0.003874
v 0.118759 0.321801 0.002668
v 0.156467 0.315229 0.004141
v 0.156467 0.315229 0.005714
v 0.118759 0.321801 0.004241
v 0.122335 0.323764 0.003027
v 0.155652 0.319513 0.004556
v 0.155652 0.319513 0.006071
v 0.122335 0.323764 0.004600
v 0.130143 0.326770 0.003754
v 0.153173 0.325346 0.004935
v 0.153173 0.325346 0.006508
v 0.130143 0.326770 0.005328
v 0.129957 0.330936 0.004173
v 0.147505 0.330182 0.005081
v 0.147505 0.330182 0.006654
v 0.129957 0.330936 0.005746
v 0.130236 0.332760 0.004376
v 0.148928 0.332218 0.005369
v 0.148927 0.332217 0.006942
v 0.130236 0.332760 0.005949
v 0.133599 0.336063 0.004898
v 0.150170 0.335983 0.005823
v 0.150170 0.335983 0.007396
v 0.133599 0.336063 0.006471
v 0.136017 0.339740 0.005407
v 0.150512 0.339848 0.006228
v 0.150512 0.339848 0.007801
v 0.136017 0.339740 0.006980
v 0.136817 0.343796 0.005831
v 0.149565 0.343961 0.006589
v 0.149565 0.343961 0.008162
v 0.136817 0.343796 0.007404
v -0.093577 0.167753 -0.014787
v -0.104576 0.156700 -0.015086
v -0.245666 0.278566 0.003262
v -0.245666 0.278566 0.003262
v -0.245666 0.278566 0.004835
v -0.245666 0.278566 0.004835
v -0.093577 0.167753 -0.013214
v -0.104576 0.156700 -0.013513
v -0.095799 0.170292 -0.014531
v -0.107872 0.158575 -0.014858
v -0.107872 0.158575 -0.013285
v -0.095799 0.170292 -0.012958
v -0.098725 0.175054 -0.012484
v -0.113748 0.161441 -0.012840
v -0.113748 0.161441 -0.014413
v -0.098725 0.175054 -0.014057
v -0.100914 0.177750 -0.012234
v -0.116962 0.163510 -0.012609
v -0.116962 0.163510 -0.014151
v -0.100914 0.177750 -0.013807
v -0.103221 0.179342 -0.012029
v -0.119501 0.164996 -0.012408
v -0.119501 0.164996 -0.013907
v -0.103221 0.179342 -0.013602
v -0.105842 0.182414 -0.011765
v -0.123442 0.167251 -0.012029
v -0.123442 0.167251 -0.013602
v -0.105841 0.182414 -0.013338
v -0.108904 0.189208 -0.011143
v -0.133463 0.169456 -0.011452
v -0.133463 0.169456 -0.012970
v -0.108903 0.189207 -0.012716
v -0.112764 0.194346 -0.010592
v -0.141723 0.171729 -0.010830
v -0.141723 0.171729 -0.012403
v -0.112764 0.194346 -0.012165
v -0.117020 0.200847 -0.009892
v -0.149684 0.175866 -0.010135
v -0.149684 0.175866 -0.011708
v -0.117020 0.200847 -0.011440
v -0.120521 0.204837 -0.009397
v -0.159487 0.175673 -0.009548
v -0.159487 0.175673 -0.011079
v -0.120521 0.204837 -0.010970
v -0.122178 0.211574 -0.008778
v -0.162318 0.181741 -0.008969
v -0.162318 0.181741 -0.010542
v -0.122177 0.211574 -0.010351
v -0.123552 0.215771 -0.008404
v -0.167650 0.183332 -0.008495
v -0.167650 0.183331 -0.010068
v -0.123552 0.215771 -0.009977
v -0.127042 0.219174 -0.007949
v -0.171923 0.186297 -0.008046
v -0.171923 0.186297 -0.009547
v -0.127042 0.219174 -0.009522
v -0.130678 0.223667 -0.007390
v -0.182745 0.186016 -0.007297
v -0.182745 0.186016 -0.008859
v -0.130678 0.223667 -0.008963
v -0.135128 0.230140 -0.006610
v -0.181659 0.196414 -0.006610
v -0.181659 0.196414 -0.008183
v -0.135128 0.230140 -0.008183
v -0.142593 0.234596 -0.005836
v -0.195277 0.196841 -0.005642
v -0.195277 0.196841 -0.007215
v -0.142592 0.234596 -0.007409
v -0.192103 0.196273 -0.007467
v -0.192103 0.196273 -0.005894
v -0.140688 0.233208 -0.006072
v -0.140688 0.233208 -0.007645
v -0.182700 0.199798 -0.007870
v -0.182700 0.199798 -0.006297
v -0.137984 0.232222 -0.006297
v -0.137984 0.232222 -0.007870
v -0.148517 0.239353 -0.005122
v -0.203477 0.200196 -0.004780
v -0.203476 0.200196 -0.006353
v -0.148517 0.239353 -0.006695
v -0.155688 0.244578 -0.004247
v -0.208923 0.206763 -0.003883
v -0.208922 0.206763 -0.005456
v -0.155688 0.244578 -0.005820
v -0.164482 0.249771 -0.003301
v -0.213667 0.214899 -0.002920
v -0.213667 0.214899 -0.004493
v -0.164482 0.249771 -0.004874
v -0.170090 0.253857 -0.002601
v -0.218869 0.219392 -0.002157
v -0.218869 0.219392 -0.003730
v -0.170089 0.253857 -0.004174
v -0.178757 0.256529 -0.001833
v -0.223003 0.225292 -0.001375
v -0.223003 0.225292 -0.002948
v -0.178757 0.256529 -0.003406
v -0.192543 0.263777 -0.000296
v -0.225487 0.227904 -0.000974
v -0.225487 0.227904 -0.002547
v -0.192543 0.263776 -0.001869
v -0.204410 0.253796 -0.000379
v -0.224966 0.232578 -0.000661
v -0.224966 0.232578 -0.002234
v -0.204410 0.253796 -0.001952
v -0.202231 0.259206 -0.000061
v -0.227450 0.234723 -0.000296
v -0.227450 0.234723 -0.001841
v -0.202231 0.259206 -0.001634
v -0.201828 0.261725 0.000132
v -0.228527 0.238915 0.000132
v -0.228527 0.238915 -0.001441
v -0.201828 0.261725 -0.001441
v -0.201954 0.263831 0.000336
v -0.231125 0.242323 0.000628
v -0.231125 0.242323 -0.000945
v -0.201954 0.263831 -0.001237
v -0.201987 0.268296 0.000744
v -0.233504 0.246181 0.001112
v -0.233504 0.246181 -0.000461
v -0.201987 0.268296 -0.000829
v -0.207370 0.268626 0.001112
v -0.235056 0.249185 0.001501
v -0.235056 0.249185 -0.000063
v -0.207370 0.268626 -0.000396
v -0.217515 0.267210 0.001714
v -0.236279 0.253932 0.001992
v -0.236279 0.253932 0.000419
v -0.217515 0.267210 0.000141
v -0.220045 0.270096 0.002191
v -0.234386 0.259906 0.002349
v -0.234385 0.259906 0.000776
v -0.220045 0.270096 0.000618
v -0.221457 0.271125 0.002349
v -0.236773 0.260303 0.002567
v -0.236773 0.260303 0.001009
v -0.221457 0.271125 0.000806
v -0.226468 0.271299 0.002752
v -0.239903 0.261818 0.002940
v -0.239903 0.261818 0.001367
v -0.226468 0.271299 0.001179
v -0.230520 0.272165 0.003119
v -0.242235 0.263914 0.003287
v -0.242235 0.263914 0.001714
v -0.230520 0.272165 0.001546
v -0.233162 0.274207 0.003496
v -0.243480 0.266970 0.003671
v -0.243480 0.266970 0.002098
v -0.233162 0.274207 0.001923
v -0.016703 -0.031257 -0.039585
v -0.035209 -0.030392 -0.039585
v -0.021603 0.038759 -0.041595
v -0.030438 0.038759 -0.041595
v -0.021603 0.038759 -0.034590
v -0.030438 0.038759 -0.034590
v -0.016703 -0.031257 -0.034765
v -0.035209 -0.030392 -0.034765
v -0.025632 -0.036012 -0.045019
v -0.025632 -0.036012 -0.034331
v -0.025632 0.044172 -0.034590
v -0.025632 0.044172 -0.041595
v -0.007625 0.000002 -0.041595
v -0.025632 0.000002 -0.061879
v -0.044043 0.000002 -0.041595
v -0.044043 0.000002 -0.034590
v -0.025632 0.000002 -0.036242
v -0.007625 0.000002 -0.034590
v -0.012857 0.015105 -0.034590
v -0.025632 0.015105 -0.036242
v -0.040739 0.015105 -0.034590
v -0.040739 0.015105 -0.041595
v -0.025632 0.015105 -0.058276
v -0.012857 0.015105 -0.041595
v -0.018688 0.033388 -0.034590
v -0.025632 0.033388 -0.036242
v -0.034909 0.033388 -0.034590
v -0.034909 0.033388 -0.041595
v -0.025632 0.033388 -0.055236
v -0.018688 0.033388 -0.041595
v 0.009883 -0.022027 -0.042720
v -0.025632 -0.021858 -0.067555
v -0.061147 -0.021858 -0.042720
v -0.061147 -0.021858 -0.034708
v -0.025632 -0.021858 -0.036242
v 0.009883 -0.022027 -0.034708
v -0.005896 -0.026628 -0.042720
v -0.025632 -0.026628 -0.064555
v -0.048826 -0.026628 -0.042720
v -0.048826 -0.026628 -0.034708
v -0.025632 -0.026628 -0.036242
v -0.005896 -0.026628 -0.034708
v -0.025632 -0.003101 -0.062539
v 0.000040 -0.003125 -0.042720
v 0.000040 -0.003125 -0.034708
v -0.025632 -0.003101 -0.036242
v -0.048147 -0.003101 -0.034708
v -0.048147 -0.003101 -0.042720
v 0.005664 -0.006154 -0.042720
v -0.025632 -0.008223 -0.063694
v -0.056724 -0.006852 -0.042720
v -0.056724 -0.006852 -0.034708
v -0.025632 -0.008223 -0.036242
v 0.005664 -0.006154 -0.034708
v 0.008539 -0.011712 -0.042720
v -0.025632 -0.011622 -0.064654
v -0.061059 -0.011622 -0.042720
v -0.061059 -0.011622 -0.034708
v -0.025632 -0.011622 -0.036242
v 0.008539 -0.011712 -0.034708
v 0.009501 -0.016181 -0.042720
v -0.025632 -0.016056 -0.066170
v -0.062091 -0.016056 -0.042720
v -0.062091 -0.016056 -0.034708
v -0.025632 -0.016056 -0.036242
v 0.009501 -0.016181 -0.034708
v -0.013531 -0.029898 -0.042720
v -0.014171 -0.026628 -0.053161
v -0.015278 -0.021907 -0.057158
v -0.015156 -0.016093 -0.057158
v -0.014663 -0.011651 -0.057158
v -0.011342 -0.007278 -0.057159
v -0.004962 -0.003121 -0.052327
v -0.003036 -0.001871 -0.041595
v -0.002972 -0.001897 -0.034590
v -0.039112 -0.029313 -0.042720
v -0.038851 -0.026628 -0.053161
v -0.038482 -0.021858 -0.057159
v -0.039219 -0.016056 -0.057159
v -0.039833 -0.011622 -0.057159
v -0.041779 -0.007511 -0.057159
v -0.044744 -0.003101 -0.052327
v -0.046064 -0.001526 -0.041595
v -0.046141 -0.001584 -0.034590
vn 0.4546 0.8568 -0.2434
vn 0.3705 0.7628 -0.5300
vn 0.3717 0.7644 -0.5268
vn 0.4593 0.8606 -0.2200
vn 0.2572 0.6064 -0.7524
vn 0.2514 0.5979 -0.7612
vn 0.1259 0.4058 -0.9052
vn 0.1129 0.3851 -0.9159
vn -0.0109 0.1818 -0.9833
vn -0.0300 0.1495 -0.9883
vn -0.1367 -0.0360 -0.9900
vn -0.1545 -0.0678 -0.9857
vn -0.2684 -0.2772 -0.9226
vn -0.2965 -0.3310 -0.8958
vn -0.4016 -0.5432 -0.7373
vn -0.4196 -0.5823 -0.6963
vn -0.4846 -0.7372 -0.4709
vn -0.4932 -0.7614 -0.4207
vn -0.5123 -0.8483 -0.1339
vn -0.5112 -0.8547 -0.0901
vn -0.4761 -0.8516 0.2194
vn -0.4713 -0.8477 0.2433
vn -0.3867 -0.7545 0.5303
vn -0.3852 -0.7527 0.5339
vn -0.2694 -0.5939 0.7581
vn -0.2743 -0.6011 0.7506
vn -0.1405 -0.3979 0.9066
vn -0.1526 -0.4171 0.8959
vn 0.0096 -0.1509 0.9885
vn -0.0115 -0.1866 0.9824
vn 0.1595 0.1128 0.9807
vn 0.1367 0.0717 0.9880
vn 0.2909 0.3602 0.8864
vn 0.2686 0.3168 0.9097
vn 0.4039 0.5936 0.6961
vn 0.3854 0.5533 0.7385
vn 0.4770 0.7732 0.4179
vn 0.4685 0.7491 0.4682
vn 0.4944 0.8648 0.0883
vn 0.4954 0.8586 0.1315
vn 0.7257 -0.6835 0.0788
vn 0.7256 -0.6837 0.0781
vn 0.7258 -0.6835 0.0779
vn 0.7246 -0.6848 0.0771
vn 0.7251 -0.6845 0.0762
vn 0.7270 -0.6822 0.0777
vn 0.7261 -0.6831 0.0780
vn 0.7261 -0.6832 0.0776
vn 0.7267 -0.6826 0.0772
vn 0.7258 -0.6833 0.0795
vn 0.7254 -0.6837 0.0796
vn 0.7257 -0.6835 0.0781
vn 0.7254 -0.6840 0.0771
vn 0.7258 -0.6837 0.0768
vn 0.7268 -0.6824 0.0785
vn 0.7261 -0.6831 0.0784
vn 0.7262 -0.6831 0.0780
vn 0.7246 -0.6845 0.0798
vn 0.7245 -0.6848 0.0787
vn 0.7258 -0.6836 0.0768
vn 0.7256 -0.6837 0.0774
vn -0.7269 0.6823 -0.0776
vn -0.7270 0.6822 -0.0777
vn -0.7269 0.6823 -0.0777
vn -0.7272 0.6820 -0.0779
vn -0.7269 0.6824 -0.0776
vn -0.7270 0.6823 -0.0776
vn -0.7268 0.6824 -0.0778
vn -0.7268 0.6825 -0.0777
vn -0.7270 0.6822 -0.0774
vn -0.7270 0.6822 -0.0776
vn -0.7270 0.6822 -0.0778
vn -0.7270 0.6822 -0.0780
vn -0.7269 0.6823 -0.0778
vn -0.7267 0.6825 -0.0777
vn -0.7271 0.6822 -0.0778
vn 0.4955 0.7766 -0.3889
vn 0.3772 0.6530 -0.6568
vn 0.2279 0.4721 -0.8516
vn 0.0704 0.2654 -0.9616
vn 0.0706 0.2652 -0.9616
vn 0.0766 0.2601 -0.9625
vn -0.0722 0.0695 -0.9950
vn -0.0712 0.0685 -0.9951
vn -0.0713 0.0687 -0.9951
vn -0.2302 -0.1630 -0.9594
vn -0.2306 -0.1628 -0.9593
vn -0.2363 -0.1594 -0.9585
vn -0.3894 -0.4171 -0.8212
vn -0.5053 -0.6211 -0.5991
vn -0.5707 -0.7670 -0.2934
vn -0.5671 -0.8217 0.0564
vn -0.4953 -0.7761 0.3903
vn -0.3747 -0.6498 0.6614
vn -0.2279 -0.4721 0.8516
vn -0.0865 -0.2895 0.9533
vn -0.0945 -0.2804 0.9552
vn -0.0867 -0.2893 0.9533
vn 0.0722 -0.0695 0.9950
vn 0.0713 -0.0687 0.9951
vn 0.0712 -0.0685 0.9951
vn 0.2455 0.1888 0.9508
vn 0.2531 0.1811 0.9504
vn 0.2459 0.1884 0.9508
vn 0.3863 0.4113 0.8256
vn 0.5050 0.6196 0.6009
vn 0.5708 0.7669 0.2933
vn 0.5671 0.8217 -0.0563
vn 0.5236 0.7581 -0.3887
vn 0.3971 0.6345 -0.6631
vn 0.2510 0.4711 -0.8456
vn 0.2453 0.4753 -0.8449
vn 0.2455 0.4752 -0.8449
vn 0.0768 0.2600 -0.9626
vn -0.0703 0.0677 -0.9952
vn -0.2366 -0.1592 -0.9585
vn -0.4041 -0.4021 -0.8216
vn -0.5267 -0.6009 -0.6013
vn -0.5976 -0.7449 -0.2967
vn -0.5965 -0.8008 0.0538
vn -0.5227 -0.7580 0.3901
vn -0.3964 -0.6350 0.6630
vn -0.2422 -0.4614 0.8535
vn -0.0946 -0.2803 0.9553
vn 0.0703 -0.0677 0.9952
vn 0.2535 0.1806 0.9503
vn 0.3967 0.3916 0.8302
vn 0.5255 0.6002 0.6030
vn 0.5973 0.7451 0.2967
vn 0.5965 0.8008 -0.0538
vn 0.4878 0.7815 -0.3889
vn 0.3729 0.6510 -0.6612
vn 0.2398 0.4795 -0.8442
vn 0.0930 0.2784 -0.9560
vn -0.0781 0.0318 -0.9964
vn -0.0779 0.0315 -0.9965
vn -0.0718 0.0258 -0.9971
vn -0.2160 -0.1801 -0.9596
vn -0.2159 -0.1796 -0.9598
vn -0.2151 -0.1716 -0.9614
vn -0.3609 -0.4133 -0.8361
vn -0.4884 -0.6365 -0.5970
vn -0.5543 -0.7798 -0.2910
vn -0.5537 -0.8307 0.0574
vn -0.4871 -0.7813 0.3902
vn -0.3724 -0.6513 0.6612
vn -0.2457 -0.4877 0.8377
vn -0.0945 -0.2803 0.9552
vn 0.0781 -0.0318 0.9964
vn 0.2174 0.1822 0.9589
vn 0.2202 0.1794 0.9588
vn 0.2176 0.1820 0.9589
vn 0.3661 0.4225 0.8291
vn 0.4880 0.6368 0.5969
vn 0.5540 0.7796 0.2921
vn 0.5537 0.8307 -0.0575
vn 0.5241 0.7577 -0.3887
vn 0.4044 0.6295 -0.6635
vn 0.2643 0.4632 -0.8459
vn 0.1082 0.2655 -0.9580
vn -0.0728 0.0267 -0.9970
vn -0.0727 0.0266 -0.9970
vn -0.2150 -0.1712 -0.9615
vn -0.3733 -0.4008 -0.8367
vn -0.5065 -0.6099 -0.6095
vn -0.5852 -0.7553 -0.2952
vn -0.5900 -0.8056 0.0543
vn -0.5234 -0.7576 0.3901
vn -0.4098 -0.6361 0.6538
vn -0.2694 -0.4699 0.8406
vn -0.0920 -0.2469 0.9647
vn 0.0507 -0.0558 0.9972
vn 0.2204 0.1792 0.9588
vn 0.3780 0.4082 0.8310
vn 0.5101 0.6166 0.5996
vn 0.5848 0.7551 0.2962
vn 0.5900 0.8056 -0.0543
vn 0.6076 0.6939 -0.3865
vn 0.4738 0.5772 -0.6651
vn 0.3335 0.4459 -0.8306
vn 0.1142 0.2277 -0.9670
vn -0.0740 0.0278 -0.9969
vn -0.2239 -0.1417 -0.9643
vn -0.4264 -0.3786 -0.8215
vn -0.5651 -0.5512 -0.6139
vn -0.6607 -0.6829 -0.3116
vn -0.6767 -0.7348 0.0460
vn -0.6071 -0.6942 0.3866
vn -0.4874 -0.5904 0.6433
vn -0.3037 -0.4128 0.8587
vn -0.1186 -0.2239 0.9674
vn 0.0368 -0.0636 0.9973
vn 0.2581 0.1759 0.9500
vn 0.3983 0.3417 0.8512
vn 0.5708 0.5560 0.6042
vn 0.6625 0.6847 0.3038
vn 0.6767 0.7348 -0.0460
vn 0.5797 0.7164 -0.3882
vn 0.5849 0.7123 -0.3880
vn 0.5800 0.7162 -0.3883
vn 0.4269 0.6133 -0.6645
vn 0.4354 0.6070 -0.6648
vn 0.4274 0.6130 -0.6645
vn 0.2418 0.4616 -0.8535
vn 0.0468 0.2852 -0.9573
vn -0.1469 0.0971 -0.9844
vn -0.3145 -0.0719 -0.9465
vn -0.4921 -0.2687 -0.8281
vn -0.6477 -0.4653 -0.6032
vn -0.7346 -0.6039 -0.3092
vn -0.7393 -0.6723 0.0391
vn -0.6580 -0.6556 0.3703
vn -0.4978 -0.5574 0.6645
vn -0.3291 -0.4236 0.8439
vn -0.1122 -0.2295 0.9668
vn 0.0856 -0.0388 0.9956
vn 0.2747 0.1588 0.9483
vn 0.4472 0.3560 0.8205
vn 0.4561 0.3461 0.8199
vn 0.4475 0.3557 0.8205
vn 0.5872 0.5380 0.6047
vn 0.5929 0.5316 0.6049
vn 0.5875 0.5377 0.6048
vn 0.6693 0.6777 0.3045
vn 0.6732 0.6736 0.3048
vn 0.6695 0.6775 0.3046
vn 0.6682 0.7425 -0.0469
vn 0.6719 0.7392 -0.0465
vn 0.6685 0.7423 -0.0469
vn 0.5853 0.7120 -0.3879
vn 0.4358 0.6067 -0.6649
vn 0.2548 0.4518 -0.8550
vn 0.0640 0.2708 -0.9605
vn -0.1100 0.0926 -0.9896
vn -0.3076 -0.1241 -0.9434
vn -0.4587 -0.3012 -0.8360
vn -0.6145 -0.5067 -0.6047
vn -0.6964 -0.6488 -0.3067
vn -0.6967 -0.7160 0.0439
vn -0.6164 -0.6942 0.3717
vn -0.4614 -0.5870 0.6652
vn -0.2914 -0.4443 0.8471
vn -0.0859 -0.2522 0.9639
vn 0.1050 -0.0573 0.9928
vn 0.1009 -0.0534 0.9935
vn 0.1010 -0.0535 0.9934
vn 0.2884 0.1444 0.9466
vn 0.2869 0.1461 0.9468
vn 0.2868 0.1462 0.9468
vn 0.4560 0.3461 0.8199
vn 0.4559 0.3462 0.8199
vn 0.5927 0.5319 0.6048
vn 0.5926 0.5320 0.6048
vn 0.6692 0.6779 0.3045
vn 0.6732 0.6737 0.3048
vn 0.6722 0.7389 -0.0464
vn 0.5643 0.7282 -0.3889
vn 0.4052 0.6288 -0.6636
vn 0.2165 0.4805 -0.8498
vn 0.0203 0.3071 -0.9515
vn -0.1459 0.1491 -0.9780
vn -0.3581 -0.0686 -0.9312
vn -0.5274 -0.2603 -0.8087
vn -0.6665 -0.4403 -0.6015
vn -0.7498 -0.5845 -0.3099
vn -0.7496 -0.6608 0.0378
vn -0.6581 -0.6489 0.3819
vn -0.4978 -0.5574 0.6644
vn -0.3271 -0.4310 0.8410
vn -0.1019 -0.2385 0.9658
vn 0.0969 -0.0495 0.9941
vn 0.2852 0.1478 0.9470
vn 0.4555 0.3466 0.8200
vn 0.5920 0.5327 0.6048
vn 0.6689 0.6782 0.3044
vn 0.6606 0.7492 -0.0477
vn 0.8027 0.5964 -0.0000
vn 0.7549 0.6559 -0.0000
vn 0.7522 0.6589 -0.0000
vn 0.5776 0.8163 -0.0000
vn 0.5713 0.8208 -0.0000
vn 0.3028 0.9531 -0.0000
vn 0.2960 0.9552 -0.0000
vn 0.0027 1.0000 -0.0000
vn -0.0027 1.0000 -0.0000
vn -0.2977 0.9547 -0.0000
vn -0.3012 0.9535 -0.0000
vn -0.5740 0.8189 -0.0000
vn -0.5750 0.8182 -0.0000
vn -0.7324 0.6809 -0.0000
vn -0.7634 0.6459 -0.0000
vn -0.9319 0.3627 -0.0000
vn -0.9781 0.2080 -0.0000
vn -0.9773 0.2119 -0.0000
vn -0.9957 -0.0923 -0.0000
vn -0.9963 -0.0863 -0.0000
vn -0.9097 -0.4153 -0.0000
vn -0.9127 -0.4086 -0.0000
vn -0.7119 -0.7023 -0.0000
vn -0.7176 -0.6965 -0.0000
vn -0.3484 -0.9373 -0.0000
vn -0.3604 -0.9328 -0.0000
vn -0.0051 -1.0000 -0.0000
vn -0.0092 -1.0000 -0.0000
vn 0.2318 -0.9728 -0.0000
vn 0.2285 -0.9735 -0.0000
vn 0.5752 -0.8180 -0.0000
vn 0.5739 -0.8189 -0.0000
vn 0.9005 -0.4349 -0.0000
vn 0.9016 -0.4326 -0.0000
vn 0.9878 -0.1558 -0.0000
vn 0.9883 -0.1523 -0.0000
vn 0.9958 0.0911 -0.0000
vn 0.9955 0.0946 -0.0000
vn 0.9808 0.1949 -0.0000
vn -0.0183 0.0355 -0.9992
vn -0.0169 0.0333 -0.9993
vn -0.0284 0.0296 -0.9992
vn -0.0213 0.0388 -0.9990
vn -0.0244 0.0404 -0.9989
vn -0.0281 0.0410 -0.9988
vn -0.0319 0.0404 -0.9987
vn -0.0351 0.0387 -0.9986
vn -0.0381 0.0353 -0.9986
vn -0.0399 0.0319 -0.9987
vn -0.0403 0.0292 -0.9988
vn -0.0398 0.0262 -0.9989
vn -0.0384 0.0232 -0.9990
vn -0.0365 0.0210 -0.9991
vn -0.0333 0.0194 -0.9993
vn -0.0284 0.0187 -0.9994
vn -0.0239 0.0193 -0.9995
vn -0.0210 0.0206 -0.9996
vn -0.0190 0.0228 -0.9996
vn -0.0175 0.0262 -0.9995
vn -0.0168 0.0307 -0.9994
vn 0.0182 -0.0333 0.9993
vn 0.0187 -0.0354 0.9992
vn 0.0285 -0.0290 0.9992
vn 0.0216 -0.0386 0.9990
vn 0.0246 -0.0402 0.9989
vn 0.0279 -0.0408 0.9988
vn 0.0318 -0.0400 0.9987
vn 0.0352 -0.0384 0.9986
vn 0.0390 -0.0337 0.9987
vn 0.0407 -0.0328 0.9986
vn 0.0395 -0.0332 0.9987
vn 0.0396 -0.0263 0.9989
vn 0.0383 -0.0235 0.9990
vn 0.0364 -0.0213 0.9991
vn 0.0342 -0.0206 0.9992
vn 0.0268 -0.0192 0.9995
vn 0.0240 -0.0197 0.9995
vn 0.0210 -0.0212 0.9996
vn 0.0198 -0.0223 0.9996
vn 0.0089 -0.0284 0.9996
vn 0.0168 -0.0336 0.9993
vn 0.8075 -0.0761 -0.5850
vn 0.0406 -0.0339 0.9986
vn 0.0478 -0.0269 0.9985
vn 0.9926 0.1211 -0.0000
vn 0.6256 0.0951 -0.7743
vn 0.0490 -0.0253 0.9985
vn 0.0521 -0.0185 0.9985
vn 0.5368 0.2711 -0.7990
vn 0.0521 -0.0175 0.9985
vn 0.0491 -0.0142 0.9987
vn 0.3797 0.3175 -0.8689
vn 0.0478 -0.0130 0.9988
vn 0.0433 -0.0087 0.9990
vn 0.1940 0.4483 -0.8726
vn 0.0422 -0.0077 0.9991
vn 0.0376 0.4708 -0.8815
vn 0.0336 -0.0066 0.9994
vn 0.0335 -0.0066 0.9994
vn -0.0355 0.4670 -0.8835
vn 0.0175 -0.0065 0.9998
vn 0.0243 -0.0065 0.9997
vn -0.1698 0.4344 -0.8846
vn 0.0170 -0.0065 0.9998
vn -0.3379 0.2983 -0.8927
vn 0.0105 -0.0134 0.9999
vn 0.0111 -0.0129 0.9999
vn 0.0057 -0.0173 0.9998
vn -0.6038 0.1787 -0.7768
vn 0.0048 -0.0180 0.9998
vn -0.7246 0.0682 -0.6858
vn 0.0060 -0.0294 0.9995
vn 0.0060 -0.0296 0.9995
vn -0.7779 -0.0327 -0.6275
vn -0.1904 0.9817 -0.0000
vn 0.0055 -0.0337 0.9994
vn -0.8370 0.2712 -0.4752
vn -0.0706 0.0025 0.9975
vn 0.9965 -0.0836 -0.0000
vn -0.7978 0.0140 -0.6028
vn -0.0316 -0.0265 0.9991
vn -0.6476 -0.1901 -0.7379
vn -0.0089 -0.0403 0.9991
vn -0.0091 -0.0400 0.9992
vn -0.0038 -0.0470 0.9989
vn -0.5678 -0.3214 -0.7578
vn -0.0036 -0.0473 0.9989
vn -0.3438 -0.4599 -0.8187
vn 0.0154 -0.0484 0.9987
vn -0.1053 -0.6027 -0.7910
vn 0.0287 -0.0553 0.9981
vn 0.0287 -0.0549 0.9981
vn 0.0289 -0.0669 0.9973
vn 0.0330 -0.6859 -0.7269
vn 0.0289 -0.0676 0.9973
vn 0.2498 -0.6411 -0.7256
vn 0.0430 -0.0718 0.9965
vn 0.5384 -0.4623 -0.7046
vn 0.0690 -0.0615 0.9957
vn 0.7551 -0.1729 -0.6324
vn 0.0896 -0.0389 0.9952
vn 0.0896 -0.0392 0.9952
vn 0.0909 -0.0295 0.9954
vn 0.7734 0.0090 -0.6339
vn 0.0909 -0.0291 0.9954
vn 0.8303 0.1305 -0.5418
vn -0.0904 0.9959 -0.0000
vn 0.1214 -0.0175 0.9924
vn 0.7535 0.6575 -0.0000
vn 0.7534 0.6575 -0.0000
vn 0.5740 0.8188 -0.0000
vn 0.5753 0.8179 -0.0000
vn 0.2982 0.9545 -0.0000
vn 0.3017 0.9534 -0.0000
vn -0.0026 1.0000 -0.0000
vn -0.3027 0.9531 -0.0000
vn -0.2960 0.9552 -0.0000
vn -0.5779 0.8161 -0.0000
vn -0.5713 0.8207 -0.0000
vn -0.7332 0.6801 -0.0000
vn -0.7315 0.6818 -0.0000
vn -0.9865 0.1636 -0.0000
vn -0.9958 0.0912 -0.0000
vn -0.9956 0.0941 -0.0000
vn -0.9940 -0.1090 -0.0000
vn -0.9945 -0.1043 -0.0000
vn -0.8938 -0.4484 -0.0000
vn -0.8954 -0.4452 -0.0000
vn -0.6092 -0.7930 0.0004
vn -0.6089 -0.7932 -0.0000
vn -0.3440 -0.9390 -0.0000
vn -0.3409 -0.9401 -0.0000
vn -0.0399 -0.9992 -0.0000
vn -0.0345 -0.9994 -0.0000
vn 0.2651 -0.9642 -0.0000
vn 0.2734 -0.9619 -0.0000
vn 0.6289 -0.7775 -0.0000
vn 0.6377 -0.7703 -0.0000
vn 0.8773 -0.4800 -0.0000
vn 0.8816 -0.4720 -0.0000
vn 0.9839 -0.1786 -0.0000
vn 0.9848 -0.1740 -0.0000
vn 0.9959 0.0904 -0.0000
vn 0.9955 0.0952 -0.0000
vn 0.9637 0.2671 -0.0000
vn 0.0391 0.0340 -0.9987
vn 0.0409 0.0322 -0.9986
vn 0.0286 0.0295 -0.9992
vn 0.0346 0.0391 -0.9986
vn 0.0320 0.0408 -0.9987
vn 0.0271 0.0410 -0.9988
vn 0.0241 0.0414 -0.9989
vn 0.0225 0.0397 -0.9990
vn 0.0179 0.0348 -0.9992
vn 0.0165 0.0335 -0.9993
vn 0.0168 0.0318 -0.9994
vn 0.0170 0.0281 -0.9995
vn 0.0195 0.0239 -0.9995
vn 0.0220 0.0202 -0.9996
vn 0.0243 0.0193 -0.9995
vn 0.0286 0.0186 -0.9994
vn 0.0350 0.0200 -0.9992
vn 0.0374 0.0204 -0.9991
vn 0.0384 0.0227 -0.9990
vn 0.0404 0.0259 -0.9988
vn 0.0405 0.0300 -0.9987
vn -0.0392 -0.0340 0.9987
vn -0.0387 -0.0362 0.9986
vn -0.0288 -0.0300 0.9991
vn -0.0375 -0.0382 0.9986
vn -0.0333 -0.0395 0.9987
vn -0.0279 -0.0411 0.9988
vn -0.0251 -0.0404 0.9989
vn -0.0216 -0.0386 0.9990
vn -0.0182 -0.0347 0.9992
vn -0.0168 -0.0335 0.9993
vn -0.0171 -0.0327 0.9993
vn -0.0192 -0.0263 0.9995
vn -0.0153 -0.0214 0.9997
vn -0.0182 -0.0236 0.9996
vn -0.0241 -0.0204 0.9995
vn -0.0295 -0.0190 0.9994
vn -0.0328 -0.0196 0.9993
vn -0.0370 -0.0220 0.9991
vn -0.0385 -0.0230 0.9990
vn -0.0393 -0.0260 0.9989
vn -0.0448 -0.0323 0.9985
vn 0.7572 -0.0207 -0.6529
vn -0.0032 -0.0338 0.9994
vn -0.0035 -0.0347 0.9994
vn -0.0013 -0.0289 0.9996
vn 0.8680 0.4966 -0.0000
vn 0.6121 0.0691 -0.7878
vn -0.0010 -0.0282 0.9996
vn 0.5309 0.2685 -0.8038
vn -0.0082 -0.0186 0.9998
vn -0.0148 -0.0214 0.9997
vn 0.4081 0.3093 -0.8589
vn -0.0173 -0.0123 0.9998
vn 0.2161 0.4736 -0.8538
vn -0.0186 -0.0101 0.9998
vn -0.0253 -0.0068 0.9997
vn 0.0564 0.5140 -0.8559
vn -0.0298 -0.0067 0.9995
vn -0.0225 0.4890 -0.8720
vn -0.0395 -0.0057 0.9992
vn -0.0334 -0.0071 0.9994
vn -0.1799 0.5210 -0.8344
vn -0.0493 -0.0106 0.9987
vn -0.0407 -0.0060 0.9992
vn -0.4081 0.4816 -0.7756
vn -0.0571 -0.0146 0.9983
vn -0.0509 -0.0115 0.9986
vn -0.5774 0.2906 -0.7630
vn -0.0592 -0.0249 0.9979
vn -0.0580 -0.0166 0.9982
vn -0.6555 0.0935 -0.7494
vn -0.0594 -0.0264 0.9979
vn -0.7078 -0.0563 -0.7042
vn -0.0536 -0.0339 0.9980
vn -0.7976 0.1390 -0.5870
vn -0.1069 -0.0223 0.9940
vn -0.1083 -0.0208 0.9939
vn -0.1029 -0.0262 0.9943
vn 0.9506 0.3105 -0.0000
vn -0.7968 0.0214 -0.6039
vn -0.1015 -0.0277 0.9945
vn -0.6448 -0.2229 -0.7311
vn -0.0720 -0.0462 0.9963
vn -0.0723 -0.0457 0.9963
vn -0.0657 -0.0559 0.9963
vn -0.5575 -0.3861 -0.7349
vn -0.0654 -0.0565 0.9963
vn -0.3320 -0.6617 -0.6722
vn -0.0535 -0.0810 0.9953
vn -0.0778 -0.6692 -0.7390
vn -0.0338 -0.0734 0.9967
vn -0.0340 -0.0736 0.9967
vn -0.0278 -0.0675 0.9973
vn 0.0914 -0.6273 -0.7734
vn -0.0277 -0.0673 0.9973
vn 0.3044 -0.5042 -0.8082
vn -0.0067 -0.0524 0.9986
vn -0.0159 -0.0555 0.9983
vn -0.0150 -0.0552 0.9984
vn 0.4686 -0.3887 -0.7933
vn -0.0059 -0.0521 0.9986
vn 0.6905 -0.2079 -0.6928
vn 0.0214 -0.0445 0.9988
vn 0.7863 -0.0421 -0.6164
vn 0.0404 -0.0336 0.9986
vn 0.8271 0.1841 -0.5310
vn 0.0642 -0.0087 0.9979
vn -0.0114 0.0461 -0.9989
vn -0.0182 0.0459 -0.9988
vn -0.0181 0.0459 -0.9988
vn 0.1125 0.9936 -0.0000
vn 0.1132 0.9936 -0.0000
vn 0.0185 0.9998 -0.0000
vn 0.0170 0.9999 -0.0000
vn 0.0115 -0.0447 0.9989
vn 0.0117 -0.0447 0.9989
vn 0.0178 -0.0446 0.9988
vn 0.0175 -0.0446 0.9989
vn -0.0743 -0.9337 -0.3503
vn -0.0743 -0.9338 -0.3501
vn -0.0198 -0.9368 -0.3494
vn -0.0208 -0.9366 -0.3497
vn -0.9948 -0.1020 -0.0000
vn 0.9944 -0.0787 -0.0703
vn -0.0780 -0.9383 -0.3370
vn 0.0086 -0.0447 0.9990
vn 0.1464 0.9892 -0.0000
vn -0.0060 0.0458 -0.9989
vn -0.0250 0.0452 -0.9987
vn -0.0245 0.0452 -0.9987
vn -0.0220 0.9998 -0.0000
vn -0.0213 0.9998 -0.0000
vn 0.0240 -0.0445 0.9987
vn 0.0242 -0.0445 0.9987
vn 0.0563 -0.9451 -0.3218
vn 0.0554 -0.9450 -0.3224
vn -0.0315 0.0448 -0.9985
vn -0.0314 0.0448 -0.9985
vn -0.0118 0.9999 -0.0000
vn -0.0125 0.9999 -0.0000
vn 0.0317 -0.0443 0.9985
vn 0.0316 -0.0443 0.9985
vn 0.0749 -0.9491 -0.3060
vn 0.0747 -0.9490 -0.3064
vn -0.0393 0.0438 -0.9983
vn -0.0389 0.0439 -0.9983
vn -0.0798 0.9968 -0.0000
vn -0.0814 0.9967 -0.0000
vn 0.0393 -0.0433 0.9983
vn 0.0396 -0.0432 0.9983
vn 0.1390 -0.9456 -0.2942
vn 0.1344 -0.9461 -0.2947
vn -0.0445 0.0426 -0.9981
vn -0.0441 0.0428 -0.9981
vn -0.1375 0.9905 -0.0000
vn -0.1387 0.9903 -0.0000
vn 0.0443 -0.0421 0.9981
vn 0.0450 -0.0419 0.9981
vn 0.1871 -0.9426 -0.2766
vn 0.1858 -0.9424 -0.2782
vn -0.0513 0.0415 -0.9978
vn -0.0508 0.0415 -0.9978
vn -0.1319 0.9913 -0.0000
vn -0.1297 0.9916 -0.0000
vn 0.0514 -0.0406 0.9979
vn 0.0518 -0.0406 0.9978
vn 0.1211 -0.9547 -0.2717
vn 0.1284 -0.9540 -0.2709
vn -0.0573 0.0403 -0.9975
vn -0.0574 0.0403 -0.9975
vn -0.1246 0.9922 -0.0000
vn -0.1270 0.9919 -0.0000
vn 0.0576 -0.0394 0.9976
vn 0.0579 -0.0393 0.9975
vn 0.1098 -0.9494 -0.2942
vn 0.1021 -0.9509 -0.2922
vn -0.0615 0.0388 -0.9974
vn -0.0612 0.0389 -0.9974
vn -0.2540 0.9672 -0.0000
vn -0.2587 0.9660 -0.0000
vn 0.0612 -0.0382 0.9974
vn 0.0192 -0.9704 -0.2409
vn 0.0343 -0.9682 -0.2478
vn -0.0629 0.0382 -0.9973
vn -0.3288 0.9444 -0.0000
vn 0.0600 -0.0379 0.9975
vn -0.1326 -0.9769 -0.1678
vn 0.0621 0.0435 -0.9971
vn 0.0621 0.0434 -0.9971
vn 0.0607 0.0441 -0.9972
vn 0.0603 0.0442 -0.9972
vn 0.0819 0.9966 -0.0000
vn 0.0764 0.9971 -0.0000
vn 0.0342 0.9994 -0.0000
vn 0.0321 0.9995 -0.0000
vn -0.0635 -0.0437 0.9970
vn -0.0637 -0.0438 0.9970
vn -0.0590 -0.0437 0.9973
vn -0.0604 -0.0439 0.9972
vn 0.1505 -0.9828 -0.1067
vn 0.1621 -0.9812 -0.1043
vn -0.0045 -0.9901 -0.1404
vn -0.0034 -0.9901 -0.1404
vn -0.9887 -0.1339 -0.0678
vn 0.9771 0.2127 -0.0000
vn 0.3434 -0.9371 -0.0629
vn -0.0619 -0.0430 0.9972
vn 0.1583 0.9874 -0.0000
vn 0.0623 0.0430 -0.9971
vn 0.0560 0.0445 -0.9974
vn 0.0550 0.0445 -0.9975
vn 0.1041 0.9946 -0.0000
vn 0.1023 0.9948 -0.0000
vn -0.0534 -0.0437 0.9976
vn -0.0535 -0.0436 0.9976
vn -0.0157 -0.9882 -0.1521
vn -0.0175 -0.9881 -0.1529
vn 0.0526 0.0454 -0.9976
vn 0.0524 0.0458 -0.9976
vn 0.0865 0.9962 -0.0000
vn 0.0889 0.9960 -0.0000
vn -0.0527 -0.0446 0.9976
vn -0.0528 -0.0445 0.9976
vn -0.0888 -0.9739 -0.2091
vn -0.0939 -0.9724 -0.2137
vn 0.0500 0.0469 -0.9976
vn 0.0490 0.0471 -0.9977
vn -0.0175 0.9998 -0.0000
vn -0.0144 0.9999 -0.0000
vn -0.0487 -0.0451 0.9978
vn -0.0496 -0.0451 0.9978
vn -0.1547 -0.9419 -0.2983
vn -0.1554 -0.9403 -0.3026
vn 0.0445 0.0475 -0.9979
vn 0.0437 0.0475 -0.9979
vn -0.0445 0.9990 -0.0000
vn -0.0456 0.9990 -0.0000
vn -0.0432 -0.0458 0.9980
vn -0.0438 -0.0456 0.9980
vn -0.1103 -0.9362 -0.3338
vn -0.1054 -0.9367 -0.3340
vn 0.0383 0.0474 -0.9981
vn 0.0373 0.0473 -0.9982
vn -0.0321 0.9995 -0.0000
vn -0.0319 0.9995 -0.0000
vn -0.0379 -0.0462 0.9982
vn -0.0384 -0.0462 0.9982
vn -0.0531 -0.9418 -0.3319
vn -0.0520 -0.9420 -0.3316
vn 0.0312 0.0474 -0.9984
vn 0.0311 0.0475 -0.9984
vn -0.0636 0.9980 -0.0000
vn -0.0626 0.9980 -0.0000
vn -0.0321 -0.0464 0.9984
vn -0.0324 -0.0463 0.9984
vn -0.0016 -0.9510 -0.3093
vn -0.0000 -0.9512 -0.3084
vn 0.0270 0.0479 -0.9985
vn 0.0265 0.0479 -0.9985
vn -0.0704 0.9975 -0.0000
vn -0.0708 0.9975 -0.0000
vn -0.0281 -0.0472 0.9985
vn -0.0284 -0.0471 0.9985
vn 0.0231 -0.9590 -0.2824
vn 0.0228 -0.9591 -0.2822
vn 0.0204 0.0479 -0.9986
vn 0.0205 0.0479 -0.9986
vn -0.0968 0.9953 -0.0000
vn -0.0958 0.9954 -0.0000
vn -0.0204 -0.0471 0.9987
vn -0.0208 -0.0472 0.9987
vn 0.0517 -0.9553 -0.2910
vn 0.0521 -0.9553 -0.2911
vn 0.0161 0.0476 -0.9987
vn 0.0160 0.0475 -0.9987
vn -0.1238 0.9923 -0.0000
vn -0.1240 0.9923 -0.0000
vn -0.0149 -0.0466 0.9988
vn 0.0706 -0.9451 -0.3191
vn 0.0707 -0.9451 -0.3190
vn 0.0115 0.0470 -0.9988
vn 0.0114 0.0470 -0.9988
vn -0.1940 0.9810 -0.0000
vn -0.1921 0.9814 -0.0000
vn -0.0105 -0.0459 0.9989
vn -0.0098 -0.0458 0.9989
vn 0.1011 -0.9263 -0.3629
vn 0.0989 -0.9268 -0.3623
vn 0.0078 0.0467 -0.9989
vn -0.2753 0.9614 -0.0000
vn -0.0043 -0.0452 0.9990
vn 0.1752 -0.9073 -0.3822
vn -0.1776 0.4738 -0.8626
vn -0.0120 0.2627 -0.9648
vn 0.1637 -0.0894 -0.9824
vn 0.0030 0.0037 -1.0000
vn 0.3323 0.9432 -0.0000
vn 0.3317 0.9434 -0.0000
vn -0.1103 0.9939 -0.0003
vn -0.1026 0.9947 -0.0000
vn -0.0190 0.0810 0.9965
vn -0.0411 0.0782 0.9961
vn -0.0495 0.0654 0.9966
vn -0.0191 0.0481 0.9987
vn 0.4728 -0.8811 -0.0009
vn 0.4726 -0.8813 -0.0000
vn 0.0926 -0.9957 -0.0000
vn 0.0918 -0.9958 -0.0000
vn -0.9922 -0.1247 -0.0000
vn -0.9921 -0.1251 -0.0000
vn -0.9965 -0.0836 -0.0000
vn -0.9967 -0.0814 -0.0000
vn 0.9512 -0.3086 -0.0000
vn 0.9528 -0.3037 -0.0000
vn 0.9917 -0.1285 -0.0000
vn 0.9910 -0.1336 -0.0000
vn 0.5772 -0.8166 -0.0000
vn -0.0935 0.0819 0.9922
vn -0.0663 0.0857 0.9941
vn 0.3438 0.9390 -0.0000
vn 0.5536 -0.5148 -0.6546
vn 0.7438 -0.4253 -0.5156
vn 0.0097 0.5327 -0.8463
vn 0.0068 0.0697 -0.9975
vn -0.4257 0.9048 -0.0000
vn -0.4258 0.9048 -0.0000
vn -0.0107 0.0799 0.9967
vn -0.0131 0.0509 0.9986
vn 0.0162 -0.9999 -0.0000
vn 0.0160 -0.9999 -0.0000
vn 0.0080 0.6326 -0.7744
vn 0.0151 -0.0050 -0.9999
vn -0.3642 0.9313 0.0002
vn -0.3638 0.9315 -0.0000
vn -0.0053 0.0815 0.9967
vn -0.0056 0.0552 0.9985
vn 0.0313 -0.9995 0.0001
vn 0.0314 -0.9995 -0.0000
vn 0.0107 0.6548 -0.7557
vn 0.0135 -0.0265 -0.9996
vn 0.1802 0.9836 -0.0000
vn 0.1808 0.9835 -0.0012
vn 0.0017 0.0820 0.9966
vn 0.0011 0.0568 0.9984
vn 0.0489 -0.9988 0.0001
vn 0.0491 -0.9988 -0.0000
vn 0.0283 0.6299 -0.7762
vn -0.0118 -0.0212 -0.9997
vn 0.4715 0.8819 -0.0000
vn 0.4713 0.8820 0.0001
vn 0.0092 0.0820 0.9966
vn 0.0085 0.0549 0.9985
vn -0.0599 -0.9982 -0.0000
vn -0.0595 -0.9982 -0.0000
vn 0.0564 0.5393 -0.8402
vn -0.0086 -0.0171 -0.9998
vn 0.3356 0.9420 -0.0000
vn 0.3309 0.9437 -0.0000
vn 0.0164 0.0813 0.9966
vn 0.0161 0.0509 0.9986
vn -0.1040 -0.9946 0.0001
vn -0.1044 -0.9945 -0.0000
vn 0.2181 0.4779 -0.8509
vn 0.0246 -0.0473 -0.9986
vn -0.1678 0.9858 -0.0000
vn -0.1692 0.9856 -0.0000
vn 0.0286 0.0785 0.9965
vn 0.0233 0.0470 0.9986
vn -0.2048 -0.9788 0.0001
vn -0.2034 -0.9791 -0.0000
vn -0.0543 0.2367 -0.9701
vn -0.1625 -0.0451 -0.9857
vn -0.2665 0.9638 -0.0000
vn -0.2698 0.9629 -0.0000
vn 0.0467 0.0715 0.9964
vn 0.0596 0.0683 0.9959
vn -0.5958 -0.8031 -0.0014
vn -0.5966 -0.8025 -0.0000
vn -0.7713 -0.3984 -0.4963
vn -0.5813 -0.4982 -0.6433
vn -0.3543 0.9351 -0.0000
vn 0.0724 0.0831 0.9939
vn 0.1023 0.0763 0.9918
vn -0.6800 -0.7333 -0.0000
vn 0.4731 -0.5514 -0.6871
vn 0.2924 -0.6313 -0.7183
vn 0.0843 -0.6828 -0.7257
vn 0.0048 -0.6851 -0.7285
vn 0.0118 -0.6779 -0.7351
vn 0.0052 -0.6620 -0.7494
vn -0.0423 -0.6555 -0.7540
vn -0.0787 -0.6517 -0.7544
vn -0.1633 -0.6297 -0.7595
vn -0.3559 -0.5481 -0.7569
vn -0.5024 -0.4562 -0.7345
vn -0.9914 -0.1308 -0.0000
vn 0.0458 0.0844 0.9954
vn 0.0606 0.0767 0.9952
vn 0.0290 0.0907 0.9955
vn 0.0170 0.0933 0.9955
vn 0.0095 0.0939 0.9955
vn 0.0021 0.0942 0.9956
vn -0.0055 0.0959 0.9954
vn -0.0102 0.0984 0.9951
vn -0.0197 0.0994 0.9949
vn -0.0375 0.0955 0.9947
vn -0.0577 0.0893 0.9943
vn 0.9086 -0.4178 -0.0000
vn -0.1091 0.0517 0.9927
vn -0.0611 0.0574 0.9965
vn -0.0234 0.0466 0.9986
vn -0.0161 0.0463 0.9988
vn -0.0063 0.0490 0.9988
vn 0.0012 0.0488 0.9988
vn 0.0092 0.0478 0.9988
vn 0.0197 0.0448 0.9988
vn 0.0278 0.0445 0.9986
vn 0.0617 0.0509 0.9968
vn 0.1040 0.0433 0.9936
vn -0.9977 0.0676 -0.0000
vn -0.9974 0.0722 -0.0000
vn -0.8524 -0.0890 -0.5152
vn 0.1113 0.1799 -0.9774
vn 0.3271 0.2349 -0.9153
vn -0.0193 -0.0447 -0.9988
vn -0.0083 -0.0484 -0.9988
vn -0.0017 -0.0488 -0.9988
vn 0.0051 -0.0486 -0.9988
vn 0.0162 -0.0458 -0.9988
vn -0.3423 0.1740 -0.9233
vn -0.0500 0.0765 -0.9958
vn 0.8651 -0.1534 -0.4776
vn 1.0000 0.0098 -0.0000
vn 1.0000 0.0084 -0.0000
vn -0.1069 0.0328 0.9937
vn -0.0642 0.0395 0.9972
vn -0.0246 0.0426 0.9988
vn -0.0162 0.0435 0.9989
vn -0.0052 0.0436 0.9990
vn 0.0007 0.0435 0.9991
vn 0.0083 0.0428 0.9990
vn 0.0205 0.0401 0.9990
vn 0.0288 0.0401 0.9988
vn 0.0633 0.0369 0.9973
vn 0.0975 0.0249 0.9949
vn -0.9826 0.1857 -0.0000
vn -0.9822 0.1876 -0.0000
vn -0.8257 0.1204 -0.5511
vn 0.1083 -0.0055 -0.9941
vn 0.3638 -0.0527 -0.9300
vn -0.0202 -0.0384 -0.9991
vn -0.0073 -0.0412 -0.9991
vn -0.0018 -0.0426 -0.9991
vn 0.0045 -0.0426 -0.9991
vn 0.0160 -0.0436 -0.9989
vn -0.3967 -0.0535 -0.9164
vn 0.0044 -0.0156 -0.9999
vn 0.8703 0.0435 -0.4906
vn 0.9976 0.0697 -0.0000
vn 0.9977 0.0676 -0.0000
vn -0.1005 0.0209 0.9947
vn -0.0621 0.0277 0.9977
vn -0.0243 0.0381 0.9990
vn -0.0143 0.0378 0.9992
vn -0.0069 0.0357 0.9993
vn 0.0002 0.0384 0.9993
vn 0.0083 0.0359 0.9993
vn 0.0204 0.0350 0.9992
vn 0.0283 0.0342 0.9990
vn 0.0612 0.0263 0.9978
vn 0.0933 0.0158 0.9955
vn -0.9757 0.2193 -0.0000
vn -0.9758 0.2187 -0.0000
vn -0.8022 0.1791 -0.5695
vn 0.0773 -0.1224 -0.9895
vn 0.3462 -0.1699 -0.9226
vn -0.0205 -0.0355 -0.9992
vn -0.0080 -0.0361 -0.9993
vn -0.0017 -0.0378 -0.9993
vn 0.0067 -0.0346 -0.9994
vn 0.0141 -0.0376 -0.9992
vn -0.3590 -0.1567 -0.9201
vn 0.0528 -0.1291 -0.9902
vn 0.8400 0.1333 -0.5259
vn 0.9955 0.0944 -0.0000
vn 0.9955 0.0950 -0.0000
vn -0.0922 0.0142 0.9956
vn -0.0468 0.0238 0.9986
vn -0.0227 0.0328 0.9992
vn -0.0182 0.0338 0.9993
vn -0.0084 0.0338 0.9994
vn 0.0017 0.0299 0.9996
vn 0.0080 0.0292 0.9995
vn 0.0173 0.0290 0.9994
vn 0.0272 0.0271 0.9993
vn 0.0595 0.0100 0.9982
vn 0.0840 0.0012 0.9965
vn -0.9681 0.2507 -0.0000
vn -0.9677 0.2523 -0.0000
vn -0.7214 0.3188 -0.6148
vn -0.2096 -0.1794 -0.9612
vn 0.1831 -0.6155 -0.7665
vn -0.2482 -0.6849 -0.6850
vn -0.3391 -0.7565 -0.5592
vn -0.1184 -0.8659 -0.4860
vn 0.2097 -0.7028 -0.6798
vn 0.1455 -0.5000 -0.8537
vn -0.1547 -0.4519 -0.8786
vn -0.0068 -0.4832 -0.8755
vn 0.7885 0.1822 -0.5874
vn 0.9883 0.1523 -0.0000
vn 0.9888 0.1493 -0.0000
vn -0.0600 -0.0097 0.9982
vn -0.0414 -0.0001 0.9991
vn -0.0172 0.0020 0.9999
vn -0.0034 0.0098 0.9999
vn 0.0009 0.0125 0.9999
vn -0.0005 0.0087 1.0000
vn -0.0016 0.0081 1.0000
vn 0.0051 0.0026 1.0000
vn 0.0263 0.0038 0.9996
vn 0.0383 -0.0000 0.9993
vn 0.0636 -0.0088 0.9979
vn -0.9431 0.3324 -0.0000
vn -0.9425 0.3342 -0.0000
vn -0.4935 0.5014 -0.7107
vn -0.1088 0.0191 -0.9939
vn -0.0726 -0.0943 -0.9929
vn 0.0663 -0.0012 -0.9978
vn -0.0554 -0.1524 -0.9868
vn -0.0218 -0.2138 -0.9766
vn 0.0601 -0.2913 -0.9547
vn -0.0019 -0.2187 -0.9758
vn 0.0048 0.0800 -0.9968
vn 0.2194 0.0679 -0.9733
vn 0.4996 0.4978 -0.7090
vn 0.9757 0.2190 -0.0000
vn 0.9757 0.2192 -0.0000
vn -0.0521 -0.0170 0.9985
vn -0.0315 -0.0105 0.9994
vn -0.0178 -0.0088 0.9998
vn 0.0014 -0.0062 1.0000
vn 0.0069 -0.0035 1.0000
vn -0.0022 -0.0030 1.0000
vn -0.0098 -0.0067 0.9999
vn 0.0042 -0.0111 0.9999
vn 0.0278 -0.0157 0.9995
vn 0.0389 -0.0142 0.9991
vn 0.0556 -0.0071 0.9984
vn -0.9271 0.3748 -0.0000
vn -0.2037 0.5989 -0.7745
vn -0.4082 0.5048 -0.7606
vn -0.0834 0.6155 -0.7837
vn 0.1936 0.5618 -0.8043
vn 0.3137 0.5242 -0.7917
vn 0.0970 0.5422 -0.8346
vn -0.2197 0.5353 -0.8156
vn -0.2585 0.5347 -0.8045
vn -0.0270 0.5778 -0.8158
vn 0.1801 0.5897 -0.7873
vn 0.3917 0.5861 -0.7093
vn 0.9767 0.2147 -0.0000
vn 0.0232 -0.0335 -0.9992
vn 0.0255 -0.0329 -0.9991
vn 0.0166 -0.0354 -0.9992
vn 0.0153 -0.0359 -0.9992
vn -0.0858 0.9963 -0.0000
vn -0.0884 0.9961 -0.0002
vn -0.1830 0.9831 -0.0000
vn -0.1828 0.9831 -0.0000
vn -0.0252 0.0362 0.9990
vn -0.0250 0.0362 0.9990
vn -0.0197 0.0365 0.9991
vn -0.0205 0.0364 0.9991
vn 0.0097 -1.0000 -0.0000
vn 0.0105 -0.9999 -0.0000
vn 0.0026 -1.0000 -0.0000
vn 0.0029 -1.0000 -0.0000
vn -0.8768 0.4809 -0.0000
vn 0.8851 0.4654 -0.0000
vn 0.2118 -0.9773 -0.0000
vn 0.2164 -0.9763 -0.0000
vn -0.0274 0.0371 0.9989
vn -0.0270 0.0369 0.9990
vn 0.0310 0.9995 -0.0000
vn 0.0273 -0.0339 -0.9991
vn 0.0253 -0.0355 -0.9990
vn 0.3763 -0.9265 -0.0000
vn -0.0282 0.0376 0.9989
vn 0.0219 -0.0381 -0.9990
vn 0.0130 -0.0366 -0.9992
vn 0.0131 -0.0365 -0.9992
vn -0.2561 0.9667 -0.0000
vn -0.2558 0.9667 -0.0000
vn -0.0141 0.0367 0.9992
vn -0.0144 0.0367 0.9992
vn 0.0307 -0.9995 -0.0000
vn 0.0310 -0.9995 -0.0000
vn 0.0100 -0.0369 -0.9993
vn 0.0098 -0.0369 -0.9993
vn -0.3160 0.9488 -0.0000
vn -0.0086 0.0376 0.9993
vn 0.0246 -0.9997 -0.0000
vn 0.0243 -0.9997 -0.0000
vn 0.0034 -0.0376 -0.9993
vn -0.1677 0.9858 -0.0000
vn -0.1670 0.9860 -0.0000
vn -0.0010 0.0410 0.9992
vn -0.0012 0.0408 0.9992
vn -0.0264 -0.9997 -0.0000
vn -0.0265 -0.9996 -0.0000
vn -0.0000 -0.0376 -0.9993
vn -0.0008 -0.0377 -0.9993
vn 0.0950 0.9955 -0.0003
vn 0.0945 0.9955 -0.0000
vn 0.0027 0.0418 0.9991
vn 0.0024 0.0419 0.9991
vn -0.0246 -0.9997 -0.0000
vn -0.0247 -0.9997 -0.0000
vn -0.0064 -0.0387 -0.9992
vn -0.0065 -0.0388 -0.9992
vn 0.3473 0.9377 -0.0000
vn 0.3467 0.9380 -0.0000
vn 0.0043 0.0397 0.9992
vn 0.0045 0.0399 0.9992
vn -0.0468 -0.9989 -0.0000
vn -0.0466 -0.9989 -0.0000
vn -0.0033 -0.0390 -0.9992
vn -0.0039 -0.0390 -0.9992
vn -0.0151 -0.0370 -0.9992
vn -0.0158 -0.0369 -0.9992
vn 0.4079 0.9130 -0.0000
vn 0.3652 0.9309 0.0001
vn 0.3653 0.9309 -0.0000
vn 0.0054 0.0376 0.9993
vn 0.0060 0.0372 0.9993
vn 0.0137 0.0350 0.9993
vn 0.0134 0.0351 0.9993
vn -0.0508 -0.9987 -0.0000
vn -0.0507 -0.9987 -0.0000
vn -0.0352 -0.9994 -0.0000
vn -0.0349 -0.9994 -0.0000
vn -0.0196 -0.0358 -0.9992
vn 0.2730 0.9620 -0.0000
vn 0.2720 0.9623 -0.0000
vn 0.0190 0.0353 0.9992
vn 0.0190 0.0352 0.9992
vn -0.1097 -0.9940 -0.0000
vn -0.1086 -0.9941 -0.0000
vn -0.0225 -0.0355 -0.9991
vn -0.0222 -0.0355 -0.9991
vn 0.1131 0.9936 -0.0000
vn 0.1119 0.9937 -0.0000
vn 0.0248 0.0353 0.9991
vn 0.0254 0.0352 0.9991
vn -0.1969 -0.9804 -0.0000
vn -0.1964 -0.9805 -0.0000
vn -0.0264 -0.0357 -0.9990
vn -0.0258 -0.0358 -0.9990
vn 0.0554 0.9985 -0.0000
vn 0.0552 0.9985 -0.0000
vn 0.0265 0.0356 0.9990
vn 0.0265 0.0355 0.9990
vn -0.2257 -0.9742 -0.0000
vn -0.2253 -0.9743 -0.0000
vn -0.0303 -0.0352 -0.9989
vn 0.0391 0.9992 -0.0000
vn 0.0253 0.0366 0.9990
vn -0.2466 -0.9691 -0.0000
vn 0.0196 -0.0488 -0.9986
vn 0.0181 -0.0484 -0.9987
vn 0.0178 -0.0491 -0.9986
vn 0.0171 -0.0487 -0.9987
vn 0.2485 0.9686 -0.0000
vn 0.2467 0.9691 -0.0000
vn 0.1407 0.9901 -0.0000
vn 0.1427 0.9898 -0.0000
vn -0.0206 0.0485 0.9986
vn -0.0206 0.0479 0.9986
vn -0.0175 0.0501 0.9986
vn -0.0173 0.0501 0.9986
vn 0.1738 -0.9848 0.0002
vn 0.1763 -0.9843 -0.0000
vn -0.0495 -0.9988 -0.0000
vn -0.8614 -0.5079 -0.0000
vn 0.8562 -0.5166 -0.0000
vn 0.3305 -0.9438 -0.0000
vn -0.0207 0.0461 0.9987
vn 0.2854 0.9584 -0.0000
vn 0.0237 -0.0498 -0.9985
vn 0.0076 -0.0486 -0.9988
vn 0.0048 -0.0491 -0.9988
vn 0.0049 -0.0490 -0.9988
vn 0.0711 0.9975 -0.0000
vn 0.0580 0.9983 -0.0000
vn 0.0581 0.9983 -0.0000
vn -0.0147 0.0485 0.9987
vn -0.0141 0.0485 0.9987
vn -0.0086 0.0478 0.9988
vn -0.0082 0.0478 0.9988
vn 0.0048 -0.0495 -0.9988
vn 0.0556 0.9985 -0.0000
vn -0.0045 0.0478 0.9988
vn -0.0046 0.0478 0.9988
vn -0.0022 -0.0465 -0.9989
vn 0.0025 0.0483 0.9988
vn 0.0025 0.0482 0.9988
vn -0.0081 -0.0496 -0.9987
vn -0.0080 -0.0496 -0.9987
vn -0.0093 -0.0488 -0.9988
vn -0.0092 -0.0488 -0.9988
vn 0.0001 1.0000 -0.0000
vn 0.0005 1.0000 0.0001
vn -0.0060 1.0000 -0.0000
vn -0.0056 1.0000 -0.0000
vn 0.0085 0.0484 0.9988
vn 0.0092 0.0484 0.9988
vn 0.0123 0.0482 0.9988
vn 0.0124 0.0483 0.9988
vn -0.0183 -0.0462 -0.9988
vn -0.0196 -0.0462 -0.9987
vn -0.0201 -0.0462 -0.9987
vn 0.0053 1.0000 -0.0000
vn 0.0057 1.0000 -0.0000
vn -0.0252 0.9997 -0.0000
vn -0.0264 0.9997 -0.0000
vn 0.0205 0.0498 0.9985
vn 0.0201 0.0496 0.9986
vn 0.0236 0.0484 0.9985
vn 0.0223 0.0487 0.9986
vn -0.0231 -0.0461 -0.9987
vn -0.0249 -0.0459 -0.9986
vn -0.1028 0.9947 -0.0000
vn -0.1051 0.9945 -0.0000
vn 0.0267 0.0465 0.9986
vn 0.0266 0.0470 0.9985
vn -0.2834 -0.9590 -0.0000
vn -0.2810 -0.9597 -0.0000
vn 0.0144 0.0486 0.9987
vn 0.0157 0.0490 0.9987
vn 0.0287 0.9996 -0.0000
vn -0.0087 -0.0451 -0.9989
vn -0.0273 -0.0457 -0.9986
vn -0.1557 0.9878 -0.0000
vn 0.0268 0.0448 0.9986
vn -0.4598 -0.8880 -0.0000
vn 0.0057 -0.0502 -0.9987
vn -0.0075 -0.0502 -0.9987
vn -0.0102 -0.0485 -0.9988
vn -0.0120 0.0495 0.9987
vn -0.0125 0.0497 0.9987
vn 0.0094 -0.0496 -0.9987
vn 0.0197 -0.0502 -0.9985
vn -1.0000 0.0071 0.0058
vn 0.0384 0.8182 -0.5736
vn 0.9990 0.0337 0.0291
vn -0.0232 -0.4425 -0.8965
vn -0.9585 -0.2106 -0.1923
vn 0.0394 0.9062 -0.4210
vn 0.9436 0.2332 0.2350
vn -0.0334 -0.4146 -0.9094
vn -0.9732 0.1918 0.1272
vn 0.0438 0.7630 -0.6450
vn 0.9797 -0.1639 -0.1153
vn -0.0207 -0.4384 -0.8985
vn -0.0569 -0.2631 -0.9631
vn -0.0556 -0.2528 -0.9659
vn -0.0657 -0.2503 -0.9659
vn -0.0623 -0.2605 -0.9634
vn -0.0000 1.0000 -0.0000
vn 0.0530 0.2495 0.9669
vn 0.0582 0.2612 0.9635
vn 0.0671 0.2567 0.9642
vn 0.0535 0.2483 0.9672
vn -0.0000 -1.0000 -0.0000
vn -0.9548 -0.2972 -0.0000
vn -0.9538 -0.3004 -0.0000
vn -0.9250 -0.3799 -0.0000
vn -0.9185 -0.3955 -0.0000
vn 0.5870 -0.8096 -0.0000
vn 0.5894 -0.8078 -0.0000
vn 0.6365 -0.7713 -0.0000
vn 0.6313 -0.7755 -0.0000
vn -0.0645 -0.2474 -0.9668
vn -0.0765 -0.2411 -0.9675
vn -0.9514 -0.3078 -0.0000
vn 0.0494 0.2446 0.9684
vn 0.0473 0.2457 0.9682
vn 0.5804 -0.8144 -0.0000
vn 0.0596 0.2694 0.9612
vn 0.0753 0.2643 0.9615
vn -0.9291 -0.3698 -0.0000
vn -0.9360 -0.3521 -0.0000
vn -0.0589 -0.2703 -0.9610
vn -0.0715 -0.2663 -0.9612
vn 0.6401 -0.7683 -0.0000
vn 0.6417 -0.7670 -0.0000
vn 0.0557 0.2757 0.9596
vn 0.0833 0.2671 0.9601
vn -0.9325 -0.3612 -0.0000
vn -0.9232 -0.3844 -0.0000
vn -0.0552 -0.2721 -0.9607
vn -0.0798 -0.2647 -0.9610
vn 0.6378 -0.7702 -0.0000
vn 0.6368 -0.7710 -0.0000
vn 0.0547 0.2747 0.9600
vn 0.0562 0.2698 0.9613
vn 0.0978 0.2621 0.9601
vn 0.0917 0.2667 0.9594
vn -0.8870 -0.4618 -0.0000
vn -0.8839 -0.4677 -0.0000
vn -0.8977 -0.4405 -0.0000
vn -0.8974 -0.4412 -0.0000
vn -0.0558 -0.2689 -0.9615
vn -0.0538 -0.2755 -0.9598
vn -0.0883 -0.2698 -0.9589
vn -0.0961 -0.2579 -0.9614
vn 0.6834 -0.7300 -0.0000
vn 0.6976 -0.7165 -0.0000
vn 0.7616 -0.6481 -0.0000
vn 0.7599 -0.6500 -0.0000
vn 0.0545 0.2707 0.9611
vn 0.0575 0.2648 0.9626
vn 0.1112 0.2582 0.9597
vn 0.1051 0.2632 0.9590
vn -0.9405 -0.3398 -0.0000
vn -0.9320 -0.3625 -0.0000
vn -0.9811 -0.1934 -0.0000
vn -0.9858 -0.1681 -0.0000
vn -0.0583 -0.2669 -0.9620
vn -0.0549 -0.2720 -0.9607
vn -0.1044 -0.2634 -0.9590
vn -0.1111 -0.2602 -0.9591
vn 0.8435 -0.5372 -0.0000
vn 0.8680 -0.4965 -0.0000
vn 0.9156 -0.4021 -0.0000
vn 0.9198 -0.3923 -0.0000
vn 0.0547 0.2576 0.9647
vn 0.0535 0.2460 0.9678
vn 0.1233 0.2357 0.9640
vn 0.1171 0.2491 0.9614
vn -0.9969 -0.0788 -0.0000
vn -0.9969 -0.0783 -0.0000
vn -0.9983 -0.0590 -0.0000
vn -0.9986 -0.0529 -0.0000
vn -0.0534 -0.2483 -0.9672
vn -0.0551 -0.2542 -0.9656
vn -0.1172 -0.2475 -0.9618
vn -0.1224 -0.2395 -0.9631
vn 0.9187 -0.3950 -0.0000
vn 0.9239 -0.3827 -0.0000
vn 0.9857 -0.1686 -0.0000
vn 0.9773 -0.2120 -0.0000
vn 0.0586 0.2279 0.9719
vn 0.0583 0.2101 0.9760
vn 0.1329 0.2062 0.9695
vn 0.1294 0.2208 0.9667
vn -1.0000 0.0028 -0.0000
vn -1.0000 -0.0060 -0.0000
vn -0.9951 0.0985 -0.0000
vn -0.9919 0.1268 -0.0000
vn -0.0581 -0.2126 -0.9754
vn -0.0582 -0.2298 -0.9715
vn -0.1286 -0.2229 -0.9663
vn -0.1330 -0.2072 -0.9692
vn 0.9974 -0.0714 -0.0000
vn 0.9972 -0.0743 -0.0000
vn 0.9995 -0.0304 -0.0000
vn 0.9990 -0.0447 -0.0000
vn 0.0561 0.1945 0.9793
vn 0.0567 0.1852 0.9811
vn 0.1325 0.1812 0.9745
vn 0.1341 0.1877 0.9730
vn -0.9291 0.3699 -0.0000
vn -0.9401 0.3408 -0.0000
vn -0.8879 0.4601 -0.0000
vn -0.8851 0.4654 -0.0000
vn -0.0569 -0.1798 -0.9821
vn -0.0561 -0.1933 -0.9795
vn -0.1351 -0.1891 -0.9726
vn -0.1335 -0.1735 -0.9758
vn 0.9811 0.1935 -0.0000
vn 0.9719 0.2356 -0.0000
vn 0.9070 0.4212 -0.0000
vn 0.9132 0.4074 -0.0000
vn 0.0624 0.1570 0.9856
vn 0.0580 0.1346 0.9892
vn 0.1203 0.1365 0.9833
vn 0.1279 0.1570 0.9793
vn -0.7824 0.6228 -0.0000
vn -0.8020 0.5973 -0.0000
vn -0.6653 0.7466 -0.0000
vn -0.6488 0.7609 -0.0000
vn -0.0576 -0.1365 -0.9890
vn -0.0623 -0.1582 -0.9854
vn -0.1281 -0.1598 -0.9788
vn -0.1200 -0.1374 -0.9832
vn 0.8676 0.4972 -0.0000
vn 0.8651 0.5015 -0.0000
vn 0.8516 0.5241 -0.0000
vn 0.8525 0.5228 -0.0000
vn 0.0403 0.1232 0.9916
vn 0.1083 0.1184 0.9870
vn -0.5963 0.8028 -0.0000
vn -0.0410 -0.1257 -0.9912
vn -0.1058 -0.1213 -0.9870
vn 0.8486 0.5290 -0.0000
vn 0.0506 0.2579 0.9648
vn 0.0534 0.2426 0.9687
vn 0.0458 0.2687 0.9621
vn 0.0371 0.2792 0.9595
vn 0.0268 0.2856 0.9580
vn 0.0181 0.2772 0.9606
vn 0.0116 0.2785 0.9604
vn 0.0051 0.2766 0.9610
vn -0.0012 0.2691 0.9631
vn -0.0088 0.2654 0.9641
vn -0.0130 0.2534 0.9673
vn -0.0155 0.2339 0.9721
vn -0.0178 0.2143 0.9766
vn -0.0194 0.1998 0.9796
vn -0.0171 0.1947 0.9807
vn -0.0101 0.1671 0.9859
vn -0.0052 0.1424 0.9898
vn -0.0030 0.1259 0.9920
vn 0.0049 -0.1446 -0.9895
vn 0.0003 -0.1282 -0.9917
vn 0.0106 -0.1670 -0.9859
vn 0.0178 -0.1884 -0.9819
vn 0.0204 -0.1998 -0.9796
vn 0.0184 -0.2175 -0.9759
vn 0.0154 -0.2357 -0.9717
vn 0.0124 -0.2545 -0.9670
vn 0.0076 -0.2610 -0.9653
vn -0.0004 -0.2685 -0.9633
vn -0.0066 -0.2824 -0.9593
vn -0.0127 -0.2774 -0.9607
vn -0.0195 -0.2814 -0.9594
vn -0.0285 -0.2801 -0.9596
vn -0.0394 -0.2767 -0.9601
vn -0.0502 -0.2712 -0.9612
vn -0.0482 -0.2508 -0.9668
vn -0.0419 -0.2591 -0.9649
vn 0.2281 0.0228 0.9734
vn 0.2132 0.0286 0.9766
vn 0.2200 0.0231 0.9752
vn 0.2308 0.0259 0.9727
vn 1.0000 -0.0082 -0.0000
vn -0.2124 -0.0282 -0.9768
vn -0.2179 -0.0256 -0.9756
vn -0.2198 -0.0283 -0.9751
vn -0.2169 -0.0234 -0.9759
vn -1.0000 -0.0000 -0.0000
vn -0.9479 -0.3187 -0.0000
vn -0.3578 -0.9338 -0.0000
vn -0.3547 -0.9350 -0.0000
vn -0.4605 -0.8877 -0.0000
vn -0.4455 -0.8953 -0.0000
vn -0.8479 0.5302 -0.0000
vn -0.8489 0.5285 -0.0000
vn -0.8195 0.5730 -0.0000
vn -0.8171 0.5766 -0.0000
vn 0.2130 0.0269 0.9767
vn 0.2161 0.0216 0.9761
vn -0.3662 -0.9305 -0.0000
vn -0.2135 -0.0274 -0.9766
vn -0.2154 -0.0241 -0.9762
vn -0.8532 0.5216 -0.0000
vn -0.2182 -0.0217 -0.9757
vn -0.2189 -0.0318 -0.9752
vn -0.4170 -0.9089 -0.0000
vn -0.4336 -0.9011 -0.0000
vn 0.2208 0.0190 0.9751
vn 0.2194 0.0289 0.9752
vn -0.8129 0.5824 -0.0000
vn -0.8137 0.5813 -0.0000
vn -0.2181 -0.0122 -0.9759
vn -0.2248 -0.0318 -0.9739
vn -0.4498 -0.8931 -0.0000
vn -0.4268 -0.9044 -0.0000
vn 0.2144 0.0111 0.9767
vn 0.2181 0.0306 0.9755
vn -0.8161 0.5779 -0.0000
vn -0.8157 0.5785 -0.0000
vn -0.2092 -0.0042 -0.9779
vn -0.2091 -0.0003 -0.9779
vn -0.2174 -0.0288 -0.9757
vn -0.2179 -0.0295 -0.9755
vn -0.5386 -0.8425 -0.0000
vn -0.5328 -0.8463 -0.0000
vn -0.5112 -0.8594 -0.0000
vn -0.5105 -0.8599 -0.0000
vn 0.2132 0.0004 0.9770
vn 0.2116 0.0043 0.9773
vn 0.2196 0.0300 0.9751
vn 0.2238 0.0291 0.9742
vn -0.7715 0.6362 -0.0000
vn -0.7773 0.6291 -0.0000
vn -0.7063 0.7079 -0.0000
vn -0.7054 0.7088 -0.0000
vn -0.2010 0.0052 -0.9796
vn -0.1951 0.0068 -0.9808
vn -0.2065 -0.0307 -0.9780
vn -0.2071 -0.0309 -0.9778
vn -0.4257 -0.9049 -0.0000
vn -0.4027 -0.9153 -0.0000
vn -0.2079 -0.9781 -0.0000
vn -0.2350 -0.9720 -0.0000
vn 0.1980 -0.0072 0.9802
vn 0.2031 -0.0057 0.9791
vn 0.2095 0.0301 0.9774
vn 0.2084 0.0296 0.9776
vn -0.5670 0.8237 -0.0000
vn -0.5871 0.8095 -0.0000
vn -0.4468 0.8946 -0.0000
vn -0.4524 0.8918 -0.0000
vn -0.1952 0.0146 -0.9806
vn -0.1907 0.0209 -0.9814
vn -0.2031 -0.0272 -0.9788
vn -0.2065 -0.0281 -0.9780
vn -0.1010 -0.9949 -0.0000
vn -0.1016 -0.9948 -0.0000
vn -0.0714 -0.9974 -0.0000
vn -0.0779 -0.9970 -0.0000
vn 0.1854 -0.0209 0.9824
vn 0.1999 -0.0144 0.9797
vn 0.2107 0.0281 0.9772
vn 0.1967 0.0279 0.9801
vn -0.4368 0.8996 -0.0000
vn -0.4439 0.8961 -0.0000
vn -0.2291 0.9734 -0.0000
vn -0.2025 0.9793 -0.0000
vn -0.1747 0.0228 -0.9844
vn -0.1569 0.0269 -0.9872
vn -0.1648 -0.0258 -0.9860
vn -0.1846 -0.0267 -0.9824
vn -0.0145 -0.9999 -0.0000
vn -0.0053 -1.0000 -0.0000
vn 0.1372 -0.9905 -0.0000
vn 0.1095 -0.9940 -0.0000
vn 0.1661 -0.0266 0.9857
vn 0.1730 -0.0223 0.9847
vn 0.1811 0.0275 0.9831
vn 0.1755 0.0256 0.9841
vn -0.0792 0.9969 -0.0000
vn -0.0772 0.9970 -0.0000
vn -0.0424 0.9991 -0.0000
vn -0.0317 0.9995 -0.0000
vn -0.1516 0.0326 -0.9879
vn -0.1451 0.0356 -0.9888
vn -0.1572 -0.0207 -0.9874
vn -0.1587 -0.0240 -0.9870
vn 0.3904 -0.9206 -0.0000
vn 0.4148 -0.9099 -0.0000
vn 0.5219 -0.8530 -0.0000
vn 0.5182 -0.8553 -0.0000
vn 0.1397 -0.0377 0.9895
vn 0.1532 -0.0339 0.9876
vn 0.1715 0.0211 0.9850
vn 0.1526 0.0164 0.9881
vn 0.2781 0.9606 -0.0000
vn 0.2445 0.9696 -0.0000
vn 0.4771 0.8789 -0.0000
vn 0.4891 0.8722 -0.0000
vn -0.1313 0.0351 -0.9907
vn -0.1177 0.0418 -0.9922
vn -0.1301 -0.0041 -0.9915
vn -0.1397 -0.0136 -0.9901
vn 0.6622 -0.7493 -0.0000
vn 0.6769 -0.7361 -0.0000
vn 0.8041 -0.5945 -0.0000
vn 0.7978 -0.6029 -0.0000
vn 0.1188 -0.0432 0.9920
vn 0.1309 -0.0366 0.9907
vn 0.1326 0.0119 0.9911
vn 0.1337 0.0049 0.9910
vn 0.5737 0.8191 -0.0000
vn 0.5694 0.8221 -0.0000
vn 0.5952 0.8036 -0.0000
vn 0.5962 0.8028 -0.0000
vn -0.1066 0.0576 -0.9926
vn -0.1124 0.0088 -0.9936
vn 0.8434 -0.5373 -0.0000
vn 0.1017 -0.0596 0.9930
vn 0.1095 -0.0089 0.9939
vn 0.6015 0.7989 -0.0000
vn -0.9571 0.2896 -0.0000
vn -0.2057 -0.0322 -0.9781
vn -0.2087 -0.0352 -0.9773
vn -0.2191 -0.0186 -0.9755
vn -0.2150 -0.0023 -0.9766
vn -0.2076 0.0117 -0.9781
vn -0.1946 0.0227 -0.9806
vn -0.2056 0.0318 -0.9781
vn -0.1867 0.0417 -0.9815
vn -0.1846 0.0491 -0.9816
vn -0.1819 0.0574 -0.9816
vn -0.1790 0.0665 -0.9816
vn -0.1637 0.0743 -0.9837
vn -0.1493 0.0802 -0.9855
vn -0.1436 0.0861 -0.9859
vn -0.1385 0.0886 -0.9864
vn -0.1260 0.0875 -0.9882
vn -0.1142 0.0861 -0.9897
vn -0.1030 0.0864 -0.9909
vn 0.1172 -0.0894 0.9891
vn 0.0970 -0.0896 0.9912
vn 0.1272 -0.0894 0.9878
vn 0.1332 -0.0886 0.9871
vn 0.1383 -0.0853 0.9867
vn 0.1554 -0.0794 0.9847
vn 0.1638 -0.0741 0.9837
vn 0.1721 -0.0670 0.9828
vn 0.1892 -0.0580 0.9802
vn 0.1871 -0.0488 0.9811
vn 0.1900 -0.0418 0.9809
vn 0.2047 -0.0323 0.9783
vn 0.2000 -0.0226 0.9795
vn 0.2095 -0.0126 0.9777
vn 0.2147 0.0006 0.9767
vn 0.2311 0.0155 0.9728
vn 0.2042 0.0292 0.9785
vn 0.2051 0.0398 0.9779
vn -0.0588 -0.2164 -0.9745
vn -0.0687 -0.2506 -0.9656
vn -0.0874 -0.2430 -0.9661
vn -0.0798 -0.2132 -0.9737
vn 0.0575 0.2549 0.9652
vn 0.0553 0.2221 0.9734
vn 0.0768 0.2142 0.9738
vn 0.0682 0.2510 0.9656
vn -0.9379 -0.3469 -0.0000
vn -0.9366 -0.3503 -0.0000
vn -0.8982 -0.4396 -0.0000
vn -0.8912 -0.4536 -0.0000
vn 0.5212 -0.8534 -0.0000
vn 0.5234 -0.8521 -0.0000
vn 0.5700 -0.8217 -0.0000
vn 0.5661 -0.8244 -0.0000
vn -0.0799 -0.2515 -0.9646
vn -0.0947 -0.2423 -0.9656
vn -0.9335 -0.3586 -0.0000
vn 0.0616 0.2482 0.9667
vn 0.0683 0.2441 0.9674
vn 0.5146 -0.8574 -0.0000
vn 0.0467 0.1885 0.9810
vn 0.0807 0.1795 0.9804
vn -0.9060 -0.4232 -0.0000
vn -0.9118 -0.4106 -0.0000
vn -0.0465 -0.1897 -0.9807
vn -0.0786 -0.1860 -0.9794
vn 0.5746 -0.8184 -0.0000
vn 0.5756 -0.8177 -0.0000
vn 0.0265 0.1602 0.9867
vn 0.0828 0.1556 0.9843
vn -0.9057 -0.4240 -0.0000
vn -0.8997 -0.4366 -0.0000
vn -0.0250 -0.1603 -0.9868
vn -0.0801 -0.1548 -0.9847
vn 0.5716 -0.8205 -0.0000
vn 0.5714 -0.8207 -0.0000
vn 0.0152 0.1274 0.9917
vn 0.0128 0.1063 0.9943
vn 0.0912 0.1031 0.9905
vn 0.0870 0.1244 0.9884
vn -0.8490 -0.5283 -0.0000
vn -0.8481 -0.5299 -0.0000
vn -0.8640 -0.5035 -0.0000
vn -0.8638 -0.5038 -0.0000
vn -0.0138 -0.1019 -0.9947
vn -0.0146 -0.1226 -0.9924
vn -0.0854 -0.1119 -0.9900
vn -0.0916 -0.0977 -0.9910
vn 0.6266 -0.7793 -0.0000
vn 0.6271 -0.7789 -0.0000
vn 0.7024 -0.7118 -0.0000
vn 0.7025 -0.7116 -0.0000
vn 0.0048 0.0839 0.9965
vn 0.0092 0.0655 0.9978
vn 0.0975 0.0575 0.9936
vn 0.0951 0.0743 0.9927
vn -0.9148 -0.4039 -0.0000
vn -0.9132 -0.4074 -0.0000
vn -0.9766 -0.2150 -0.0000
vn -0.9777 -0.2100 -0.0000
vn -0.0094 -0.0724 -0.9973
vn -0.0057 -0.0896 -0.9960
vn -0.0958 -0.0850 -0.9918
vn -0.0975 -0.0649 -0.9931
vn 0.8118 -0.5839 -0.0000
vn 0.8126 -0.5828 -0.0000
vn 0.8893 -0.4573 0.0001
vn 0.8895 -0.4570 -0.0000
vn 0.0017 0.0604 0.9982
vn -0.0041 0.0388 0.9992
vn 0.1003 0.0336 0.9944
vn 0.0992 0.0547 0.9936
vn -0.9956 -0.0934 -0.0000
vn -0.9957 -0.0929 -0.0000
vn -0.9978 -0.0669 -0.0000
vn -0.9978 -0.0660 -0.0000
vn 0.0036 -0.0369 -0.9993
vn -0.0020 -0.0523 -0.9986
vn -0.0984 -0.0445 -0.9942
vn -0.0988 -0.0336 -0.9945
vn 0.8944 -0.4472 -0.0000
vn 0.8940 -0.4480 -0.0000
vn 0.9747 -0.2237 -0.0000
vn 0.9744 -0.2250 -0.0000
vn 0.0007 0.0104 0.9999
vn -0.0020 -0.0106 0.9999
vn 0.0955 -0.0101 0.9954
vn 0.0988 0.0079 0.9951
vn -1.0000 -0.0014 -0.0000
vn -1.0000 -0.0023 -0.0000
vn -0.9913 0.1315 -0.0000
vn -0.9909 0.1345 0.0002
vn 0.0020 0.0085 -1.0000
vn -0.0007 -0.0118 -0.9999
vn -0.0976 -0.0106 -0.9952
vn -0.0949 0.0100 -0.9954
vn 0.9963 -0.0862 -0.0000
vn 0.9963 -0.0863 -0.0000
vn 0.9990 -0.0452 -0.0000
vn 0.9990 -0.0443 -0.0001
vn -0.0073 -0.0276 0.9996
vn -0.0089 -0.0391 0.9992
vn 0.0815 -0.0334 0.9961
vn 0.0887 -0.0280 0.9957
vn -0.9103 0.4140 -0.0000
vn -0.9125 0.4090 -0.0000
vn -0.8502 0.5264 -0.0000
vn -0.8497 0.5272 -0.0000
vn 0.0085 0.0464 -0.9989
vn 0.0070 0.0300 -0.9995
vn -0.0885 0.0277 -0.9957
vn -0.0806 0.0440 -0.9958
vn 0.9677 0.2521 -0.0000
vn 0.9673 0.2537 -0.0000
vn 0.8792 0.4765 -0.0000
vn 0.8803 0.4744 -0.0000
vn -0.0039 -0.0685 0.9976
vn -0.0109 -0.0849 0.9963
vn 0.0590 -0.0830 0.9948
vn 0.0719 -0.0649 0.9953
vn -0.7362 0.6768 -0.0000
vn -0.7387 0.6740 -0.0000
vn -0.5928 0.8054 -0.0000
vn -0.5909 0.8068 -0.0000
vn 0.0107 0.0771 -0.9970
vn 0.0036 0.0581 -0.9983
vn -0.0700 0.0562 -0.9960
vn -0.0577 0.0707 -0.9958
vn 0.8254 0.5646 -0.0000
vn 0.8250 0.5652 -0.0000
vn 0.8078 0.5894 -0.0000
vn 0.8081 0.5891 -0.0000
vn -0.0307 -0.0966 0.9949
vn 0.0387 -0.0959 0.9946
vn -0.5303 0.8478 -0.0000
vn 0.0304 0.0976 -0.9948
vn -0.0383 0.0954 -0.9947
vn 0.8038 0.5949 -0.0000
vn 0.0428 0.2604 0.9646
vn 0.0475 0.2568 0.9653
vn 0.0211 0.2240 0.9744
vn -0.0084 0.1827 0.9831
vn -0.0352 0.1447 0.9888
vn -0.0576 0.1215 0.9909
vn -0.0729 0.1021 0.9921
vn -0.0821 0.0848 0.9930
vn -0.0877 0.0698 0.9937
vn -0.0961 0.0662 0.9932
vn -0.1009 0.0388 0.9941
vn -0.1009 0.0124 0.9948
vn -0.0999 -0.0099 0.9949
vn -0.0982 -0.0282 0.9948
vn -0.0948 -0.0336 0.9949
vn -0.0873 -0.0632 0.9942
vn -0.0789 -0.0777 0.9939
vn -0.0718 -0.0967 0.9927
vn 0.0771 0.0676 -0.9947
vn 0.0711 0.0987 -0.9926
vn 0.0845 0.0551 -0.9949
vn 0.0930 0.0447 -0.9947
vn 0.0974 0.0276 -0.9949
vn 0.0995 0.0064 -0.9950
vn 0.0997 -0.0122 -0.9949
vn 0.0985 -0.0369 -0.9945
vn 0.0941 -0.0578 -0.9939
vn 0.0872 -0.0747 -0.9934
vn 0.0814 -0.0900 -0.9926
vn 0.0713 -0.0996 -0.9925
vn 0.0562 -0.1210 -0.9911
vn 0.0360 -0.1478 -0.9884
vn 0.0081 -0.1809 -0.9835
vn -0.0257 -0.2134 -0.9766
vn -0.0465 -0.2477 -0.9677
vn -0.0490 -0.2703 -0.9615
vn 0.2060 -0.1359 -0.9691
vn 0.2075 -0.1491 -0.9668
vn 0.2099 -0.1564 -0.9651
vn 0.1995 -0.1402 -0.9698
vn -0.7329 0.6804 -0.0000
vn -0.2024 0.1517 0.9675
vn -0.2046 0.1350 0.9695
vn -0.2006 0.1425 0.9693
vn -0.2074 0.1575 0.9655
vn 0.7347 -0.6784 -0.0000
vn 0.8422 -0.5392 -0.0000
vn -0.3841 -0.9233 -0.0000
vn -0.3803 -0.9249 -0.0000
vn -0.2927 -0.9562 -0.0000
vn -0.2718 -0.9624 -0.0000
vn 0.9802 -0.1981 -0.0000
vn 0.9804 -0.1969 -0.0000
vn 0.9899 -0.1419 -0.0000
vn 0.9895 -0.1448 -0.0000
vn 0.1867 -0.1311 -0.9736
vn 0.1876 -0.1309 -0.9735
vn -0.3723 -0.9281 -0.0000
vn -0.1921 0.1431 0.9709
vn -0.1964 0.1418 0.9702
vn 0.9785 -0.2062 -0.0000
vn -0.2119 0.1278 0.9689
vn -0.2090 0.1403 0.9678
vn -0.3004 -0.9538 -0.0000
vn -0.3235 -0.9462 -0.0000
vn 0.2098 -0.1278 -0.9694
vn 0.2082 -0.1396 -0.9681
vn 0.9908 -0.1356 -0.0000
vn 0.9909 -0.1348 -0.0000
vn -0.2143 0.1135 0.9701
vn -0.2077 0.1321 0.9692
vn -0.3152 -0.9490 -0.0000
vn -0.2822 -0.9593 -0.0000
vn 0.2120 -0.1132 -0.9707
vn 0.2079 -0.1336 -0.9690
vn 0.9902 -0.1394 -0.0000
vn 0.9902 -0.1397 -0.0000
vn -0.2120 0.0992 0.9722
vn -0.2064 0.0873 0.9746
vn -0.1948 0.1118 0.9745
vn -0.2062 0.1241 0.9706
vn -0.1943 -0.9809 -0.0000
vn -0.1854 -0.9827 -0.0000
vn -0.2192 -0.9757 -0.0000
vn -0.2179 -0.9760 -0.0000
vn 0.2063 -0.0882 -0.9745
vn 0.2132 -0.1012 -0.9717
vn 0.2049 -0.1260 -0.9707
vn 0.1941 -0.1137 -0.9744
vn 0.9973 -0.0732 -0.0000
vn 0.9976 -0.0689 -0.0000
vn 0.9995 0.0310 -0.0000
vn 0.9995 0.0304 -0.0000
vn -0.2099 0.0815 0.9743
vn -0.2056 0.0738 0.9758
vn -0.1922 0.1066 0.9755
vn -0.1987 0.1151 0.9733
vn -0.3396 -0.9406 -0.0000
vn -0.3087 -0.9512 -0.0000
vn -0.4951 -0.8688 -0.0000
vn -0.5220 -0.8530 -0.0000
vn 0.2047 -0.0725 -0.9761
vn 0.2068 -0.0788 -0.9752
vn 0.1970 -0.1139 -0.9738
vn 0.1922 -0.1060 -0.9756
vn 0.9818 0.1899 -0.0000
vn 0.9788 0.2049 -0.0000
vn 0.9407 0.3391 -0.0000
vn 0.9393 0.3430 -0.0000
vn -0.1976 0.0550 0.9787
vn -0.1933 0.0417 0.9803
vn -0.1736 0.0816 0.9814
vn -0.1825 0.0926 0.9788
vn -0.6086 -0.7934 -0.0000
vn -0.6097 -0.7926 -0.0000
vn -0.6278 -0.7784 -0.0000
vn -0.6326 -0.7745 -0.0000
vn 0.1918 -0.0402 -0.9806
vn 0.1990 -0.0558 -0.9784
vn 0.1826 -0.0924 -0.9788
vn 0.1726 -0.0790 -0.9818
vn 0.9372 0.3487 -0.0000
vn 0.9356 0.3530 -0.0000
vn 0.8209 0.5710 -0.0000
vn 0.8326 0.5539 -0.0000
vn -0.1796 0.0248 0.9834
vn -0.1700 0.0088 0.9854
vn -0.1477 0.0506 0.9877
vn -0.1589 0.0654 0.9851
vn -0.6820 -0.7314 -0.0000
vn -0.6759 -0.7370 -0.0000
vn -0.7650 -0.6440 -0.0000
vn -0.7791 -0.6269 -0.0000
vn 0.1736 -0.0129 -0.9847
vn 0.1799 -0.0252 -0.9834
vn 0.1599 -0.0644 -0.9850
vn 0.1512 -0.0537 -0.9870
vn 0.7406 0.6720 -0.0000
vn 0.7417 0.6708 -0.0000
vn 0.7097 0.7045 -0.0000
vn 0.7156 0.6985 -0.0000
vn -0.1652 -0.0048 0.9863
vn -0.1588 -0.0173 0.9872
vn -0.1438 0.0318 0.9891
vn -0.1419 0.0376 0.9892
vn -0.9254 -0.3790 -0.0000
vn -0.9186 -0.3952 -0.0000
vn -0.9640 -0.2658 -0.0000
vn -0.9646 -0.2636 -0.0000
vn 0.1543 0.0219 -0.9878
vn 0.1625 0.0074 -0.9867
vn 0.1435 -0.0398 -0.9888
vn 0.1376 -0.0249 -0.9902
vn 0.4879 0.8729 -0.0000
vn 0.4603 0.8878 -0.0000
vn 0.2441 0.9697 -0.0000
vn 0.2560 0.9667 -0.0000
vn -0.1421 -0.0370 0.9892
vn -0.1314 -0.0577 0.9896
vn -0.1176 -0.0175 0.9929
vn -0.1300 0.0075 0.9915
vn -0.9969 -0.0790 -0.0000
vn -0.9964 -0.0847 -0.0004
vn -0.9933 0.1156 -0.0000
vn -0.9935 0.1140 -0.0000
vn 0.1328 0.0550 -0.9896
vn 0.1450 0.0332 -0.9889
vn 0.1286 -0.0061 -0.9917
vn 0.1204 0.0137 -0.9926
vn 0.1498 0.9887 -0.0000
vn 0.1449 0.9894 -0.0000
vn 0.1175 0.9931 -0.0000
vn 0.1183 0.9930 -0.0000
vn -0.1322 -0.0749 0.9884
vn -0.1098 -0.0434 0.9930
vn -0.9821 0.1882 -0.0000
vn 0.1277 0.0786 -0.9887
vn 0.1110 0.0416 -0.9929
vn 0.1109 0.9938 -0.0000
vn 0.5575 -0.8302 -0.0000
vn -0.2077 0.1420 0.9678
vn -0.1841 0.1454 0.9721
vn -0.2097 0.1204 0.9703
vn -0.2201 0.1072 0.9696
vn -0.2181 0.0868 0.9720
vn -0.2177 0.0719 0.9734
vn -0.2161 0.0558 0.9748
vn -0.2236 0.0499 0.9734
vn -0.2161 0.0321 0.9758
vn -0.2131 0.0177 0.9769
vn -0.2105 0.0031 0.9776
vn -0.2001 -0.0179 0.9796
vn -0.1929 -0.0323 0.9807
vn -0.1866 -0.0444 0.9814
vn -0.1767 -0.0581 0.9825
vn -0.1628 -0.0758 0.9837
vn -0.1509 -0.0885 0.9846
vn -0.1454 -0.0934 0.9850
vn 0.1532 0.0843 -0.9846
vn 0.1374 0.1003 -0.9854
vn 0.1686 0.0688 -0.9833
vn 0.1710 0.0637 -0.9832
vn 0.1827 0.0485 -0.9820
vn 0.1963 0.0278 -0.9801
vn 0.2003 0.0152 -0.9796
vn 0.2075 -0.0020 -0.9782
vn 0.2159 -0.0200 -0.9762
vn 0.2156 -0.0312 -0.9760
vn 0.2188 -0.0455 -0.9747
vn 0.2139 -0.0532 -0.9754
vn 0.2230 -0.0758 -0.9719
vn 0.2171 -0.0863 -0.9723
vn 0.2138 -0.1054 -0.9712
vn 0.2111 -0.1248 -0.9695
vn 0.2207 -0.1456 -0.9644
vn 0.1849 -0.1316 -0.9739
vn 0.0903 -0.2669 -0.9595
vn 0.0848 -0.2631 -0.9610
vn 0.0854 -0.2645 -0.9606
vn 0.0802 -0.2722 -0.9589
vn -0.5500 0.8352 -0.0000
vn -0.0816 0.2631 0.9613
vn -0.0899 0.2613 0.9611
vn -0.0809 0.2670 0.9603
vn -0.0905 0.2677 0.9592
vn 0.6521 -0.7581 -0.0000
vn 0.7607 -0.6491 -0.0000
vn -0.5926 -0.8055 -0.0000
vn -0.5896 -0.8077 -0.0000
vn -0.5102 -0.8601 -0.0000
vn -0.4941 -0.8694 -0.0000
vn 0.9046 -0.4262 -0.0000
vn 0.9058 -0.4236 -0.0000
vn 0.9283 -0.3719 -0.0000
vn 0.9260 -0.3776 -0.0000
vn 0.0781 -0.2457 -0.9662
vn 0.0812 -0.2456 -0.9660
vn -0.5824 -0.8129 -0.0000
vn -0.0797 0.2534 0.9641
vn -0.0895 0.2531 0.9633
vn 0.9014 -0.4331 -0.0000
vn -0.0948 0.2597 0.9610
vn -0.0770 0.2665 0.9608
vn -0.5205 -0.8538 -0.0000
vn -0.5381 -0.8429 -0.0000
vn 0.0940 -0.2618 -0.9605
vn 0.0757 -0.2705 -0.9597
vn 0.9299 -0.3679 -0.0000
vn 0.9307 -0.3659 -0.0000
vn -0.1031 0.2561 0.9611
vn -0.0749 0.2697 0.9600
vn -0.5287 -0.8488 -0.0000
vn -0.5055 -0.8629 -0.0000
vn 0.1020 -0.2540 -0.9618
vn 0.0705 -0.2665 -0.9613
vn 0.9288 -0.3705 -0.0000
vn 0.9284 -0.3715 -0.0000
vn -0.1035 0.2470 0.9635
vn -0.0988 0.2391 0.9660
vn -0.0560 0.2587 0.9643
vn -0.0691 0.2692 0.9606
vn -0.4209 -0.9071 -0.0000
vn -0.4149 -0.9099 -0.0000
vn -0.4447 -0.8957 -0.0000
vn -0.4439 -0.8961 -0.0000
vn 0.1020 -0.2452 -0.9641
vn 0.1038 -0.2489 -0.9630
vn 0.0691 -0.2708 -0.9601
vn 0.0607 -0.2678 -0.9616
vn 0.9497 -0.3131 -0.0000
vn 0.9543 -0.2989 -0.0000
vn 0.9783 -0.2070 -0.0000
vn 0.9779 -0.2090 -0.0000
vn -0.1041 0.2396 0.9653
vn -0.1004 0.2380 0.9661
vn -0.0517 0.2672 0.9622
vn -0.0561 0.2682 0.9617
vn -0.5501 -0.8351 -0.0000
vn -0.5285 -0.8489 -0.0000
vn -0.6876 -0.7261 -0.0000
vn -0.7089 -0.7053 -0.0000
vn 0.0990 -0.2359 -0.9667
vn 0.1009 -0.2349 -0.9668
vn 0.0512 -0.2617 -0.9638
vn 0.0511 -0.2666 -0.9625
vn 0.9981 -0.0619 -0.0000
vn 0.9998 -0.0202 -0.0000
vn 0.9947 0.1026 -0.0000
vn 0.9936 0.1127 -0.0000
vn -0.1016 0.2290 0.9681
vn -0.0997 0.2177 0.9709
vn -0.0390 0.2559 0.9659
vn -0.0473 0.2638 0.9634
vn -0.7799 -0.6259 -0.0000
vn -0.7808 -0.6248 -0.0000
vn -0.7945 -0.6072 -0.0000
vn -0.7989 -0.6015 -0.0000
vn 0.0988 -0.2167 -0.9712
vn 0.1030 -0.2310 -0.9675
vn 0.0477 -0.2659 -0.9628
vn 0.0370 -0.2542 -0.9665
vn 0.9938 0.1116 -0.0000
vn 0.9923 0.1241 -0.0000
vn 0.9290 0.3700 -0.0000
vn 0.9446 0.3283 -0.0000
vn -0.0917 0.2104 0.9733
vn -0.0867 0.1995 0.9760
vn -0.0217 0.2395 0.9706
vn -0.0307 0.2488 0.9681
vn -0.8370 -0.5472 -0.0000
vn -0.8311 -0.5561 -0.0000
vn -0.8939 -0.4483 -0.0000
vn -0.9089 -0.4169 -0.0000
vn 0.0867 -0.2000 -0.9759
vn 0.0907 -0.2096 -0.9736
vn 0.0293 -0.2478 -0.9684
vn 0.0221 -0.2396 -0.9706
vn 0.8788 0.4771 -0.0000
vn 0.8803 0.4745 -0.0000
vn 0.8544 0.5197 -0.0000
vn 0.8632 0.5048 -0.0000
vn -0.0803 0.1839 0.9797
vn -0.0783 0.1790 0.9807
vn -0.0157 0.2240 0.9745
vn -0.0094 0.2219 0.9750
vn -0.9902 -0.1394 -0.0000
vn -0.9845 -0.1753 -0.0000
vn -0.9995 -0.0311 -0.0000
vn -0.9997 -0.0243 -0.0000
vn 0.0787 -0.1809 -0.9803
vn 0.0807 -0.1850 -0.9794
vn 0.0135 -0.2242 -0.9744
vn 0.0150 -0.2203 -0.9753
vn 0.6883 0.7254 -0.0000
vn 0.6494 0.7604 -0.0000
vn 0.4655 0.8850 -0.0000
vn 0.4805 0.8770 -0.0000
vn -0.0643 0.1644 0.9843
vn -0.0609 0.1475 0.9872
vn -0.0093 0.1818 0.9833
vn -0.0134 0.2066 0.9783
vn -0.9847 0.1741 -0.0000
vn -0.9900 0.1407 -0.0000
vn -0.9412 0.3378 -0.0000
vn -0.9340 0.3573 -0.0000
vn 0.0596 -0.1480 -0.9872
vn 0.0638 -0.1662 -0.9840
vn 0.0128 -0.2084 -0.9780
vn 0.0083 -0.1831 -0.9831
vn 0.3814 0.9244 -0.0000
vn 0.3759 0.9267 -0.0000
vn 0.3502 0.9367 -0.0000
vn 0.3513 0.9363 -0.0000
vn -0.0732 0.1333 0.9884
vn -0.0198 0.1664 0.9859
vn -0.9092 0.4164 -0.0000
vn 0.0743 -0.1376 -0.9877
vn 0.0183 -0.1670 -0.9858
vn 0.3441 0.9389 -0.0000
vn 0.4739 -0.8806 -0.0000
vn -0.0844 0.2590 0.9622
vn -0.0585 0.2541 0.9654
vn -0.1072 0.2517 0.9618
vn -0.1236 0.2512 0.9600
vn -0.1293 0.2342 0.9635
vn -0.1382 0.2232 0.9649
vn -0.1437 0.2147 0.9661
vn -0.1517 0.2132 0.9652
vn -0.1519 0.2016 0.9676
vn -0.1566 0.1935 0.9685
vn -0.1555 0.1793 0.9714
vn -0.1550 0.1688 0.9734
vn -0.1539 0.1602 0.9750
vn -0.1467 0.1455 0.9784
vn -0.1393 0.1375 0.9807
vn -0.1274 0.1277 0.9836
vn -0.1139 0.1174 0.9865
vn -0.1046 0.1135 0.9880
vn 0.1115 -0.1165 -0.9869
vn 0.1072 -0.1201 -0.9870
vn 0.1284 -0.1316 -0.9830
vn 0.1403 -0.1434 -0.9797
vn 0.1448 -0.1472 -0.9785
vn 0.1525 -0.1602 -0.9752
vn 0.1540 -0.1686 -0.9736
vn 0.1552 -0.1785 -0.9716
vn 0.1589 -0.1957 -0.9677
vn 0.1518 -0.2004 -0.9679
vn 0.1476 -0.2067 -0.9672
vn 0.1451 -0.2158 -0.9656
vn 0.1403 -0.2287 -0.9633
vn 0.1302 -0.2342 -0.9634
vn 0.1254 -0.2497 -0.9602
vn 0.1054 -0.2538 -0.9615
vn 0.0965 -0.2738 -0.9569
vn 0.0713 -0.2459 -0.9667
vn 0.1791 0.1957 0.9642
vn 0.1841 0.2060 0.9611
vn 0.1749 0.2074 0.9625
vn 0.1704 0.2035 0.9641
vn 0.7160 0.6981 -0.0000
vn -0.1843 -0.2092 -0.9603
vn -0.1794 -0.1974 -0.9638
vn -0.1701 -0.2052 -0.9638
vn -0.1690 -0.2122 -0.9625
vn -0.6874 -0.7263 -0.0000
vn -0.7004 -0.7137 -0.0000
vn 0.4028 -0.9153 -0.0000
vn 0.4067 -0.9135 -0.0000
vn 0.2957 -0.9553 -0.0000
vn 0.3151 -0.9491 -0.0000
vn -0.9755 -0.2202 -0.0000
vn -0.9749 -0.2224 -0.0000
vn -0.9854 -0.1700 -0.0000
vn -0.9862 -0.1653 -0.0000
vn 0.1867 0.2094 0.9598
vn 0.1816 0.2107 0.9605
vn 0.3949 -0.9187 -0.0000
vn -0.1915 -0.2227 -0.9559
vn -0.1807 -0.2256 -0.9573
vn -0.9732 -0.2301 -0.0000
vn -0.1838 -0.1911 -0.9642
vn -0.1750 -0.2023 -0.9636
vn 0.3463 -0.9381 -0.0000
vn 0.3240 -0.9461 -0.0000
vn 0.1862 0.1916 0.9636
vn 0.1769 0.2039 0.9629
vn -0.9874 -0.1583 -0.0000
vn -0.9871 -0.1601 -0.0000
vn -0.1894 -0.1812 -0.9650
vn -0.1770 -0.2020 -0.9633
vn 0.3066 -0.9518 -0.0000
vn 0.3371 -0.9415 -0.0000
vn 0.1900 0.1802 0.9651
vn 0.1738 0.1973 0.9648
vn -0.9865 -0.1640 -0.0000
vn -0.9866 -0.1634 -0.0000
vn -0.1976 -0.1779 -0.9640
vn -0.1915 -0.1676 -0.9671
vn -0.1662 -0.1936 -0.9669
vn -0.1812 -0.2066 -0.9615
vn 0.2100 -0.9777 -0.0000
vn 0.2181 -0.9759 -0.0000
vn 0.2419 -0.9703 -0.0000
vn 0.2428 -0.9701 -0.0000
vn 0.1903 0.1677 0.9673
vn 0.1907 0.1720 0.9665
vn 0.1753 0.2005 0.9639
vn 0.1650 0.1943 0.9670
vn -0.9960 -0.0898 -0.0000
vn -0.9950 -0.1002 -0.0000
vn -1.0000 0.0054 -0.0000
vn -1.0000 0.0070 -0.0000
vn -0.1915 -0.1595 -0.9684
vn -0.1956 -0.1625 -0.9671
vn -0.1715 -0.1990 -0.9649
vn -0.1678 -0.1959 -0.9662
vn 0.3308 -0.9437 -0.0000
vn 0.3616 -0.9323 -0.0000
vn 0.5440 -0.8391 -0.0000
vn 0.5147 -0.8574 -0.0000
vn 0.1931 0.1602 0.9680
vn 0.1950 0.1636 0.9671
vn 0.1726 0.2020 0.9641
vn 0.1682 0.1963 0.9660
vn -0.9819 0.1895 -0.0000
vn -0.9874 0.1582 -0.0000
vn -0.9468 0.3218 -0.0000
vn -0.9495 0.3138 -0.0000
vn -0.1959 -0.1524 -0.9687
vn -0.1933 -0.1412 -0.9709
vn -0.1601 -0.1862 -0.9694
vn -0.1668 -0.1936 -0.9668
vn 0.6277 -0.7785 -0.0000
vn 0.6520 -0.7582 -0.0000
vn 0.6459 -0.7634 -0.0000
vn 0.1918 0.1410 0.9713
vn 0.1896 0.1470 0.9708
vn 0.1589 0.1849 0.9698
vn 0.1606 0.1863 0.9693
vn -0.9432 0.3323 -0.0000
vn -0.9466 0.3225 -0.0000
vn -0.8505 0.5260 -0.0000
vn -0.8297 0.5582 -0.0000
vn -0.1820 -0.1289 -0.9748
vn -0.1781 -0.1190 -0.9768
vn -0.1428 -0.1666 -0.9756
vn -0.1485 -0.1743 -0.9734
vn 0.6924 -0.7215 -0.0000
vn 0.7007 -0.7135 -0.0000
vn 0.7986 -0.6019 -0.0000
vn 0.7762 -0.6305 -0.0000
vn 0.1807 0.1216 0.9760
vn 0.1847 0.1319 0.9739
vn 0.1526 0.1786 0.9720
vn 0.1448 0.1693 0.9749
vn -0.7582 0.6520 -0.0000
vn -0.7564 0.6541 -0.0000
vn -0.7350 0.6781 -0.0000
vn -0.7243 0.6895 -0.0000
vn -0.1822 -0.1132 -0.9767
vn -0.1774 -0.1034 -0.9787
vn -0.1465 -0.1544 -0.9771
vn -0.1485 -0.1648 -0.9751
vn 0.9247 -0.3807 -0.0000
vn 0.9374 -0.3481 -0.0000
vn 0.9713 -0.2380 -0.0000
vn 0.9699 -0.2437 -0.0000
vn 0.1777 0.1055 0.9784
vn 0.1800 0.1124 0.9772
vn 0.1432 0.1617 0.9764
vn 0.1435 0.1543 0.9775
vn -0.4727 0.8812 -0.0000
vn -0.5186 0.8550 -0.0000
vn -0.2823 0.9593 -0.0000
vn -0.2644 0.9644 -0.0000
vn -0.1620 -0.0888 -0.9828
vn -0.1595 -0.0769 -0.9842
vn -0.1320 -0.1136 -0.9847
vn -0.1341 -0.1309 -0.9823
vn 0.9974 -0.0716 -0.0000
vn 0.9990 -0.0454 -0.0000
vn 0.9894 0.1450 -0.0000
vn 0.9912 0.1322 -0.0000
vn 0.1576 0.0739 0.9847
vn 0.1673 0.0945 0.9814
vn 0.1444 0.1442 0.9790
vn 0.1335 0.1176 0.9841
vn -0.1681 0.9858 -0.0000
vn -0.1750 0.9846 -0.0000
vn -0.1429 0.9897 -0.0000
vn -0.1414 0.9899 -0.0000
vn -0.1720 -0.0696 -0.9826
vn -0.1421 -0.1027 -0.9845
vn 0.9772 0.2121 -0.0000
vn 0.1626 0.0582 0.9850
vn 0.1324 0.0923 0.9869
vn -0.1352 0.9908 -0.0000
vn -0.6620 -0.7495 -0.0000
vn -0.1934 -0.1965 -0.9612
vn -0.2124 -0.2170 -0.9528
vn -0.1917 -0.1850 -0.9639
vn -0.1970 -0.1705 -0.9655
vn -0.2038 -0.1554 -0.9666
vn -0.2192 -0.1522 -0.9637
vn -0.2121 -0.1317 -0.9683
vn -0.2167 -0.1250 -0.9682
vn -0.2227 -0.1211 -0.9673
vn -0.2239 -0.1088 -0.9685
vn -0.2239 -0.0985 -0.9696
vn -0.2160 -0.0810 -0.9730
vn -0.2127 -0.0701 -0.9746
vn -0.2141 -0.0653 -0.9746
vn -0.2090 -0.0581 -0.9762
vn -0.1995 -0.0512 -0.9786
vn -0.1838 -0.0406 -0.9821
vn -0.1897 -0.0498 -0.9806
vn 0.1857 0.0381 0.9819
vn 0.1805 0.0377 0.9829
vn 0.2008 0.0506 0.9783
vn 0.2088 0.0590 0.9762
vn 0.2157 0.0670 0.9742
vn 0.2167 0.0733 0.9735
vn 0.2172 0.0827 0.9726
vn 0.2201 0.0977 0.9706
vn 0.2189 0.1077 0.9698
vn 0.2195 0.1185 0.9684
vn 0.2183 0.1264 0.9677
vn 0.2149 0.1349 0.9673
vn 0.2117 0.1462 0.9663
vn 0.2001 0.1537 0.9676
vn 0.2044 0.1743 0.9632
vn 0.1893 0.1799 0.9653
vn 0.1941 0.2027 0.9598
vn 0.1966 0.2067 0.9585
vn 0.0392 -0.0145 -0.9991
vn 0.0346 -0.0376 -0.9987
vn 0.0294 -0.0386 -0.9988
vn 0.0326 -0.0148 -0.9994
vn 0.0912 0.9958 -0.0000
vn 0.0900 0.9959 -0.0000
vn -0.2073 0.9783 -0.0000
vn -0.1885 0.9821 -0.0000
vn -0.0346 0.0376 0.9987
vn -0.0384 0.0140 0.9992
vn -0.0318 0.0144 0.9994
vn -0.0275 0.0384 0.9989
vn 0.2010 -0.9796 -0.0000
vn 0.2013 -0.9795 -0.0000
vn 0.1787 -0.9839 -0.0000
vn 0.1784 -0.9839 -0.0000
vn -1.0000 -0.0045 -0.0000
vn -1.0000 -0.0050 -0.0000
vn -1.0000 -0.0094 -0.0000
vn -1.0000 -0.0098 -0.0000
vn 0.9919 -0.1273 -0.0000
vn 0.9919 -0.1271 -0.0000
vn 0.9928 -0.1198 -0.0000
vn 0.9928 -0.1196 -0.0000
vn 0.0323 -0.0465 -0.9984
vn 0.0268 -0.0476 -0.9985
vn -0.9999 -0.0142 -0.0000
vn -0.0320 0.0470 0.9984
vn -0.0249 0.0476 0.9986
vn 0.9910 -0.1342 -0.0000
vn -0.0399 0.0013 0.9992
vn -0.0348 0.0016 0.9994
vn -0.9977 -0.0674 -0.0000
vn 0.0414 -0.0017 -0.9991
vn 0.0341 -0.0020 -0.9994
vn 0.9969 -0.0782 -0.0000
vn 0.9969 -0.0780 -0.0000
vn -0.0412 -0.0044 0.9991
vn -0.0351 -0.0038 0.9994
vn -0.9947 -0.1026 -0.0000
vn -0.9947 -0.1025 -0.0000
vn 0.0425 0.0047 -0.9991
vn 0.0342 0.0045 -0.9994
vn 0.9994 -0.0359 -0.0000
vn 0.9994 -0.0358 -0.0000
vn -0.0422 -0.0165 0.9990
vn -0.0342 -0.0165 0.9993
vn -0.9920 -0.1262 -0.0000
vn -0.9920 -0.1261 -0.0000
vn 0.0420 0.0167 -0.9990
vn 0.0336 0.0171 -0.9993
vn 0.9993 -0.0378 -0.0000
vn 0.9993 -0.0381 -0.0000
vn -0.0420 -0.0330 0.9986
vn -0.0347 -0.0326 0.9989
vn -0.9935 -0.1138 -0.0000
vn -0.9934 -0.1144 -0.0000
vn 0.0413 0.0323 -0.9986
vn 0.0339 0.0323 -0.9989
vn 0.9973 -0.0740 -0.0000
vn 0.9972 -0.0749 -0.0000
vn -0.0419 -0.0463 0.9981
vn -0.0353 -0.0465 0.9983
vn -0.9981 -0.0624 -0.0000
vn -0.9979 -0.0647 -0.0000
vn 0.0413 0.0463 -0.9981
vn 0.0344 0.0462 -0.9983
vn 0.9978 -0.0664 -0.0000
vn 0.9979 -0.0643 -0.0000
vn -0.0414 -0.0602 0.9973
vn -0.0355 -0.0598 0.9976
vn -0.9999 0.0166 -0.0000
vn -0.9999 0.0142 -0.0000
vn 0.0405 0.0598 -0.9974
vn 0.0350 0.0595 -0.9976
vn 1.0000 -0.0014 -0.0000
vn 1.0000 0.0007 -0.0000
vn -0.0407 -0.0664 0.9970
vn -0.0364 -0.0663 0.9971
vn -0.9986 0.0532 -0.0000
vn 0.0396 0.0655 -0.9971
vn 0.0359 0.0655 -0.9972
vn 0.9996 0.0288 -0.0000
vn 0.2119 -0.9773 -0.0000
vn -0.0388 0.0363 0.9986
vn -0.0365 0.0466 0.9982
vn -0.0421 0.0134 0.9990
vn -0.0419 0.0009 0.9991
vn -0.0433 -0.0045 0.9991
vn -0.0461 -0.0170 0.9988
vn -0.0472 -0.0333 0.9983
vn -0.0473 -0.0468 0.9978
vn -0.0462 -0.0604 0.9971
vn -0.0452 -0.0661 0.9968
vn 0.1144 0.9934 -0.0000
vn 0.0438 0.0597 -0.9973
vn 0.0421 0.0650 -0.9970
vn 0.0458 0.0465 -0.9979
vn 0.0470 0.0327 -0.9984
vn 0.0489 0.0167 -0.9987
vn 0.0471 0.0047 -0.9989
vn 0.0437 -0.0011 -0.9990
vn 0.0406 -0.0136 -0.9991
vn 0.0358 -0.0358 -0.9987
vn 0.0331 -0.0455 -0.9984
vn -0.0172 0.0389 0.9991
vn -0.0156 0.0482 0.9987
vn 0.1105 -0.9939 -0.0001
vn 0.1102 -0.9939 -0.0000
vn 0.0151 -0.0486 -0.9987
vn 0.0172 -0.0389 -0.9991
vn 0.0203 -0.0148 -0.9997
vn 0.0218 -0.0018 -0.9998
vn 0.0222 0.0043 -0.9997
vn 0.0227 0.0167 -0.9996
vn 0.0226 0.0326 -0.9992
vn 0.0227 0.0460 -0.9987
vn 0.0228 0.0596 -0.9980
vn 0.0248 0.0654 -0.9975
vn -0.1536 0.9881 -0.0000
vn -0.1624 0.9867 -0.0000
vn -0.0253 -0.0653 0.9975
vn -0.0229 -0.0598 0.9979
vn -0.0228 -0.0463 0.9987
vn -0.0219 -0.0323 0.9992
vn -0.0219 -0.0169 0.9996
vn -0.0229 -0.0044 0.9997
vn -0.0227 0.0023 0.9997
vn -0.0205 0.0151 0.9997
vn -0.0125 0.0485 0.9987
vn -0.0134 0.0401 0.9991
vn -0.0034 0.0399 0.9992
vn -0.0027 0.0487 0.9988
vn 0.0650 -0.9979 0.0002
vn 0.0654 -0.9979 -0.0000
vn -0.0236 -0.9997 -0.0000
vn -0.0235 -0.9997 -0.0000
vn 0.0131 -0.0401 -0.9991
vn 0.0122 -0.0489 -0.9987
vn 0.0033 -0.0492 -0.9988
vn 0.0032 -0.0398 -0.9992
vn 0.0158 -0.0155 -0.9998
vn 0.0028 -0.0153 -0.9999
vn 0.0173 -0.0021 -0.9998
vn 0.0041 -0.0027 -1.0000
vn 0.0174 0.0041 -0.9998
vn 0.0047 0.0040 -1.0000
vn 0.0170 0.0162 -0.9997
vn 0.0041 0.0157 -0.9999
vn 0.0169 0.0323 -0.9993
vn 0.0036 0.0320 -0.9995
vn 0.0168 0.0455 -0.9988
vn 0.0035 0.0458 -0.9989
vn 0.0168 0.0590 -0.9981
vn 0.0030 0.0586 -0.9983
vn 0.0167 0.0657 -0.9977
vn 0.0028 0.0649 -0.9979
vn -0.0112 0.9999 -0.0000
vn -0.0106 0.9999 0.0013
vn 0.1595 0.9872 -0.0000
vn 0.1589 0.9873 -0.0000
vn -0.0160 -0.0593 0.9981
vn -0.0160 -0.0652 0.9977
vn -0.0023 -0.0641 0.9979
vn -0.0027 -0.0591 0.9982
vn -0.0158 -0.0458 0.9988
vn -0.0051 -0.0462 0.9989
vn -0.0164 -0.0319 0.9994
vn -0.0062 -0.0321 0.9995
vn -0.0175 -0.0169 0.9997
vn -0.0057 -0.0164 0.9998
vn -0.0182 -0.0044 0.9998
vn -0.0044 -0.0038 1.0000
vn -0.0178 0.0027 0.9998
vn -0.0043 0.0030 1.0000
vn -0.0159 0.0160 0.9997
vn -0.0046 0.0162 0.9999
vn 0.0101 0.0488 0.9988
vn 0.0096 0.0401 0.9991
vn 0.0159 0.0400 0.9991
vn 0.0156 0.0487 0.9987
vn -0.0564 -0.9984 -0.0000
vn -0.0559 -0.9984 -0.0000
vn -0.1714 -0.9852 -0.0000
vn -0.1707 -0.9853 -0.0000
vn -0.0106 -0.0401 -0.9991
vn -0.0108 -0.0488 -0.9987
vn -0.0156 -0.0481 -0.9987
vn -0.0167 -0.0397 -0.9991
vn -0.0092 -0.0159 -0.9998
vn -0.0182 -0.0163 -0.9997
vn -0.0089 -0.0029 -1.0000
vn -0.0175 -0.0029 -0.9998
vn -0.0091 0.0033 -1.0000
vn -0.0179 0.0028 -0.9998
vn -0.0095 0.0150 -0.9998
vn -0.0189 0.0146 -0.9997
vn -0.0102 0.0314 -0.9995
vn -0.0192 0.0312 -0.9993
vn -0.0108 0.0452 -0.9989
vn -0.0193 0.0446 -0.9988
vn -0.0107 0.0579 -0.9983
vn -0.0191 0.0570 -0.9982
vn -0.0098 0.0639 -0.9979
vn -0.0180 0.0624 -0.9979
vn -0.1626 0.9867 -0.0000
vn -0.1652 0.9863 -0.0000
vn -0.1645 0.9864 -0.0000
vn 0.0104 -0.0585 0.9982
vn 0.0093 -0.0645 0.9979
vn 0.0182 -0.0632 0.9978
vn 0.0190 -0.0567 0.9982
vn 0.0118 -0.0451 0.9989
vn 0.0200 -0.0444 0.9988
vn 0.0116 -0.0315 0.9994
vn 0.0202 -0.0310 0.9993
vn 0.0108 -0.0152 0.9998
vn 0.0200 -0.0147 0.9997
vn 0.0094 -0.0031 1.0000
vn 0.0186 -0.0030 0.9998
vn 0.0088 0.0029 1.0000
vn 0.0172 0.0028 0.9998
vn 0.0089 0.0161 0.9998
vn 0.0162 0.0159 0.9997
vn 0.0224 0.0389 0.9990
vn 0.0204 0.0480 0.9986
vn -0.3553 -0.9348 -0.0000
vn -0.0200 -0.0471 -0.9987
vn -0.0218 -0.0385 -0.9990
vn -0.0241 -0.0163 -0.9996
vn -0.0250 -0.0033 -0.9997
vn -0.0261 0.0027 -0.9997
vn -0.0275 0.0142 -0.9995
vn -0.0283 0.0301 -0.9991
vn -0.0281 0.0440 -0.9986
vn -0.0275 0.0563 -0.9980
vn -0.0274 0.0621 -0.9977
vn -0.0870 0.9962 -0.0000
vn 0.0266 -0.0625 0.9977
vn 0.0274 -0.0556 0.9981
vn 0.0282 -0.0433 0.9987
vn 0.0280 -0.0305 0.9991
vn 0.0266 -0.0143 0.9995
vn 0.0254 -0.0032 0.9997
vn 0.0250 0.0028 0.9997
vn 0.0250 0.0159 0.9996
vn 0.0040 0.0486 0.9988
vn 0.0037 0.0399 0.9992
vn 0.0025 0.0161 0.9999
vn 0.0025 0.0028 1.0000
vn 0.0022 -0.0033 1.0000
vn 0.0020 -0.0158 0.9999
vn 0.0025 -0.0319 0.9995
vn 0.0021 -0.0458 0.9989
vn 0.0016 -0.0594 0.9982
vn 0.0019 -0.0647 0.9979
vn -0.0047 1.0000 -0.0000
vn -0.0044 1.0000 -0.0000
vn -0.0020 0.0647 -0.9979
vn -0.0019 0.0585 -0.9983
vn -0.0023 0.0454 -0.9990
vn -0.0023 0.0317 -0.9995
vn -0.0015 0.0156 -0.9999
vn -0.0012 0.0038 -1.0000
vn -0.0013 -0.0029 -1.0000
vn -0.0017 -0.0155 -0.9999
vn -0.0035 -0.0399 -0.9992
vn -0.0043 -0.0490 -0.9988
vn -0.0302 -0.9995 -0.0000
vn -0.0303 -0.9995 -0.0000
vn 0.0336 0.0372 0.9987
vn 0.0314 0.0464 0.9984
vn -0.2780 -0.9606 -0.0000
vn -0.2797 -0.9601 -0.0000
vn -0.0320 -0.0458 -0.9984
vn -0.0336 -0.0370 -0.9988
vn -0.0350 -0.0158 -0.9993
vn -0.0359 -0.0032 -0.9993
vn -0.0366 0.0024 -0.9993
vn -0.0382 0.0140 -0.9992
vn -0.0396 0.0292 -0.9988
vn -0.0401 0.0425 -0.9983
vn -0.0396 0.0554 -0.9977
vn -0.0388 0.0614 -0.9974
vn 0.0384 -0.0617 0.9974
vn 0.0390 -0.0548 0.9977
vn 0.0390 -0.0423 0.9983
vn 0.0385 -0.0300 0.9988
vn 0.0370 -0.0143 0.9992
vn 0.0358 -0.0024 0.9994
vn 0.0357 0.0032 0.9994
vn 0.0353 0.0156 0.9993
vn 0.0375 0.0370 0.9986
vn 0.0372 0.0458 0.9983
vn -0.2011 -0.9796 -0.0000
vn -0.0367 -0.0454 -0.9983
vn -0.0374 -0.0368 -0.9986
vn -0.0388 -0.0157 -0.9991
vn -0.0391 -0.0031 -0.9992
vn -0.0397 0.0030 -0.9992
vn -0.0414 0.0146 -0.9990
vn -0.0425 0.0290 -0.9987
vn -0.0429 0.0423 -0.9982
vn -0.0425 0.0548 -0.9976
vn -0.0421 0.0608 -0.9973
vn 0.0424 -0.0613 0.9972
vn 0.0421 -0.0542 0.9976
vn 0.0419 -0.0422 0.9982
vn 0.0418 -0.0303 0.9987
vn 0.0409 -0.0150 0.9991
vn 0.0400 -0.0027 0.9992
vn 0.0392 0.0033 0.9992
vn 0.0381 0.0156 0.9992
vn 0.8923 0.2788 -0.3551
vn 0.7204 0.2676 -0.6399
vn 0.7332 0.2691 -0.6245
vn 0.9011 0.2784 -0.3323
vn 0.4897 0.2314 -0.8406
vn 0.5014 0.2335 -0.8331
vn 0.2323 0.1783 -0.9562
vn 0.2401 0.1800 -0.9539
vn -0.0328 0.1140 -0.9929
vn -0.0301 0.1147 -0.9929
vn -0.2953 0.0417 -0.9545
vn -0.2980 0.0409 -0.9537
vn -0.5446 -0.0363 -0.8379
vn -0.5519 -0.0387 -0.8330
vn -0.7621 -0.1158 -0.6371
vn -0.7715 -0.1197 -0.6249
vn -0.9155 -0.1884 -0.3554
vn -0.9224 -0.1926 -0.3349
vn -0.9700 -0.2427 -0.0128
vn -0.9693 -0.2455 0.0126
vn -0.9048 -0.2664 0.3323
vn -0.8959 -0.2668 0.3552
vn -0.7370 -0.2575 0.6249
vn -0.7242 -0.2560 0.6404
vn -0.5052 -0.2223 0.8339
vn -0.4932 -0.2202 0.8416
vn -0.2435 -0.1691 0.9550
vn -0.2357 -0.1673 0.9573
vn 0.0271 -0.1038 0.9942
vn 0.0298 -0.1031 0.9942
vn 0.2906 -0.0313 0.9563
vn 0.2880 -0.0320 0.9571
vn 0.5460 0.0488 0.8364
vn 0.5383 0.0463 0.8415
vn 0.7691 0.1315 0.6254
vn 0.7596 0.1275 0.6378
vn 0.9203 0.2051 0.3331
vn 0.9135 0.2009 0.3539
vn 0.9661 0.2577 -0.0127
vn 0.9669 0.2549 0.0127
vn 0.2654 -0.9641 -0.0000
vn 0.2654 -0.9641 -0.0001
vn 0.2654 -0.9641 0.0001
vn -0.2653 0.9642 0.0004
vn -0.2653 0.9642 -0.0000
vn -0.2653 0.9642 0.0003
vn -0.2654 0.9641 0.0002
vn -0.2655 0.9641 -0.0000
vn -0.2652 0.9642 -0.0004
vn -0.2650 0.9642 0.0001
vn -0.2654 0.9641 0.0004
vn -0.2654 0.9642 -0.0000
vn -0.2654 0.9642 -0.0004
vn -0.2654 0.9641 -0.0008
vn -0.2650 0.9642 -0.0001
vn -0.2652 0.9642 0.0004
vn -0.2654 0.9641 0.0003
vn -0.2653 0.9642 -0.0004
vn -0.2652 0.9642 -0.0000
vn 0.8122 0.3066 -0.4964
vn 0.6100 0.2721 -0.7442
vn 0.3655 0.2149 -0.9056
vn 0.1041 0.1431 -0.9842
vn 0.1057 0.1377 -0.9848
vn -0.1605 0.0615 -0.9851
vn -0.1600 0.0596 -0.9853
vn -0.1601 0.0597 -0.9853
vn -0.4184 -0.0267 -0.9079
vn -0.4189 -0.0246 -0.9077
vn -0.4188 -0.0248 -0.9077
vn -0.6547 -0.1178 -0.7466
vn -0.6548 -0.1175 -0.7466
vn -0.6574 -0.1062 -0.7460
vn -0.8430 -0.2040 -0.4978
vn -0.9459 -0.2718 -0.1774
vn -0.9349 -0.3084 0.1755
vn -0.8121 -0.3068 0.4964
vn -0.6099 -0.2725 0.7442
vn -0.3654 -0.2154 0.9056
vn -0.1039 -0.1436 0.9842
vn 0.1607 -0.0621 0.9851
vn 0.1601 -0.0597 0.9853
vn 0.1600 -0.0596 0.9853
vn 0.4185 0.0262 0.9078
vn 0.4188 0.0248 0.9077
vn 0.4189 0.0247 0.9077
vn 0.6499 0.1156 0.7512
vn 0.6524 0.1046 0.7506
vn 0.6499 0.1153 0.7512
vn 0.8430 0.2040 0.4978
vn 0.9461 0.2721 0.1757
vn 0.9350 0.3083 -0.1755
vn 0.8209 0.2806 -0.4973
vn 0.6176 0.2497 -0.7458
vn 0.6212 0.2387 -0.7464
vn 0.6177 0.2495 -0.7458
vn 0.3711 0.1977 -0.9073
vn 0.3743 0.1870 -0.9082
vn 0.3711 0.1975 -0.9074
vn 0.1086 0.1275 -0.9859
vn 0.1086 0.1274 -0.9859
vn -0.1596 0.0578 -0.9855
vn -0.4189 -0.0247 -0.9077
vn -0.6573 -0.1064 -0.7461
vn -0.8476 -0.1848 -0.4974
vn -0.8479 -0.1835 -0.4974
vn -0.8479 -0.1836 -0.4974
vn -0.9525 -0.2473 -0.1774
vn -0.9526 -0.2472 -0.1774
vn -0.9543 -0.2419 -0.1757
vn -0.9434 -0.2813 0.1757
vn -0.9435 -0.2811 0.1757
vn -0.9458 -0.2731 0.1757
vn -0.8210 -0.2804 0.4973
vn -0.8211 -0.2801 0.4973
vn -0.8240 -0.2709 0.4976
vn -0.5876 -0.2448 0.7712
vn -0.5877 -0.2446 0.7712
vn -0.5915 -0.2330 0.7719
vn -0.3704 -0.1998 0.9071
vn -0.1523 -0.1450 0.9776
vn -0.1539 -0.1395 0.9782
vn -0.1539 -0.1397 0.9782
vn 0.1587 -0.0543 0.9858
vn 0.1586 -0.0543 0.9858
vn 0.4188 0.0249 0.9077
vn 0.4188 0.0250 0.9077
vn 0.6547 0.1055 0.7485
vn 0.6525 0.1043 0.7505
vn 0.8476 0.1848 0.4974
vn 0.8479 0.1836 0.4974
vn 0.8479 0.1835 0.4974
vn 0.9528 0.2475 0.1757
vn 0.9543 0.2419 0.1757
vn 0.9529 0.2473 0.1757
vn 0.9434 0.2814 -0.1757
vn 0.9458 0.2732 -0.1757
vn 0.9434 0.2811 -0.1757
vn 0.8174 0.2696 -0.5090
vn 0.8211 0.2576 -0.5093
vn 0.8175 0.2693 -0.5091
vn 0.6253 0.2257 -0.7470
vn 0.6214 0.2382 -0.7464
vn 0.3785 0.1739 -0.9091
vn 0.3745 0.1867 -0.9082
vn 0.1118 0.1166 -0.9869
vn 0.1118 0.1164 -0.9869
vn -0.1351 0.0571 -0.9892
vn -0.1335 0.0512 -0.9897
vn -0.4172 -0.0317 -0.9083
vn -0.4172 -0.0316 -0.9083
vn -0.6565 -0.1099 -0.7462
vn -0.6566 -0.1097 -0.7462
vn -0.8481 -0.1828 -0.4974
vn -0.8481 -0.1827 -0.4974
vn -0.9543 -0.2416 -0.1757
vn -0.9554 -0.2374 -0.1757
vn -0.9459 -0.2727 0.1757
vn -0.9484 -0.2639 0.1757
vn -0.8243 -0.2703 0.4975
vn -0.8280 -0.2582 0.4977
vn -0.5915 -0.2328 0.7720
vn -0.3748 -0.1858 0.9083
vn -0.3748 -0.1856 0.9083
vn -0.3785 -0.1739 0.9091
vn -0.1555 -0.1342 0.9787
vn 0.1562 -0.0449 0.9867
vn 0.4172 0.0316 0.9083
vn 0.4172 0.0317 0.9083
vn 0.6566 0.1097 0.7462
vn 0.6565 0.1099 0.7463
vn 0.8481 0.1827 0.4974
vn 0.8481 0.1828 0.4974
vn 0.9554 0.2374 0.1756
vn 0.9544 0.2415 0.1756
vn 0.9484 0.2639 -0.1757
vn 0.9459 0.2727 -0.1757
vn 0.8212 0.2573 -0.5093
vn 0.6254 0.2254 -0.7470
vn 0.3785 0.1737 -0.9092
vn 0.1136 0.1103 -0.9874
vn -0.1320 0.0453 -0.9902
vn -0.4160 -0.0366 -0.9086
vn -0.6559 -0.1127 -0.7464
vn -0.8480 -0.1832 -0.4974
vn -0.9554 -0.2373 -0.1757
vn -0.9485 -0.2637 0.1757
vn -0.8281 -0.2578 0.4978
vn -0.6102 -0.2221 0.7605
vn -0.3785 -0.1738 0.9091
vn -0.1379 -0.1159 0.9836
vn 0.1545 -0.0386 0.9872
vn 0.4160 0.0366 0.9086
vn 0.6559 0.1127 0.7464
vn 0.8480 0.1832 0.4974
vn 0.9554 0.2373 0.1757
vn 0.9485 0.2637 -0.1757
vn 0.5121 0.7604 -0.3994
vn 0.4154 0.6428 -0.6436
vn 0.2720 0.4557 -0.8475
vn 0.0865 0.2024 -0.9755
vn -0.1196 -0.0893 -0.9888
vn -0.3096 -0.3685 -0.8766
vn -0.4476 -0.5784 -0.6820
vn -0.5413 -0.7333 -0.4115
vn -0.5757 -0.8061 -0.1373
vn -0.5645 -0.8142 0.1357
vn -0.5111 -0.7613 0.3990
vn -0.4068 -0.6334 0.6583
vn -0.2723 -0.4550 0.8478
vn -0.1041 -0.2291 0.9678
vn 0.1208 0.0849 0.9890
vn 0.3110 0.3651 0.8775
vn 0.4476 0.5784 0.6821
vn 0.5402 0.7343 0.4110
vn 0.5753 0.8064 0.1371
vn 0.5649 0.8139 -0.1357
vn 0.8231 0.2740 -0.4975
vn 0.8201 0.2823 -0.4978
vn 0.8229 0.2743 -0.4975
vn 0.6153 0.2567 -0.7453
vn 0.6150 0.2577 -0.7453
vn 0.6149 0.2578 -0.7453
vn 0.3640 0.2195 -0.9052
vn 0.3659 0.2137 -0.9058
vn 0.3640 0.2194 -0.9052
vn 0.0964 0.1693 -0.9808
vn -0.1730 0.1101 -0.9788
vn -0.4315 0.0447 -0.9010
vn -0.6730 -0.0262 -0.7391
vn -0.8646 -0.0959 -0.4933
vn -0.9718 -0.1556 -0.1771
vn -0.9648 -0.1961 0.1753
vn -0.8418 -0.2087 0.4979
vn -0.6347 -0.1946 0.7479
vn -0.3826 -0.1601 0.9099
vn -0.1133 -0.1112 0.9873
vn 0.1580 -0.0518 0.9861
vn 0.4108 0.0137 0.9116
vn 0.4163 0.0124 0.9091
vn 0.4165 0.0123 0.9091
vn 0.6609 0.0899 0.7450
vn 0.6607 0.0910 0.7451
vn 0.6607 0.0911 0.7451
vn 0.8525 0.1625 0.4968
vn 0.8507 0.1712 0.4971
vn 0.8524 0.1627 0.4968
vn 0.9584 0.2245 0.1762
vn 0.9554 0.2367 0.1765
vn 0.9583 0.2249 0.1763
vn 0.9484 0.2640 -0.1757
vn 0.9449 0.2761 -0.1758
vn 0.9482 0.2645 -0.1758
vn 0.8220 0.2755 -0.4984
vn 0.8200 0.2824 -0.4979
vn 0.6142 0.2598 -0.7451
vn 0.6142 0.2600 -0.7451
vn 0.3660 0.2135 -0.9058
vn 0.1020 0.1544 -0.9827
vn -0.1666 0.0850 -0.9824
vn -0.4235 0.0099 -0.9058
vn -0.6648 -0.0713 -0.7436
vn -0.8552 -0.1496 -0.4962
vn -0.9607 -0.2149 -0.1755
vn -0.9510 -0.2545 0.1757
vn -0.8270 -0.2614 0.4977
vn -0.6213 -0.2385 0.7464
vn -0.3722 -0.1940 0.9076
vn -0.1065 -0.1349 0.9851
vn 0.1616 -0.0657 0.9847
vn 0.4220 0.0110 0.9065
vn 0.6599 0.0947 0.7454
vn 0.6599 0.0948 0.7454
vn 0.8517 0.1659 0.4970
vn 0.8506 0.1713 0.4972
vn 0.9583 0.2256 0.1757
vn 0.9554 0.2368 0.1765
vn 0.9483 0.2644 -0.1758
vn 0.8221 0.2752 -0.4984
vn 0.6139 0.2610 -0.7450
vn 0.3612 0.2282 -0.9042
vn 0.0942 0.1835 -0.9785
vn -0.1780 0.1300 -0.9754
vn -0.4394 0.0708 -0.8955
vn -0.6783 0.0074 -0.7348
vn -0.8699 -0.0562 -0.4901
vn -0.9784 -0.1123 -0.1737
vn -0.9729 -0.1513 0.1746
vn -0.8518 -0.1661 0.4968
vn -0.6450 -0.1569 0.7479
vn -0.3919 -0.1283 0.9110
vn -0.1206 -0.0856 0.9890
vn 0.1528 -0.0322 0.9877
vn 0.4177 0.0296 0.9081
vn 0.6593 0.0973 0.7455
vn 0.8519 0.1657 0.4969
vn 0.9584 0.2251 0.1756
vn -0.8224 0.4641 0.3291
vn -0.7001 0.3513 0.6216
vn -0.6858 0.3397 0.6437
vn -0.8153 0.4563 0.3565
vn -0.5128 0.2098 0.8325
vn -0.4955 0.1975 0.8458
vn -0.2905 0.0588 0.9551
vn -0.2745 0.0483 0.9604
vn -0.0532 -0.0903 0.9945
vn -0.0409 -0.0977 0.9944
vn 0.1882 -0.2311 0.9546
vn 0.1951 -0.2349 0.9522
vn 0.4227 -0.3568 0.8331
vn 0.4235 -0.3572 0.8325
vn 0.6281 -0.4544 0.6317
vn 0.6239 -0.4526 0.6371
vn 0.7870 -0.5124 0.3436
vn 0.7808 -0.5108 0.3598
vn 0.8603 -0.5096 -0.0125
vn 0.8589 -0.5120 0.0128
vn 0.8232 -0.4419 -0.3565
vn 0.8302 -0.4497 -0.3293
vn 0.6928 -0.3255 -0.6434
vn 0.7071 -0.3369 -0.6217
vn 0.5021 -0.1838 -0.8451
vn 0.5191 -0.1959 -0.8319
vn 0.3044 -0.0504 -0.9512
vn 0.3174 -0.0589 -0.9465
vn 0.0702 0.0970 -0.9928
vn 0.0851 0.0879 -0.9925
vn -0.1881 0.2479 -0.9504
vn -0.1811 0.2439 -0.9527
vn -0.4159 0.3702 -0.8306
vn -0.4149 0.3697 -0.8314
vn -0.6206 0.4679 -0.6292
vn -0.6248 0.4697 -0.6237
vn -0.7762 0.5254 -0.3485
vn -0.7820 0.5269 -0.3329
vn -0.8503 0.5261 -0.0123
vn -0.8518 0.5238 0.0123
vn -0.4467 -0.8947 -0.0000
vn -0.4466 -0.8947 -0.0000
vn -0.4466 -0.8947 -0.0001
vn 0.4466 0.8947 -0.0000
vn 0.4467 0.8947 -0.0000
vn 0.4466 0.8947 0.0002
vn 0.4464 0.8948 -0.0002
vn 0.4463 0.8949 -0.0000
vn 0.4466 0.8948 -0.0005
vn 0.4466 0.8947 -0.0001
vn 0.4465 0.8948 -0.0000
vn 0.4466 0.8947 0.0001
vn 0.4465 0.8948 0.0006
vn 0.4467 0.8947 -0.0002
vn 0.4466 0.8947 -0.0002
vn -0.7455 0.4445 0.4966
vn -0.5899 0.3058 0.7473
vn -0.3883 0.1471 0.9097
vn -0.1634 -0.0163 0.9864
vn 0.0679 -0.1737 0.9824
vn 0.0678 -0.1740 0.9824
vn 0.0651 -0.1791 0.9817
vn 0.2965 -0.3191 0.9001
vn 0.5103 -0.4439 0.7365
vn 0.6891 -0.5340 0.4900
vn 0.8014 -0.5706 0.1791
vn 0.8232 -0.5384 -0.1800
vn 0.7457 -0.4448 -0.4961
vn 0.5899 -0.3059 -0.7473
vn 0.4076 -0.1604 -0.8990
vn 0.1874 0.0008 -0.9823
vn -0.0679 0.1737 -0.9824
vn -0.0651 0.1791 -0.9817
vn -0.0677 0.1741 -0.9824
vn -0.2965 0.3191 -0.9001
vn -0.5103 0.4439 -0.7365
vn -0.6890 0.5340 -0.4900
vn -0.8028 0.5706 -0.1733
vn -0.8236 0.5397 0.1742
vn -0.7062 0.5084 0.4928
vn -0.5617 0.3588 0.7455
vn -0.3709 0.1829 0.9105
vn -0.1560 -0.0012 0.9877
vn -0.1562 -0.0015 0.9877
vn -0.1583 -0.0058 0.9874
vn 0.0650 -0.1794 0.9816
vn 0.2818 -0.3440 0.8957
vn 0.4826 -0.4851 0.7293
vn 0.6488 -0.5879 0.4831
vn 0.7547 -0.6334 0.1707
vn 0.7759 -0.6053 -0.1776
vn 0.7009 -0.5016 -0.5072
vn 0.5617 -0.3588 -0.7455
vn 0.4075 -0.2156 -0.8874
vn 0.1560 0.0012 -0.9877
vn 0.1575 0.0042 -0.9875
vn 0.1561 0.0014 -0.9877
vn -0.0649 0.1794 -0.9816
vn -0.2818 0.3440 -0.8957
vn -0.4826 0.4851 -0.7293
vn -0.6488 0.5879 -0.4831
vn -0.7547 0.6334 -0.1707
vn -0.7762 0.6066 0.1720
vn -0.7405 0.4537 0.4958
vn -0.5845 0.3165 0.7472
vn -0.3823 0.1577 0.9105
vn -0.1584 -0.0060 0.9874
vn 0.0724 -0.1651 0.9836
vn 0.0725 -0.1649 0.9836
vn 0.0749 -0.1604 0.9842
vn 0.2810 -0.2998 0.9117
vn 0.2808 -0.3002 0.9116
vn 0.2762 -0.3083 0.9103
vn 0.5133 -0.4394 0.7372
vn 0.6898 -0.5329 0.4901
vn 0.8008 -0.5733 0.1732
vn 0.8193 -0.5463 -0.1740
vn 0.7339 -0.4480 -0.5105
vn 0.5845 -0.3164 -0.7471
vn 0.4025 -0.1739 -0.8988
vn 0.1576 0.0044 -0.9875
vn -0.0732 0.1635 -0.9838
vn -0.0747 0.1606 -0.9842
vn -0.0733 0.1634 -0.9838
vn -0.3009 0.3114 -0.9014
vn -0.5133 0.4394 -0.7372
vn -0.6898 0.5329 -0.4901
vn -0.8008 0.5733 -0.1732
vn -0.8189 0.5451 0.1794
vn -0.7127 0.4989 0.4931
vn -0.5627 0.3570 0.7456
vn -0.3670 0.1887 0.9109
vn -0.1493 0.0126 0.9887
vn 0.0750 -0.1601 0.9842
vn 0.2759 -0.3086 0.9103
vn 0.4981 -0.4624 0.7335
vn 0.6660 -0.5657 0.4863
vn 0.7709 -0.6134 0.1717
vn 0.7885 -0.5904 -0.1727
vn 0.7131 -0.4982 -0.4932
vn 0.5536 -0.3478 -0.7567
vn 0.3672 -0.1884 -0.9109
vn 0.1495 -0.0122 -0.9887
vn -0.0748 0.1605 -0.9842
vn -0.2804 0.3120 -0.9078
vn -0.4981 0.4624 -0.7335
vn -0.6660 0.5657 -0.4863
vn -0.7709 0.6133 -0.1717
vn -0.7879 0.5895 0.1780
vn -0.5575 0.6895 0.4623
vn -0.4560 0.5217 0.7210
vn -0.3074 0.3002 0.9030
vn -0.1299 0.0519 0.9902
vn 0.0562 -0.1960 0.9790
vn 0.2337 -0.4209 0.8765
vn 0.3882 -0.6054 0.6948
vn 0.5079 -0.7354 0.4486
vn 0.5818 -0.7982 0.1563
vn 0.6002 -0.7841 -0.1581
vn 0.5575 -0.6895 -0.4623
vn 0.4507 -0.5090 -0.7333
vn 0.3105 -0.2946 -0.9038
vn 0.1331 -0.0455 -0.9901
vn -0.0530 0.2021 -0.9779
vn -0.2208 0.4095 -0.8852
vn -0.3882 0.6054 -0.6948
vn -0.5079 0.7354 -0.4486
vn -0.5818 0.7982 -0.1562
vn -0.6002 0.7841 0.1580
vn -0.8105 0.3124 0.4955
vn -0.6345 0.2099 0.7439
vn -0.4098 0.0988 0.9068
vn -0.1609 -0.0111 0.9869
vn 0.0985 -0.1144 0.9885
vn 0.3577 -0.2071 0.9106
vn 0.3602 -0.2022 0.9107
vn 0.3578 -0.2068 0.9106
vn 0.6016 -0.2824 0.7472
vn 0.7951 -0.3273 0.5105
vn 0.9240 -0.3376 0.1795
vn 0.9379 -0.3006 -0.1734
vn 0.8424 -0.2252 -0.4895
vn 0.6666 -0.1270 -0.7345
vn 0.4626 -0.0308 -0.8860
vn 0.4627 -0.0306 -0.8860
vn 0.4708 -0.0215 -0.8820
vn 0.2227 0.0745 -0.9720
vn -0.0591 0.1905 -0.9799
vn -0.3161 0.2847 -0.9050
vn -0.5591 0.3635 -0.7452
vn -0.7618 0.4155 -0.4970
vn -0.8871 0.4270 -0.1754
vn -0.9038 0.3904 0.1751
vn -0.8463 0.2127 0.4884
vn -0.6661 0.1284 0.7347
vn -0.6658 0.1290 0.7349
vn -0.6658 0.1291 0.7349
vn -0.4359 0.0389 0.8992
vn -0.1790 -0.0487 0.9827
vn 0.0904 -0.1302 0.9874
vn 0.3603 -0.2019 0.9107
vn 0.6133 -0.2578 0.7466
vn 0.8198 -0.2892 0.4943
vn 0.9409 -0.2875 0.1793
vn 0.9530 -0.2496 -0.1717
vn 0.8549 -0.1835 -0.4853
vn 0.6754 -0.1010 -0.7305
vn 0.4710 -0.0213 -0.8819
vn 0.1915 0.0750 -0.9786
vn -0.0768 0.1566 -0.9847
vn -0.3463 0.2291 -0.9097
vn -0.5996 0.2864 -0.7473
vn -0.5998 0.2861 -0.7472
vn -0.6014 0.2827 -0.7472
vn -0.8076 0.3194 -0.4958
vn -0.9319 0.3185 -0.1739
vn -0.9442 0.2805 0.1728
vn -0.8512 0.1963 0.4867
vn -0.6655 0.1298 0.7350
vn -0.4261 0.0620 0.9026
vn -0.1562 -0.0016 0.9877
vn 0.1272 -0.0575 0.9902
vn 0.4081 -0.1025 0.9072
vn 0.6647 -0.1324 0.7353
vn 0.8656 -0.1424 0.4802
vn 0.9776 -0.1294 0.1661
vn 0.9819 -0.0948 -0.1641
vn 0.8844 -0.0442 -0.4647
vn 0.7086 0.0150 -0.7055
vn 0.4807 0.0772 -0.8735
vn 0.2210 0.1383 -0.9654
vn -0.0565 0.1956 -0.9791
vn -0.3376 0.2454 -0.9087
vn -0.6016 0.2824 -0.7472
vn -0.8158 0.2993 -0.4949
vn -0.9413 0.2897 -0.1731
vn -0.9521 0.2531 0.1719
vn -0.9420 0.0383 0.3335
vn -0.7800 -0.0080 0.6258
vn -0.7708 -0.0100 0.6370
vn -0.9347 0.0354 0.3535
vn -0.5496 -0.0497 0.8340
vn -0.5435 -0.0506 0.8379
vn -0.2856 -0.0838 0.9547
vn -0.2850 -0.0838 0.9549
vn -0.0120 -0.1090 0.9940
vn -0.0170 -0.1086 0.9939
vn 0.2631 -0.1254 0.9566
vn 0.2527 -0.1250 0.9594
vn 0.5339 -0.1317 0.8352
vn 0.5195 -0.1317 0.8443
vn 0.7707 -0.1251 0.6247
vn 0.7564 -0.1260 0.6418
vn 0.9376 -0.1037 0.3320
vn 0.9284 -0.1058 0.3563
vn 0.9976 -0.0683 -0.0131
vn 0.9974 -0.0713 0.0129
vn 0.9352 -0.0243 -0.3532
vn 0.9424 -0.0271 -0.3334
vn 0.7713 0.0207 -0.6362
vn 0.7802 0.0187 -0.6253
vn 0.5441 0.0609 -0.8368
vn 0.5499 0.0600 -0.8331
vn 0.2857 0.0938 -0.9537
vn 0.2864 0.0937 -0.9535
vn 0.0150 0.1187 -0.9928
vn 0.0099 0.1191 -0.9928
vn -0.2572 0.1352 -0.9568
vn -0.2676 0.1357 -0.9539
vn -0.5205 0.1420 -0.8420
vn -0.5343 0.1421 -0.8332
vn -0.7523 0.1369 -0.6444
vn -0.7662 0.1361 -0.6280
vn -0.9261 0.1172 -0.3586
vn -0.9355 0.1151 -0.3341
vn -0.9965 0.0826 -0.0129
vn -0.9967 0.0796 0.0128
vn -0.1048 -0.9945 -0.0000
vn -0.1047 -0.9945 0.0001
vn -0.1047 -0.9945 -0.0000
vn -0.1047 -0.9945 -0.0001
vn 0.1047 0.9945 -0.0003
vn 0.1048 0.9945 -0.0005
vn 0.1047 0.9945 -0.0000
vn 0.1049 0.9945 0.0003
vn 0.1047 0.9945 -0.0001
vn 0.1046 0.9945 -0.0000
vn 0.1045 0.9945 -0.0000
vn 0.1048 0.9945 -0.0004
vn 0.1049 0.9945 -0.0004
vn 0.1049 0.9945 0.0004
vn 0.1048 0.9945 0.0004
vn 0.1045 0.9945 -0.0001
vn 0.1048 0.9945 0.0005
vn 0.1047 0.9945 0.0003
vn -0.8675 0.0182 0.4971
vn -0.6667 -0.0264 0.7449
vn -0.4188 -0.0653 0.9057
vn -0.1491 -0.0969 0.9841
vn -0.1487 -0.0924 0.9845
vn -0.1487 -0.0925 0.9845
vn 0.1206 -0.1201 0.9854
vn 0.1236 -0.1187 0.9852
vn 0.1237 -0.1187 0.9852
vn 0.3979 -0.1350 0.9074
vn 0.3878 -0.1371 0.9115
vn 0.3977 -0.1351 0.9075
vn 0.6508 -0.1385 0.7465
vn 0.6494 -0.1472 0.7461
vn 0.6507 -0.1387 0.7465
vn 0.8576 -0.1283 0.4980
vn 0.9790 -0.1026 0.1759
vn 0.9824 -0.0636 -0.1758
vn 0.8675 -0.0180 -0.4970
vn 0.6667 0.0267 -0.7449
vn 0.4183 0.0657 -0.9059
vn 0.1492 0.0972 -0.9840
vn 0.1487 0.0923 -0.9846
vn -0.1263 0.1206 -0.9846
vn -0.1265 0.1186 -0.9848
vn -0.1265 0.1187 -0.9848
vn -0.3979 0.1350 -0.9074
vn -0.3977 0.1363 -0.9073
vn -0.3977 0.1362 -0.9073
vn -0.6508 0.1385 -0.7465
vn -0.6508 0.1387 -0.7465
vn -0.6494 0.1471 -0.7460
vn -0.8560 0.1284 -0.5008
vn -0.9791 0.1025 -0.1759
vn -0.9824 0.0637 0.1759
vn -0.8664 0.0399 0.4977
vn -0.6658 -0.0077 0.7461
vn -0.4179 -0.0511 0.9071
vn -0.1483 -0.0880 0.9850
vn 0.1270 -0.1147 0.9852
vn 0.3873 -0.1395 0.9113
vn 0.3873 -0.1396 0.9113
vn 0.6494 -0.1474 0.7460
vn 0.8554 -0.1433 0.4977
vn 0.9768 -0.1225 0.1759
vn 0.9806 -0.0861 -0.1759
vn 0.8664 -0.0402 -0.4977
vn 0.6658 0.0072 -0.7461
vn 0.4174 0.0506 -0.9073
vn 0.1483 0.0874 -0.9851
vn -0.1209 0.1137 -0.9861
vn -0.1208 0.1137 -0.9861
vn -0.3971 0.1404 -0.9070
vn -0.3971 0.1403 -0.9070
vn -0.6494 0.1474 -0.7460
vn -0.8522 0.1437 -0.5032
vn -0.9767 0.1226 -0.1759
vn -0.9806 0.0859 0.1760
vn -0.8638 0.0750 0.4983
vn -0.6638 0.0229 0.7475
vn -0.4158 -0.0277 0.9091
vn -0.1470 -0.0733 0.9864
vn 0.1273 -0.1120 0.9855
vn 0.1282 -0.1040 0.9863
vn 0.3917 -0.1437 0.9088
vn 0.3916 -0.1437 0.9088
vn 0.6468 -0.1632 0.7450
vn 0.6457 -0.1697 0.7445
vn 0.6457 -0.1699 0.7445
vn 0.8513 -0.1685 0.4968
vn 0.9717 -0.1549 0.1781
vn 0.9768 -0.1218 -0.1758
vn 0.8637 -0.0750 -0.4983
vn 0.6638 -0.0229 -0.7475
vn 0.4157 0.0277 -0.9091
vn 0.1470 0.0732 -0.9864
vn -0.1149 0.1107 -0.9872
vn -0.3965 0.1443 -0.9066
vn -0.6468 0.1632 -0.7450
vn -0.6457 0.1699 -0.7445
vn -0.6457 0.1697 -0.7445
vn -0.8481 0.1684 -0.5023
vn -0.9722 0.1547 -0.1757
vn -0.9768 0.1218 0.1759
vn -0.8597 0.1128 0.4982
vn -0.6610 0.0568 0.7483
vn -0.4136 -0.0008 0.9105
vn -0.1453 -0.0551 0.9879
vn 0.1283 -0.1039 0.9863
vn 0.3964 -0.1453 0.9065
vn 0.6445 -0.1763 0.7440
vn 0.8469 -0.1921 0.4958
vn 0.9652 -0.1875 0.1825
vn 0.9715 -0.1594 -0.1756
vn 0.8596 -0.1131 -0.4982
vn 0.6609 -0.0571 -0.7483
vn 0.4135 0.0004 -0.9105
vn 0.1452 0.0546 -0.9879
vn -0.0933 0.0978 -0.9908
vn -0.3964 0.1453 -0.9065
vn -0.6445 0.1763 -0.7440
vn -0.8469 0.1921 -0.4958
vn -0.9666 0.1872 -0.1753
vn -0.9715 0.1593 0.1756
vn -0.8241 0.2869 0.4884
vn -0.6409 0.1958 0.7422
vn -0.4039 0.0900 0.9103
vn -0.1417 -0.0190 0.9897
vn 0.1259 -0.1237 0.9843
vn 0.3843 -0.2186 0.8969
vn 0.6176 -0.2975 0.7281
vn 0.8034 -0.3518 0.4804
vn 0.9119 -0.3718 0.1736
vn 0.9218 -0.3483 -0.1703
vn 0.8248 -0.2844 -0.4886
vn 0.6301 -0.1883 -0.7534
vn 0.4040 -0.0894 -0.9104
vn 0.1610 0.0143 -0.9868
vn -0.1036 0.1180 -0.9876
vn -0.3843 0.2186 -0.8969
vn -0.6176 0.2975 -0.7281
vn -0.8034 0.3518 -0.4804
vn -0.9129 0.3714 -0.1692
vn -0.9215 0.3492 0.1703
vn -0.8684 -0.0146 0.4956
vn -0.6674 -0.0470 0.7432
vn -0.4186 -0.0699 0.9055
vn -0.1479 -0.0833 0.9855
vn 0.1302 -0.0872 0.9876
vn 0.3989 -0.0812 0.9134
vn 0.6602 -0.0644 0.7483
vn 0.8666 -0.0375 0.4976
vn 0.9846 -0.0016 0.1750
vn 0.9840 0.0382 -0.1742
vn 0.8677 0.0751 -0.4915
vn 0.6678 0.1047 -0.7369
vn 0.4211 0.1255 -0.8983
vn 0.1526 0.1377 -0.9786
vn -0.1237 0.1419 -0.9821
vn -0.3975 0.1377 -0.9072
vn -0.6529 0.1239 -0.7472
vn -0.8592 0.0999 -0.5017
vn -0.9823 0.0650 -0.1758
vn -0.9842 0.0246 0.1753
vn -0.8685 -0.0289 0.4948
vn -0.6677 -0.0611 0.7419
vn -0.4194 -0.0846 0.9039
vn -0.1493 -0.0990 0.9838
vn 0.1282 -0.1047 0.9862
vn 0.4025 -0.1012 0.9098
vn 0.6577 -0.0875 0.7482
vn 0.8648 -0.0629 0.4982
vn 0.9841 -0.0285 0.1754
vn 0.9846 0.0110 -0.1748
vn 0.8684 0.0490 -0.4935
vn 0.6679 0.0804 -0.7399
vn 0.4203 0.1032 -0.9015
vn 0.1509 0.1173 -0.9816
vn -0.1260 0.1230 -0.9844
vn -0.4000 0.1200 -0.9086
vn -0.6552 0.1071 -0.7478
vn -0.8630 0.0833 -0.4984
vn -0.9832 0.0494 -0.1756
vn -0.9845 0.0097 0.1751
vn -0.8674 0.0214 0.4972
vn -0.6661 -0.0134 0.7457
vn -0.4166 -0.0400 0.9082
vn -0.1455 -0.0574 0.9877
vn 0.1327 -0.0655 0.9890
vn 0.4070 -0.0640 0.9112
vn 0.6614 -0.0519 0.7482
vn 0.8671 -0.0288 0.4974
vn 0.9846 0.0040 0.1749
vn 0.9838 0.0418 -0.1741
vn 0.8675 0.0784 -0.4912
vn 0.6677 0.1090 -0.7364
vn 0.4213 0.1321 -0.8972
vn 0.1535 0.1477 -0.9770
vn -0.1219 0.1562 -0.9802
vn -0.3946 0.1570 -0.9053
vn -0.6492 0.1488 -0.7460
vn -0.8574 0.1297 -0.4980
vn -0.9794 0.0994 -0.1759
vn -0.9825 0.0610 0.1757
vn 0.0148 0.0696 -0.9975
vn 0.0148 0.0695 -0.9975
vn 0.0149 0.0718 -0.9973
vn 0.0150 0.0721 -0.9973
vn -0.0147 -0.0738 0.9972
vn -0.0147 -0.0737 0.9972
vn -0.0139 -0.0670 0.9977
vn -0.0139 -0.0672 0.9976
vn -0.0218 -0.9998 -0.0000
vn -0.9972 -0.0754 -0.0000
vn -0.9970 -0.0774 -0.0000
vn -0.9983 -0.0585 -0.0000
vn -0.9980 -0.0625 -0.0000
vn 0.9615 -0.2749 -0.0000
vn 0.9628 -0.2703 -0.0000
vn 0.9589 -0.2836 -0.0000
vn 0.9601 -0.2795 -0.0000
vn 0.0152 0.0655 -0.9977
vn -0.9990 -0.0450 -0.0000
vn -0.0143 -0.0629 0.9979
vn 0.9796 -0.2012 -0.0000
vn -0.0161 -0.0775 0.9969
vn -0.0161 -0.0774 0.9969
vn -0.9998 -0.0177 -0.0000
vn -0.9999 -0.0162 -0.0000
vn 0.0158 0.0742 -0.9971
vn 0.0158 0.0744 -0.9971
vn 0.9899 -0.1416 -0.0000
vn 0.9913 -0.1314 -0.0000
vn -0.0156 -0.0758 0.9970
vn -0.0152 -0.0757 0.9970
vn -0.9992 -0.0401 -0.0000
vn -0.9992 -0.0398 -0.0000
vn 0.0155 0.0758 -0.9970
vn 0.0156 0.0758 -0.9970
vn 0.9915 -0.1304 -0.0000
vn 0.9903 -0.1390 -0.0000
vn -0.0153 -0.0856 0.9962
vn -0.0153 -0.0859 0.9962
vn -0.9754 -0.2202 -0.0000
vn -0.9779 -0.2090 -0.0000
vn 0.0153 0.0859 -0.9962
vn 0.0153 0.0856 -0.9962
vn 0.9439 -0.3302 -0.0000
vn 0.9408 -0.3390 -0.0000
vn -0.0153 -0.0878 0.9960
vn -0.0153 -0.0876 0.9960
vn -0.9620 -0.2731 0.0001
vn -0.9613 -0.2754 0.0001
vn 0.0153 0.0876 -0.9960
vn 0.0153 0.0878 -0.9960
vn 0.9416 -0.3367 0.0001
vn 0.9445 -0.3284 0.0001
vn -0.0158 -0.0925 0.9956
vn -0.0158 -0.0933 0.9955
vn -0.9882 -0.1534 0.0001
vn -0.9866 -0.1633 0.0001
vn 0.0158 0.0933 -0.9955
vn 0.0157 0.0924 -0.9956
vn 0.9613 -0.2753 -0.0000
vn 0.9606 -0.2778 -0.0000
vn -0.0158 -0.0988 0.9950
vn -0.0157 -0.0994 0.9949
vn -0.9519 -0.3064 0.0001
vn -0.9598 -0.2805 0.0001
vn 0.0163 0.1011 -0.9947
vn 0.0163 0.1001 -0.9948
vn 0.9653 -0.2610 -0.0000
vn 0.9669 -0.2553 -0.0000
vn -0.0152 -0.1016 0.9947
vn -0.9967 -0.0812 0.0001
vn -0.9903 -0.1387 0.0001
vn 0.0155 0.1011 -0.9948
vn 0.0157 0.1015 -0.9947
vn 0.9274 -0.3741 -0.0000
vn 0.9192 -0.3937 0.0001
vn -0.0160 -0.1039 0.9945
vn -0.0158 -0.1034 0.9945
vn -0.9937 0.1121 -0.0000
vn -0.9884 0.1518 -0.0000
vn 0.0157 0.1024 -0.9946
vn 0.0159 0.1030 -0.9946
vn 0.8654 -0.5010 0.0001
vn 0.8671 -0.4981 0.0001
vn -0.0164 -0.1049 0.9944
vn -0.0164 -0.1048 0.9944
vn -0.9954 -0.0955 -0.0000
vn -0.9937 -0.1123 -0.0000
vn 0.0164 0.1050 -0.9943
vn 0.0164 0.1051 -0.9943
vn 0.9492 -0.3146 -0.0000
vn 0.9562 -0.2928 -0.0000
vn -0.0169 -0.1104 0.9937
vn -0.0171 -0.1121 0.9935
vn -0.9376 -0.3476 0.0001
vn -0.9491 -0.3150 0.0001
vn 0.0170 0.1119 -0.9936
vn 0.0169 0.1102 -0.9938
vn 0.9822 -0.1876 -0.0000
vn 0.9812 -0.1931 -0.0000
vn -0.0157 -0.1083 0.9940
vn -0.0155 -0.1075 0.9941
vn -0.9774 0.2115 -0.0000
vn -0.9922 0.1243 -0.0000
vn 0.0155 0.1074 -0.9941
vn 0.0157 0.1081 -0.9940
vn 0.9665 -0.2568 -0.0000
vn 0.9655 -0.2605 -0.0000
vn -0.0151 -0.1041 0.9945
vn -0.0149 -0.1038 0.9945
vn -0.7442 0.6680 -0.0001
vn -0.7345 0.6786 -0.0001
vn 0.0148 0.1037 -0.9945
vn 0.0151 0.1040 -0.9945
vn 0.9763 -0.2163 -0.0000
vn 0.9793 -0.2022 -0.0000
vn -0.0149 -0.1135 0.9934
vn -0.0149 -0.1139 0.9934
vn -0.0160 -0.1145 0.9933
vn -0.0187 -0.1221 0.9923
vn -0.6984 -0.7157 0.0001
vn -0.7176 -0.6964 0.0001
vn -0.9817 -0.1906 -0.0000
vn -0.9797 -0.2005 -0.0000
vn 0.0187 0.1221 -0.9923
vn 0.0160 0.1145 -0.9933
vn 0.0149 0.1139 -0.9934
vn 0.0149 0.1137 -0.9934
vn 0.9975 0.0702 -0.0000
vn 0.9964 0.0850 -0.0000
vn 0.9978 -0.0666 -0.0000
vn 0.9977 -0.0684 -0.0000
vn -0.0145 -0.1133 0.9935
vn -0.0144 -0.1131 0.9935
vn -0.9986 0.0536 -0.0000
vn -0.9996 0.0268 -0.0000
vn 0.0143 0.1130 -0.9935
vn 0.0145 0.1134 -0.9934
vn 0.9983 -0.0583 -0.0000
vn 0.9984 -0.0558 -0.0000
vn -0.8816 -0.4721 -0.0000
vn -0.8437 -0.5369 0.0001
vn -0.0192 -0.1190 0.9927
vn -0.0183 -0.1144 0.9933
vn 0.9980 0.0627 -0.0000
vn 0.9989 0.0478 -0.0000
vn 0.0183 0.1144 -0.9933
vn 0.0192 0.1190 -0.9927
vn -0.0139 -0.1115 0.9937
vn -0.0139 -0.1114 0.9937
vn -0.9593 0.2825 -0.0000
vn -0.9616 0.2746 -0.0000
vn 0.0138 0.1114 -0.9937
vn 0.0139 0.1115 -0.9937
vn 1.0000 -0.0047 -0.0000
vn 1.0000 0.0005 -0.0000
vn -0.0138 -0.1116 0.9937
vn -0.0138 -0.1118 0.9936
vn -0.9735 0.2288 -0.0000
vn -0.9696 0.2448 -0.0000
vn 0.0138 0.1118 -0.9936
vn 0.0137 0.1116 -0.9937
vn 1.0000 0.0049 -0.0000
vn 1.0000 -0.0002 -0.0000
vn -0.0135 -0.1118 0.9936
vn -0.0134 -0.1113 0.9937
vn -0.9801 0.1983 -0.0000
vn -0.9826 0.1859 -0.0000
vn 0.0134 0.1113 -0.9937
vn 0.0135 0.1117 -0.9937
vn 0.9935 0.1134 -0.0000
vn -0.0127 -0.1098 0.9939
vn -0.9713 0.2378 -0.0000
vn -0.9697 0.2443 -0.0000
vn 0.0127 0.1098 -0.9939
vn 0.0128 0.1098 -0.9939
vn 0.9914 0.1305 -0.0000
vn -0.0125 -0.1094 0.9939
vn -0.0125 -0.1083 0.9940
vn -0.8528 0.5223 -0.0001
vn -0.8736 0.4867 -0.0001
vn 0.0125 0.1081 -0.9941
vn 0.0126 0.1092 -0.9939
vn 0.8199 0.5725 -0.0001
vn 0.7887 0.6148 -0.0001
vn -0.0114 -0.1006 0.9949
vn -0.0116 -0.0983 0.9951
vn -0.8807 0.4737 -0.0001
vn -0.8584 0.5131 -0.0001
vn 0.0116 0.0983 -0.9951
vn 0.0114 0.1006 -0.9949
vn 0.4692 0.8831 -0.0001
vn 0.5047 0.8633 -0.0001
vn -0.0114 -0.1101 0.9939
vn -0.0111 -0.1124 0.9936
vn -0.9348 0.3552 -0.0000
vn -0.9446 0.3281 -0.0000
vn 0.0111 0.1124 -0.9936
vn 0.0114 0.1101 -0.9939
vn 0.5126 -0.8586 0.0001
vn 0.5205 -0.8538 0.0001
vn -0.0120 -0.1088 0.9940
vn -0.0118 -0.1090 0.9940
vn -0.9275 0.3738 -0.0000
vn -0.9203 0.3912 -0.0000
vn 0.0118 0.1090 -0.9940
vn 0.0120 0.1088 -0.9940
vn 0.7020 -0.7122 0.0001
vn 0.7096 -0.7046 0.0001
vn -0.0126 -0.1075 0.9941
vn -0.0125 -0.1078 0.9941
vn -0.9587 0.2844 -0.0000
vn -0.9600 0.2799 -0.0000
vn 0.0125 0.1086 -0.9940
vn 0.0127 0.1085 -0.9940
vn 0.7553 -0.6554 -0.0000
vn 0.7538 -0.6571 -0.0000
vn -0.0126 -0.1056 0.9943
vn -0.0126 -0.1055 0.9943
vn -0.9424 0.3346 -0.0000
vn 0.0123 0.1055 -0.9943
vn 0.0124 0.1061 -0.9943
vn 0.9889 -0.1488 -0.0000
vn 0.9973 -0.0728 -0.0000
vn -0.0121 -0.1032 0.9946
vn -0.0117 -0.1024 0.9947
vn -0.8895 0.4569 -0.0000
vn -0.8939 0.4482 -0.0000
vn 0.0113 0.1014 -0.9948
vn 0.0115 0.1018 -0.9947
vn 0.8326 0.5538 -0.0000
vn 0.8269 0.5624 -0.0000
vn -0.0110 -0.1005 0.9949
vn -0.6956 0.7184 -0.0000
vn -0.7127 0.7015 -0.0000
vn 0.0110 0.1005 -0.9949
vn 0.9139 0.4060 -0.0000
vn 0.9310 0.3650 -0.0000
vn -0.0116 -0.1010 0.9948
vn -0.0116 -0.1011 0.9948
vn -0.8003 0.5996 0.0001
vn -0.7645 0.6447 0.0001
vn 0.0118 0.1016 -0.9948
vn 0.0115 0.1012 -0.9948
vn 0.9877 -0.1564 -0.0000
vn 0.9891 -0.1475 -0.0000
vn -0.0118 -0.1006 0.9949
vn -0.0114 -0.0994 0.9950
vn -0.9824 -0.1870 -0.0000
vn -0.9795 -0.2012 -0.0000
vn 0.0115 0.0992 -0.9950
vn 0.0121 0.1009 -0.9948
vn 0.9423 0.3347 -0.0000
vn -0.0110 -0.0985 0.9951
vn -0.0108 -0.0980 0.9951
vn -0.9999 0.0133 -0.0000
vn -1.0000 -0.0001 -0.0000
vn 0.0108 0.0977 -0.9952
vn 0.0110 0.0979 -0.9951
vn 0.9203 0.3912 -0.0000
vn 0.9240 0.3825 -0.0000
vn -0.0104 -0.0968 0.9952
vn -0.0104 -0.0966 0.9953
vn -0.9578 0.2874 -0.0000
vn -0.9632 0.2686 -0.0000
vn 0.0104 0.0966 -0.9953
vn 0.0104 0.0968 -0.9952
vn 0.9899 0.1417 -0.0000
vn 0.9928 0.1199 -0.0000
vn -0.0100 -0.0944 0.9955
vn -0.0100 -0.0942 0.9955
vn -0.8492 0.5281 -0.0000
vn -0.8522 0.5233 -0.0000
vn 0.0099 0.0939 -0.9955
vn 0.0099 0.0940 -0.9955
vn 0.9910 0.1337 -0.0000
vn 0.9896 0.1438 -0.0000
vn -0.0095 -0.0920 0.9957
vn -0.8327 0.5537 -0.0000
vn 0.0095 0.0920 -0.9957
vn 0.9813 0.1924 -0.0000
vn -0.0167 0.0736 -0.9971
vn -0.0166 0.0745 -0.9971
vn -0.0166 0.0746 -0.9971
vn -0.3177 0.9482 -0.0000
vn 0.0166 -0.0732 0.9972
vn 0.0167 -0.0736 0.9971
vn 0.0167 -0.0737 0.9971
vn 0.0167 -0.0735 0.9972
vn 0.2259 -0.9742 -0.0000
vn -0.9125 -0.4091 -0.0000
vn -0.9115 -0.4113 -0.0000
vn -0.9202 -0.3914 -0.0000
vn -0.9183 -0.3958 -0.0000
vn 0.9999 0.0107 -0.0000
vn 0.9999 0.0169 -0.0000
vn 1.0000 0.0003 -0.0000
vn 1.0000 0.0051 -0.0000
vn -0.0163 0.0685 -0.9975
vn -0.9260 -0.3775 -0.0000
vn 0.0163 -0.0685 0.9975
vn 0.9949 0.1007 -0.0000
vn 0.0174 -0.0755 0.9970
vn 0.0176 -0.0764 0.9969
vn -0.9373 -0.3484 -0.0000
vn -0.9380 -0.3467 -0.0000
vn -0.0176 0.0778 -0.9968
vn -0.0174 0.0773 -0.9969
vn 0.9854 0.1700 -0.0000
vn 0.9834 0.1814 -0.0000
vn 0.0179 -0.0768 0.9969
vn 0.0178 -0.0763 0.9969
vn -0.9281 -0.3724 -0.0000
vn -0.9283 -0.3718 -0.0000
vn -0.0187 0.0809 -0.9965
vn -0.0187 0.0811 -0.9965
vn 0.9827 0.1852 -0.0000
vn 0.9847 0.1742 -0.0000
vn 0.0192 -0.0843 0.9963
vn 0.0193 -0.0851 0.9962
vn -0.8346 -0.5509 0.0001
vn -0.8413 -0.5406 0.0001
vn -0.0189 0.0827 -0.9964
vn -0.0189 0.0826 -0.9964
vn 0.9984 -0.0567 -0.0000
vn 0.9977 -0.0676 -0.0000
vn 0.0206 -0.0900 0.9957
vn 0.0208 -0.0904 0.9957
vn -0.8017 -0.5977 0.0001
vn -0.8001 -0.5999 0.0001
vn -0.0205 0.0888 -0.9958
vn -0.0203 0.0878 -0.9959
vn 0.9980 -0.0635 -0.0000
vn 0.9986 -0.0535 -0.0000
vn 0.0218 -0.0911 0.9956
vn 0.0220 -0.0910 0.9956
vn -0.8735 -0.4868 0.0001
vn -0.8679 -0.4967 0.0001
vn -0.0218 0.0923 -0.9955
vn -0.0217 0.0921 -0.9955
vn 0.9999 0.0112 0.0001
vn 1.0000 0.0082 0.0001
vn 0.0234 -0.0960 0.9951
vn 0.0237 -0.0971 0.9950
vn -0.7793 -0.6267 0.0001
vn -0.7967 -0.6044 0.0001
vn -0.0230 0.0988 -0.9948
vn -0.0228 0.0973 -0.9950
vn 0.9996 0.0286 -0.0000
vn 0.9994 0.0353 -0.0000
vn 0.0246 -0.0994 0.9947
vn 0.0246 -0.0995 0.9947
vn -0.9096 -0.4154 -0.0000
vn -0.8816 -0.4719 -0.0000
vn -0.0239 0.0975 -0.9950
vn -0.0238 0.0984 -0.9949
vn 0.9935 -0.1142 0.0001
vn 0.9905 -0.1375 0.0001
vn 0.0244 -0.1034 0.9943
vn 0.0244 -0.1027 0.9944
vn -0.9788 -0.2050 -0.0000
vn -0.9871 -0.1599 -0.0000
vn -0.0241 0.1011 -0.9946
vn -0.0241 0.1018 -0.9945
vn 0.9621 -0.2728 0.0001
vn 0.9631 -0.2692 0.0001
vn 0.0240 -0.1052 0.9942
vn 0.0240 -0.1047 0.9942
vn -0.9031 -0.4294 -0.0000
vn -0.8948 -0.4466 -0.0000
vn -0.0240 0.1047 -0.9942
vn -0.0240 0.1052 -0.9942
vn 0.9993 -0.0369 -0.0000
vn 0.9999 -0.0102 -0.0000
vn 0.0248 -0.1069 0.9940
vn 0.0251 -0.1079 0.9938
vn -0.7501 -0.6613 0.0001
vn -0.7733 -0.6340 0.0001
vn -0.0251 0.1079 -0.9938
vn -0.0248 0.1067 -0.9940
vn 0.9932 0.1167 -0.0000
vn 0.9939 0.1103 -0.0000
vn 0.0254 -0.1040 0.9943
vn 0.0253 -0.1032 0.9943
vn -0.9955 -0.0944 -0.0000
vn -0.9823 -0.1876 -0.0000
vn -0.0254 0.1034 -0.9943
vn -0.0254 0.1042 -0.9942
vn 0.9994 0.0336 -0.0000
vn 0.9996 0.0293 -0.0000
vn 0.0248 -0.1008 0.9946
vn 0.0249 -0.1005 0.9946
vn -0.8724 0.4887 -0.0001
vn -0.8656 0.5007 -0.0001
vn -0.0250 0.1005 -0.9946
vn -0.0248 0.1009 -0.9946
vn 0.9966 0.0826 -0.0000
vn 0.9950 0.0995 -0.0000
vn 0.0273 -0.1103 0.9935
vn 0.0274 -0.1097 0.9936
vn 0.0267 -0.1138 0.9931
vn 0.0261 -0.1187 0.9926
vn -0.4083 -0.9129 0.0001
vn -0.4312 -0.9023 0.0001
vn -0.8527 -0.5224 0.0001
vn -0.8470 -0.5316 0.0001
vn -0.0262 0.1189 -0.9926
vn -0.0267 0.1127 -0.9933
vn -0.0274 0.1094 -0.9936
vn -0.0273 0.1099 -0.9936
vn 0.9148 0.4039 -0.0000
vn 0.9082 0.4186 -0.0000
vn 0.9666 0.2564 -0.0000
vn 0.9671 0.2544 -0.0000
vn 0.0276 -0.1090 0.9937
vn 0.0277 -0.1089 0.9937
vn -0.9626 -0.2710 -0.0000
vn -0.9538 -0.3003 -0.0000
vn -0.0277 0.1089 -0.9937
vn -0.0276 0.1090 -0.9937
vn 0.9641 0.2657 -0.0000
vn 0.9633 0.2684 -0.0000
vn -0.6506 -0.7594 -0.0000
vn -0.5952 -0.8036 0.0001
vn 0.0248 -0.1148 0.9931
vn 0.0243 -0.1108 0.9935
vn 0.9184 0.3956 -0.0000
vn 0.9247 0.3807 -0.0000
vn -0.0244 0.1104 -0.9936
vn -0.0248 0.1150 -0.9931
vn 0.0279 -0.1081 0.9938
vn 0.0279 -0.1079 0.9938
vn -1.0000 -0.0030 -0.0000
vn -0.9999 -0.0125 -0.0000
vn -0.0281 0.1088 -0.9937
vn -0.0280 0.1088 -0.9937
vn 0.9459 0.3246 -0.0000
vn 0.9439 0.3302 -0.0000
vn 0.0279 -0.1086 0.9937
vn -0.9977 -0.0672 -0.0000
vn -0.9988 -0.0483 -0.0000
vn -0.0282 0.1086 -0.9937
vn -0.0282 0.1087 -0.9937
vn 0.9423 0.3349 -0.0000
vn 0.9442 0.3294 -0.0000
vn 0.0279 -0.1094 0.9936
vn 0.0279 -0.1088 0.9937
vn -0.9947 -0.1033 -0.0000
vn -0.9930 -0.1178 -0.0000
vn -0.0281 0.1075 -0.9938
vn -0.0281 0.1078 -0.9938
vn 0.9032 0.4293 -0.0000
vn 0.8942 0.4478 -0.0000
vn 0.0280 -0.1079 0.9938
vn 0.0281 -0.1082 0.9937
vn -0.9984 -0.0567 -0.0000
vn -0.9988 -0.0489 -0.0000
vn -0.0281 0.1080 -0.9938
vn -0.0281 0.1076 -0.9938
vn 0.8855 0.4647 -0.0000
vn 0.8904 0.4551 -0.0000
vn 0.0281 -0.1087 0.9937
vn 0.0277 -0.1071 0.9939
vn -0.9543 0.2987 -0.0001
vn -0.9666 0.2563 -0.0000
vn -0.0277 0.1071 -0.9939
vn -0.0281 0.1087 -0.9937
vn 0.5639 0.8258 -0.0001
vn 0.5169 0.8561 -0.0001
vn 0.0262 -0.0979 0.9949
vn 0.0254 -0.0950 0.9952
vn -0.9709 0.2394 -0.0001
vn -0.9578 0.2874 -0.0001
vn -0.0254 0.0950 -0.9952
vn -0.0262 0.0979 -0.9949
vn 0.1708 0.9853 -0.0001
vn 0.2035 0.9791 -0.0001
vn 0.0295 -0.1122 0.9932
vn 0.0305 -0.1143 0.9930
vn -0.9961 0.0880 -0.0000
vn -0.9985 0.0541 -0.0000
vn -0.0305 0.1143 -0.9930
vn -0.0295 0.1122 -0.9932
vn 0.6784 -0.7347 -0.0000
vn 0.6844 -0.7291 -0.0000
vn 0.0282 -0.1088 0.9937
vn 0.0286 -0.1099 0.9935
vn -0.9938 0.1116 -0.0000
vn -0.9911 0.1330 -0.0000
vn -0.0286 0.1099 -0.9935
vn -0.0282 0.1088 -0.9937
vn 0.8388 -0.5444 0.0001
vn 0.8446 -0.5354 0.0001
vn 0.0274 -0.1092 0.9936
vn 0.0275 -0.1088 0.9937
vn -1.0000 0.0002 -0.0000
vn -1.0000 -0.0053 -0.0000
vn -0.0275 0.1088 -0.9937
vn -0.0274 0.1092 -0.9936
vn 0.8817 -0.4717 0.0001
vn 0.8807 -0.4738 0.0001
vn 0.0270 -0.1085 0.9937
vn 0.0270 -0.1082 0.9938
vn -0.9978 0.0663 -0.0000
vn -0.9981 0.0622 -0.0000
vn -0.0270 0.1078 -0.9938
vn -0.0270 0.1080 -0.9938
vn 0.9867 0.1626 -0.0000
vn 0.9685 0.2491 -0.0000
vn 0.0267 -0.1050 0.9941
vn 0.0268 -0.1043 0.9942
vn -0.9765 0.2156 -0.0000
vn -0.9790 0.2041 -0.0000
vn -0.0271 0.1055 -0.9941
vn -0.0269 0.1055 -0.9941
vn 0.5785 0.8157 -0.0001
vn 0.5701 0.8216 -0.0001
vn 0.0270 -0.1034 0.9943
vn 0.0270 -0.1032 0.9943
vn -0.8337 0.5522 -0.0000
vn -0.8468 0.5319 -0.0000
vn -0.0277 0.1043 -0.9942
vn -0.0276 0.1040 -0.9942
vn 0.7042 0.7100 -0.0000
vn 0.7376 0.6753 -0.0000
vn 0.0267 -0.1052 0.9941
vn 0.0267 -0.1053 0.9941
vn -0.9184 0.3955 -0.0000
vn -0.8919 0.4522 -0.0000
vn -0.0271 0.1028 -0.9943
vn -0.0272 0.1028 -0.9943
vn 0.9882 0.1535 -0.0000
vn 0.9864 0.1645 -0.0000
vn 0.0263 -0.1058 0.9940
vn 0.0263 -0.1051 0.9941
vn -0.8550 -0.5187 -0.0000
vn -0.8460 -0.5331 -0.0000
vn -0.0263 0.1047 -0.9942
vn -0.0261 0.1054 -0.9941
vn 0.7765 0.6302 -0.0000
vn 0.7583 0.6519 -0.0000
vn 0.0264 -0.1039 0.9942
vn 0.0265 -0.1036 0.9943
vn -0.9492 -0.3146 -0.0000
vn -0.9439 -0.3304 -0.0000
vn -0.0265 0.1036 -0.9943
vn -0.0264 0.1039 -0.9942
vn 0.7167 0.6974 -0.0000
vn 0.7239 0.6899 -0.0000
vn 0.0265 -0.1030 0.9943
vn 0.0264 -0.1029 0.9943
vn -1.0000 0.0046 -0.0000
vn -0.9998 -0.0200 -0.0000
vn -0.0264 0.1029 -0.9943
vn -0.0265 0.1030 -0.9943
vn 0.8791 0.4766 -0.0000
vn 0.8915 0.4530 -0.0000
vn 0.0262 -0.1018 0.9945
vn 0.0262 -0.1013 0.9945
vn -0.9515 0.3078 -0.0000
vn -0.9536 0.3012 -0.0000
vn -0.0262 0.1016 -0.9945
vn -0.0262 0.1020 -0.9944
vn 0.8843 0.4670 -0.0000
vn 0.8784 0.4780 -0.0000
vn 0.0261 -0.1001 0.9946
vn -0.9402 0.3406 -0.0000
vn -0.0261 0.1007 -0.9946
vn 0.8515 0.5244 -0.0000
vn -0.0342 -0.0667 0.9972
vn -0.0343 -0.0668 0.9972
vn -0.0362 -0.0689 0.9970
vn -0.0361 -0.0687 0.9970
vn 0.0371 0.0668 -0.9971
vn 0.0372 0.0687 -0.9969
vn -0.6105 -0.7920 -0.0000
vn 0.6842 -0.7293 -0.0000
vn 0.6860 -0.7276 -0.0000
vn 0.6959 -0.7182 -0.0000
vn 0.6991 -0.7151 -0.0000
vn -0.9083 0.4182 -0.0000
vn -0.9109 0.4127 -0.0000
vn -0.9128 0.4083 -0.0000
vn -0.9147 0.4041 -0.0000
vn -0.0388 -0.0727 0.9966
vn 0.7093 -0.7049 -0.0000
vn 0.0388 0.0727 -0.9966
vn -0.8725 0.4887 -0.0000
vn 0.0388 0.0695 -0.9968
vn 0.0390 0.0702 -0.9968
vn 0.7310 -0.6824 -0.0000
vn 0.7298 -0.6836 -0.0000
vn -0.0395 -0.0716 0.9967
vn -0.0396 -0.0718 0.9966
vn -0.8325 0.5541 -0.0000
vn -0.8389 0.5443 -0.0000
vn 0.0403 0.0740 -0.9964
vn 0.0403 0.0741 -0.9964
vn 0.7133 -0.7009 -0.0000
vn 0.7132 -0.7010 -0.0000
vn -0.0410 -0.0743 0.9964
vn -0.0407 -0.0737 0.9965
vn -0.8366 0.5478 -0.0000
vn -0.8306 0.5569 -0.0000
vn 0.0426 0.0775 -0.9961
vn 0.0427 0.0777 -0.9961
vn 0.5749 -0.8182 -0.0001
vn 0.5650 -0.8251 -0.0001
vn -0.0428 -0.0770 0.9961
vn -0.0430 -0.0772 0.9961
vn -0.9390 0.3439 -0.0000
vn -0.9351 0.3544 -0.0000
vn 0.0439 0.0787 -0.9959
vn 0.0440 0.0787 -0.9959
vn 0.5187 -0.8549 -0.0001
vn 0.5213 -0.8534 -0.0001
vn -0.0446 -0.0789 0.9959
vn -0.0443 -0.0786 0.9959
vn -0.9382 0.3460 -0.0000
vn -0.9411 0.3381 -0.0000
vn 0.0456 0.0802 -0.9957
vn 0.0460 0.0807 -0.9957
vn 0.6308 -0.7759 -0.0000
vn 0.6398 -0.7685 -0.0000
vn -0.0464 -0.0811 0.9956
vn -0.0460 -0.0806 0.9957
vn -0.9251 0.3798 -0.0000
vn -0.9235 0.3836 -0.0000
vn 0.0487 0.0851 -0.9952
vn 0.0491 0.0859 -0.9951
vn 0.5298 -0.8481 -0.0001
vn 0.5068 -0.8620 -0.0001
vn -0.0479 -0.0821 0.9955
vn -0.0477 -0.0820 0.9955
vn -0.9221 0.3870 -0.0000
vn -0.9241 0.3822 -0.0000
vn 0.0495 0.0861 -0.9951
vn 0.0492 0.0855 -0.9951
vn 0.6737 -0.7390 -0.0000
vn 0.7189 -0.6951 -0.0000
vn -0.0508 -0.0866 0.9949
vn -0.0506 -0.0862 0.9950
vn -0.9769 0.2136 -0.0000
vn -0.9717 0.2361 -0.0000
vn 0.0507 0.0879 -0.9948
vn 0.0503 0.0873 -0.9949
vn 0.8859 -0.4638 -0.0000
vn 0.8642 -0.5032 -0.0000
vn -0.0516 -0.0886 0.9947
vn -0.0516 -0.0885 0.9947
vn -0.9970 0.0770 -0.0001
vn -0.9972 0.0744 -0.0001
vn 0.0513 0.0892 -0.9947
vn 0.0512 0.0890 -0.9947
vn 0.7077 -0.7065 -0.0000
vn 0.7215 -0.6924 -0.0000
vn -0.0516 -0.0892 0.9947
vn -0.9537 0.3008 -0.0000
vn -0.9605 0.2783 -0.0000
vn 0.0532 0.0923 -0.9943
vn 0.0537 0.0931 -0.9942
vn 0.5149 -0.8572 -0.0000
vn 0.4831 -0.8755 -0.0001
vn -0.0536 -0.0925 0.9943
vn -0.0535 -0.0923 0.9943
vn -0.9172 0.3983 -0.0000
vn -0.9144 0.4048 -0.0000
vn 0.0518 0.0892 -0.9947
vn 0.0520 0.0896 -0.9946
vn 0.8916 -0.4528 -0.0000
vn 0.9296 -0.3685 -0.0000
vn -0.0522 -0.0895 0.9946
vn -0.0521 -0.0894 0.9946
vn -0.9480 0.3183 -0.0000
vn 0.0497 0.0861 -0.9950
vn 0.0496 0.0857 -0.9951
vn 0.9755 0.2199 0.0001
vn 0.9780 0.2086 0.0001
vn -0.0500 -0.0867 0.9950
vn -0.9294 0.3690 -0.0000
vn -0.9348 0.3551 -0.0000
vn 0.0557 0.0943 -0.9940
vn 0.0556 0.0940 -0.9940
vn 0.0568 0.0984 -0.9935
vn 0.0580 0.1021 -0.9931
vn 0.0548 -0.9985 -0.0001
vn 0.0305 -0.9995 -0.0001
vn 0.6368 -0.7711 -0.0000
vn 0.6457 -0.7636 -0.0000
vn -0.0584 -0.1028 0.9930
vn -0.0575 -0.0998 0.9933
vn -0.0557 -0.0941 0.9940
vn -0.0559 -0.0947 0.9939
vn -0.7615 0.6482 -0.0000
vn -0.7727 0.6348 -0.0000
vn -0.8689 0.4951 -0.0000
vn -0.8678 0.4969 -0.0000
vn 0.0557 0.0937 -0.9940
vn 0.8293 -0.5588 -0.0000
vn 0.8469 -0.5318 -0.0000
vn -0.0557 -0.0937 0.9940
vn -0.8626 0.5059 -0.0000
vn -0.8639 0.5036 -0.0000
vn 0.2708 -0.9626 -0.0001
vn 0.3369 -0.9415 -0.0001
vn 0.0550 0.0980 -0.9937
vn 0.0535 0.0952 -0.9940
vn -0.7873 0.6165 -0.0000
vn -0.7771 0.6294 -0.0000
vn -0.0530 -0.0944 0.9941
vn -0.0547 -0.0974 0.9937
vn 0.0556 0.0937 -0.9940
vn 0.9586 -0.2847 0.0001
vn 0.9609 -0.2769 0.0001
vn -0.0556 -0.0937 0.9940
vn -0.8264 0.5632 -0.0000
vn -0.8299 0.5579 -0.0000
vn 0.0559 0.0950 -0.9939
vn 0.0558 0.0947 -0.9939
vn 0.9364 -0.3510 -0.0000
vn 0.9281 -0.3723 -0.0000
vn -0.0558 -0.0946 0.9940
vn -0.0557 -0.0945 0.9940
vn -0.8208 0.5712 -0.0000
vn -0.8182 0.5750 -0.0000
vn 0.0564 0.0956 -0.9938
vn 0.0563 0.0950 -0.9939
vn 0.8994 -0.4371 -0.0000
vn 0.9064 -0.4224 -0.0000
vn -0.0563 -0.0950 0.9939
vn -0.0563 -0.0953 0.9939
vn -0.6876 0.7261 -0.0000
vn -0.7081 0.7061 -0.0000
vn 0.0564 0.0944 -0.9939
vn 0.0567 0.0949 -0.9939
vn 0.9377 -0.3475 -0.0000
vn 0.9362 -0.3515 -0.0000
vn -0.0567 -0.0951 0.9938
vn -0.0566 -0.0949 0.9939
vn -0.6449 0.7643 -0.0000
vn -0.6350 0.7725 -0.0000
vn 0.0575 0.0962 -0.9937
vn 0.0563 0.0939 -0.9940
vn 1.0000 -0.0035 -0.0000
vn 0.9992 0.0408 -0.0000
vn -0.0560 -0.0936 0.9940
vn -0.0571 -0.0957 0.9938
vn -0.0848 0.9964 0.0001
vn -0.1332 0.9911 0.0001
vn 0.0527 0.0849 -0.9950
vn 0.0504 0.0807 -0.9955
vn 0.9974 0.0722 -0.0000
vn 0.9996 0.0296 -0.0000
vn -0.0512 -0.0823 0.9953
vn -0.0533 -0.0862 0.9949
vn 0.2196 0.9756 0.0001
vn 0.2376 0.9714 0.0001
vn 0.0600 0.0995 -0.9932
vn 0.0630 0.1041 -0.9926
vn 0.9967 -0.0816 -0.0000
vn 0.9989 -0.0474 -0.0000
vn -0.0630 -0.1041 0.9926
vn -0.0600 -0.0995 0.9932
vn -0.7618 -0.6479 -0.0001
vn -0.7587 -0.6514 -0.0001
vn 0.0585 0.0986 -0.9934
vn 0.0588 0.0984 -0.9934
vn 0.9985 0.0552 -0.0000
vn -0.0588 -0.0984 0.9934
vn -0.0585 -0.0986 0.9934
vn -0.8719 -0.4897 -0.0000
vn -0.8687 -0.4953 -0.0000
vn 0.0580 0.1020 -0.9931
vn 0.0581 0.1007 -0.9932
vn 1.0000 -0.0023 -0.0000
vn 1.0000 0.0069 -0.0000
vn -0.0581 -0.1007 0.9932
vn -0.0580 -0.1023 0.9931
vn -0.8961 -0.4438 -0.0000
vn -0.8969 -0.4422 -0.0000
vn 0.0575 0.1014 -0.9932
vn 0.0575 0.1012 -0.9932
vn 0.9928 0.1196 -0.0000
vn 0.9920 0.1259 -0.0000
vn -0.0570 -0.0991 0.9934
vn -0.0569 -0.0990 0.9935
vn -0.9678 0.2519 -0.0000
vn -0.9878 0.1557 -0.0000
vn 0.0569 0.0964 -0.9937
vn 0.0569 0.0952 -0.9938
vn 0.9524 0.3047 -0.0000
vn 0.9493 0.3142 -0.0000
vn -0.0555 -0.0923 0.9942
vn -0.0552 -0.0910 0.9943
vn -0.3971 0.9178 -0.0000
vn -0.4031 0.9151 -0.0000
vn 0.0568 0.0926 -0.9941
vn 0.0568 0.0916 -0.9942
vn 0.7970 0.6040 -0.0000
vn 0.7894 0.6139 -0.0000
vn -0.0565 -0.0973 0.9936
vn -0.0565 -0.0976 0.9936
vn -0.7116 0.7026 -0.0000
vn -0.6593 0.7519 -0.0000
vn 0.0562 0.0999 -0.9934
vn 0.0562 0.1000 -0.9934
vn 0.8378 0.5460 -0.0000
vn -0.0562 -0.0998 0.9934
vn -0.0562 -0.1001 0.9934
vn -0.9998 0.0213 -0.0000
vn -0.9999 0.0101 -0.0000
vn 0.0558 0.1011 -0.9933
vn 0.0558 0.1008 -0.9933
vn 0.9044 -0.4268 -0.0000
vn 0.9128 -0.4084 -0.0000
vn -0.0558 -0.1011 0.9933
vn -0.8048 0.5935 -0.0000
vn -0.8262 0.5634 -0.0000
vn 0.0558 0.1006 -0.9934
vn 0.0558 0.1004 -0.9934
vn 0.9774 -0.2112 -0.0000
vn 0.9807 -0.1954 -0.0000
vn -0.0558 -0.1004 0.9934
vn -0.0558 -0.1006 0.9934
vn -0.7750 0.6320 -0.0000
vn -0.7653 0.6437 -0.0000
vn 0.0561 0.0987 -0.9935
vn 0.0562 0.0983 -0.9936
vn 0.9978 0.0661 -0.0000
vn 0.9964 0.0852 -0.0000
vn -0.0562 -0.0983 0.9936
vn -0.0561 -0.0987 0.9935
vn -0.9284 0.3716 -0.0000
vn -0.9180 0.3966 -0.0000
vn 0.0571 0.0989 -0.9935
vn 0.0572 0.0991 -0.9934
vn 0.9467 0.3220 -0.0000
vn 0.9452 0.3265 -0.0000
vn -0.0572 -0.0991 0.9934
vn -0.0572 -0.0990 0.9934
vn -0.9048 0.4259 -0.0000
vn -0.9105 0.4134 -0.0000
vn 0.0577 0.1016 -0.9931
vn 0.9359 0.3522 -0.0000
vn -0.0577 -0.1016 0.9931
vn -0.8800 0.4750 -0.0000
vn -0.0402 0.0694 -0.9968
vn -0.0405 0.0697 -0.9967
vn -0.0390 0.0686 -0.9969
vn -0.0395 0.0691 -0.9968
vn -0.8442 0.5360 -0.0000
vn 0.0379 -0.0678 0.9970
vn 0.0373 -0.0672 0.9970
vn 0.0404 -0.0697 0.9967
vn 0.0402 -0.0694 0.9968
vn 0.7089 -0.7053 -0.0000
vn -0.4602 -0.8878 -0.0000
vn -0.4581 -0.8889 -0.0000
vn -0.4789 -0.8779 -0.0000
vn -0.4748 -0.8801 -0.0000
vn 0.8196 0.5730 -0.0000
vn 0.8149 0.5796 -0.0000
vn 0.8264 0.5631 -0.0000
vn 0.8229 0.5682 -0.0000
vn -0.0363 0.0641 -0.9973
vn -0.4944 -0.8692 -0.0000
vn 0.0363 -0.0641 0.9973
vn 0.7526 0.6585 -0.0000
vn 0.0355 -0.0661 0.9972
vn 0.0362 -0.0670 0.9971
vn -0.5251 -0.8510 -0.0000
vn -0.5268 -0.8500 -0.0000
vn -0.0412 0.0701 -0.9967
vn -0.0402 0.0692 -0.9968
vn 0.6948 0.7192 -0.0000
vn 0.6854 0.7282 -0.0000
vn 0.0404 -0.0697 0.9968
vn -0.4999 -0.8661 -0.0000
vn -0.5003 -0.8659 -0.0000
vn -0.0393 0.0651 -0.9971
vn -0.0404 0.0667 -0.9970
vn 0.6833 0.7301 -0.0000
vn 0.6914 0.7225 -0.0000
vn 0.0430 -0.0692 0.9967
vn 0.0433 -0.0692 0.9967
vn -0.2985 -0.9544 -0.0000
vn -0.3090 -0.9511 -0.0000
vn -0.0447 0.0692 -0.9966
vn -0.0439 0.0685 -0.9967
vn 0.8634 0.5045 -0.0000
vn 0.8695 0.4939 -0.0000
vn 0.0474 -0.0731 0.9962
vn 0.0481 -0.0740 0.9961
vn -0.2390 -0.9710 -0.0000
vn -0.2369 -0.9715 -0.0000
vn -0.0475 0.0717 -0.9963
vn -0.0473 0.0716 -0.9963
vn 0.8679 0.4967 -0.0000
vn 0.8620 0.5070 -0.0000
vn 0.0495 -0.0746 0.9960
vn -0.3730 -0.9278 -0.0000
vn -0.3639 -0.9315 -0.0000
vn -0.0495 0.0746 -0.9960
vn -0.0493 0.0742 -0.9960
vn 0.8191 0.5736 -0.0000
vn 0.8212 0.5706 -0.0000
vn 0.0530 -0.0781 0.9955
vn 0.0544 -0.0797 0.9953
vn -0.2075 -0.9782 -0.0000
vn -0.2295 -0.9733 -0.0000
vn -0.0552 0.0808 -0.9952
vn -0.0538 0.0793 -0.9954
vn 0.8063 0.5915 -0.0000
vn 0.8017 0.5978 -0.0000
vn 0.0538 -0.0781 0.9955
vn 0.0531 -0.0771 0.9956
vn -0.4477 -0.8942 -0.0000
vn -0.3960 -0.9183 -0.0000
vn -0.0523 0.0754 -0.9958
vn -0.0533 0.0769 -0.9956
vn 0.8957 0.4447 -0.0000
vn 0.9075 0.4200 -0.0000
vn 0.0541 -0.0779 0.9955
vn 0.0539 -0.0777 0.9955
vn -0.6640 -0.7477 -0.0000
vn -0.6989 -0.7152 -0.0000
vn -0.0530 0.0762 -0.9957
vn -0.0534 0.0767 -0.9956
vn 0.9642 0.2652 -0.0000
vn 0.9631 0.2691 -0.0000
vn 0.0549 -0.0781 0.9954
vn 0.0545 -0.0775 0.9955
vn -0.4347 -0.9006 -0.0000
vn -0.4184 -0.9083 -0.0000
vn -0.0577 0.0811 -0.9950
vn -0.0574 0.0810 -0.9951
vn 0.8497 0.5273 -0.0000
vn 0.8348 0.5506 -0.0000
vn 0.0593 -0.0826 0.9948
vn 0.0614 -0.0850 0.9945
vn -0.1620 -0.9868 -0.0000
vn -0.1903 -0.9817 -0.0000
vn -0.0605 0.0827 -0.9947
vn -0.0598 0.0823 -0.9948
vn 0.7400 0.6726 -0.0000
vn 0.7447 0.6674 -0.0000
vn 0.0593 -0.0810 0.9949
vn 0.0587 -0.0801 0.9951
vn -0.7623 -0.6473 -0.0000
vn -0.6972 -0.7169 -0.0000
vn -0.0575 0.0779 -0.9953
vn -0.0580 0.0786 -0.9952
vn 0.8034 0.5954 -0.0000
vn 0.8062 0.5916 -0.0000
vn 0.0551 -0.0753 0.9956
vn 0.0555 -0.0755 0.9956
vn -1.0000 -0.0047 -0.0001
vn -0.9999 0.0103 -0.0001
vn -0.0553 0.0749 -0.9957
vn -0.0549 0.0750 -0.9957
vn 0.7659 0.6430 -0.0000
vn 0.7546 0.6562 -0.0000
vn 0.0636 -0.0830 0.9945
vn 0.0636 -0.0826 0.9946
vn 0.0643 -0.0849 0.9943
vn 0.0688 -0.0922 0.9934
vn 0.2361 -0.9717 0.0001
vn 0.2215 -0.9752 0.0001
vn -0.3303 -0.9439 -0.0000
vn -0.3215 -0.9469 -0.0000
vn -0.0688 0.0922 -0.9934
vn -0.0643 0.0849 -0.9943
vn -0.0636 0.0826 -0.9946
vn -0.0636 0.0830 -0.9945
vn 0.4650 0.8853 -0.0000
vn 0.4510 0.8925 -0.0000
vn 0.6166 0.7873 -0.0000
vn 0.6182 0.7860 -0.0000
vn 0.0639 -0.0817 0.9946
vn 0.0639 -0.0814 0.9946
vn -0.6010 -0.7992 -0.0000
vn -0.5750 -0.8181 -0.0000
vn -0.0639 0.0814 -0.9946
vn -0.0639 0.0817 -0.9946
vn 0.6074 0.7944 -0.0000
vn 0.6051 0.7961 -0.0000
vn -0.0135 -0.9999 0.0001
vn 0.0396 -0.9992 0.0001
vn 0.0639 -0.0871 0.9942
vn 0.0595 -0.0815 0.9949
vn 0.4766 0.8791 -0.0000
vn 0.4895 0.8720 -0.0000
vn -0.0595 0.0815 -0.9949
vn -0.0639 0.0871 -0.9941
vn 0.0637 -0.0800 0.9948
vn 0.0635 -0.0797 0.9948
vn -0.8249 -0.5652 -0.0000
vn -0.8188 -0.5741 -0.0000
vn -0.0635 0.0797 -0.9948
vn -0.0637 0.0800 -0.9948
vn 0.5490 0.8358 -0.0000
vn 0.5441 0.8390 -0.0000
vn 0.0645 -0.0802 0.9947
vn 0.0650 -0.0808 0.9946
vn -0.7787 -0.6274 -0.0000
vn -0.7923 -0.6101 -0.0000
vn -0.0651 0.0809 -0.9946
vn -0.0645 0.0802 -0.9947
vn 0.5392 0.8422 -0.0000
vn 0.5440 0.8391 -0.0000
vn 0.0674 -0.0829 0.9943
vn 0.0671 -0.0821 0.9944
vn -0.7497 -0.6618 -0.0000
vn -0.7381 -0.6747 -0.0000
vn -0.0671 0.0821 -0.9944
vn -0.0674 0.0829 -0.9943
vn 0.4366 0.8996 -0.0000
vn 0.4192 0.9079 -0.0000
vn 0.0672 -0.0811 0.9944
vn 0.0676 -0.0814 0.9944
vn -0.7865 -0.6176 -0.0000
vn -0.7922 -0.6103 -0.0000
vn -0.0676 0.0814 -0.9944
vn -0.0672 0.0811 -0.9944
vn 0.3994 0.9168 -0.0000
vn 0.4086 0.9127 -0.0000
vn 0.0684 -0.0820 0.9943
vn 0.0673 -0.0809 0.9944
vn -0.9720 -0.2351 -0.0001
vn -0.9586 -0.2847 -0.0000
vn -0.0674 0.0809 -0.9944
vn -0.0684 0.0819 -0.9943
vn -0.0868 0.9962 -0.0000
vn -0.1265 0.9920 -0.0000
vn 0.0621 -0.0746 0.9953
vn 0.0600 -0.0728 0.9955
vn -0.9534 -0.3016 -0.0000
vn -0.9694 -0.2455 -0.0000
vn -0.0616 0.0741 -0.9953
vn -0.0640 0.0762 -0.9950
vn -0.4369 0.8995 -0.0001
vn -0.4160 0.9094 -0.0000
vn 0.0729 -0.0848 0.9937
vn 0.0742 -0.0858 0.9935
vn -0.8815 -0.4721 -0.0000
vn -0.8615 -0.5078 -0.0000
vn -0.0753 0.0863 -0.9934
vn -0.0710 0.0821 -0.9941
vn 0.9496 -0.3134 -0.0000
vn 0.9521 -0.3059 -0.0000
vn 0.0749 -0.0878 0.9933
vn 0.0741 -0.0866 0.9935
vn -0.8938 -0.4485 -0.0000
vn -0.9056 -0.4240 -0.0000
vn -0.0722 0.0842 -0.9938
vn -0.0742 0.0869 -0.9934
vn 0.9978 -0.0658 -0.0000
vn 0.9985 -0.0539 -0.0000
vn 0.0730 -0.0863 0.9936
vn 0.0738 -0.0870 0.9935
vn -0.8270 -0.5622 -0.0000
vn -0.8230 -0.5681 -0.0000
vn -0.0737 0.0869 -0.9935
vn -0.0734 0.0866 -0.9935
vn 0.9997 0.0256 -0.0000
vn 0.9997 0.0229 -0.0000
vn 0.0712 -0.0837 0.9939
vn 0.0710 -0.0834 0.9940
vn -0.8689 -0.4949 -0.0000
vn -0.8664 -0.4994 -0.0000
vn -0.0738 0.0880 -0.9934
vn -0.0736 0.0877 -0.9934
vn 0.7067 0.7076 -0.0000
vn 0.6346 0.7728 -0.0000
vn 0.0699 -0.0810 0.9943
vn 0.0704 -0.0812 0.9942
vn -0.9439 -0.3301 -0.0000
vn -0.9389 -0.3441 -0.0000
vn -0.0716 0.0842 -0.9939
vn -0.0740 0.0883 -0.9933
vn -0.0659 0.9978 -0.0001
vn -0.0734 0.9973 -0.0001
vn 0.0726 -0.0832 0.9939
vn 0.0723 -0.0826 0.9940
vn -0.9970 0.0770 -0.0000
vn -0.9988 0.0490 -0.0000
vn -0.0682 0.0782 -0.9946
vn -0.0689 0.0791 -0.9945
vn 0.0969 0.9953 -0.0001
vn 0.1432 0.9897 -0.0000
vn 0.0740 -0.0861 0.9935
vn 0.0736 -0.0856 0.9936
vn -0.9939 -0.1107 -0.0000
vn -0.9992 -0.0409 -0.0000
vn -0.0757 0.0888 -0.9932
vn 0.7098 0.7044 -0.0000
vn 0.7002 0.7139 -0.0000
vn 0.0716 -0.0826 0.9940
vn 0.0750 -0.0866 0.9934
vn -0.3355 -0.9420 -0.0000
vn -0.3190 -0.9478 -0.0000
vn -0.0728 0.0842 -0.9938
vn -0.0746 0.0876 -0.9934
vn 0.1974 0.9803 -0.0000
vn 0.1722 0.9851 -0.0000
vn 0.0756 -0.0872 0.9933
vn 0.0740 -0.0850 0.9936
vn -0.5599 -0.8286 -0.0000
vn -0.5437 -0.8393 -0.0000
vn -0.0724 0.0830 -0.9939
vn -0.0722 0.0829 -0.9939
vn 0.1100 0.9939 -0.0000
vn 0.1192 0.9929 -0.0000
vn 0.0745 -0.0851 0.9936
vn 0.0753 -0.0860 0.9935
vn -0.8307 -0.5567 -0.0000
vn -0.8119 -0.5838 -0.0000
vn -0.0753 0.0860 -0.9935
vn -0.0745 0.0851 -0.9936
vn 0.3852 0.9229 -0.0000
vn 0.4115 0.9114 -0.0000
vn 0.0773 -0.0872 0.9932
vn 0.0773 -0.0871 0.9932
vn -0.9747 -0.2236 -0.0000
vn -0.9725 -0.2327 -0.0000
vn -0.0772 0.0870 -0.9932
vn -0.0773 0.0873 -0.9932
vn 0.3960 0.9183 -0.0000
vn 0.3830 0.9237 -0.0000
vn 0.0766 -0.0853 0.9934
vn -0.9827 -0.1853 -0.0000
vn -0.0766 0.0853 -0.9934
vn 0.3292 0.9443 -0.0000
vn -0.7472 0.1654 -0.6437
vn 0.0007 0.2787 -0.9604
vn 0.0028 0.5999 -0.8001
vn -0.6509 0.4403 -0.6184
vn -0.7477 0.6640 -0.0000
vn 0.0921 -0.0301 0.9953
vn -0.0001 -0.0313 0.9995
vn -0.0000 -0.0188 0.9998
vn 0.1120 -0.0148 0.9936
vn -0.0563 -0.9984 -0.0000
vn -0.0474 -0.9989 -0.0000
vn -0.5061 -0.8625 -0.0000
vn -0.9519 0.3065 -0.0000
vn -0.9519 0.3065 0.0001
vn -0.9645 0.2639 -0.0000
vn 0.8650 0.5017 -0.0000
vn 0.9492 0.3146 -0.0000
vn 0.4701 -0.8826 -0.0000
vn -0.1268 -0.0212 0.9917
vn -0.0939 -0.0553 0.9940
vn 0.8022 0.5971 -0.0000
vn 0.6188 0.5494 -0.5615
vn 0.7838 0.1934 -0.5901
vn 0.6105 0.0467 -0.7907
vn 0.5154 0.1159 -0.8491
vn 0.4490 0.7385 -0.5031
vn 0.6484 0.4890 -0.5835
vn -0.5071 0.3031 -0.8068
vn -0.4572 0.7388 -0.4952
vn 0.0012 0.7509 -0.6604
vn -0.0017 0.2025 -0.9793
vn -0.5508 0.8347 -0.0000
vn -0.4451 0.8955 -0.0000
vn -0.4346 0.9006 -0.0000
vn 0.0471 -0.0289 0.9985
vn -0.0001 -0.0308 0.9995
vn 0.0014 -0.0622 0.9981
vn 0.0582 -0.0559 0.9967
vn -0.0542 -0.0422 0.9976
vn -0.0475 -0.0188 0.9987
vn 0.7107 0.7035 -0.0000
vn 0.4479 0.8941 -0.0000
vn 0.4428 0.8966 -0.0000
vn -0.1710 -0.0394 0.9845
vn 0.0001 -0.0462 0.9989
vn 0.1380 -0.0339 0.9899
vn -0.9168 0.3993 -0.0000
vn -0.7616 0.2471 -0.5991
vn -0.0025 0.3659 -0.9307
vn 0.8211 0.2367 -0.5195
vn 0.9379 0.3468 -0.0000
vn -0.2134 -0.1374 0.9672
vn 0.0116 -0.1456 0.9893
vn 0.1708 -0.1469 0.9743
vn -0.7686 0.6397 -0.0000
vn -0.0184 0.7717 -0.6358
vn -0.6715 0.5777 -0.4640
vn 0.7634 0.4916 -0.4190
vn 0.8789 0.4770 -0.0000
vn 0.3677 -0.7999 -0.4744
vn 0.4290 -0.8048 -0.4102
vn 0.5814 -0.2813 -0.7635
vn 0.5061 -0.2217 -0.8335
vn -0.4208 -0.8109 -0.4066
vn -0.5578 -0.3161 -0.7674
vn -0.0108 -0.2183 -0.9758
vn -0.0123 -0.8304 -0.5571
vn -0.3141 -0.9494 -0.0000
vn -0.3139 -0.9495 -0.0000
vn -0.6233 -0.7820 -0.0000
vn 0.0531 0.0759 0.9957
vn 0.0007 0.1259 0.9920
vn 0.0001 0.0320 0.9995
vn 0.0438 0.0115 0.9990
vn -0.0447 0.0089 0.9990
vn -0.0561 0.1005 0.9934
vn 0.3262 -0.9453 -0.0001
vn 0.3262 -0.9453 -0.0000
vn 0.5615 -0.8275 -0.0000
vn 0.4242 -0.8489 -0.3155
vn -0.3823 -0.8788 -0.2857
vn -0.0004 -0.9426 -0.3338
vn -0.3994 -0.8694 -0.2908
vn -0.2665 -0.9638 -0.0000
vn -0.0003 0.1957 0.9807
vn 0.0685 0.2086 0.9756
vn -0.0678 0.1822 0.9809
vn 0.3938 -0.9192 -0.0000
vn 0.3242 0.8798 -0.3475
vn 0.3778 0.9259 -0.0000
vn -0.0740 -0.1119 0.9910
vn 0.0789 -0.0721 0.9943
vn -0.6032 0.7976 -0.0000
vn -0.3862 0.8329 -0.3963
vn 0.5437 0.0061 -0.8393
vn 0.5426 -0.0006 -0.8400
vn -0.5295 0.0702 -0.8454
vn 0.0053 0.0505 -0.9987
vn -0.8639 0.5037 -0.0000
vn 0.0435 -0.0106 0.9990
vn -0.0010 -0.0118 0.9999
vn -0.0450 -0.0086 0.9989
vn 0.9340 0.3574 -0.0000
vn 0.5073 0.0173 -0.8616
vn 0.5574 0.0419 -0.8292
vn -0.5458 0.0082 -0.8379
vn 0.0008 0.1041 -0.9946
vn -1.0000 0.0086 -0.0000
vn 0.0426 -0.0000 0.9991
vn -0.0001 -0.0015 1.0000
vn -0.0438 -0.0029 0.9990
vn 0.9916 0.1291 -0.0000
vn 0.4302 -0.8450 -0.3176
vn -0.3939 -0.7677 -0.5055
vn -0.5298 -0.2669 -0.8050
vn -0.5404 -0.0343 -0.8407
vn -0.5713 0.0724 -0.8175
vn -0.6264 0.3032 -0.7181
vn -0.5762 0.6972 -0.4265
vt 0.462374 0.006999
vt 0.464803 0.006219
vt 0.467475 0.022869
vt 0.465348 0.023552
vt 0.467180 0.005292
vt 0.469555 0.022058
vt 0.469518 0.004272
vt 0.471603 0.021165
vt 0.471844 0.003224
vt 0.473639 0.020248
vt 0.474190 0.002222
vt 0.475693 0.019370
vt 0.476584 0.001339
vt 0.477789 0.018597
vt 0.479038 0.000641
vt 0.479937 0.017986
vt 0.481548 0.000183
vt 0.482134 0.017585
vt 0.484092 0.000000
vt 0.484362 0.017425
vt 0.486641 0.000104
vt 0.486594 0.017516
vt 0.489164 0.000484
vt 0.488802 0.017849
vt 0.491638 0.001106
vt 0.490969 0.018393
vt 0.494058 0.001914
vt 0.493087 0.019101
vt 0.496434 0.002843
vt 0.495167 0.019914
vt 0.498792 0.003818
vt 0.497231 0.020768
vt 0.501160 0.004766
vt 0.499305 0.021597
vt 0.503565 0.005618
vt 0.501410 0.022344
vt 0.506017 0.006323
vt 0.503557 0.022960
vt 0.508515 0.006843
vt 0.505743 0.023416
vt 0.511046 0.007164
vt 0.507959 0.023697
vt 0.037635 0.425771
vt 0.037827 0.427962
vt 0.029100 0.430223
vt 0.036807 0.423895
vt 0.035423 0.422670
vt 0.033836 0.422145
vt 0.031820 0.422129
vt 0.029331 0.423069
vt 0.026751 0.424679
vt 0.024610 0.427085
vt 0.023536 0.430177
vt 0.024540 0.433285
vt 0.026630 0.435723
vt 0.029177 0.437369
vt 0.031649 0.438337
vt 0.033673 0.438353
vt 0.035278 0.437857
vt 0.036689 0.436632
vt 0.037546 0.434748
vt 0.037781 0.432549
vt 0.037276 0.430248
vt 0.781316 0.071289
vt 0.781220 0.070978
vt 0.782459 0.071232
vt 0.781234 0.070683
vt 0.781358 0.070428
vt 0.781578 0.070235
vt 0.781880 0.070121
vt 0.782239 0.070094
vt 0.782630 0.070162
vt 0.783020 0.070324
vt 0.783374 0.070574
vt 0.783468 0.071004
vt 0.783454 0.071451
vt 0.783326 0.071871
vt 0.783096 0.072220
vt 0.782785 0.072462
vt 0.782426 0.072565
vt 0.782066 0.072513
vt 0.781762 0.072304
vt 0.781575 0.071978
vt 0.781511 0.071605
vt 0.052081 0.415016
vt 0.055466 0.422623
vt 0.046182 0.424159
vt 0.043178 0.418411
vt 0.046506 0.408691
vt 0.038581 0.413963
vt 0.039175 0.404257
vt 0.032906 0.411238
vt 0.030695 0.402217
vt 0.026772 0.410445
vt 0.021837 0.402900
vt 0.020804 0.411572
vt 0.013498 0.406382
vt 0.015565 0.414425
vt 0.006602 0.412414
vt 0.011516 0.418678
vt 0.001946 0.420394
vt 0.009023 0.423916
vt 0.000000 0.429435
vt 0.008370 0.429645
vt 0.001492 0.438563
vt 0.008735 0.435400
vt 0.005743 0.446765
vt 0.010964 0.440757
vt 0.012328 0.453135
vt 0.014796 0.445207
vt 0.020483 0.457030
vt 0.019887 0.448318
vt 0.029296 0.458154
vt 0.025791 0.449742
vt 0.037868 0.456540
vt 0.031958 0.449256
vt 0.045411 0.452478
vt 0.037762 0.446817
vt 0.051295 0.446440
vt 0.042575 0.442602
vt 0.055056 0.439011
vt 0.045862 0.437010
vt 0.056376 0.430845
vt 0.047286 0.430616
vt 0.043388 0.425189
vt 0.040889 0.420463
vt 0.037075 0.416888
vt 0.032462 0.414746
vt 0.027538 0.414136
vt 0.022746 0.415043
vt 0.018505 0.417341
vt 0.015177 0.420787
vt 0.013022 0.425047
vt 0.012167 0.429742
vt 0.012786 0.434474
vt 0.014727 0.438837
vt 0.017880 0.442447
vt 0.022003 0.444955
vt 0.026748 0.446101
vt 0.031700 0.445736
vt 0.036417 0.443821
vt 0.040404 0.440434
vt 0.043131 0.435832
vt 0.044134 0.430531
vt 0.042881 0.425812
vt 0.040526 0.421829
vt 0.037141 0.419030
vt 0.033334 0.417444
vt 0.029427 0.416953
vt 0.025593 0.417474
vt 0.021978 0.419079
vt 0.018900 0.421816
vt 0.016774 0.425530
vt 0.015965 0.429846
vt 0.016558 0.434201
vt 0.018501 0.438025
vt 0.021450 0.440920
vt 0.024996 0.442707
vt 0.028815 0.443412
vt 0.032753 0.443100
vt 0.036639 0.441682
vt 0.040152 0.439029
vt 0.042680 0.435146
vt 0.043563 0.430493
vt 0.041661 0.426449
vt 0.039679 0.423134
vt 0.036668 0.421120
vt 0.033535 0.420366
vt 0.030808 0.420470
vt 0.028303 0.421214
vt 0.025459 0.422140
vt 0.022701 0.423873
vt 0.020578 0.426598
vt 0.019469 0.430003
vt 0.020409 0.433473
vt 0.022421 0.436308
vt 0.025131 0.438164
vt 0.027974 0.439189
vt 0.030492 0.439989
vt 0.033241 0.440152
vt 0.036411 0.439473
vt 0.039479 0.437530
vt 0.041552 0.434264
vt 0.042037 0.430362
vt 0.774761 0.077972
vt 0.771693 0.073231
vt 0.775690 0.073385
vt 0.777599 0.075893
vt 0.770623 0.068260
vt 0.774690 0.070528
vt 0.770877 0.063736
vt 0.774481 0.067634
vt 0.772000 0.059680
vt 0.774955 0.064835
vt 0.773950 0.056077
vt 0.776118 0.062185
vt 0.776748 0.053115
vt 0.778035 0.059852
vt 0.780271 0.051061
vt 0.780676 0.058144
vt 0.784252 0.050137
vt 0.783819 0.057379
vt 0.788332 0.050465
vt 0.787099 0.057747
vt 0.792208 0.051964
vt 0.790165 0.059169
vt 0.795502 0.054605
vt 0.792526 0.061540
vt 0.797885 0.058184
vt 0.793904 0.064535
vt 0.799105 0.062396
vt 0.794207 0.067757
vt 0.799063 0.066880
vt 0.793521 0.070864
vt 0.797798 0.071355
vt 0.792002 0.073652
vt 0.795284 0.075649
vt 0.789758 0.075974
vt 0.791278 0.079357
vt 0.786888 0.077594
vt 0.785794 0.081512
vt 0.783609 0.078196
vt 0.779765 0.081196
vt 0.780345 0.077563
vt 0.777108 0.070675
vt 0.777681 0.072199
vt 0.777190 0.069174
vt 0.777707 0.067885
vt 0.778544 0.066826
vt 0.779656 0.065947
vt 0.781074 0.065309
vt 0.782759 0.065016
vt 0.784586 0.065190
vt 0.786372 0.065875
vt 0.787376 0.067521
vt 0.787873 0.069367
vt 0.787798 0.071214
vt 0.787213 0.072870
vt 0.786249 0.074219
vt 0.784984 0.075209
vt 0.783433 0.075744
vt 0.781698 0.075639
vt 0.780081 0.074789
vt 0.778987 0.073282
vt 0.554848 0.111248
vt 0.568254 0.100359
vt 0.578969 0.113550
vt 0.565563 0.124439
vt 0.580547 0.090374
vt 0.591262 0.103565
vt 0.592965 0.080288
vt 0.603679 0.093479
vt 0.605458 0.070138
vt 0.616173 0.083331
vt 0.617953 0.059985
vt 0.628666 0.073186
vt 0.630374 0.049879
vt 0.641073 0.063113
vt 0.642706 0.039809
vt 0.653295 0.053174
vt 0.657141 0.027963
vt 0.666825 0.041852
vt 0.661960 0.030461
vt 0.671080 0.024227
vt 0.673798 0.038868
vt 0.666490 0.037171
vt 0.688749 0.021580
vt 0.690511 0.037184
vt 0.705751 0.020315
vt 0.706822 0.035548
vt 0.722457 0.019903
vt 0.723018 0.034474
vt 0.743890 0.019817
vt 0.744003 0.033797
vt 0.768388 0.019968
vt 0.767657 0.035180
vt 0.791775 0.021368
vt 0.790803 0.036085
vt 0.808654 0.023115
vt 0.807398 0.037085
vt 0.825098 0.024795
vt 0.823241 0.038994
vt 0.850764 0.028836
vt 0.848393 0.044097
vt 0.865898 0.032257
vt 0.864861 0.046963
vt 0.877355 0.035065
vt 0.878329 0.045833
vt 0.865904 0.418834
vt 0.876309 0.432691
vt 0.824260 0.448372
vt 0.854420 0.407854
vt 0.839984 0.400840
vt 0.824008 0.398478
vt 0.808058 0.401001
vt 0.793693 0.408160
vt 0.782320 0.419256
vt 0.770623 0.433224
vt 0.770899 0.448641
vt 0.773164 0.464048
vt 0.779890 0.477924
vt 0.790355 0.489625
vt 0.808546 0.497694
vt 0.824520 0.499783
vt 0.840481 0.499292
vt 0.856072 0.493999
vt 0.870762 0.478317
vt 0.875833 0.463530
vt 0.877337 0.448104
vt 0.735880 0.115637
vt 0.725400 0.129437
vt 0.683917 0.099673
vt 0.713857 0.140355
vt 0.699382 0.147290
vt 0.683394 0.149565
vt 0.667458 0.146956
vt 0.653132 0.139718
vt 0.641820 0.128561
vt 0.630198 0.114529
vt 0.630558 0.099114
vt 0.632907 0.083719
vt 0.639708 0.069881
vt 0.650237 0.058237
vt 0.668471 0.050266
vt 0.684456 0.048264
vt 0.700414 0.048842
vt 0.715977 0.054219
vt 0.730581 0.069981
vt 0.735572 0.084796
vt 0.736993 0.100230
vt 0.666207 0.011740
vt 0.668524 0.017168
vt 0.658765 0.026429
vt 0.676122 0.046876
vt 0.666404 0.040259
vt 0.676435 0.042567
vt 0.686765 0.005561
vt 0.687376 0.012434
vt 0.692196 0.048255
vt 0.691491 0.043230
vt 0.706380 0.002565
vt 0.705732 0.010104
vt 0.709377 0.048927
vt 0.708091 0.043247
vt 0.726509 0.001406
vt 0.720989 0.010047
vt 0.727708 0.048610
vt 0.722157 0.041602
vt 0.750654 0.000000
vt 0.748168 0.009089
vt 0.750105 0.050363
vt 0.748013 0.042474
vt 0.769753 0.001159
vt 0.769810 0.010199
vt 0.767945 0.050124
vt 0.768518 0.042366
vt 0.788539 0.002566
vt 0.789316 0.012052
vt 0.785506 0.050046
vt 0.787255 0.041934
vt 0.808738 0.004589
vt 0.810802 0.014788
vt 0.804269 0.050866
vt 0.808076 0.042543
vt 0.835097 0.009584
vt 0.830513 0.017132
vt 0.829142 0.051714
vt 0.826855 0.044588
vt 0.852709 0.013930
vt 0.853161 0.020417
vt 0.845714 0.053213
vt 0.848318 0.049412
vt 0.870604 0.019097
vt 0.867592 0.023877
vt 0.864003 0.054805
vt 0.863838 0.051451
vt 0.883215 0.031229
vt 0.879431 0.030081
vt 0.882887 0.049015
vt 0.880611 0.047358
vt 0.517174 0.629216
vt 0.532399 0.621307
vt 0.540172 0.636294
vt 0.524950 0.644194
vt 0.546362 0.614073
vt 0.554141 0.629058
vt 0.560442 0.606757
vt 0.568259 0.621724
vt 0.574562 0.599355
vt 0.582456 0.614283
vt 0.588612 0.591872
vt 0.596627 0.606738
vt 0.602481 0.584299
vt 0.610658 0.599104
vt 0.616110 0.576542
vt 0.624456 0.591456
vt 0.631750 0.566612
vt 0.640055 0.583355
vt 0.637955 0.569933
vt 0.648538 0.563788
vt 0.650432 0.578598
vt 0.642000 0.577153
vt 0.666744 0.560451
vt 0.668738 0.575686
vt 0.683602 0.558651
vt 0.685271 0.573009
vt 0.698338 0.557360
vt 0.699452 0.571813
vt 0.721791 0.556105
vt 0.722336 0.570645
vt 0.744251 0.555631
vt 0.744391 0.570313
vt 0.766410 0.555776
vt 0.766307 0.570247
vt 0.784540 0.556204
vt 0.784229 0.570448
vt 0.804208 0.556954
vt 0.803697 0.571497
vt 0.821758 0.557793
vt 0.821371 0.573028
vt 0.836947 0.559340
vt 0.837864 0.573571
vt 0.848900 0.560353
vt 0.851279 0.570960
vt 0.475423 0.583845
vt 0.485860 0.597678
vt 0.433847 0.613480
vt 0.463913 0.572892
vt 0.449460 0.565911
vt 0.433479 0.563586
vt 0.417534 0.566146
vt 0.403186 0.573339
vt 0.391839 0.584461
vt 0.380174 0.598457
vt 0.380486 0.613873
vt 0.382787 0.629275
vt 0.389545 0.643135
vt 0.400032 0.654096
vt 0.418234 0.661049
vt 0.434202 0.661670
vt 0.450152 0.659710
vt 0.464522 0.655514
vt 0.478221 0.642481
vt 0.485456 0.628519
vt 0.486924 0.613089
vt 0.191311 0.557054
vt 0.180875 0.570888
vt 0.139297 0.541257
vt 0.169367 0.581843
vt 0.154915 0.588825
vt 0.138934 0.591151
vt 0.122989 0.588593
vt 0.108639 0.581402
vt 0.097291 0.570280
vt 0.085625 0.556286
vt 0.085935 0.540869
vt 0.088234 0.525467
vt 0.094991 0.511607
vt 0.105478 0.500644
vt 0.123678 0.493689
vt 0.139647 0.493067
vt 0.155597 0.495026
vt 0.169967 0.499220
vt 0.183668 0.512251
vt 0.190904 0.526214
vt 0.192374 0.541643
vt 0.645923 0.549914
vt 0.647694 0.555913
vt 0.634640 0.564830
vt 0.655106 0.587055
vt 0.640320 0.581054
vt 0.653997 0.582559
vt 0.665562 0.544306
vt 0.665756 0.552015
vt 0.672005 0.586389
vt 0.670215 0.580475
vt 0.684764 0.541185
vt 0.683798 0.548556
vt 0.689394 0.585657
vt 0.687316 0.580353
vt 0.703825 0.540420
vt 0.698785 0.549298
vt 0.706699 0.583096
vt 0.700895 0.576281
vt 0.726374 0.538547
vt 0.723649 0.547221
vt 0.727650 0.583501
vt 0.724697 0.576331
vt 0.744736 0.537367
vt 0.744831 0.545844
vt 0.745044 0.584701
vt 0.745091 0.577581
vt 0.763236 0.536883
vt 0.764553 0.545962
vt 0.762803 0.585207
vt 0.764203 0.577444
vt 0.781206 0.538437
vt 0.782371 0.545145
vt 0.780120 0.583876
vt 0.781538 0.579188
vt 0.803453 0.540171
vt 0.804677 0.547382
vt 0.801523 0.583384
vt 0.803412 0.578112
vt 0.821785 0.542801
vt 0.822953 0.549273
vt 0.819494 0.582258
vt 0.821754 0.578214
vt 0.839919 0.545372
vt 0.837453 0.551019
vt 0.838267 0.582124
vt 0.837376 0.577934
vt 0.854106 0.555633
vt 0.850173 0.555005
vt 0.856207 0.573547
vt 0.853762 0.572144
vt 0.378412 0.839364
vt 0.384130 0.793381
vt 0.398130 0.794706
vt 0.392669 0.840868
vt 0.376413 0.873052
vt 0.390615 0.873399
vt 0.376415 0.926435
vt 0.390413 0.926709
vt 0.375433 0.960068
vt 0.389088 0.960750
vt 0.504963 0.797693
vt 0.537897 0.801665
vt 0.532436 0.850100
vt 0.499707 0.846336
vt 0.340949 0.780946
vt 0.372861 0.791291
vt 0.364696 0.837404
vt 0.332224 0.831656
vt 0.363261 0.925814
vt 0.364058 0.959365
vt 0.362373 0.873134
vt 0.411172 0.794861
vt 0.405634 0.841403
vt 0.403544 0.874505
vt 0.403287 0.927477
vt 0.401656 0.961305
vt 0.426189 0.794962
vt 0.420389 0.842562
vt 0.418219 0.875093
vt 0.418051 0.928547
vt 0.416122 0.962160
vt 0.438268 0.795394
vt 0.432231 0.843439
vt 0.430006 0.875571
vt 0.429902 0.929379
vt 0.427806 0.963030
vt 0.456219 0.794748
vt 0.449744 0.844265
vt 0.447440 0.876702
vt 0.447305 0.931060
vt 0.445337 0.964229
vt 0.470642 0.794056
vt 0.464023 0.844800
vt 0.461706 0.877839
vt 0.461072 0.932216
vt 0.459775 0.964989
vt 0.485085 0.796610
vt 0.478886 0.846084
vt 0.476611 0.878476
vt 0.475214 0.932640
vt 0.474559 0.965617
vt 0.494755 0.796899
vt 0.488704 0.846638
vt 0.486488 0.879358
vt 0.484483 0.933319
vt 0.484373 0.965404
vt 0.497397 0.881427
vt 0.494604 0.930910
vt 0.494562 0.965098
vt 0.595131 0.875669
vt 0.584687 0.820463
vt 0.593635 0.820834
vt 0.603285 0.875822
vt 0.594050 0.909073
vt 0.602261 0.909380
vt 0.581506 0.964896
vt 0.590173 0.965387
vt 0.578664 0.997156
vt 0.587784 0.997989
vt 0.717116 0.834464
vt 0.750156 0.826784
vt 0.751595 0.878367
vt 0.718623 0.879381
vt 0.544573 0.828962
vt 0.577028 0.822110
vt 0.587694 0.874852
vt 0.555375 0.881566
vt 0.573694 0.962315
vt 0.570903 0.996331
vt 0.586453 0.909539
vt 0.601215 0.820723
vt 0.610369 0.876199
vt 0.609369 0.909459
vt 0.597502 0.965744
vt 0.595542 0.998564
vt 0.612386 0.821768
vt 0.620771 0.877160
vt 0.619765 0.909289
vt 0.608336 0.966305
vt 0.607016 0.999066
vt 0.622425 0.824972
vt 0.630021 0.877647
vt 0.629034 0.909587
vt 0.618131 0.966596
vt 0.617749 0.999527
vt 0.633655 0.827225
vt 0.640272 0.877725
vt 0.639274 0.910413
vt 0.629221 0.965851
vt 0.629132 0.999499
vt 0.647656 0.829182
vt 0.653001 0.878239
vt 0.651962 0.911012
vt 0.643102 0.965544
vt 0.643029 0.999284
vt 0.657898 0.830088
vt 0.662280 0.878619
vt 0.661198 0.911414
vt 0.653299 0.965194
vt 0.653030 0.999076
vt 0.667844 0.830260
vt 0.671271 0.878801
vt 0.670150 0.911953
vt 0.663185 0.965076
vt 0.662679 0.998827
vt 0.683185 0.831816
vt 0.685246 0.879402
vt 0.684059 0.912359
vt 0.678591 0.965108
vt 0.677554 0.998851
vt 0.701343 0.832884
vt 0.701855 0.879698
vt 0.700670 0.913134
vt 0.696775 0.965744
vt 0.695043 0.999234
vt 0.711376 0.834439
vt 0.710711 0.879908
vt 0.709534 0.913478
vt 0.706901 0.966054
vt 0.704860 0.999793
vt 0.717458 0.914461
vt 0.713907 0.966648
vt 0.710499 1.000000
vt 0.602361 0.327884
vt 0.604524 0.355526
vt 0.591629 0.354513
vt 0.579933 0.349587
vt 0.728882 0.266119
vt 0.704077 0.293916
vt 0.700968 0.282825
vt 0.722957 0.261146
vt 0.820895 0.195897
vt 0.824947 0.206739
vt 0.820394 0.216552
vt 0.812154 0.207533
vt 0.869304 0.172085
vt 0.837051 0.188811
vt 0.835226 0.182709
vt 0.866091 0.165427
vt 0.534769 0.256512
vt 0.511069 0.228840
vt 0.522043 0.217701
vt 0.545872 0.243674
vt 0.628028 0.419238
vt 0.613340 0.386072
vt 0.631041 0.381039
vt 0.643839 0.413358
vt 0.838195 0.215101
vt 0.880201 0.201051
vt 0.811545 0.233138
vt 0.826294 0.223774
vt 0.708575 0.320751
vt 0.744678 0.278362
vt 0.596132 0.321463
vt 0.573532 0.343554
vt 0.693321 0.269857
vt 0.719775 0.249373
vt 0.815175 0.189532
vt 0.803684 0.196349
vt 0.831683 0.176983
vt 0.862287 0.158390
vt 0.593063 0.316803
vt 0.568173 0.337079
vt 0.685166 0.257963
vt 0.716532 0.236721
vt 0.810088 0.183316
vt 0.798585 0.189401
vt 0.828076 0.171494
vt 0.858318 0.151950
vt 0.591089 0.314436
vt 0.565076 0.333638
vt 0.681147 0.252806
vt 0.714405 0.230775
vt 0.807763 0.179583
vt 0.795934 0.185495
vt 0.826598 0.168107
vt 0.856012 0.148394
vt 0.588136 0.309092
vt 0.560246 0.325642
vt 0.673139 0.239665
vt 0.703801 0.221308
vt 0.802415 0.172436
vt 0.791137 0.177451
vt 0.822611 0.162200
vt 0.851119 0.141608
vt 0.584844 0.302252
vt 0.555627 0.315116
vt 0.659450 0.220084
vt 0.688372 0.209539
vt 0.796037 0.163383
vt 0.784810 0.167415
vt 0.816312 0.155588
vt 0.844149 0.133580
vt 0.583128 0.297451
vt 0.553853 0.307571
vt 0.652912 0.214433
vt 0.685552 0.203631
vt 0.791129 0.157721
vt 0.779956 0.161162
vt 0.812710 0.151611
vt 0.839778 0.129082
vt 0.558693 0.278769
vt 0.553556 0.295295
vt 0.640050 0.204809
vt 0.681386 0.192531
vt 0.782470 0.150180
vt 0.768385 0.146626
vt 0.806091 0.147053
vt 0.832942 0.122672
vt 0.626618 0.197405
vt 0.680140 0.182021
vt 0.762425 0.139174
vt 0.748163 0.147254
vt 0.773675 0.133024
vt 0.801504 0.098125
vt 0.599694 0.388894
vt 0.559158 0.382192
vt 0.551008 0.377127
vt 0.543350 0.370382
vt 0.536644 0.363205
vt 0.532849 0.359242
vt 0.526296 0.350819
vt 0.520527 0.338514
vt 0.517199 0.331191
vt 0.515106 0.319426
vt 0.527147 0.266421
vt 0.503474 0.236714
vt 0.617058 0.423644
vt 0.800318 0.238816
vt 0.808061 0.228943
vt 0.802963 0.222118
vt 0.792765 0.202302
vt 0.790416 0.193856
vt 0.789190 0.189122
vt 0.782215 0.181985
vt 0.770792 0.174604
vt 0.763872 0.156881
vt 0.755135 0.150484
vt 0.737747 0.153230
vt 0.531523 0.209123
vt 0.555361 0.234252
vt 0.565875 0.266589
vt 0.588686 0.285802
vt 0.595886 0.294944
vt 0.595706 0.304180
vt 0.597005 0.310510
vt 0.599974 0.312072
vt 0.605083 0.315098
vt 0.615915 0.326084
vt 0.622482 0.352674
vt 0.644404 0.375586
vt 0.656597 0.407938
vt 0.787311 0.245669
vt 0.789061 0.238808
vt 0.783679 0.233887
vt 0.774591 0.211863
vt 0.773946 0.202581
vt 0.773177 0.197605
vt 0.765117 0.191063
vt 0.751528 0.185288
vt 0.743436 0.165392
vt 0.740179 0.158568
vt 0.725432 0.161474
vt 0.544623 0.198689
vt 0.569180 0.223368
vt 0.576863 0.254128
vt 0.597729 0.273026
vt 0.609235 0.283718
vt 0.608878 0.294232
vt 0.609834 0.301209
vt 0.613047 0.302605
vt 0.618625 0.305512
vt 0.630127 0.316631
vt 0.641907 0.343360
vt 0.660637 0.366674
vt 0.672815 0.399603
vt 0.774397 0.253568
vt 0.770492 0.249345
vt 0.774849 0.237794
vt 0.768924 0.214951
vt 0.752499 0.214344
vt 0.752232 0.209075
vt 0.746544 0.201460
vt 0.731104 0.196745
vt 0.724408 0.179415
vt 0.722573 0.171367
vt 0.713620 0.168704
vt 0.558654 0.188890
vt 0.585037 0.213757
vt 0.595022 0.242065
vt 0.612327 0.264405
vt 0.621574 0.271810
vt 0.621841 0.283943
vt 0.626123 0.289667
vt 0.629185 0.292149
vt 0.623152 0.302747
vt 0.636541 0.313616
vt 0.660415 0.331177
vt 0.676672 0.355411
vt 0.688879 0.389751
vt 0.764581 0.261406
vt 0.759126 0.256082
vt 0.759861 0.244263
vt 0.753542 0.232496
vt 0.752296 0.214460
vt 0.752223 0.209080
vt 0.741869 0.204145
vt 0.728643 0.198075
vt 0.718164 0.185439
vt 0.707592 0.179301
vt 0.703056 0.173568
vt 0.569568 0.181278
vt 0.599152 0.206982
vt 0.611776 0.234655
vt 0.616399 0.259966
vt 0.622568 0.269836
vt 0.624532 0.280933
vt 0.626130 0.289660
vt 0.629365 0.292106
vt 0.640465 0.299974
vt 0.646552 0.306948
vt 0.669506 0.320471
vt 0.688803 0.344121
vt 0.701416 0.381505
vt 0.754889 0.269379
vt 0.754140 0.259997
vt 0.739036 0.246123
vt 0.740233 0.232441
vt 0.742924 0.220109
vt 0.742907 0.214597
vt 0.731618 0.210023
vt 0.709637 0.205326
vt 0.706556 0.198002
vt 0.702028 0.186387
vt 0.692316 0.177741
vt 0.577873 0.174104
vt 0.612544 0.201681
vt 0.621642 0.233037
vt 0.632772 0.238687
vt 0.638895 0.243087
vt 0.649298 0.262621
vt 0.653045 0.272735
vt 0.656438 0.276043
vt 0.664281 0.284391
vt 0.672181 0.295237
vt 0.673441 0.315463
vt 0.699265 0.333025
vt 0.712321 0.375213
vt 0.583117 0.165902
vt 0.723487 0.371807
vt 0.662350 0.609464
vt 0.657185 0.587243
vt 0.666527 0.588572
vt 0.670222 0.609600
vt 0.661069 0.639191
vt 0.668978 0.639851
vt 0.654495 0.660117
vt 0.663592 0.659937
vt 0.653016 0.690990
vt 0.662328 0.691188
vt 0.770681 0.591419
vt 0.799877 0.603649
vt 0.791640 0.623372
vt 0.762565 0.611175
vt 0.613073 0.600764
vt 0.642384 0.588910
vt 0.650207 0.608390
vt 0.620958 0.620259
vt 0.645528 0.690636
vt 0.647271 0.659961
vt 0.655512 0.639215
vt 0.656808 0.608947
vt 0.649732 0.586773
vt 0.639949 0.658570
vt 0.637817 0.690131
vt 0.648783 0.639303
vt 0.677925 0.590481
vt 0.679991 0.609814
vt 0.678794 0.640726
vt 0.674872 0.659590
vt 0.673656 0.691217
vt 0.687793 0.592275
vt 0.688946 0.609441
vt 0.687890 0.642137
vt 0.684891 0.659268
vt 0.683578 0.691198
vt 0.695647 0.593965
vt 0.696586 0.608957
vt 0.695702 0.643439
vt 0.693234 0.658950
vt 0.691855 0.691262
vt 0.703855 0.594968
vt 0.704867 0.608986
vt 0.704158 0.643937
vt 0.702348 0.658973
vt 0.700926 0.691525
vt 0.709440 0.594143
vt 0.710696 0.609441
vt 0.710061 0.643582
vt 0.708501 0.659625
vt 0.707053 0.691880
vt 0.717900 0.610203
vt 0.716501 0.593157
vt 0.721141 0.591763
vt 0.722407 0.610608
vt 0.717255 0.642776
vt 0.721785 0.642304
vt 0.715920 0.660405
vt 0.720634 0.661250
vt 0.714442 0.692441
vt 0.719156 0.692860
vt 0.735949 0.588759
vt 0.735718 0.611519
vt 0.735001 0.641372
vt 0.735006 0.663259
vt 0.733695 0.694182
vt 0.748811 0.588845
vt 0.746107 0.611518
vt 0.745452 0.641596
vt 0.747231 0.663770
vt 0.746230 0.694912
vt 0.763474 0.590358
vt 0.757899 0.611263
vt 0.757387 0.642430
vt 0.761433 0.663702
vt 0.760781 0.695300
vt 0.762086 0.642824
vt 0.768586 0.663547
vt 0.768007 0.695382
vt 0.417559 0.479080
vt 0.420331 0.455905
vt 0.427921 0.455232
vt 0.426364 0.479338
vt 0.418247 0.509918
vt 0.427068 0.509287
vt 0.422454 0.532217
vt 0.429851 0.532837
vt 0.419846 0.562159
vt 0.427711 0.563012
vt 0.513821 0.462657
vt 0.541463 0.449858
vt 0.549080 0.466232
vt 0.521237 0.479492
vt 0.382103 0.452019
vt 0.410990 0.461851
vt 0.405728 0.477846
vt 0.376749 0.467451
vt 0.412514 0.528752
vt 0.408790 0.560689
vt 0.406151 0.511157
vt 0.437855 0.479080
vt 0.439462 0.454726
vt 0.441845 0.454647
vt 0.440588 0.479120
vt 0.437896 0.509273
vt 0.440620 0.509304
vt 0.439198 0.533459
vt 0.441570 0.533593
vt 0.437625 0.563759
vt 0.440139 0.563913
vt 0.455720 0.454653
vt 0.456396 0.479207
vt 0.456481 0.509516
vt 0.455398 0.533978
vt 0.454803 0.564581
vt 0.460818 0.476749
vt 0.459956 0.455802
vt 0.464746 0.455872
vt 0.465394 0.477020
vt 0.460043 0.509517
vt 0.459959 0.479236
vt 0.466439 0.479343
vt 0.465739 0.509520
vt 0.458513 0.534029
vt 0.463495 0.534076
vt 0.458101 0.564614
vt 0.463368 0.564643
vt 0.472586 0.479668
vt 0.471095 0.454871
vt 0.480368 0.455492
vt 0.483250 0.479636
vt 0.471881 0.509575
vt 0.482653 0.510097
vt 0.468876 0.534075
vt 0.478256 0.533908
vt 0.469053 0.564624
vt 0.478954 0.564465
vt 0.495460 0.479552
vt 0.492162 0.455850
vt 0.499058 0.456541
vt 0.503579 0.480031
vt 0.494234 0.510214
vt 0.502324 0.510518
vt 0.488232 0.533574
vt 0.495187 0.533246
vt 0.489526 0.564005
vt 0.496906 0.563555
vt 0.506207 0.457317
vt 0.511969 0.480146
vt 0.510800 0.511132
vt 0.502336 0.532817
vt 0.504511 0.562918
vt 0.486256 0.564178
vt 0.485147 0.533688
vt 0.490651 0.510194
vt 0.491220 0.479755
vt 0.491661 0.477043
vt 0.488373 0.457050
vt 0.491294 0.457156
vt 0.494238 0.477216
vt 0.520142 0.512073
vt 0.510798 0.529766
vt 0.514103 0.561779
vt 0.458802 0.454703
vt 0.465783 0.454592
vt 0.487132 0.456172
vt 0.433925 0.563512
vt 0.435706 0.533245
vt 0.433874 0.509280
vt 0.433113 0.479026
vt 0.434065 0.476732
vt 0.434947 0.456121
vt 0.438314 0.456113
vt 0.437062 0.476820
vt 0.433857 0.454836
vt 0.978977 0.376132
vt 0.980123 0.373928
vt 0.983269 0.373944
vt 0.984003 0.376200
vt 0.964133 0.446274
vt 0.964291 0.441543
vt 0.977647 0.441954
vt 0.977394 0.446707
vt 0.974976 0.514894
vt 0.973912 0.512644
vt 0.978814 0.512738
vt 0.978125 0.514853
vt 0.977403 0.523223
vt 0.977126 0.518520
vt 0.977126 0.518520
vt 0.977403 0.523223
vt 0.987774 0.372399
vt 0.988539 0.374575
vt 0.974129 0.370093
vt 0.976988 0.373908
vt 0.974027 0.376049
vt 0.971122 0.372292
vt 0.982035 0.370301
vt 0.986542 0.368789
vt 0.979184 0.366440
vt 0.982035 0.370301
vt 0.972189 0.507118
vt 0.981576 0.507416
vt 0.990728 0.380266
vt 0.986296 0.381829
vt 0.976935 0.381503
vt 0.967403 0.381188
vt 0.964399 0.377472
vt 0.969644 0.500906
vt 0.983702 0.501391
vt 0.992873 0.386350
vt 0.988311 0.388073
vt 0.973988 0.387451
vt 0.959777 0.387103
vt 0.956668 0.383503
vt 0.968667 0.497411
vt 0.968209 0.494509
vt 0.987257 0.495170
vt 0.985753 0.498003
vt 0.989984 0.391705
vt 0.994471 0.390063
vt 0.995743 0.393165
vt 0.991192 0.394686
vt 0.972114 0.393700
vt 0.972778 0.390842
vt 0.952367 0.387148
vt 0.955678 0.390465
vt 0.953109 0.393217
vt 0.949509 0.390133
vt 0.967663 0.490487
vt 0.967534 0.486034
vt 0.990722 0.486838
vt 0.989380 0.491241
vt 0.992767 0.398797
vt 0.997319 0.397687
vt 0.998325 0.402596
vt 0.993708 0.403249
vt 0.970790 0.402113
vt 0.971268 0.397665
vt 0.945963 0.394506
vt 0.949823 0.397081
vt 0.947730 0.401306
vt 0.943422 0.399104
vt 0.966968 0.482653
vt 0.966536 0.478669
vt 0.991563 0.479534
vt 0.991096 0.483489
vt 0.993922 0.406588
vt 0.998686 0.406238
vt 0.998879 0.410535
vt 0.994087 0.410538
vt 0.969216 0.409366
vt 0.969962 0.405434
vt 0.941699 0.402775
vt 0.946061 0.404564
vt 0.944565 0.408415
vt 0.940105 0.407152
vt 0.966657 0.473334
vt 0.966529 0.466958
vt 0.992005 0.467830
vt 0.991954 0.474205
vt 0.993967 0.415838
vt 0.998737 0.416312
vt 0.997766 0.423217
vt 0.993237 0.422046
vt 0.968243 0.421045
vt 0.968892 0.414688
vt 0.939027 0.412959
vt 0.943792 0.413604
vt 0.943174 0.419880
vt 0.938447 0.419908
vt 0.966242 0.463046
vt 0.966161 0.458779
vt 0.989195 0.459560
vt 0.991165 0.463896
vt 0.992076 0.425794
vt 0.996403 0.427547
vt 0.994026 0.432274
vt 0.989918 0.429895
vt 0.967215 0.429215
vt 0.967644 0.424946
vt 0.938710 0.424297
vt 0.943260 0.423703
vt 0.944487 0.427978
vt 0.939942 0.429280
vt 0.966256 0.455456
vt 0.965681 0.451016
vt 0.983515 0.451607
vt 0.987481 0.456169
vt 0.987962 0.433050
vt 0.991699 0.435859
vt 0.987175 0.440660
vt 0.983915 0.437310
vt 0.966157 0.436955
vt 0.967048 0.432555
vt 0.941500 0.433130
vt 0.945944 0.431382
vt 0.948276 0.435976
vt 0.943931 0.438036
vt 0.980779 0.445641
vt 0.950982 0.440879
vt 0.946615 0.443044
vt 0.977126 0.518520
vt 0.977403 0.523223
vt 0.971800 0.514813
vt 0.968975 0.512422
vt 0.962796 0.506759
vt 0.955573 0.500396
vt 0.951569 0.496794
vt 0.949151 0.493822
vt 0.945936 0.489704
vt 0.944335 0.485197
vt 0.942829 0.481780
vt 0.941498 0.477760
vt 0.941349 0.472411
vt 0.941042 0.466019
vt 0.941306 0.462119
vt 0.943112 0.457911
vt 0.945014 0.454644
vt 0.947828 0.450308
vt 0.950883 0.445700
vt 0.096270 0.415870
vt 0.095546 0.414029
vt 0.097097 0.411812
vt 0.098784 0.412331
vt 0.132378 0.456774
vt 0.129226 0.453721
vt 0.137554 0.443742
vt 0.141529 0.447958
vt 0.173488 0.487498
vt 0.171683 0.486854
vt 0.175083 0.484165
vt 0.175632 0.485821
vt 0.179154 0.492490
vt 0.176401 0.488593
vt 0.176401 0.488593
vt 0.179154 0.492490
vt 0.098435 0.407197
vt 0.100074 0.407618
vt 0.089259 0.416335
vt 0.094007 0.416332
vt 0.093859 0.419385
vt 0.089146 0.419404
vt 0.094263 0.411108
vt 0.094263 0.411108
vt 0.095692 0.406436
vt 0.089367 0.411189
vt 0.094263 0.411108
vt 0.168041 0.484635
vt 0.174335 0.479563
vt 0.104648 0.408565
vt 0.103310 0.413040
vt 0.098623 0.419523
vt 0.093821 0.426121
vt 0.089050 0.426338
vt 0.163315 0.482667
vt 0.172789 0.475011
vt 0.109115 0.409812
vt 0.107803 0.414518
vt 0.100792 0.424262
vt 0.093886 0.433748
vt 0.089146 0.434258
vt 0.161083 0.481196
vt 0.159397 0.479811
vt 0.171989 0.469638
vt 0.172425 0.472018
vt 0.110793 0.414794
vt 0.112068 0.410231
vt 0.114523 0.410630
vt 0.113151 0.415163
vt 0.103927 0.428055
vt 0.102413 0.426446
vt 0.089447 0.438715
vt 0.094051 0.437811
vt 0.094552 0.440563
vt 0.090006 0.441789
vt 0.157103 0.477846
vt 0.154859 0.475393
vt 0.170089 0.463181
vt 0.171378 0.466346
vt 0.116370 0.415723
vt 0.118026 0.411426
vt 0.121542 0.412753
vt 0.119526 0.416788
vt 0.108685 0.432330
vt 0.106067 0.430227
vt 0.091049 0.445842
vt 0.095327 0.444219
vt 0.096848 0.447173
vt 0.092560 0.449207
vt 0.152717 0.473943
vt 0.150322 0.472119
vt 0.167053 0.458700
vt 0.168705 0.461110
vt 0.121543 0.418117
vt 0.123871 0.414069
vt 0.126441 0.415695
vt 0.123883 0.419728
vt 0.112298 0.436686
vt 0.110289 0.434392
vt 0.093876 0.451753
vt 0.097941 0.449525
vt 0.099434 0.452025
vt 0.095624 0.454478
vt 0.147852 0.468991
vt 0.144351 0.465775
vt 0.161522 0.452081
vt 0.164693 0.455559
vt 0.127117 0.421720
vt 0.129929 0.418066
vt 0.133577 0.421492
vt 0.130490 0.424800
vt 0.119125 0.442316
vt 0.115614 0.438991
vt 0.098263 0.457477
vt 0.101995 0.454588
vt 0.105044 0.457722
vt 0.101601 0.460761
vt 0.142044 0.463955
vt 0.139855 0.461693
vt 0.155757 0.449030
vt 0.159073 0.450382
vt 0.132289 0.427082
vt 0.135585 0.424009
vt 0.137501 0.427320
vt 0.133932 0.430201
vt 0.123653 0.446576
vt 0.121162 0.444515
vt 0.103947 0.462591
vt 0.107047 0.459477
vt 0.110123 0.460562
vt 0.107234 0.464208
vt 0.138211 0.459885
vt 0.135629 0.457951
vt 0.148222 0.447543
vt 0.153023 0.448042
vt 0.135177 0.432775
vt 0.138791 0.430098
vt 0.140128 0.434810
vt 0.136404 0.437366
vt 0.127919 0.450555
vt 0.125659 0.448113
vt 0.109992 0.465085
vt 0.112780 0.461240
vt 0.116468 0.462142
vt 0.113545 0.466113
vt 0.142212 0.439893
vt 0.120227 0.463307
vt 0.116954 0.468109
vt 0.176401 0.488594
vt 0.179154 0.492490
vt 0.171245 0.489163
vt 0.168204 0.489407
vt 0.161586 0.489727
vt 0.154056 0.490312
vt 0.150004 0.490571
vt 0.147201 0.490344
vt 0.143437 0.489990
vt 0.140343 0.488683
vt 0.137852 0.487832
vt 0.135151 0.486598
vt 0.132409 0.484174
vt 0.129033 0.481329
vt 0.127185 0.479342
vt 0.125952 0.476320
vt 0.125277 0.473669
vt 0.124540 0.469946
vt 0.123760 0.465989
vt 0.964968 0.115135
vt 0.965229 0.117680
vt 0.962289 0.119919
vt 0.960249 0.118676
vt 0.935715 0.050095
vt 0.938459 0.053886
vt 0.925831 0.063094
vt 0.923134 0.059231
vt 0.883716 0.004632
vt 0.886083 0.005616
vt 0.881350 0.008951
vt 0.880693 0.006660
vt 0.876798 0.000000
vt 0.879937 0.002910
vt 0.879936 0.002910
vt 0.876797 0.000000
vt 0.959928 0.123988
vt 0.957925 0.122842
vt 0.972582 0.117082
vt 0.968162 0.115456
vt 0.969626 0.111666
vt 0.974054 0.113217
vt 0.965627 0.121893
vt 0.965627 0.121893
vt 0.963239 0.125929
vt 0.970065 0.123562
vt 0.891030 0.008633
vt 0.882067 0.015066
vt 0.952409 0.119951
vt 0.954676 0.115914
vt 0.963599 0.109494
vt 0.972653 0.102935
vt 0.977138 0.104408
vt 0.897191 0.011608
vt 0.883787 0.021280
vt 0.946783 0.116774
vt 0.949021 0.112486
vt 0.962724 0.102757
vt 0.976149 0.092861
vt 0.980657 0.094198
vt 0.900236 0.013622
vt 0.902435 0.015548
vt 0.884286 0.028651
vt 0.883952 0.025376
vt 0.945220 0.110872
vt 0.942995 0.115037
vt 0.939893 0.113542
vt 0.942264 0.109426
vt 0.960651 0.096561
vt 0.961781 0.099255
vt 0.982457 0.088270
vt 0.977927 0.087288
vt 0.978621 0.083302
vt 0.983274 0.083910
vt 0.905401 0.018280
vt 0.908245 0.021645
vt 0.886158 0.037599
vt 0.884713 0.033220
vt 0.938267 0.107369
vt 0.935579 0.111124
vt 0.931592 0.107988
vt 0.934675 0.104586
vt 0.956711 0.089092
vt 0.959004 0.092881
vt 0.983880 0.077917
vt 0.979304 0.077930
vt 0.978611 0.073178
vt 0.983365 0.072567
vt 0.910838 0.023866
vt 0.913677 0.026651
vt 0.889844 0.043874
vt 0.887859 0.040468
vt 0.932439 0.102152
vt 0.929006 0.105396
vt 0.926161 0.102167
vt 0.929867 0.099214
vt 0.953699 0.082342
vt 0.955432 0.085924
vt 0.982686 0.068435
vt 0.978151 0.069456
vt 0.977160 0.065408
vt 0.981435 0.063835
vt 0.916826 0.030880
vt 0.920843 0.035740
vt 0.896594 0.053280
vt 0.892741 0.048292
vt 0.926722 0.095036
vt 0.922700 0.097540
vt 0.919292 0.091446
vt 0.923565 0.089734
vt 0.947379 0.072604
vt 0.950709 0.077990
vt 0.978813 0.058518
vt 0.974671 0.060860
vt 0.971395 0.055567
vt 0.975025 0.052644
vt 0.923503 0.038573
vt 0.926186 0.041829
vt 0.904271 0.057694
vt 0.899784 0.055735
vt 0.922314 0.086018
vt 0.917841 0.087072
vt 0.917093 0.081637
vt 0.921775 0.081297
vt 0.943295 0.065542
vt 0.945528 0.069153
vt 0.972048 0.049374
vt 0.968980 0.052668
vt 0.965216 0.050234
vt 0.967748 0.046312
vt 0.928129 0.044479
vt 0.931379 0.047516
vt 0.914429 0.059807
vt 0.907942 0.059101
vt 0.921627 0.077454
vt 0.917015 0.077177
vt 0.918280 0.070164
vt 0.922783 0.071222
vt 0.939531 0.058785
vt 0.941395 0.062836
vt 0.963858 0.044413
vt 0.961759 0.048646
vt 0.956750 0.046769
vt 0.958527 0.042359
vt 0.921287 0.061669
vt 0.951217 0.044917
vt 0.952923 0.040420
vt 0.879937 0.002909
vt 0.876798 0.000000
vt 0.886637 0.002524
vt 0.890722 0.002201
vt 0.899960 0.002152
vt 0.910585 0.001935
vt 0.916518 0.001871
vt 0.920588 0.002452
vt 0.926101 0.003353
vt 0.930350 0.005710
vt 0.933843 0.007289
vt 0.937543 0.009461
vt 0.940954 0.013511
vt 0.945149 0.018261
vt 0.947288 0.021481
vt 0.948178 0.026042
vt 0.948402 0.029941
vt 0.948427 0.035324
vt 0.948385 0.041092
vt 0.042346 0.191915
vt 0.043550 0.189844
vt 0.047015 0.189769
vt 0.047878 0.191835
vt 0.028640 0.257611
vt 0.028652 0.252907
vt 0.043305 0.252887
vt 0.043208 0.257625
vt 0.042938 0.320799
vt 0.041687 0.318747
vt 0.047092 0.318707
vt 0.046392 0.320706
vt 0.045612 0.328818
vt 0.045296 0.324113
vt 0.045296 0.324113
vt 0.045612 0.328818
vt 0.051344 0.187854
vt 0.052234 0.189827
vt 0.037462 0.185978
vt 0.040101 0.189912
vt 0.036900 0.191977
vt 0.034214 0.188097
vt 0.045570 0.186432
vt 0.045570 0.186432
vt 0.049901 0.184560
vt 0.042939 0.182450
vt 0.045570 0.186432
vt 0.039603 0.313687
vt 0.049934 0.313699
vt 0.054814 0.195066
vt 0.050578 0.197004
vt 0.040274 0.196940
vt 0.029790 0.196920
vt 0.027008 0.193073
vt 0.036590 0.308010
vt 0.052059 0.308062
vt 0.057341 0.200572
vt 0.052973 0.202722
vt 0.037222 0.202522
vt 0.021591 0.202631
vt 0.018701 0.198888
vt 0.035394 0.304803
vt 0.034791 0.302130
vt 0.055750 0.302204
vt 0.054196 0.304869
vt 0.054955 0.206043
vt 0.059245 0.203998
vt 0.060764 0.206857
vt 0.056389 0.208770
vt 0.035376 0.208356
vt 0.036005 0.205693
vt 0.014065 0.202413
vt 0.017179 0.205877
vt 0.014464 0.208512
vt 0.011035 0.205280
vt 0.034051 0.298424
vt 0.033754 0.294307
vt 0.059268 0.294394
vt 0.057947 0.298508
vt 0.058272 0.212532
vt 0.062682 0.211095
vt 0.063968 0.215686
vt 0.059450 0.216617
vt 0.034243 0.216185
vt 0.034594 0.212051
vt 0.007265 0.209517
vt 0.010995 0.212204
vt 0.008909 0.216179
vt 0.004684 0.213870
vt 0.033015 0.291194
vt 0.032402 0.287519
vt 0.059939 0.287611
vt 0.059563 0.291284
vt 0.059799 0.219689
vt 0.064507 0.219088
vt 0.064887 0.223124
vt 0.060125 0.223327
vt 0.032802 0.222956
vt 0.033465 0.219288
vt 0.002920 0.217400
vt 0.007210 0.219246
vt 0.005732 0.222853
vt 0.001331 0.221602
vt 0.032350 0.282579
vt 0.031989 0.276682
vt 0.060016 0.276765
vt 0.060182 0.282667
vt 0.060200 0.228216
vt 0.064950 0.228573
vt 0.064136 0.235110
vt 0.059660 0.233959
vt 0.032219 0.233815
vt 0.032667 0.227900
vt 0.000361 0.227109
vt 0.005110 0.227658
vt 0.004677 0.233460
vt 0.000000 0.233693
vt 0.031537 0.273070
vt 0.031299 0.269125
vt 0.056638 0.269189
vt 0.058955 0.273147
vt 0.058559 0.237456
vt 0.062813 0.239243
vt 0.060379 0.243803
vt 0.056373 0.241323
vt 0.031418 0.241416
vt 0.031718 0.237450
vt 0.000466 0.237827
vt 0.004905 0.236980
vt 0.006401 0.240894
vt 0.002017 0.242548
vt 0.031289 0.266047
vt 0.030502 0.261954
vt 0.050114 0.261989
vt 0.054635 0.266100
vt 0.054376 0.244310
vt 0.057973 0.247243
vt 0.053142 0.251896
vt 0.050085 0.248396
vt 0.030542 0.248608
vt 0.031365 0.244513
vt 0.003901 0.246161
vt 0.008130 0.244002
vt 0.010871 0.248189
vt 0.006792 0.250693
vt 0.046190 0.256717
vt 0.014033 0.252648
vt 0.009954 0.255273
vt 0.045295 0.324113
vt 0.045612 0.328818
vt 0.039456 0.320804
vt 0.036255 0.318685
vt 0.029266 0.313616
vt 0.021105 0.307925
vt 0.016577 0.304701
vt 0.013816 0.302016
vt 0.010140 0.298293
vt 0.008224 0.294165
vt 0.006450 0.291044
vt 0.004847 0.287359
vt 0.004499 0.282412
vt 0.003941 0.276504
vt 0.004097 0.272887
vt 0.005938 0.268944
vt 0.007918 0.265869
vt 0.010865 0.261780
vt 0.014075 0.257436
vt 0.588817 0.478435
vt 0.589042 0.480625
vt 0.586503 0.482556
vt 0.584742 0.481488
vt 0.563260 0.421889
vt 0.566028 0.425716
vt 0.555143 0.433672
vt 0.552424 0.429760
vt 0.518461 0.382648
vt 0.520495 0.383485
vt 0.516548 0.386479
vt 0.515995 0.384672
vt 0.510324 0.381722
vt 0.514766 0.381652
vt 0.514766 0.381652
vt 0.510324 0.381722
vt 0.584118 0.486676
vt 0.582386 0.485692
vt 0.596045 0.480332
vt 0.591571 0.478705
vt 0.592835 0.475438
vt 0.597312 0.476996
vt 0.589388 0.484251
vt 0.589388 0.484251
vt 0.586976 0.488337
vt 0.593888 0.485922
vt 0.589388 0.484251
vt 0.524792 0.386131
vt 0.517128 0.391729
vt 0.577632 0.483183
vt 0.579935 0.479104
vt 0.587641 0.473582
vt 0.595450 0.467916
vt 0.599987 0.469386
vt 0.530104 0.388731
vt 0.518590 0.397060
vt 0.572760 0.480467
vt 0.575062 0.476148
vt 0.586893 0.467787
vt 0.598444 0.459234
vt 0.603011 0.460539
vt 0.532727 0.390469
vt 0.534621 0.392130
vt 0.519013 0.403409
vt 0.518728 0.400588
vt 0.571797 0.474743
vt 0.569484 0.478924
vt 0.566805 0.477598
vt 0.569264 0.473485
vt 0.585111 0.462455
vt 0.586084 0.464773
vt 0.604535 0.455381
vt 0.599956 0.454437
vt 0.600542 0.451016
vt 0.605231 0.451592
vt 0.537175 0.394485
vt 0.539621 0.397385
vt 0.520619 0.411115
vt 0.519378 0.407343
vt 0.565842 0.471698
vt 0.563086 0.475447
vt 0.559639 0.472709
vt 0.562768 0.469296
vt 0.581721 0.456027
vt 0.583695 0.459288
vt 0.605725 0.446369
vt 0.601112 0.446406
vt 0.600511 0.442337
vt 0.605295 0.441707
vt 0.541853 0.399299
vt 0.544296 0.401699
vt 0.523787 0.416519
vt 0.522081 0.413586
vt 0.560853 0.467205
vt 0.557382 0.470465
vt 0.554898 0.467652
vt 0.558651 0.464682
vt 0.579130 0.450217
vt 0.580621 0.453300
vt 0.604680 0.438104
vt 0.600113 0.439148
vt 0.599262 0.435679
vt 0.603570 0.434096
vt 0.547005 0.405342
vt 0.550461 0.409529
vt 0.529592 0.424621
vt 0.526278 0.420325
vt 0.555962 0.461095
vt 0.551887 0.463596
vt 0.548960 0.458232
vt 0.553275 0.456544
vt 0.573694 0.441831
vt 0.576560 0.446469
vt 0.601311 0.429430
vt 0.597134 0.431784
vt 0.594326 0.427253
vt 0.597980 0.424301
vt 0.552750 0.411969
vt 0.555059 0.414773
vt 0.536196 0.428426
vt 0.532336 0.426737
vt 0.552209 0.453359
vt 0.547706 0.454421
vt 0.547032 0.449682
vt 0.551737 0.449317
vt 0.570180 0.435748
vt 0.572101 0.438859
vt 0.595376 0.421473
vt 0.592262 0.424765
vt 0.589051 0.422661
vt 0.591668 0.418763
vt 0.556731 0.417054
vt 0.559527 0.419670
vt 0.544935 0.430250
vt 0.539354 0.429639
vt 0.551598 0.446028
vt 0.546951 0.445805
vt 0.547999 0.439694
vt 0.552555 0.440683
vt 0.566944 0.429931
vt 0.568546 0.433418
vt 0.588311 0.417055
vt 0.586100 0.421275
vt 0.581815 0.419629
vt 0.583701 0.415200
vt 0.550512 0.432315
vt 0.577058 0.418012
vt 0.578874 0.413469
vt 0.514766 0.381651
vt 0.510324 0.381721
vt 0.521051 0.380709
vt 0.524592 0.380608
vt 0.532525 0.380611
vt 0.541665 0.380428
vt 0.546774 0.380378
vt 0.550277 0.380881
vt 0.555022 0.381661
vt 0.558677 0.383693
vt 0.561683 0.385054
vt 0.564865 0.386926
vt 0.567799 0.390413
vt 0.571407 0.394502
vt 0.573247 0.397274
vt 0.574010 0.401199
vt 0.574202 0.404554
vt 0.574223 0.409184
vt 0.574188 0.414146
vt 0.726498 0.456122
vt 0.725769 0.454272
vt 0.727326 0.452041
vt 0.729023 0.452560
vt 0.762851 0.497219
vt 0.759678 0.494153
vt 0.768043 0.484109
vt 0.772045 0.488345
vt 0.804210 0.528090
vt 0.802398 0.527434
vt 0.805826 0.524739
vt 0.806375 0.526419
vt 0.809975 0.533028
vt 0.807111 0.529225
vt 0.807111 0.529225
vt 0.809976 0.533028
vt 0.728666 0.447398
vt 0.730315 0.447820
vt 0.719448 0.456596
vt 0.724223 0.456588
vt 0.724078 0.459659
vt 0.719337 0.459682
vt 0.724475 0.451336
vt 0.724475 0.451335
vt 0.725907 0.446635
vt 0.719551 0.451422
vt 0.724475 0.451336
vt 0.798739 0.525202
vt 0.805068 0.520104
vt 0.734916 0.448767
vt 0.733575 0.453269
vt 0.728868 0.459793
vt 0.724045 0.466433
vt 0.719248 0.466656
vt 0.793986 0.523227
vt 0.803510 0.515523
vt 0.739409 0.450017
vt 0.738094 0.454751
vt 0.731055 0.464557
vt 0.724119 0.474103
vt 0.719352 0.474620
vt 0.791740 0.521751
vt 0.790043 0.520360
vt 0.802700 0.510120
vt 0.803140 0.512514
vt 0.741102 0.455026
vt 0.742379 0.450435
vt 0.744849 0.450834
vt 0.743474 0.455394
vt 0.734210 0.468367
vt 0.732686 0.466751
vt 0.719660 0.479102
vt 0.724289 0.478189
vt 0.724796 0.480955
vt 0.720225 0.482193
vt 0.787735 0.518385
vt 0.785476 0.515921
vt 0.800782 0.503627
vt 0.802082 0.506809
vt 0.746711 0.455954
vt 0.748372 0.451631
vt 0.751909 0.452961
vt 0.749887 0.457022
vt 0.739000 0.472662
vt 0.736365 0.470550
vt 0.721279 0.486268
vt 0.725578 0.484631
vt 0.727111 0.487600
vt 0.722801 0.489650
vt 0.783321 0.514465
vt 0.780911 0.512633
vt 0.797724 0.499124
vt 0.799388 0.501546
vt 0.751916 0.458356
vt 0.754253 0.454283
vt 0.756839 0.455916
vt 0.754271 0.459973
vt 0.742638 0.477038
vt 0.740615 0.474734
vt 0.724127 0.492209
vt 0.728213 0.489965
vt 0.729717 0.492478
vt 0.725888 0.494948
vt 0.778424 0.509490
vt 0.774900 0.506259
vt 0.792155 0.492472
vt 0.795348 0.495967
vt 0.757525 0.461974
vt 0.760349 0.458296
vt 0.764021 0.461738
vt 0.760920 0.465067
vt 0.749509 0.482693
vt 0.745975 0.479353
vt 0.728544 0.497961
vt 0.732295 0.495052
vt 0.735364 0.498200
vt 0.731905 0.501260
vt 0.772578 0.504431
vt 0.770374 0.502159
vt 0.786354 0.489409
vt 0.789690 0.490766
vt 0.762732 0.467361
vt 0.766042 0.464267
vt 0.767973 0.467595
vt 0.764387 0.470495
vt 0.754067 0.486973
vt 0.751560 0.484903
vt 0.734266 0.503098
vt 0.737380 0.499963
vt 0.740474 0.501052
vt 0.737573 0.504721
vt 0.768720 0.500342
vt 0.766122 0.498400
vt 0.778775 0.487921
vt 0.783604 0.488419
vt 0.765641 0.473083
vt 0.769274 0.470387
vt 0.770622 0.475124
vt 0.766881 0.477698
vt 0.758360 0.490970
vt 0.756086 0.488516
vt 0.740348 0.505600
vt 0.743147 0.501731
vt 0.746857 0.502634
vt 0.743922 0.506630
vt 0.772723 0.480234
vt 0.750638 0.503801
vt 0.747352 0.508634
vt 0.807111 0.529225
vt 0.801949 0.529750
vt 0.798900 0.530000
vt 0.792252 0.530328
vt 0.784682 0.530924
vt 0.780608 0.531188
vt 0.777790 0.530963
vt 0.774005 0.530611
vt 0.770892 0.529300
vt 0.768386 0.528447
vt 0.765669 0.527208
vt 0.762909 0.524773
vt 0.759511 0.521916
vt 0.757651 0.519920
vt 0.756408 0.516882
vt 0.755726 0.514217
vt 0.754982 0.510473
vt 0.754194 0.506495
vt 0.201470 0.084033
vt 0.204937 0.064063
vt 0.218940 0.063959
vt 0.215577 0.083922
vt 0.186135 0.371960
vt 0.187917 0.201226
vt 0.202607 0.201731
vt 0.200727 0.371753
vt 0.203276 0.511311
vt 0.198463 0.491186
vt 0.212752 0.490522
vt 0.217238 0.510410
vt 0.220638 0.722250
vt 0.213927 0.549585
vt 0.227089 0.549492
vt 0.233933 0.721752
vt 0.375338 0.065968
vt 0.547701 0.055660
vt 0.548890 0.074874
vt 0.375857 0.085564
vt 0.020553 0.037528
vt 0.190647 0.064350
vt 0.186999 0.084269
vt 0.017349 0.057921
vt 0.212142 0.025659
vt 0.225804 0.024368
vt 0.373962 0.034403
vt 0.545849 0.024326
vt 0.026430 0.000000
vt 0.197993 0.027223
vt 0.194827 0.476625
vt 0.209474 0.476093
vt 0.549800 0.088824
vt 0.376727 0.099816
vt 0.198617 0.098472
vt 0.212877 0.098375
vt 0.184253 0.098704
vt 0.015037 0.072807
vt 0.192717 0.454438
vt 0.207795 0.454068
vt 0.551274 0.110252
vt 0.378840 0.121562
vt 0.196623 0.120289
vt 0.211418 0.120272
vt 0.181443 0.120191
vt 0.011687 0.094878
vt 0.191897 0.437534
vt 0.207333 0.437260
vt 0.552449 0.126852
vt 0.380870 0.138223
vt 0.195460 0.136837
vt 0.210796 0.136909
vt 0.179530 0.136610
vt 0.009235 0.111622
vt 0.190215 0.420058
vt 0.206130 0.419855
vt 0.553647 0.144208
vt 0.383031 0.155454
vt 0.193532 0.153961
vt 0.209346 0.154132
vt 0.177137 0.153745
vt 0.006713 0.129033
vt 0.186898 0.401337
vt 0.203424 0.401178
vt 0.554834 0.162771
vt 0.384924 0.173791
vt 0.190159 0.172405
vt 0.206343 0.172642
vt 0.173936 0.172372
vt 0.003973 0.148022
vt 0.185842 0.386788
vt 0.202604 0.386677
vt 0.555685 0.177003
vt 0.385470 0.187967
vt 0.188597 0.186782
vt 0.205081 0.187022
vt 0.172174 0.186809
vt 0.001891 0.162686
vt 0.556383 0.189067
vt 0.385343 0.200106
vt 0.171106 0.200271
vt 0.000000 0.176190
vt 0.200351 0.549697
vt 0.206973 0.722768
vt 0.189015 0.512191
vt 0.183849 0.491825
vt 0.179832 0.477128
vt 0.177278 0.454794
vt 0.176089 0.437780
vt 0.173919 0.420187
vt 0.170021 0.401253
vt 0.168909 0.386310
vt 0.169347 0.372326
vt 0.229098 0.509685
vt 0.238178 0.549374
vt 0.245197 0.721330
vt 0.237321 0.023473
vt 0.230830 0.063958
vt 0.227568 0.083892
vt 0.225062 0.098338
vt 0.223971 0.120244
vt 0.223731 0.136925
vt 0.222671 0.154224
vt 0.220055 0.172901
vt 0.218898 0.187601
vt 0.212936 0.200858
vt 0.211104 0.372773
vt 0.216618 0.386153
vt 0.217351 0.400926
vt 0.219605 0.419675
vt 0.220424 0.437031
vt 0.220598 0.453761
vt 0.221913 0.475647
vt 0.224894 0.489974
vt 0.268380 0.548790
vt 0.261661 0.508092
vt 0.269234 0.507861
vt 0.275357 0.548457
vt 0.276003 0.720104
vt 0.283170 0.719775
vt 0.263432 0.064229
vt 0.268638 0.022593
vt 0.275885 0.022918
vt 0.271024 0.064340
vt 0.260618 0.084034
vt 0.268330 0.084102
vt 0.258762 0.098398
vt 0.266631 0.098442
vt 0.258590 0.120214
vt 0.266660 0.120218
vt 0.259128 0.136846
vt 0.267384 0.136825
vt 0.259105 0.154117
vt 0.267593 0.154047
vt 0.257667 0.172780
vt 0.266433 0.172603
vt 0.256801 0.187478
vt 0.265617 0.187088
vt 0.256302 0.200740
vt 0.265122 0.201166
vt 0.254702 0.373131
vt 0.263560 0.372733
vt 0.254868 0.386330
vt 0.263763 0.386722
vt 0.255422 0.400941
vt 0.264305 0.401094
vt 0.256560 0.419461
vt 0.265182 0.419478
vt 0.256401 0.436587
vt 0.264783 0.436527
vt 0.255757 0.453055
vt 0.263960 0.452945
vt 0.256111 0.474619
vt 0.264077 0.474439
vt 0.258257 0.488722
vt 0.266028 0.488510
vt 0.303683 0.547188
vt 0.299970 0.507309
vt 0.316477 0.507327
vt 0.318857 0.546403
vt 0.312249 0.718372
vt 0.327827 0.717553
vt 0.301878 0.064870
vt 0.305169 0.024093
vt 0.320763 0.025050
vt 0.318421 0.065195
vt 0.299753 0.084480
vt 0.316661 0.084737
vt 0.298737 0.098710
vt 0.316030 0.098917
vt 0.299561 0.120347
vt 0.317263 0.120497
vt 0.300997 0.136859
vt 0.319022 0.136999
vt 0.302153 0.153991
vt 0.320615 0.154177
vt 0.302177 0.172377
vt 0.321177 0.172727
vt 0.301606 0.186630
vt 0.320717 0.187217
vt 0.300553 0.201398
vt 0.319591 0.200665
vt 0.299247 0.372569
vt 0.318537 0.373395
vt 0.300149 0.387208
vt 0.319547 0.386735
vt 0.300550 0.401313
vt 0.319876 0.401076
vt 0.300278 0.419489
vt 0.319035 0.419398
vt 0.298886 0.436401
vt 0.317133 0.436365
vt 0.297298 0.452695
vt 0.315143 0.452677
vt 0.296460 0.474028
vt 0.313806 0.474017
vt 0.297594 0.488039
vt 0.314508 0.488045
vt 0.331224 0.507692
vt 0.332549 0.545071
vt 0.341906 0.716765
vt 0.334654 0.027531
vt 0.333208 0.065488
vt 0.331834 0.084982
vt 0.331567 0.099129
vt 0.333136 0.120668
vt 0.335119 0.137173
vt 0.337021 0.154396
vt 0.338036 0.173019
vt 0.337733 0.187523
vt 0.336571 0.200568
vt 0.335646 0.373603
vt 0.336831 0.386580
vt 0.337097 0.400947
vt 0.335746 0.419338
vt 0.333402 0.436364
vt 0.331062 0.452722
vt 0.329290 0.474126
vt 0.329611 0.488225
vt 0.287377 0.547959
vt 0.282266 0.507551
vt 0.279418 0.488237
vt 0.277811 0.474202
vt 0.278100 0.452802
vt 0.279245 0.436463
vt 0.280068 0.419521
vt 0.279671 0.401335
vt 0.279181 0.387270
vt 0.278695 0.372274
vt 0.280197 0.201651
vt 0.280891 0.186537
vt 0.281596 0.172336
vt 0.282251 0.153949
vt 0.281628 0.136803
vt 0.280591 0.120250
vt 0.280225 0.098535
vt 0.281639 0.084244
vt 0.284108 0.064550
vt 0.288335 0.023286
vt 0.295506 0.719195
vt 0.344708 0.508139
vt 0.344801 0.543476
vt 0.354469 0.716035
vt 0.346778 0.030939
vt 0.346800 0.065747
vt 0.345849 0.085200
vt 0.345947 0.099342
vt 0.347783 0.120856
vt 0.349889 0.137375
vt 0.351987 0.154632
vt 0.353361 0.173295
vt 0.353293 0.187794
vt 0.352209 0.200485
vt 0.351373 0.373782
vt 0.352702 0.386488
vt 0.352895 0.400871
vt 0.351065 0.419307
vt 0.348312 0.436384
vt 0.345657 0.452799
vt 0.343491 0.474291
vt 0.343446 0.488487
vt 0.373093 0.509045
vt 0.372193 0.541516
vt 0.382044 0.714469
vt 0.384554 0.374167
vt 0.386143 0.386341
vt 0.386133 0.400734
vt 0.383265 0.419239
vt 0.379616 0.436419
vt 0.376268 0.452973
vt 0.373293 0.474701
vt 0.372574 0.489083
vt 0.342499 0.008897
vt 0.345587 0.007905
vt 0.348983 0.029072
vt 0.346280 0.029940
vt 0.348608 0.006727
vt 0.351629 0.028040
vt 0.351581 0.005430
vt 0.354231 0.026905
vt 0.354538 0.004099
vt 0.356820 0.025739
vt 0.357521 0.002825
vt 0.359431 0.024624
vt 0.360563 0.001702
vt 0.362095 0.023641
vt 0.363683 0.000815
vt 0.364826 0.022864
vt 0.366873 0.000233
vt 0.367619 0.022355
vt 0.370108 0.000000
vt 0.370451 0.022151
vt 0.373348 0.000133
vt 0.373288 0.022267
vt 0.376555 0.000616
vt 0.376096 0.022690
vt 0.379701 0.001405
vt 0.378849 0.023381
vt 0.382777 0.002434
vt 0.381542 0.024281
vt 0.385797 0.003614
vt 0.384187 0.025315
vt 0.388794 0.004854
vt 0.386810 0.026400
vt 0.391805 0.006058
vt 0.389447 0.027455
vt 0.394862 0.007142
vt 0.392123 0.028404
vt 0.397979 0.008038
vt 0.394852 0.029188
vt 0.401154 0.008699
vt 0.397631 0.029766
vt 0.404372 0.009107
vt 0.400448 0.030123
vt 0.856019 0.081254
vt 0.856245 0.083833
vt 0.845973 0.086494
vt 0.855045 0.079046
vt 0.853415 0.077604
vt 0.851548 0.076986
vt 0.849174 0.076968
vt 0.846246 0.078074
vt 0.843209 0.079968
vt 0.840689 0.082800
vt 0.839424 0.086439
vt 0.840606 0.090098
vt 0.843066 0.092968
vt 0.846064 0.094904
vt 0.848974 0.096044
vt 0.851355 0.096063
vt 0.853245 0.095479
vt 0.854905 0.094037
vt 0.855915 0.091819
vt 0.856190 0.089231
vt 0.855597 0.086523
vt 0.748788 0.074921
vt 0.748676 0.074560
vt 0.750115 0.074855
vt 0.748693 0.074217
vt 0.748837 0.073922
vt 0.749092 0.073697
vt 0.749442 0.073565
vt 0.749860 0.073533
vt 0.750313 0.073612
vt 0.750766 0.073801
vt 0.751177 0.074091
vt 0.751287 0.074590
vt 0.751270 0.075109
vt 0.751122 0.075597
vt 0.750854 0.076002
vt 0.750493 0.076283
vt 0.750077 0.076403
vt 0.749658 0.076342
vt 0.749306 0.076100
vt 0.749089 0.075721
vt 0.749014 0.075288
vt 0.873022 0.068595
vt 0.877006 0.077549
vt 0.866078 0.079356
vt 0.862543 0.072592
vt 0.866460 0.061151
vt 0.857132 0.067356
vt 0.857832 0.055933
vt 0.850453 0.064148
vt 0.847850 0.053531
vt 0.843233 0.063215
vt 0.837425 0.054335
vt 0.836209 0.064542
vt 0.827609 0.058433
vt 0.830043 0.067899
vt 0.819494 0.065533
vt 0.825277 0.072905
vt 0.814013 0.074925
vt 0.822342 0.079071
vt 0.811723 0.085567
vt 0.821575 0.085814
vt 0.813479 0.096310
vt 0.822004 0.092588
vt 0.818482 0.105964
vt 0.824628 0.098892
vt 0.826233 0.113462
vt 0.829137 0.104130
vt 0.835831 0.118045
vt 0.835129 0.107792
vt 0.846204 0.119369
vt 0.842079 0.109468
vt 0.856294 0.117469
vt 0.849338 0.108896
vt 0.865171 0.112688
vt 0.856169 0.106025
vt 0.872097 0.105581
vt 0.861834 0.101064
vt 0.876523 0.096837
vt 0.865702 0.094482
vt 0.878077 0.087226
vt 0.867379 0.086956
vt 0.862791 0.080569
vt 0.859849 0.075007
vt 0.855360 0.070799
vt 0.849931 0.068278
vt 0.844135 0.067560
vt 0.838495 0.068627
vt 0.833503 0.071332
vt 0.829586 0.075387
vt 0.827049 0.080402
vt 0.826043 0.085928
vt 0.826772 0.091497
vt 0.829056 0.096633
vt 0.832767 0.100881
vt 0.837620 0.103834
vt 0.843204 0.105182
vt 0.849034 0.104752
vt 0.854585 0.102499
vt 0.859277 0.098512
vt 0.862488 0.093095
vt 0.863669 0.086856
vt 0.862193 0.081302
vt 0.859422 0.076614
vt 0.855438 0.073320
vt 0.850957 0.071453
vt 0.846358 0.070875
vt 0.841846 0.071488
vt 0.837591 0.073378
vt 0.833967 0.076599
vt 0.831466 0.080970
vt 0.830513 0.086051
vt 0.831212 0.091176
vt 0.833498 0.095676
vt 0.836970 0.099084
vt 0.841143 0.101187
vt 0.845638 0.102018
vt 0.850273 0.101650
vt 0.854846 0.099981
vt 0.858981 0.096859
vt 0.861957 0.092288
vt 0.862996 0.086812
vt 0.860758 0.082053
vt 0.858424 0.078150
vt 0.854881 0.075779
vt 0.851193 0.074892
vt 0.847983 0.075014
vt 0.845035 0.075891
vt 0.841688 0.076981
vt 0.838442 0.079020
vt 0.835943 0.082227
vt 0.834637 0.086235
vt 0.835745 0.090320
vt 0.838112 0.093656
vt 0.841301 0.095840
vt 0.844648 0.097046
vt 0.847612 0.097989
vt 0.850848 0.098181
vt 0.854578 0.097381
vt 0.858190 0.095094
vt 0.860629 0.091251
vt 0.861200 0.086658
vt 0.741177 0.082681
vt 0.737615 0.077176
vt 0.742256 0.077354
vt 0.744472 0.080267
vt 0.736373 0.071405
vt 0.741095 0.074037
vt 0.736668 0.066151
vt 0.740852 0.070678
vt 0.737972 0.061443
vt 0.741403 0.067428
vt 0.740236 0.057260
vt 0.742752 0.064352
vt 0.743484 0.053821
vt 0.744979 0.061643
vt 0.747575 0.051436
vt 0.748044 0.059659
vt 0.752197 0.050363
vt 0.751694 0.058772
vt 0.756933 0.050745
vt 0.755502 0.059199
vt 0.761433 0.052485
vt 0.759062 0.060850
vt 0.765258 0.055551
vt 0.761803 0.063602
vt 0.768025 0.059706
vt 0.763403 0.067080
vt 0.769441 0.064596
vt 0.763754 0.070821
vt 0.769392 0.069802
vt 0.762957 0.074427
vt 0.767923 0.074998
vt 0.761195 0.077665
vt 0.765005 0.079983
vt 0.758589 0.080361
vt 0.760354 0.084288
vt 0.755256 0.082241
vt 0.753987 0.086790
vt 0.751450 0.082940
vt 0.746987 0.086423
vt 0.747661 0.082205
vt 0.743902 0.074209
vt 0.744568 0.075977
vt 0.743998 0.072466
vt 0.744598 0.070969
vt 0.745570 0.069740
vt 0.746860 0.068719
vt 0.748507 0.067978
vt 0.750463 0.067638
vt 0.752585 0.067840
vt 0.754658 0.068635
vt 0.755823 0.070547
vt 0.756401 0.072689
vt 0.756313 0.074834
vt 0.755634 0.076757
vt 0.754515 0.078322
vt 0.753046 0.079472
vt 0.751245 0.080094
vt 0.749231 0.079971
vt 0.747354 0.078984
vt 0.746083 0.077235
vt 0.407574 0.007715
vt 0.410251 0.006855
vt 0.413197 0.025209
vt 0.410852 0.025961
vt 0.412871 0.005833
vt 0.415490 0.024314
vt 0.415449 0.004709
vt 0.417747 0.023330
vt 0.418013 0.003554
vt 0.419992 0.022319
vt 0.420599 0.002449
vt 0.422256 0.021352
vt 0.423237 0.001476
vt 0.424565 0.020499
vt 0.425942 0.000707
vt 0.426934 0.019826
vt 0.428709 0.000202
vt 0.429356 0.019384
vt 0.431514 0.000000
vt 0.431811 0.019207
vt 0.434324 0.000115
vt 0.434271 0.019308
vt 0.437104 0.000534
vt 0.436706 0.019675
vt 0.439832 0.001219
vt 0.439094 0.020274
vt 0.442499 0.002110
vt 0.441429 0.021055
vt 0.445118 0.003134
vt 0.443722 0.021951
vt 0.447717 0.004209
vt 0.445997 0.022892
vt 0.450328 0.005253
vt 0.448283 0.023806
vt 0.452978 0.006193
vt 0.450603 0.024629
vt 0.455681 0.006970
vt 0.452969 0.025309
vt 0.458434 0.007543
vt 0.455380 0.025811
vt 0.461224 0.007896
vt 0.457822 0.026120
vt 0.614024 0.127848
vt 0.614220 0.130097
vt 0.605264 0.132417
vt 0.613174 0.125922
vt 0.611753 0.124665
vt 0.610125 0.124126
vt 0.608055 0.124110
vt 0.605501 0.125075
vt 0.602853 0.126727
vt 0.600656 0.129196
vt 0.599554 0.132369
vt 0.600584 0.135559
vt 0.602729 0.138062
vt 0.605343 0.139751
vt 0.607881 0.140744
vt 0.609957 0.140761
vt 0.611605 0.140251
vt 0.613053 0.138994
vt 0.613933 0.137061
vt 0.614173 0.134804
vt 0.613655 0.132442
vt 0.770688 0.101385
vt 0.770594 0.101084
vt 0.771793 0.101329
vt 0.770609 0.100798
vt 0.770729 0.100552
vt 0.770941 0.100365
vt 0.771233 0.100255
vt 0.771580 0.100229
vt 0.771958 0.100295
vt 0.772335 0.100452
vt 0.772677 0.100693
vt 0.772769 0.101109
vt 0.772755 0.101541
vt 0.772632 0.101947
vt 0.772409 0.102285
vt 0.772108 0.102518
vt 0.771761 0.102619
vt 0.771412 0.102568
vt 0.771119 0.102366
vt 0.770938 0.102051
vt 0.770876 0.101690
vt 0.628850 0.116809
vt 0.632324 0.124617
vt 0.622795 0.126193
vt 0.619712 0.120294
vt 0.623128 0.110318
vt 0.614994 0.115729
vt 0.615605 0.105768
vt 0.609170 0.112932
vt 0.606901 0.103674
vt 0.602875 0.112118
vt 0.597810 0.104375
vt 0.596750 0.113275
vt 0.589251 0.107948
vt 0.591373 0.116203
vt 0.582174 0.114139
vt 0.587217 0.120568
vt 0.577396 0.122329
vt 0.584658 0.125944
vt 0.575398 0.131608
vt 0.583989 0.131824
vt 0.576929 0.140976
vt 0.584364 0.137730
vt 0.581293 0.149395
vt 0.586651 0.143228
vt 0.588051 0.155932
vt 0.590584 0.147795
vt 0.596421 0.159929
vt 0.595808 0.150988
vt 0.605466 0.161083
vt 0.601868 0.152450
vt 0.614263 0.159426
vt 0.608198 0.151951
vt 0.622005 0.155258
vt 0.614154 0.149447
vt 0.628043 0.149060
vt 0.619094 0.145121
vt 0.631903 0.141436
vt 0.622467 0.139382
vt 0.633258 0.133055
vt 0.623929 0.132820
vt 0.619928 0.127251
vt 0.617363 0.122400
vt 0.613449 0.118731
vt 0.608715 0.116533
vt 0.603661 0.115907
vt 0.598743 0.116837
vt 0.594391 0.119196
vt 0.590975 0.122732
vt 0.588763 0.127105
vt 0.587886 0.131923
vt 0.588521 0.136779
vt 0.590513 0.141258
vt 0.593749 0.144962
vt 0.597980 0.147537
vt 0.602850 0.148713
vt 0.607933 0.148338
vt 0.612774 0.146373
vt 0.616865 0.142897
vt 0.619664 0.138173
vt 0.620694 0.132733
vt 0.619407 0.127890
vt 0.616991 0.123802
vt 0.613517 0.120930
vt 0.609610 0.119302
vt 0.605600 0.118798
vt 0.601665 0.119332
vt 0.597955 0.120980
vt 0.594795 0.123788
vt 0.592614 0.127600
vt 0.591783 0.132030
vt 0.592393 0.136499
vt 0.594386 0.140424
vt 0.597413 0.143395
vt 0.601052 0.145229
vt 0.604971 0.145953
vt 0.609013 0.145633
vt 0.613001 0.144177
vt 0.616607 0.141455
vt 0.619202 0.137469
vt 0.620108 0.132694
vt 0.618156 0.128544
vt 0.616121 0.125141
vt 0.613031 0.123074
vt 0.609816 0.122300
vt 0.607017 0.122407
vt 0.604446 0.123171
vt 0.601527 0.124122
vt 0.598697 0.125900
vt 0.596518 0.128696
vt 0.595379 0.132191
vt 0.596345 0.135753
vt 0.598409 0.138662
vt 0.601190 0.140567
vt 0.604109 0.141618
vt 0.606693 0.142440
vt 0.609515 0.142607
vt 0.612767 0.141910
vt 0.615917 0.139916
vt 0.618044 0.136565
vt 0.618541 0.132560
vt 0.764349 0.107847
vt 0.761383 0.103263
vt 0.765248 0.103411
vt 0.767093 0.105836
vt 0.760348 0.098456
vt 0.764280 0.100648
vt 0.760593 0.094081
vt 0.764079 0.097851
vt 0.761679 0.090159
vt 0.764537 0.095144
vt 0.763565 0.086675
vt 0.765661 0.092582
vt 0.766271 0.083811
vt 0.767515 0.090325
vt 0.769678 0.081825
vt 0.770068 0.088674
vt 0.773527 0.080931
vt 0.773108 0.087934
vt 0.777472 0.081249
vt 0.776280 0.088290
vt 0.781219 0.082698
vt 0.779244 0.089665
vt 0.784405 0.085252
vt 0.781528 0.091957
vt 0.786709 0.088713
vt 0.782860 0.094854
vt 0.787889 0.092785
vt 0.783152 0.097969
vt 0.787848 0.097121
vt 0.782489 0.100973
vt 0.786625 0.101448
vt 0.781021 0.103669
vt 0.784194 0.105600
vt 0.778851 0.105915
vt 0.780321 0.109186
vt 0.776075 0.107481
vt 0.775018 0.111269
vt 0.772905 0.108063
vt 0.769188 0.110964
vt 0.769749 0.107451
vt 0.766619 0.100791
vt 0.767173 0.102264
vt 0.766698 0.099340
vt 0.767198 0.098093
vt 0.768008 0.097069
vt 0.769082 0.096219
vt 0.770454 0.095602
vt 0.772083 0.095319
vt 0.773850 0.095487
vt 0.775577 0.096149
vt 0.776547 0.097741
vt 0.777028 0.099526
vt 0.776955 0.101312
vt 0.776390 0.102913
vt 0.775457 0.104217
vt 0.774234 0.105175
vt 0.772734 0.105693
vt 0.771057 0.105590
vt 0.769493 0.104768
vt 0.768435 0.103312
vt 0.623348 0.154971
vt 0.626607 0.153925
vt 0.630191 0.176263
vt 0.627338 0.177179
vt 0.629796 0.152681
vt 0.632983 0.175174
vt 0.632933 0.151312
vt 0.635730 0.173976
vt 0.636054 0.149907
vt 0.638462 0.172745
vt 0.639201 0.148563
vt 0.641217 0.171568
vt 0.642412 0.147378
vt 0.644028 0.170531
vt 0.645704 0.146442
vt 0.646911 0.169711
vt 0.649071 0.145827
vt 0.649858 0.169173
vt 0.652485 0.145582
vt 0.652847 0.168958
vt 0.655905 0.145722
vt 0.655841 0.169081
vt 0.659289 0.146231
vt 0.658804 0.169527
vt 0.662609 0.147065
vt 0.661711 0.170257
vt 0.665855 0.148150
vt 0.664552 0.171207
vt 0.669043 0.149396
vt 0.667343 0.172298
vt 0.672206 0.150704
vt 0.670112 0.173443
vt 0.675384 0.151975
vt 0.672894 0.174556
vt 0.678609 0.153119
vt 0.675718 0.175557
vt 0.681899 0.154064
vt 0.678598 0.176385
vt 0.685250 0.154762
vt 0.681532 0.176995
vt 0.688645 0.155192
vt 0.684505 0.177372
vt 0.594622 0.029179
vt 0.594859 0.031894
vt 0.584048 0.034694
vt 0.593596 0.026855
vt 0.591881 0.025338
vt 0.589915 0.024687
vt 0.587418 0.024668
vt 0.584335 0.025832
vt 0.581138 0.027826
vt 0.578486 0.030806
vt 0.577155 0.034637
vt 0.578399 0.038487
vt 0.580988 0.041508
vt 0.584144 0.043546
vt 0.587207 0.044746
vt 0.589713 0.044766
vt 0.591702 0.044151
vt 0.593449 0.042634
vt 0.594512 0.040299
vt 0.594802 0.037575
vt 0.594177 0.034725
vt 0.961789 0.025847
vt 0.961671 0.025467
vt 0.963185 0.025777
vt 0.961689 0.025106
vt 0.961841 0.024795
vt 0.962109 0.024559
vt 0.962478 0.024419
vt 0.962917 0.024386
vt 0.963394 0.024469
vt 0.963870 0.024668
vt 0.964303 0.024973
vt 0.964419 0.025499
vt 0.964401 0.026045
vt 0.964245 0.026558
vt 0.963964 0.026985
vt 0.963584 0.027280
vt 0.963146 0.027406
vt 0.962705 0.027342
vt 0.962334 0.027088
vt 0.962105 0.026689
vt 0.962027 0.026233
vt 0.612517 0.015855
vt 0.616711 0.025280
vt 0.605209 0.027182
vt 0.601488 0.020062
vt 0.605611 0.008020
vt 0.595793 0.014551
vt 0.596530 0.002527
vt 0.588763 0.011175
vt 0.586024 0.000000
vt 0.581164 0.010192
vt 0.575050 0.000845
vt 0.573771 0.011589
vt 0.564720 0.005159
vt 0.567281 0.015123
vt 0.556178 0.012632
vt 0.562265 0.020391
vt 0.550409 0.022518
vt 0.559176 0.026881
vt 0.547998 0.033718
vt 0.558368 0.033979
vt 0.549847 0.045026
vt 0.558820 0.041108
vt 0.555113 0.055187
vt 0.561581 0.047744
vt 0.563271 0.063078
vt 0.566328 0.053257
vt 0.573374 0.067903
vt 0.572635 0.057111
vt 0.584291 0.069296
vt 0.579949 0.058875
vt 0.594911 0.067296
vt 0.587589 0.058272
vt 0.604255 0.062264
vt 0.594779 0.055251
vt 0.611544 0.054784
vt 0.600742 0.050029
vt 0.616203 0.045580
vt 0.604813 0.043102
vt 0.617839 0.035465
vt 0.606578 0.035180
vt 0.601749 0.028458
vt 0.598652 0.022603
vt 0.593928 0.018175
vt 0.588213 0.015521
vt 0.582114 0.014766
vt 0.576177 0.015889
vt 0.570923 0.018735
vt 0.566800 0.023004
vt 0.564130 0.028283
vt 0.563071 0.034098
vt 0.563839 0.039960
vt 0.566242 0.045366
vt 0.570148 0.049837
vt 0.575256 0.052945
vt 0.581134 0.054364
vt 0.587269 0.053912
vt 0.593113 0.051540
vt 0.598051 0.047344
vt 0.601430 0.041642
vt 0.602673 0.035075
vt 0.601120 0.029229
vt 0.598203 0.024295
vt 0.594010 0.020829
vt 0.589293 0.018863
vt 0.584454 0.018255
vt 0.579704 0.018900
vt 0.575226 0.020889
vt 0.571412 0.024279
vt 0.568779 0.028880
vt 0.567776 0.034228
vt 0.568511 0.039622
vt 0.570918 0.044359
vt 0.574572 0.047946
vt 0.578964 0.050159
vt 0.583695 0.051033
vt 0.588574 0.050647
vt 0.593387 0.048890
vt 0.597740 0.045603
vt 0.600872 0.040792
vt 0.601965 0.035029
vt 0.599609 0.030019
vt 0.597153 0.025912
vt 0.593424 0.023417
vt 0.589542 0.022483
vt 0.586164 0.022612
vt 0.583061 0.023534
vt 0.579538 0.024681
vt 0.576122 0.026828
vt 0.573491 0.030203
vt 0.572116 0.034422
vt 0.573282 0.038721
vt 0.575774 0.042232
vt 0.579131 0.044531
vt 0.582654 0.045801
vt 0.585773 0.046793
vt 0.589179 0.046995
vt 0.593105 0.046153
vt 0.596906 0.043746
vt 0.599474 0.039701
vt 0.600074 0.034867
vt 0.953778 0.034014
vt 0.950030 0.028220
vt 0.954914 0.028408
vt 0.957247 0.031473
vt 0.948722 0.022146
vt 0.953692 0.024916
vt 0.949032 0.016617
vt 0.953437 0.021381
vt 0.950405 0.011661
vt 0.954016 0.017960
vt 0.952788 0.007259
vt 0.955437 0.014723
vt 0.956207 0.003639
vt 0.957780 0.011871
vt 0.960512 0.001130
vt 0.961006 0.009784
vt 0.965377 0.000000
vt 0.964847 0.008850
vt 0.970362 0.000402
vt 0.968856 0.009299
vt 0.975097 0.002233
vt 0.972602 0.011037
vt 0.979123 0.005460
vt 0.975487 0.013934
vt 0.982035 0.009834
vt 0.977171 0.017594
vt 0.983526 0.014980
vt 0.977540 0.021531
vt 0.983474 0.020459
vt 0.976702 0.025327
vt 0.981928 0.025927
vt 0.974847 0.028734
vt 0.978856 0.031174
vt 0.972105 0.031572
vt 0.973962 0.035705
vt 0.968597 0.033551
vt 0.967260 0.038338
vt 0.964591 0.034287
vt 0.959894 0.037953
vt 0.960603 0.033513
vt 0.956647 0.025097
vt 0.957348 0.026959
vt 0.956748 0.023263
vt 0.957379 0.021687
vt 0.958402 0.020393
vt 0.959760 0.019319
vt 0.961493 0.018539
vt 0.963551 0.018182
vt 0.965785 0.018395
vt 0.967967 0.019231
vt 0.969193 0.021243
vt 0.969801 0.023498
vt 0.969709 0.025755
vt 0.968995 0.027779
vt 0.967816 0.029427
vt 0.966270 0.030637
vt 0.964375 0.031291
vt 0.962255 0.031162
vt 0.960279 0.030123
vt 0.958942 0.028282
vt 0.828613 0.782902
vt 0.824709 0.811237
vt 0.810360 0.811197
vt 0.816380 0.777957
vt 0.412696 0.717859
vt 0.412696 0.717859
vt 0.410679 0.718446
vt 0.410679 0.718446
vt 0.019856 0.844861
vt 0.032405 0.876556
vt 0.018218 0.879263
vt 0.009015 0.852359
vt 0.002003 0.856066
vt 0.009958 0.881274
vt 0.007955 0.881906
vt 0.000000 0.856698
vt 0.824660 0.813343
vt 0.810286 0.813289
vt 0.829317 0.780914
vt 0.817068 0.775982
vt 0.836179 0.785305
vt 0.833217 0.811580
vt 0.833141 0.813676
vt 0.836835 0.783313
vt 0.026986 0.840849
vt 0.040732 0.874150
vt 0.801570 0.812679
vt 0.801664 0.810581
vt 0.808635 0.775495
vt 0.809183 0.773485
vt 0.033084 0.838926
vt 0.047143 0.872524
vt 0.795036 0.812356
vt 0.795065 0.810265
vt 0.802342 0.774445
vt 0.802902 0.772396
vt 0.041444 0.834411
vt 0.057034 0.870094
vt 0.785045 0.812202
vt 0.784859 0.810099
vt 0.793242 0.771578
vt 0.794034 0.769625
vt 0.054840 0.823226
vt 0.078189 0.870426
vt 0.764311 0.815899
vt 0.764013 0.813821
vt 0.778029 0.763772
vt 0.778865 0.761859
vt 0.067847 0.815444
vt 0.096141 0.869857
vt 0.746607 0.818358
vt 0.746383 0.816283
vt 0.763838 0.758335
vt 0.764634 0.756388
vt 0.083136 0.805324
vt 0.115648 0.865722
vt 0.726694 0.818872
vt 0.726319 0.816773
vt 0.746803 0.751405
vt 0.747603 0.749469
vt 0.094174 0.799502
vt 0.133681 0.870379
vt 0.710177 0.824832
vt 0.710102 0.822795
vt 0.735055 0.747278
vt 0.736024 0.745394
vt 0.104889 0.787804
vt 0.145826 0.860430
vt 0.695414 0.819724
vt 0.695592 0.817593
vt 0.722174 0.738640
vt 0.723245 0.736845
vt 0.112203 0.780667
vt 0.157553 0.859837
vt 0.684028 0.820414
vt 0.684031 0.818343
vt 0.713689 0.733491
vt 0.714558 0.731604
vt 0.122554 0.775923
vt 0.168868 0.856243
vt 0.672275 0.819487
vt 0.672066 0.817342
vt 0.702880 0.730233
vt 0.703594 0.728243
vt 0.134414 0.769233
vt 0.188697 0.861510
vt 0.654252 0.824977
vt 0.654662 0.823000
vt 0.690107 0.725863
vt 0.690802 0.723875
vt 0.150030 0.759249
vt 0.198454 0.841858
vt 0.639198 0.811030
vt 0.640073 0.809168
vt 0.673084 0.719519
vt 0.673645 0.717508
vt 0.168975 0.754307
vt 0.224291 0.847046
vt 0.217737 0.846701
vt 0.163857 0.756030
vt 0.621386 0.817379
vt 0.622348 0.819187
vt 0.615236 0.820719
vt 0.615004 0.818628
vt 0.659571 0.718317
vt 0.654289 0.717506
vt 0.659770 0.716181
vt 0.654639 0.715436
vt 0.185393 0.748134
vt 0.243356 0.844457
vt 0.595548 0.820724
vt 0.595827 0.818656
vt 0.637222 0.714208
vt 0.637578 0.712141
vt 0.632741 0.805573
vt 0.633360 0.807631
vt 0.204225 0.836074
vt 0.157706 0.756664
vt 0.665711 0.716138
vt 0.665432 0.718204
vt 0.204663 0.741645
vt 0.260935 0.834736
vt 0.575956 0.814441
vt 0.576628 0.812457
vt 0.617223 0.710985
vt 0.617506 0.708906
vt 0.226918 0.735927
vt 0.278983 0.821815
vt 0.555565 0.805266
vt 0.556292 0.803280
vt 0.594566 0.708809
vt 0.594788 0.706713
vt 0.241985 0.730853
vt 0.293757 0.815811
vt 0.539968 0.800849
vt 0.540722 0.798894
vt 0.579040 0.706719
vt 0.579092 0.704629
vt 0.261149 0.729728
vt 0.308138 0.806744
vt 0.524106 0.793872
vt 0.525056 0.791972
vt 0.560366 0.707808
vt 0.560130 0.705708
vt 0.295025 0.722411
vt 0.315722 0.803018
vt 0.515660 0.789848
vt 0.516978 0.788311
vt 0.526227 0.707712
vt 0.525131 0.706019
vt 0.305813 0.746023
vt 0.320045 0.794170
vt 0.509950 0.782426
vt 0.511403 0.780842
vt 0.519064 0.730493
vt 0.518666 0.728422
vt 0.307884 0.735090
vt 0.327100 0.791303
vt 0.503279 0.779607
vt 0.504432 0.777912
vt 0.515058 0.720967
vt 0.516619 0.719995
vt 0.309986 0.730269
vt 0.333853 0.784046
vt 0.495387 0.774059
vt 0.496487 0.772246
vt 0.512238 0.716868
vt 0.513833 0.715544
vt 0.312607 0.726440
vt 0.342551 0.778901
vt 0.486223 0.769838
vt 0.487219 0.767993
vt 0.509109 0.713532
vt 0.510507 0.711939
vt 0.317726 0.718220
vt 0.351350 0.772830
vt 0.476653 0.764836
vt 0.477723 0.763027
vt 0.502471 0.707241
vt 0.503028 0.705317
vt 0.328123 0.719974
vt 0.357643 0.767972
vt 0.469711 0.760568
vt 0.470941 0.758863
vt 0.493044 0.709002
vt 0.492508 0.706959
vt 0.345405 0.727036
vt 0.365297 0.759754
vt 0.461076 0.753610
vt 0.462489 0.752170
vt 0.476962 0.717062
vt 0.476558 0.714958
vt 0.353385 0.722823
vt 0.368539 0.747908
vt 0.455602 0.744278
vt 0.456705 0.742404
vt 0.468067 0.715389
vt 0.468209 0.713356
vt 0.357179 0.721546
vt 0.373434 0.748222
vt 0.451686 0.744404
vt 0.452080 0.742384
vt 0.464227 0.714942
vt 0.464087 0.712901
vt 0.366705 0.723423
vt 0.380976 0.746803
vt 0.444423 0.743151
vt 0.444893 0.741113
vt 0.455234 0.717259
vt 0.454867 0.715175
vt 0.375230 0.723603
vt 0.387694 0.743960
vt 0.437828 0.740748
vt 0.438601 0.738813
vt 0.446459 0.717986
vt 0.447589 0.717083
vt 0.382461 0.720999
vt 0.393473 0.738870
vt 0.431813 0.737029
vt 0.432793 0.735192
vt 0.438857 0.715674
vt 0.440833 0.714931
vt 0.411684 0.719740
vt 0.414760 0.716979
vt 0.911940 0.119338
vt 0.939460 0.124090
vt 0.940492 0.136397
vt 0.907247 0.129745
vt 0.895867 0.484548
vt 0.895867 0.484548
vt 0.895351 0.486576
vt 0.895351 0.486576
vt 0.846898 0.835558
vt 0.880867 0.835594
vt 0.877382 0.847609
vt 0.849199 0.846605
vt 0.850163 0.853461
vt 0.875611 0.854657
vt 0.875239 0.856745
vt 0.850361 0.855529
vt 0.941551 0.123806
vt 0.942575 0.136181
vt 0.910100 0.118297
vt 0.905345 0.128867
vt 0.914594 0.112925
vt 0.939185 0.116883
vt 0.941215 0.116579
vt 0.912880 0.111888
vt 0.846288 0.828616
vt 0.882235 0.828255
vt 0.942593 0.143624
vt 0.940490 0.143773
vt 0.905230 0.136480
vt 0.903244 0.135865
vt 0.846987 0.823157
vt 0.883461 0.822681
vt 0.942758 0.149263
vt 0.940670 0.149420
vt 0.904783 0.142014
vt 0.902715 0.141471
vt 0.846394 0.815077
vt 0.885505 0.814101
vt 0.943182 0.157778
vt 0.941100 0.158159
vt 0.902674 0.149918
vt 0.900720 0.149119
vt 0.842044 0.800972
vt 0.894403 0.797406
vt 0.948702 0.175682
vt 0.946651 0.176136
vt 0.895890 0.163113
vt 0.893966 0.162309
vt 0.840227 0.788139
vt 0.901247 0.783104
vt 0.952811 0.191095
vt 0.950752 0.191404
vt 0.891774 0.175451
vt 0.889796 0.174729
vt 0.837450 0.772692
vt 0.905942 0.766465
vt 0.954538 0.208071
vt 0.952480 0.208602
vt 0.886337 0.190193
vt 0.884348 0.189543
vt 0.836729 0.762045
vt 0.917042 0.753912
vt 0.963085 0.222891
vt 0.961099 0.223083
vt 0.883864 0.200563
vt 0.881913 0.199731
vt 0.831333 0.749744
vt 0.914335 0.741038
vt 0.958158 0.235365
vt 0.956030 0.235240
vt 0.876144 0.211673
vt 0.874342 0.210637
vt 0.828370 0.741724
vt 0.918573 0.731518
vt 0.960580 0.245248
vt 0.958529 0.245407
vt 0.871969 0.219090
vt 0.869994 0.218458
vt 0.828374 0.732098
vt 0.920184 0.721344
vt 0.960424 0.255252
vt 0.958333 0.255726
vt 0.870290 0.228569
vt 0.868229 0.228097
vt 0.827471 0.720666
vt 0.932027 0.707452
vt 0.969286 0.271905
vt 0.967347 0.271684
vt 0.867590 0.239682
vt 0.865565 0.239117
vt 0.825423 0.705373
vt 0.920417 0.693046
vt 0.955226 0.284915
vt 0.953416 0.283927
vt 0.862630 0.254237
vt 0.860652 0.253636
vt 0.828401 0.689205
vt 0.935016 0.673938
vt 0.932292 0.679043
vt 0.827965 0.693746
vt 0.962435 0.300046
vt 0.964273 0.299132
vt 0.966240 0.305473
vt 0.964159 0.305580
vt 0.862844 0.266098
vt 0.862460 0.270663
vt 0.860675 0.265992
vt 0.860397 0.270308
vt 0.829317 0.674340
vt 0.939850 0.657995
vt 0.967818 0.322374
vt 0.965760 0.322128
vt 0.860562 0.285431
vt 0.858497 0.285070
vt 0.949759 0.290032
vt 0.951747 0.289364
vt 0.917945 0.686423
vt 0.826202 0.698671
vt 0.859942 0.260607
vt 0.861991 0.260905
vt 0.831083 0.656979
vt 0.938361 0.641044
vt 0.963167 0.339065
vt 0.961153 0.338502
vt 0.859004 0.302812
vt 0.856924 0.302553
vt 0.834816 0.637441
vt 0.934327 0.622750
vt 0.955878 0.356313
vt 0.953839 0.355750
vt 0.858948 0.322700
vt 0.856850 0.322510
vt 0.836547 0.623837
vt 0.934575 0.609237
vt 0.953503 0.369606
vt 0.951488 0.369068
vt 0.858129 0.336387
vt 0.856048 0.336352
vt 0.842989 0.608159
vt 0.932184 0.595192
vt 0.948512 0.383059
vt 0.946490 0.382425
vt 0.861443 0.353007
vt 0.859336 0.353066
vt 0.850599 0.578508
vt 0.931838 0.588116
vt 0.946512 0.390208
vt 0.944722 0.389294
vt 0.863455 0.383526
vt 0.861659 0.384332
vt 0.875545 0.577404
vt 0.926205 0.582307
vt 0.940037 0.395119
vt 0.938232 0.393960
vt 0.887630 0.389429
vt 0.885758 0.390093
vt 0.867672 0.571874
vt 0.926314 0.576311
vt 0.938881 0.400496
vt 0.936987 0.399749
vt 0.879215 0.393923
vt 0.878000 0.392984
vt 0.864897 0.568498
vt 0.923442 0.568860
vt 0.935015 0.407268
vt 0.932992 0.406601
vt 0.875940 0.396845
vt 0.874075 0.395989
vt 0.863208 0.565050
vt 0.922962 0.560463
vt 0.933083 0.415287
vt 0.931069 0.414739
vt 0.873733 0.400012
vt 0.871766 0.399273
vt 0.859521 0.558116
vt 0.921809 0.551517
vt 0.930297 0.423803
vt 0.928281 0.423241
vt 0.868900 0.406356
vt 0.866976 0.406262
vt 0.865129 0.550828
vt 0.920423 0.544847
vt 0.927986 0.430237
vt 0.925997 0.429551
vt 0.873134 0.414624
vt 0.871176 0.415382
vt 0.878155 0.540013
vt 0.916668 0.536061
vt 0.922912 0.438688
vt 0.921249 0.437531
vt 0.883977 0.427740
vt 0.881940 0.428414
vt 0.878788 0.532614
vt 0.908362 0.529106
vt 0.913958 0.444156
vt 0.912046 0.443156
vt 0.883311 0.435390
vt 0.881291 0.435504
vt 0.879524 0.529465
vt 0.910301 0.525145
vt 0.915306 0.447523
vt 0.913264 0.447289
vt 0.883681 0.438745
vt 0.881706 0.439231
vt 0.884703 0.522945
vt 0.911503 0.518409
vt 0.915499 0.454110
vt 0.913461 0.453757
vt 0.887740 0.446311
vt 0.885707 0.446927
vt 0.887915 0.516408
vt 0.911269 0.512014
vt 0.914696 0.460221
vt 0.912679 0.459735
vt 0.890215 0.453589
vt 0.888122 0.454044
vt 0.888515 0.510016
vt 0.908951 0.505669
vt 0.912357 0.466788
vt 0.910560 0.465778
vt 0.891018 0.460326
vt 0.888951 0.460528
vt 0.897763 0.485531
vt 0.893853 0.483908
vt 0.030387 0.697478
vt 0.011809 0.692766
vt 0.011357 0.683540
vt 0.035097 0.689456
vt 0.069016 0.453485
vt 0.069015 0.453485
vt 0.069481 0.451373
vt 0.069481 0.451373
vt 0.161250 0.222047
vt 0.138532 0.211482
vt 0.144722 0.203885
vt 0.163202 0.213475
vt 0.165022 0.208491
vt 0.148136 0.199269
vt 0.149218 0.197390
vt 0.166032 0.206585
vt 0.009652 0.693074
vt 0.009210 0.683735
vt 0.031963 0.698937
vt 0.036833 0.690728
vt 0.026975 0.702016
vt 0.011945 0.698166
vt 0.009899 0.698547
vt 0.028405 0.703445
vt 0.159526 0.227218
vt 0.135302 0.216364
vt 0.009197 0.678050
vt 0.011364 0.677907
vt 0.037208 0.684241
vt 0.039048 0.685335
vt 0.157327 0.230895
vt 0.132717 0.220012
vt 0.009189 0.673666
vt 0.011360 0.673585
vt 0.038199 0.680016
vt 0.040184 0.680996
vt 0.155225 0.236878
vt 0.128695 0.225597
vt 0.009211 0.666996
vt 0.011406 0.666907
vt 0.040305 0.673842
vt 0.042268 0.674832
vt 0.153802 0.248420
vt 0.117449 0.234814
vt 0.006894 0.653310
vt 0.009056 0.653249
vt 0.045745 0.663479
vt 0.047663 0.664446
vt 0.151140 0.258097
vt 0.108566 0.242984
vt 0.005112 0.642033
vt 0.007259 0.642027
vt 0.049756 0.653819
vt 0.051707 0.654761
vt 0.148730 0.269916
vt 0.100949 0.253526
vt 0.004470 0.629629
vt 0.006673 0.629529
vt 0.054654 0.642229
vt 0.056611 0.643112
vt 0.146439 0.277678
vt 0.089910 0.259066
vt 0.000535 0.619499
vt 0.002589 0.619665
vt 0.056910 0.634207
vt 0.058934 0.635114
vt 0.147314 0.288162
vt 0.089179 0.269199
vt 0.003645 0.610539
vt 0.005876 0.610748
vt 0.062987 0.625495
vt 0.064674 0.626727
vt 0.147569 0.294865
vt 0.084032 0.274588
vt 0.002705 0.603425
vt 0.004815 0.603537
vt 0.065519 0.619701
vt 0.067510 0.620528
vt 0.145377 0.301702
vt 0.080703 0.281242
vt 0.003172 0.596177
vt 0.005397 0.596167
vt 0.067383 0.612720
vt 0.069399 0.613510
vt 0.143574 0.310128
vt 0.068907 0.287268
vt 0.000000 0.585411
vt 0.002043 0.585730
vt 0.069317 0.604458
vt 0.071355 0.605243
vt 0.141923 0.321667
vt 0.074887 0.301043
vt 0.007479 0.575897
vt 0.009562 0.576495
vt 0.073508 0.594195
vt 0.075377 0.595194
vt 0.136602 0.332140
vt 0.060587 0.309837
vt 0.063687 0.307147
vt 0.137839 0.329093
vt 0.005282 0.566014
vt 0.003206 0.565850
vt 0.002755 0.561897
vt 0.004846 0.562258
vt 0.074668 0.586452
vt 0.075247 0.583231
vt 0.076828 0.587142
vt 0.077272 0.584018
vt 0.132968 0.342240
vt 0.053519 0.319377
vt 0.004036 0.550697
vt 0.006140 0.551094
vt 0.077688 0.572755
vt 0.079696 0.573528
vt 0.012126 0.571881
vt 0.009785 0.571936
vt 0.075416 0.306385
vt 0.140034 0.326174
vt 0.076596 0.590857
vt 0.074784 0.589875
vt 0.128330 0.353741
vt 0.051039 0.331648
vt 0.007605 0.538842
vt 0.009624 0.539509
vt 0.079472 0.560195
vt 0.081506 0.560938
vt 0.122063 0.366042
vt 0.049869 0.345811
vt 0.014829 0.526435
vt 0.016936 0.527013
vt 0.081643 0.547045
vt 0.083563 0.547955
vt 0.118212 0.374855
vt 0.045941 0.355466
vt 0.018216 0.516775
vt 0.020271 0.517328
vt 0.081841 0.537026
vt 0.083897 0.537661
vt 0.110568 0.382157
vt 0.044034 0.366702
vt 0.024019 0.507083
vt 0.026079 0.507671
vt 0.080215 0.526901
vt 0.082297 0.527443
vt 0.100835 0.395815
vt 0.042779 0.372238
vt 0.027115 0.502523
vt 0.029297 0.503053
vt 0.077702 0.508960
vt 0.078988 0.509419
vt 0.083890 0.390069
vt 0.046091 0.377832
vt 0.029806 0.499986
vt 0.031756 0.500979
vt 0.066528 0.506680
vt 0.074498 0.507759
vt 0.088998 0.394803
vt 0.045271 0.382381
vt 0.031175 0.497263
vt 0.033201 0.497989
vt 0.071376 0.503749
vt 0.073539 0.504601
vt 0.090805 0.397376
vt 0.047132 0.388645
vt 0.033154 0.493110
vt 0.035219 0.493804
vt 0.072987 0.501731
vt 0.075019 0.502344
vt 0.091934 0.399781
vt 0.047510 0.395139
vt 0.034968 0.487924
vt 0.036980 0.488597
vt 0.073922 0.499555
vt 0.075988 0.500165
vt 0.094529 0.404792
vt 0.048797 0.402007
vt 0.037656 0.482583
vt 0.039768 0.483119
vt 0.076100 0.495030
vt 0.077971 0.495627
vt 0.090945 0.407682
vt 0.050239 0.407007
vt 0.039225 0.478519
vt 0.041297 0.479044
vt 0.074829 0.491121
vt 0.076958 0.491367
vt 0.082903 0.412457
vt 0.053656 0.413325
vt 0.042675 0.473864
vt 0.044504 0.474795
vt 0.071033 0.484167
vt 0.073305 0.484291
vt 0.082761 0.417328
vt 0.060090 0.418475
vt 0.048606 0.471157
vt 0.050835 0.471935
vt 0.072069 0.478817
vt 0.073977 0.479361
vt 0.082401 0.419457
vt 0.059032 0.421217
vt 0.048919 0.468812
vt 0.050925 0.469307
vt 0.071647 0.476365
vt 0.073736 0.476725
vt 0.079055 0.423761
vt 0.058408 0.425971
vt 0.050332 0.465214
vt 0.052444 0.465651
vt 0.070341 0.471068
vt 0.072503 0.471246
vt 0.076688 0.428577
vt 0.058560 0.430613
vt 0.051915 0.461804
vt 0.053834 0.462473
vt 0.069337 0.464898
vt 0.071518 0.465142
vt 0.075775 0.433435
vt 0.059799 0.435682
vt 0.054784 0.459085
vt 0.056780 0.459461
vt 0.069147 0.458274
vt 0.071278 0.458811
vt 0.066673 0.453747
vt 0.069051 0.454161
vt 0.837626 0.276490
vt 0.850136 0.291473
vt 0.846496 0.298132
vt 0.831536 0.279467
vt 0.702768 0.451358
vt 0.702768 0.451358
vt 0.701146 0.452695
vt 0.701146 0.452694
vt 0.523187 0.562417
vt 0.537543 0.581655
vt 0.529782 0.583548
vt 0.518668 0.566965
vt 0.515476 0.569299
vt 0.525347 0.584744
vt 0.523439 0.585688
vt 0.513749 0.570452
vt 0.852035 0.292403
vt 0.848355 0.299087
vt 0.836907 0.274499
vt 0.830676 0.277565
vt 0.841252 0.274577
vt 0.852466 0.287732
vt 0.854281 0.288646
vt 0.840650 0.272730
vt 0.526275 0.559905
vt 0.541931 0.579976
vt 0.845892 0.302879
vt 0.844029 0.301870
vt 0.828108 0.281833
vt 0.827047 0.280064
vt 0.529168 0.558545
vt 0.545338 0.578765
vt 0.844059 0.305817
vt 0.842217 0.304800
vt 0.825899 0.284317
vt 0.824645 0.282539
vt 0.532728 0.555600
vt 0.550601 0.576892
vt 0.841386 0.310247
vt 0.839440 0.309365
vt 0.822031 0.287262
vt 0.820989 0.285397
vt 0.537446 0.548582
vt 0.562973 0.575830
vt 0.837932 0.321636
vt 0.835996 0.320814
vt 0.813984 0.290771
vt 0.812986 0.288950
vt 0.542687 0.543306
vt 0.573192 0.574370
vt 0.834654 0.331183
vt 0.832798 0.330255
vt 0.807549 0.295009
vt 0.806452 0.293204
vt 0.548639 0.536547
vt 0.583478 0.570729
vt 0.829747 0.340326
vt 0.827732 0.339572
vt 0.799607 0.299858
vt 0.798463 0.298111
vt 0.553235 0.532460
vt 0.594771 0.571951
vt 0.828780 0.351624
vt 0.827095 0.350635
vt 0.794730 0.303901
vt 0.793716 0.302003
vt 0.556309 0.525208
vt 0.599586 0.565617
vt 0.822036 0.355755
vt 0.820321 0.354409
vt 0.786847 0.305898
vt 0.786118 0.303975
vt 0.558579 0.520774
vt 0.606131 0.564257
vt 0.819788 0.361636
vt 0.818049 0.360580
vt 0.782196 0.307762
vt 0.781045 0.306058
vt 0.563003 0.517315
vt 0.611729 0.561242
vt 0.816368 0.366443
vt 0.814355 0.365610
vt 0.778031 0.311688
vt 0.776686 0.310040
vt 0.567791 0.512709
vt 0.624012 0.562168
vt 0.814781 0.378795
vt 0.813354 0.377518
vt 0.772835 0.316035
vt 0.771586 0.314334
vt 0.573690 0.506010
vt 0.625109 0.550509
vt 0.803008 0.379376
vt 0.802092 0.377551
vt 0.765225 0.320936
vt 0.764105 0.319236
vt 0.582382 0.501547
vt 0.640980 0.550610
vt 0.637279 0.551169
vt 0.580110 0.503006
vt 0.801150 0.389798
vt 0.803134 0.390294
vt 0.801834 0.394471
vt 0.800102 0.393332
vt 0.761199 0.326840
vt 0.759420 0.328944
vt 0.759525 0.325375
vt 0.757981 0.327411
vt 0.589573 0.496508
vt 0.650788 0.546955
vt 0.796563 0.403596
vt 0.795078 0.402177
vt 0.753311 0.335414
vt 0.751907 0.333858
vt 0.798099 0.379021
vt 0.800134 0.379744
vt 0.627019 0.546664
vt 0.577071 0.503932
vt 0.761209 0.322352
vt 0.762565 0.323889
vt 0.598266 0.490933
vt 0.657958 0.539601
vt 0.788347 0.409892
vt 0.787054 0.408254
vt 0.746422 0.343313
vt 0.744952 0.341819
vt 0.608783 0.485459
vt 0.664448 0.530331
vt 0.778686 0.415258
vt 0.777368 0.413577
vt 0.739406 0.353122
vt 0.737857 0.351681
vt 0.615628 0.481170
vt 0.670802 0.525079
vt 0.772794 0.420722
vt 0.771508 0.419095
vt 0.734232 0.359568
vt 0.732621 0.358267
vt 0.625604 0.478362
vt 0.676050 0.518219
vt 0.765564 0.425182
vt 0.764317 0.423463
vt 0.730110 0.369328
vt 0.728380 0.368107
vt 0.642167 0.470657
vt 0.679046 0.515113
vt 0.761959 0.427780
vt 0.761019 0.426034
vt 0.720489 0.385459
vt 0.718592 0.384925
vt 0.654991 0.482617
vt 0.678775 0.509790
vt 0.756910 0.427476
vt 0.756173 0.425408
vt 0.731018 0.399581
vt 0.729119 0.398664
vt 0.653263 0.476686
vt 0.681484 0.507185
vt 0.754454 0.429305
vt 0.753486 0.427552
vt 0.725094 0.398086
vt 0.724607 0.396705
vt 0.653231 0.474041
vt 0.683224 0.502486
vt 0.750239 0.430917
vt 0.749063 0.429109
vt 0.722436 0.398128
vt 0.721447 0.396407
vt 0.653776 0.471865
vt 0.686524 0.498525
vt 0.746431 0.433835
vt 0.745203 0.432163
vt 0.720252 0.398775
vt 0.719084 0.397048
vt 0.654706 0.467338
vt 0.689681 0.494026
vt 0.742041 0.436668
vt 0.740770 0.435010
vt 0.715650 0.399875
vt 0.714211 0.398706
vt 0.660432 0.466905
vt 0.691754 0.490435
vt 0.738651 0.438856
vt 0.737444 0.437134
vt 0.714918 0.405821
vt 0.712914 0.405195
vt 0.671295 0.468384
vt 0.693430 0.484753
vt 0.732974 0.440873
vt 0.732336 0.438994
vt 0.715865 0.417121
vt 0.713774 0.416459
vt 0.674482 0.465655
vt 0.691947 0.477736
vt 0.726543 0.439700
vt 0.725530 0.437692
vt 0.712884 0.420644
vt 0.711186 0.419647
vt 0.676089 0.464698
vt 0.694541 0.476764
vt 0.726023 0.441762
vt 0.724668 0.440243
vt 0.711981 0.422512
vt 0.710159 0.421700
vt 0.681315 0.464259
vt 0.697863 0.474156
vt 0.723793 0.444901
vt 0.722444 0.443361
vt 0.711460 0.428155
vt 0.709424 0.427474
vt 0.685550 0.462857
vt 0.700274 0.471083
vt 0.721215 0.447437
vt 0.719945 0.445826
vt 0.710225 0.432959
vt 0.708218 0.432158
vt 0.688370 0.460360
vt 0.701567 0.467177
vt 0.717737 0.449734
vt 0.716860 0.447911
vt 0.708503 0.436797
vt 0.706721 0.435756
vt 0.703898 0.453243
vt 0.701342 0.449760
vt 0.473887 0.306998
vt 0.449503 0.296979
vt 0.449515 0.283933
vt 0.480358 0.295124
vt 0.449314 0.351044
vt 0.449478 0.326149
vt 0.456883 0.325008
vt 0.454933 0.353347
vt 0.465671 0.387763
vt 0.447643 0.386570
vt 0.448271 0.373708
vt 0.463137 0.374471
vt 0.445460 0.454674
vt 0.446253 0.415332
vt 0.455494 0.413761
vt 0.456705 0.433390
vt 0.503987 0.306067
vt 0.496514 0.319909
vt 0.395248 0.306161
vt 0.419156 0.296056
vt 0.426206 0.307975
vt 0.402794 0.320762
vt 0.437835 0.413644
vt 0.436027 0.433016
vt 0.435678 0.373128
vt 0.429977 0.386029
vt 0.442661 0.325032
vt 0.444175 0.353077
vt 0.416507 0.283244
vt 0.435027 0.279749
vt 0.424949 0.286337
vt 0.418952 0.287676
vt 0.465259 0.279064
vt 0.473588 0.286921
vt 0.449573 0.281363
vt 0.449606 0.277415
vt 0.482959 0.281798
vt 0.509413 0.290488
vt 0.505754 0.300565
vt 0.479194 0.288983
vt 0.477698 0.394710
vt 0.447303 0.393559
vt 0.447514 0.389205
vt 0.469555 0.390780
vt 0.422352 0.388595
vt 0.416773 0.391120
vt 0.389683 0.290194
vt 0.391931 0.297270
vt 0.441867 0.357619
vt 0.448989 0.358166
vt 0.458452 0.358320
vt 0.485295 0.334950
vt 0.462583 0.320623
vt 0.449521 0.311616
vt 0.437855 0.321237
vt 0.413728 0.336216
vt 0.481210 0.340029
vt 0.417258 0.340632
vt 0.421750 0.258583
vt 0.433201 0.257891
vt 0.437367 0.265309
vt 0.414728 0.271021
vt 0.466753 0.257778
vt 0.463205 0.265719
vt 0.449898 0.268384
vt 0.449845 0.265339
vt 0.479054 0.259219
vt 0.510488 0.256325
vt 0.511865 0.272082
vt 0.484978 0.268932
vt 0.468854 0.411282
vt 0.446543 0.409095
vt 0.446732 0.405141
vt 0.481122 0.408068
vt 0.412261 0.404841
vt 0.427505 0.409174
vt 0.391025 0.253984
vt 0.387024 0.272184
vt 0.426547 0.252353
vt 0.473179 0.252679
vt 0.448790 0.247490
vt 0.485276 0.244404
vt 0.505715 0.241599
vt 0.394883 0.242652
vt 0.414706 0.246086
vt 0.416844 0.291903
vt 0.392945 0.300886
vt 0.425365 0.387581
vt 0.467640 0.389291
vt 0.481545 0.292932
vt 0.505117 0.303365
vt 0.415286 0.278686
vt 0.436611 0.274928
vt 0.464447 0.275117
vt 0.449706 0.274985
vt 0.484773 0.277020
vt 0.510940 0.283388
vt 0.481645 0.399178
vt 0.447162 0.396451
vt 0.413813 0.395885
vt 0.388218 0.283472
vt 0.414841 0.275312
vt 0.436859 0.270808
vt 0.464081 0.271090
vt 0.449822 0.272048
vt 0.485252 0.273522
vt 0.511526 0.278468
vt 0.482387 0.403105
vt 0.446978 0.400221
vt 0.412761 0.399751
vt 0.387485 0.278562
s 1
usemtl Material.001
f 1/1/1 2/2/2 22/3/3 21/4/4
f 2/2/2 3/5/5 23/6/6 22/3/3
f 3/5/5 4/7/7 24/8/8 23/6/6
f 4/7/7 5/9/9 25/10/10 24/8/8
f 5/9/9 6/11/11 26/12/12 25/10/10
f 6/11/11 7/13/13 27/14/14 26/12/12
f 7/13/13 8/15/15 28/16/16 27/14/14
f 8/15/15 9/17/17 29/18/18 28/16/16
f 9/17/17 10/19/19 30/20/20 29/18/18
f 10/19/19 11/21/21 31/22/22 30/20/20
f 11/21/21 12/23/23 32/24/24 31/22/22
f 12/23/23 13/25/25 33/26/26 32/24/24
f 13/25/25 14/27/27 34/28/28 33/26/26
f 14/27/27 15/29/29 35/30/30 34/28/28
f 15/29/29 16/31/31 36/32/32 35/30/30
f 16/31/31 17/33/33 37/34/34 36/32/32
f 17/33/33 18/35/35 38/36/36 37/34/34
f 18/35/35 19/37/37 39/38/38 38/36/36
f 19/37/37 20/39/39 40/40/40 39/38/38
f 20/39/39 1/41/1 21/42/4 40/40/40
f 122/43/41 121/44/42 123/45/43
f 124/46/44 122/43/41 123/45/43
f 125/47/45 124/46/44 123/45/43
f 126/48/46 125/47/45 123/45/43
f 127/49/47 126/48/46 123/45/43
f 128/50/48 127/49/47 123/45/43
f 129/51/49 128/50/48 123/45/43
f 130/52/50 129/51/49 123/45/43
f 131/53/51 130/52/50 123/45/43
f 132/54/52 131/53/51 123/45/43
f 133/55/53 132/54/52 123/45/43
f 134/56/54 133/55/53 123/45/43
f 135/57/55 134/56/54 123/45/43
f 136/58/56 135/57/55 123/45/43
f 137/59/57 136/58/56 123/45/43
f 138/60/58 137/59/57 123/45/43
f 139/61/59 138/60/58 123/45/43
f 140/62/60 139/61/59 123/45/43
f 141/63/61 140/62/60 123/45/43
f 121/44/42 141/63/61 123/45/43
f 182/64/62 183/65/63 184/66/64
f 183/65/63 185/67/65 184/66/64
f 185/67/65 186/68/66 184/66/64
f 186/68/66 187/69/67 184/66/64
f 187/69/67 188/70/68 184/66/64
f 188/70/68 189/71/69 184/66/64
f 189/71/69 190/72/70 184/66/64
f 190/72/70 191/73/71 184/66/64
f 191/73/71 192/74/67 184/66/64
f 192/74/67 193/75/72 184/66/64
f 193/75/72 194/76/73 184/66/64
f 194/76/73 195/77/74 184/66/64
f 195/77/74 196/78/75 184/66/64
f 196/78/75 197/79/66 184/66/64
f 197/79/66 198/80/63 184/66/64
f 198/80/63 199/81/72 184/66/64
f 199/81/72 200/82/76 184/66/64
f 200/82/76 201/83/71 184/66/64
f 201/83/71 202/84/71 184/66/64
f 202/84/71 182/64/62 184/66/64
f 2/85/77 1/86/77 41/87/77 42/88/77
f 3/89/78 2/85/78 42/88/78 43/90/78
f 4/91/79 3/89/79 43/90/79 44/92/79
f 5/93/80 4/91/80 44/92/81 45/94/82
f 6/95/83 5/93/83 45/94/84 46/96/85
f 7/97/86 6/95/86 46/96/87 47/98/88
f 8/99/89 7/97/89 47/98/89 48/100/89
f 9/101/90 8/99/90 48/100/90 49/102/90
f 10/103/91 9/101/91 49/102/91 50/104/91
f 11/105/92 10/103/92 50/104/92 51/106/92
f 12/107/93 11/105/93 51/106/93 52/108/93
f 13/109/94 12/107/94 52/108/94 53/110/94
f 14/111/95 13/109/95 53/110/95 54/112/95
f 15/113/96 14/111/96 54/112/97 55/114/98
f 16/115/99 15/113/99 55/114/100 56/116/101
f 17/117/102 16/115/102 56/116/103 57/118/104
f 18/119/105 17/117/105 57/118/105 58/120/105
f 19/121/106 18/119/106 58/120/106 59/122/106
f 20/123/107 19/121/107 59/122/107 60/124/107
f 1/86/108 20/123/108 60/124/108 41/87/108
f 42/88/109 41/87/109 61/125/109 62/126/109
f 43/90/110 42/88/110 62/126/110 63/127/110
f 44/92/111 43/90/111 63/127/112 64/128/113
f 45/94/82 44/92/81 64/128/114 65/129/114
f 46/96/85 45/94/84 65/129/115 66/130/115
f 47/98/88 46/96/87 66/130/116 67/131/116
f 48/100/117 47/98/117 67/131/117 68/132/117
f 49/102/118 48/100/118 68/132/118 69/133/118
f 50/104/119 49/102/119 69/133/119 70/134/119
f 51/106/120 50/104/120 70/134/120 71/135/120
f 52/108/121 51/106/121 71/135/121 72/136/121
f 53/110/122 52/108/122 72/136/122 73/137/122
f 54/112/123 53/110/123 73/137/123 74/138/123
f 55/114/98 54/112/97 74/138/124 75/139/124
f 56/116/101 55/114/100 75/139/125 76/140/125
f 57/118/104 56/116/103 76/140/126 77/141/126
f 58/120/127 57/118/127 77/141/127 78/142/127
f 59/122/128 58/120/128 78/142/128 79/143/128
f 60/124/129 59/122/129 79/143/129 80/144/129
f 41/87/130 60/124/130 80/144/130 61/125/130
f 62/126/131 61/125/131 81/145/131 82/146/131
f 63/127/132 62/126/132 82/146/132 83/147/132
f 64/128/113 63/127/112 83/147/133 84/148/133
f 65/129/134 64/128/134 84/148/134 85/149/134
f 66/130/135 65/129/135 85/149/136 86/150/137
f 67/131/138 66/130/138 86/150/139 87/151/140
f 68/132/141 67/131/141 87/151/141 88/152/141
f 69/133/142 68/132/142 88/152/142 89/153/142
f 70/134/143 69/133/143 89/153/143 90/154/143
f 71/135/144 70/134/144 90/154/144 91/155/144
f 72/136/145 71/135/145 91/155/145 92/156/145
f 73/137/146 72/136/146 92/156/146 93/157/146
f 74/138/147 73/137/147 93/157/147 94/158/147
f 75/139/124 74/138/124 94/158/148 95/159/148
f 76/140/149 75/139/149 95/159/149 96/160/149
f 77/141/150 76/140/150 96/160/151 97/161/152
f 78/142/153 77/141/153 97/161/153 98/162/153
f 79/143/154 78/142/154 98/162/154 99/163/154
f 80/144/155 79/143/155 99/163/155 100/164/155
f 61/125/156 80/144/156 100/164/156 81/145/156
f 82/146/157 81/145/157 101/165/157 102/166/157
f 83/147/158 82/146/158 102/166/158 103/167/158
f 84/148/159 83/147/159 103/167/159 104/168/159
f 85/149/160 84/148/160 104/168/160 105/169/160
f 86/150/137 85/149/136 105/169/161 106/170/162
f 87/151/140 86/150/139 106/170/163 107/171/163
f 88/152/164 87/151/164 107/171/164 108/172/164
f 89/153/165 88/152/165 108/172/165 109/173/165
f 90/154/166 89/153/166 109/173/166 110/174/166
f 91/155/167 90/154/167 110/174/167 111/175/167
f 92/156/168 91/155/168 111/175/168 112/176/168
f 93/157/169 92/156/169 112/176/169 113/177/169
f 94/158/170 93/157/170 113/177/170 114/178/170
f 95/159/171 94/158/171 114/178/171 115/179/171
f 96/160/172 95/159/172 115/179/172 116/180/172
f 97/161/152 96/160/151 116/180/173 117/181/173
f 98/162/174 97/161/174 117/181/174 118/182/174
f 99/163/175 98/162/175 118/182/175 119/183/175
f 100/164/176 99/163/176 119/183/176 120/184/176
f 81/145/177 100/164/177 120/184/177 101/165/177
f 102/166/178 101/165/178 121/44/178 122/43/178
f 103/167/179 102/166/179 122/43/179 124/46/179
f 104/168/180 103/167/180 124/46/180 125/47/180
f 105/169/181 104/168/181 125/47/181 126/48/181
f 106/170/162 105/169/161 126/48/182 127/49/182
f 107/171/183 106/170/183 127/49/183 128/50/183
f 108/172/184 107/171/184 128/50/184 129/51/184
f 109/173/185 108/172/185 129/51/185 130/52/185
f 110/174/186 109/173/186 130/52/186 131/53/186
f 111/175/187 110/174/187 131/53/187 132/54/187
f 112/176/188 111/175/188 132/54/188 133/55/188
f 113/177/189 112/176/189 133/55/189 134/56/189
f 114/178/190 113/177/190 134/56/190 135/57/190
f 115/179/191 114/178/191 135/57/191 136/58/191
f 116/180/192 115/179/192 136/58/192 137/59/192
f 117/181/193 116/180/193 137/59/193 138/60/193
f 118/182/194 117/181/194 138/60/194 139/61/194
f 119/183/195 118/182/195 139/61/195 140/62/195
f 120/184/196 119/183/196 140/62/196 141/63/196
f 101/165/197 120/184/197 141/63/197 121/44/197
f 21/185/198 22/186/198 143/187/199 142/188/200
f 22/186/201 23/189/201 144/190/202 143/187/203
f 23/189/204 24/191/204 145/192/204 144/190/204
f 24/191/205 25/193/205 146/194/205 145/192/205
f 25/193/206 26/195/206 147/196/206 146/194/206
f 26/195/207 27/197/207 148/198/207 147/196/207
f 27/197/208 28/199/208 149/200/208 148/198/208
f 28/199/209 29/201/209 150/202/209 149/200/209
f 29/201/210 30/203/210 151/204/210 150/202/210
f 30/203/211 31/205/211 152/206/211 151/204/211
f 31/205/212 32/207/212 153/208/212 152/206/212
f 32/207/213 33/209/213 154/210/213 153/208/213
f 33/209/214 34/211/214 155/212/214 154/210/214
f 34/211/215 35/213/215 156/214/215 155/212/215
f 35/213/216 36/215/216 157/216/216 156/214/216
f 36/215/217 37/217/217 158/218/217 157/216/217
f 37/217/218 38/219/218 159/220/219 158/218/220
f 38/219/221 39/221/221 160/222/222 159/220/223
f 39/221/224 40/223/224 161/224/225 160/222/226
f 40/223/227 21/185/227 142/188/228 161/224/229
f 142/188/200 143/187/199 163/225/230 162/226/230
f 143/187/203 144/190/202 164/227/231 163/225/231
f 144/190/232 145/192/232 165/228/232 164/227/232
f 145/192/233 146/194/233 166/229/233 165/228/233
f 146/194/234 147/196/234 167/230/234 166/229/234
f 147/196/235 148/198/235 168/231/235 167/230/235
f 148/198/236 149/200/236 169/232/236 168/231/236
f 149/200/237 150/202/237 170/233/237 169/232/237
f 150/202/238 151/204/238 171/234/238 170/233/238
f 151/204/239 152/206/239 172/235/239 171/234/239
f 152/206/240 153/208/240 173/236/240 172/235/240
f 153/208/241 154/210/241 174/237/241 173/236/241
f 154/210/242 155/212/242 175/238/242 174/237/242
f 155/212/243 156/214/243 176/239/243 175/238/243
f 156/214/244 157/216/244 177/240/245 176/239/246
f 157/216/247 158/218/247 178/241/248 177/240/249
f 158/218/220 159/220/219 179/242/250 178/241/251
f 159/220/223 160/222/222 180/243/252 179/242/253
f 160/222/226 161/224/225 181/244/254 180/243/255
f 161/224/229 142/188/228 162/226/256 181/244/256
f 162/226/257 163/225/257 183/65/257 182/64/257
f 163/225/258 164/227/258 185/67/258 183/65/258
f 164/227/259 165/228/259 186/68/259 185/67/259
f 165/228/260 166/229/260 187/69/260 186/68/260
f 166/229/261 167/230/261 188/70/261 187/69/261
f 167/230/262 168/231/262 189/71/262 188/70/262
f 168/231/263 169/232/263 190/72/263 189/71/263
f 169/232/264 170/233/264 191/73/264 190/72/264
f 170/233/265 171/234/265 192/74/265 191/73/265
f 171/234/266 172/235/266 193/75/266 192/74/266
f 172/235/267 173/236/267 194/76/267 193/75/267
f 173/236/268 174/237/268 195/77/268 194/76/268
f 174/237/269 175/238/269 196/78/269 195/77/269
f 175/238/270 176/239/270 197/79/270 196/78/270
f 176/239/246 177/240/245 198/80/271 197/79/271
f 177/240/249 178/241/248 199/81/272 198/80/272
f 178/241/251 179/242/250 200/82/273 199/81/273
f 179/242/253 180/243/252 201/83/274 200/82/274
f 180/243/255 181/244/254 202/84/275 201/83/275
f 181/244/276 162/226/276 182/64/276 202/84/276
f 203/245/277 204/246/278 224/247/279 223/248/277
f 204/246/278 205/249/280 225/250/281 224/247/279
f 205/249/280 206/251/282 226/252/283 225/250/281
f 206/251/282 207/253/284 227/254/285 226/252/283
f 207/253/284 208/255/286 228/256/287 227/254/285
f 208/255/286 209/257/288 229/258/289 228/256/287
f 209/257/288 210/259/290 230/260/290 229/258/289
f 210/259/290 211/261/291 231/262/291 230/260/290
f 271/263/292 272/264/293 273/265/294 274/266/292
f 272/264/293 275/267/295 276/268/296 273/265/294
f 275/267/295 277/269/297 278/270/298 276/268/296
f 277/269/297 279/271/299 280/272/300 278/270/298
f 279/271/299 281/273/301 282/274/302 280/272/300
f 281/273/301 283/275/303 284/276/304 282/274/302
f 283/275/303 285/277/305 286/278/306 284/276/304
f 285/277/305 287/279/307 288/280/308 286/278/306
f 287/279/307 289/281/309 290/282/310 288/280/308
f 289/281/309 291/283/311 292/284/312 290/282/310
f 291/283/311 293/285/313 294/286/314 292/284/312
f 293/285/313 295/287/315 296/288/315 294/286/314
f 204/289/316 203/290/317 243/291/318
f 205/292/319 204/289/316 243/291/318
f 206/293/320 205/292/319 243/291/318
f 207/294/321 206/293/320 243/291/318
f 208/295/322 207/294/321 243/291/318
f 209/296/323 208/295/322 243/291/318
f 210/297/324 209/296/323 243/291/318
f 211/298/325 210/297/324 243/291/318
f 212/299/326 211/298/325 243/291/318
f 213/300/327 212/299/326 243/291/318
f 214/301/328 213/300/327 243/291/318
f 215/302/329 214/301/328 243/291/318
f 216/303/330 215/302/329 243/291/318
f 217/304/331 216/303/330 243/291/318
f 218/305/332 217/304/331 243/291/318
f 219/306/333 218/305/332 243/291/318
f 220/307/334 219/306/333 243/291/318
f 221/308/335 220/307/334 243/291/318
f 222/309/336 221/308/335 243/291/318
f 203/290/317 222/309/336 243/291/318
f 223/310/337 224/311/338 244/312/339
f 224/311/338 225/313/340 244/312/339
f 225/313/340 226/314/341 244/312/339
f 226/314/341 227/315/342 244/312/339
f 227/315/342 228/316/343 244/312/339
f 228/316/343 229/317/344 244/312/339
f 229/317/344 230/318/345 244/312/339
f 230/318/345 231/319/346 244/312/339
f 231/319/346 232/320/347 244/312/339
f 232/320/347 233/321/348 244/312/339
f 233/321/348 234/322/349 244/312/339
f 234/322/349 235/323/350 244/312/339
f 235/323/350 236/324/351 244/312/339
f 236/324/351 237/325/352 244/312/339
f 237/325/352 238/326/353 244/312/339
f 238/326/353 239/327/354 244/312/339
f 239/327/354 240/328/355 244/312/339
f 240/328/355 241/329/356 244/312/339
f 241/329/356 242/330/357 244/312/339
f 242/330/357 223/310/337 244/312/339
f 211/261/358 212/331/358 246/332/358 245/333/358
f 232/334/347 231/262/346 248/335/359 247/336/360
f 231/262/361 211/261/361 245/333/361 248/335/361
f 212/331/362 213/337/362 249/338/362 246/332/362
f 233/339/363 232/334/347 247/336/360 250/340/364
f 213/337/365 214/341/365 251/342/365 249/338/365
f 234/343/366 233/339/363 250/340/364 252/344/367
f 214/341/368 215/345/368 253/346/368 251/342/368
f 235/347/369 234/343/366 252/344/367 254/348/370
f 215/345/371 216/349/371 255/350/371 253/346/371
f 236/351/372 235/347/369 254/348/370 256/352/372
f 216/349/373 217/353/373 257/354/373 255/350/373
f 237/355/352 236/351/351 256/352/374 258/356/375
f 217/353/376 218/357/376 259/358/376 257/354/376
f 238/359/377 237/355/352 258/356/375 260/360/378
f 218/357/379 219/361/379 261/362/379 259/358/379
f 239/363/380 238/359/377 260/360/378 262/364/380
f 219/361/381 220/365/381 263/366/381 261/362/381
f 240/367/382 239/363/383 262/364/383 264/368/384
f 220/365/385 221/369/385 265/370/385 263/366/385
f 241/371/386 240/367/382 264/368/384 266/372/386
f 221/369/387 222/373/387 267/374/387 265/370/387
f 242/375/357 241/371/356 266/372/388 268/376/389
f 222/373/390 203/377/390 269/378/390 267/374/390
f 203/377/391 223/379/391 270/380/391 269/378/391
f 223/379/337 242/375/357 268/376/389 270/380/392
f 245/333/393 246/332/393 272/264/393 271/263/393
f 247/336/394 248/335/394 274/266/394 273/265/394
f 248/335/395 245/333/395 271/263/395 274/266/395
f 246/332/396 249/338/396 275/267/396 272/264/396
f 250/340/397 247/336/397 273/265/397 276/268/397
f 249/338/398 251/342/398 277/269/398 275/267/398
f 252/344/399 250/340/400 276/268/400 278/270/401
f 251/342/402 253/346/402 279/271/402 277/269/402
f 254/348/403 252/344/399 278/270/401 280/272/403
f 253/346/404 255/350/404 281/273/404 279/271/404
f 256/352/405 254/348/405 280/272/405 282/274/405
f 255/350/406 257/354/406 283/275/406 281/273/406
f 258/356/407 256/352/408 282/274/408 284/276/409
f 257/354/410 259/358/410 285/277/410 283/275/410
f 260/360/411 258/356/407 284/276/409 286/278/411
f 259/358/412 261/362/412 287/279/412 285/277/412
f 262/364/413 260/360/413 286/278/413 288/280/413
f 261/362/414 263/366/414 289/281/414 287/279/414
f 264/368/415 262/364/415 288/280/415 290/282/415
f 263/366/416 265/370/416 291/283/416 289/281/416
f 266/372/417 264/368/418 290/282/418 292/284/419
f 265/370/420 267/374/420 293/285/420 291/283/420
f 268/376/421 266/372/417 292/284/419 294/286/421
f 267/374/422 269/378/422 295/287/422 293/285/422
f 269/378/423 270/380/423 296/288/423 295/287/423
f 270/380/424 268/376/424 294/286/424 296/288/424
f 297/381/277 298/382/425 318/383/426 317/384/277
f 298/382/425 299/385/427 319/386/428 318/383/426
f 299/385/427 300/387/429 320/388/430 319/386/428
f 300/387/429 301/389/431 321/390/284 320/388/430
f 301/389/431 302/391/432 322/392/433 321/390/284
f 302/391/432 303/393/434 323/394/435 322/392/433
f 303/393/434 304/395/436 324/396/437 323/394/435
f 304/395/436 305/397/291 325/398/291 324/396/437
f 365/399/438 366/400/439 367/401/440 368/402/438
f 366/400/439 369/403/441 370/404/442 367/401/440
f 369/403/441 371/405/443 372/406/444 370/404/442
f 371/405/443 373/407/445 374/408/446 372/406/444
f 373/407/445 375/409/447 376/410/448 374/408/446
f 375/409/447 377/411/449 378/412/450 376/410/448
f 377/411/449 379/413/451 380/414/452 378/412/450
f 379/413/451 381/415/453 382/416/454 380/414/452
f 381/415/453 383/417/455 384/418/456 382/416/454
f 383/417/455 385/419/457 386/420/458 384/418/456
f 385/419/457 387/421/459 388/422/460 386/420/458
f 387/421/459 389/423/461 390/424/461 388/422/460
f 298/425/462 297/426/463 337/427/464
f 299/428/465 298/425/462 337/427/464
f 300/429/466 299/428/465 337/427/464
f 301/430/467 300/429/466 337/427/464
f 302/431/468 301/430/467 337/427/464
f 303/432/469 302/431/468 337/427/464
f 304/433/470 303/432/469 337/427/464
f 305/434/471 304/433/470 337/427/464
f 306/435/472 305/434/471 337/427/464
f 307/436/473 306/435/472 337/427/464
f 308/437/474 307/436/473 337/427/464
f 309/438/475 308/437/474 337/427/464
f 310/439/476 309/438/475 337/427/464
f 311/440/477 310/439/476 337/427/464
f 312/441/478 311/440/477 337/427/464
f 313/442/479 312/441/478 337/427/464
f 314/443/480 313/442/479 337/427/464
f 315/444/481 314/443/480 337/427/464
f 316/445/482 315/444/481 337/427/464
f 297/426/463 316/445/482 337/427/464
f 317/446/483 318/447/484 338/448/485
f 318/447/484 319/449/486 338/448/485
f 319/449/486 320/450/487 338/448/485
f 320/450/487 321/451/488 338/448/485
f 321/451/488 322/452/489 338/448/485
f 322/452/489 323/453/490 338/448/485
f 323/453/490 324/454/491 338/448/485
f 324/454/491 325/455/492 338/448/485
f 325/455/492 326/456/493 338/448/485
f 326/456/493 327/457/494 338/448/485
f 327/457/494 328/458/495 338/448/485
f 328/458/495 329/459/496 338/448/485
f 329/459/496 330/460/497 338/448/485
f 330/460/497 331/461/498 338/448/485
f 331/461/498 332/462/499 338/448/485
f 332/462/499 333/463/500 338/448/485
f 333/463/500 334/464/501 338/448/485
f 334/464/501 335/465/502 338/448/485
f 335/465/502 336/466/503 338/448/485
f 336/466/503 317/446/483 338/448/485
f 305/397/504 306/467/504 340/468/504 339/469/504
f 326/470/505 325/398/506 342/471/506 341/472/507
f 325/398/508 305/397/508 339/469/508 342/471/508
f 306/467/509 307/473/509 343/474/509 340/468/509
f 327/475/510 326/470/505 341/472/507 344/476/510
f 307/473/511 308/477/511 345/478/511 343/474/511
f 328/479/495 327/475/494 344/476/512 346/480/513
f 308/477/514 309/481/514 347/482/514 345/478/514
f 329/483/496 328/479/495 346/480/513 348/484/515
f 309/481/516 310/485/516 349/486/516 347/482/516
f 330/487/517 329/483/496 348/484/515 350/488/518
f 310/485/519 311/489/519 351/490/519 349/486/519
f 331/491/520 330/487/517 350/488/518 352/492/520
f 311/489/521 312/493/521 353/494/521 351/490/521
f 332/495/522 331/491/520 352/492/520 354/496/523
f 312/493/524 313/497/524 355/498/524 353/494/524
f 333/499/525 332/495/522 354/496/523 356/500/526
f 313/497/527 314/501/527 357/502/527 355/498/527
f 334/503/528 333/499/525 356/500/526 358/504/529
f 314/501/530 315/505/530 359/506/530 357/502/530
f 335/507/531 334/503/528 358/504/529 360/508/532
f 315/505/533 316/509/533 361/510/533 359/506/533
f 336/511/534 335/507/531 360/508/532 362/512/534
f 316/509/535 297/513/535 363/514/535 361/510/535
f 297/513/391 317/515/391 364/516/391 363/514/391
f 317/515/483 336/511/503 362/512/536 364/516/536
f 339/469/537 340/468/537 366/400/537 365/399/537
f 341/472/538 342/471/539 368/402/539 367/401/540
f 342/471/541 339/469/541 365/399/541 368/402/541
f 340/468/542 343/474/542 369/403/542 366/400/542
f 344/476/543 341/472/538 367/401/540 370/404/543
f 343/474/544 345/478/544 371/405/544 369/403/544
f 346/480/545 344/476/546 370/404/546 372/406/547
f 345/478/548 347/482/548 373/407/548 371/405/548
f 348/484/549 346/480/545 372/406/547 374/408/549
f 347/482/550 349/486/550 375/409/550 373/407/550
f 350/488/551 348/484/551 374/408/551 376/410/551
f 349/486/552 351/490/552 377/411/552 375/409/552
f 352/492/553 350/488/554 376/410/554 378/412/555
f 351/490/556 353/494/556 379/413/556 377/411/556
f 354/496/557 352/492/553 378/412/555 380/414/557
f 353/494/558 355/498/558 381/415/558 379/413/558
f 356/500/559 354/496/560 380/414/560 382/416/561
f 355/498/562 357/502/562 383/417/562 381/415/562
f 358/504/563 356/500/559 382/416/561 384/418/563
f 357/502/564 359/506/564 385/419/564 383/417/564
f 360/508/565 358/504/565 384/418/565 386/420/565
f 359/506/566 361/510/566 387/421/566 385/419/566
f 362/512/567 360/508/567 386/420/567 388/422/567
f 361/510/568 363/514/568 389/423/568 387/421/568
f 363/514/423 364/516/423 390/424/423 389/423/423
f 364/516/569 362/512/569 388/422/569 390/424/569
f 402/517/570 399/518/570 403/519/571 404/520/572
f 401/521/573 402/517/574 404/520/575 405/522/576
f 400/523/577 401/521/578 405/522/579 406/524/580
f 399/525/581 400/523/582 406/524/583 403/526/584
f 392/527/585 398/528/585 396/529/585 394/530/585
f 397/531/586 391/532/586 393/533/586 395/534/586
f 397/535/587 400/523/582 399/525/581 391/536/587
f 395/537/588 401/521/578 400/523/577 397/535/588
f 393/533/589 402/517/574 401/521/573 395/537/589
f 391/532/590 399/518/570 402/517/570 393/533/590
f 404/520/572 403/519/571 407/538/591 408/539/592
f 405/522/576 404/520/575 408/539/593 409/540/594
f 406/524/580 405/522/579 409/540/595 410/541/596
f 403/526/584 406/524/583 410/541/597 407/542/598
f 408/539/592 407/538/591 411/543/599 412/544/600
f 409/540/594 408/539/593 412/544/601 413/545/602
f 410/541/596 409/540/595 413/545/603 414/546/604
f 407/542/598 410/541/597 414/546/605 411/547/606
f 412/544/600 411/543/599 415/548/607 416/549/608
f 413/545/602 412/544/601 416/549/609 417/550/610
f 414/546/604 413/545/603 417/550/611 418/551/612
f 411/547/606 414/546/605 418/551/613 415/552/614
f 416/549/608 415/548/607 419/553/615 420/554/616
f 417/550/610 416/549/609 420/554/617 421/555/618
f 418/551/612 417/550/611 421/555/619 422/556/620
f 415/552/614 418/551/613 422/556/621 419/557/622
f 420/554/616 419/553/615 423/558/623 424/559/624
f 421/555/618 420/554/617 424/559/625 425/560/626
f 422/556/620 421/555/619 425/560/627 426/561/628
f 419/557/622 422/556/621 426/561/629 423/562/630
f 424/559/624 423/558/623 427/563/631 428/564/632
f 425/560/626 424/559/625 428/564/633 429/565/634
f 426/561/628 425/560/627 429/565/635 430/566/636
f 423/562/630 426/561/629 430/566/637 427/567/638
f 428/564/632 427/563/631 431/568/639 432/569/640
f 429/565/634 428/564/633 432/569/641 433/570/642
f 430/566/636 429/565/635 433/570/643 434/571/643
f 427/567/638 430/566/637 434/571/644 431/572/645
f 432/569/640 431/568/639 392/527/646 394/530/646
f 433/570/642 432/569/641 394/530/647 396/573/647
f 434/571/643 433/570/643 396/573/648 398/574/648
f 431/572/645 434/571/644 398/574/649 392/575/649
f 446/576/650 443/577/651 447/578/652 448/579/653
f 445/580/654 446/576/655 448/579/656 449/581/657
f 444/582/658 445/580/659 449/581/660 450/583/661
f 443/584/662 444/582/663 450/583/664 447/585/665
f 436/586/666 442/587/666 440/588/666 438/589/666
f 441/590/667 435/591/667 437/592/667 439/593/667
f 441/594/668 444/582/663 443/584/662 435/595/668
f 439/596/669 445/580/659 444/582/658 441/594/669
f 437/592/670 446/576/655 445/580/654 439/596/670
f 435/591/671 443/577/651 446/576/650 437/592/671
f 448/579/653 447/578/652 451/597/672 452/598/673
f 449/581/657 448/579/656 452/598/674 453/599/675
f 450/583/661 449/581/660 453/599/676 454/600/677
f 447/585/665 450/583/664 454/600/678 451/601/679
f 452/598/673 451/597/672 455/602/680 456/603/681
f 453/599/675 452/598/674 456/603/682 457/604/683
f 454/600/677 453/599/676 457/604/684 458/605/685
f 451/601/679 454/600/678 458/605/686 455/606/687
f 456/603/681 455/602/680 459/607/688 460/608/689
f 457/604/683 456/603/682 460/608/690 461/609/691
f 458/605/685 457/604/684 461/609/692 462/610/693
f 455/606/687 458/605/686 462/610/694 459/611/695
f 460/608/689 459/607/688 463/612/696 464/613/697
f 461/609/691 460/608/690 464/613/698 465/614/699
f 462/610/693 461/609/692 465/614/700 466/615/701
f 459/611/695 462/610/694 466/615/702 463/616/703
f 464/613/697 463/612/696 467/617/704 468/618/705
f 465/614/699 464/613/698 468/618/706 469/619/707
f 466/615/701 465/614/700 469/619/708 470/620/709
f 463/616/703 466/615/702 470/620/710 467/621/711
f 468/618/705 467/617/704 471/622/712 472/623/713
f 469/619/707 468/618/706 472/623/714 473/624/715
f 470/620/709 469/619/708 473/624/716 474/625/717
f 467/621/711 470/620/710 474/625/718 471/626/719
f 472/623/713 471/622/712 475/627/720 476/628/721
f 473/624/715 472/623/714 476/628/722 477/629/723
f 474/625/717 473/624/716 477/629/724 478/630/725
f 471/626/719 474/625/718 478/630/726 475/631/727
f 476/628/721 475/627/720 479/632/728 480/633/729
f 477/629/723 476/628/722 480/633/730 481/634/731
f 478/630/725 477/629/724 481/634/732 482/635/733
f 475/631/727 478/630/726 482/635/734 479/636/735
f 480/633/729 479/632/728 483/637/736 484/638/737
f 481/634/731 480/633/730 484/638/738 485/639/739
f 482/635/733 481/634/732 485/639/740 486/640/740
f 479/636/735 482/635/734 486/640/741 483/641/742
f 484/638/737 483/637/736 487/642/743 488/643/744
f 485/639/739 484/638/738 488/643/745 489/644/746
f 486/640/740 485/639/740 489/644/747 490/645/748
f 483/641/742 486/640/741 490/645/749 487/646/750
f 488/643/744 487/642/743 436/586/751 438/589/751
f 489/644/746 488/643/745 438/589/752 440/647/752
f 490/645/748 489/644/747 440/647/753 442/648/753
f 487/646/750 490/645/749 442/648/754 436/649/754
f 576/650/755 577/651/756 536/652/757 537/653/758
f 501/654/759 502/655/760 504/656/761 505/657/762
f 554/658/763 555/659/764 558/660/765 559/661/766
f 499/662/767 500/663/768 506/664/769 503/665/770
f 545/666/771 546/667/772 567/668/773 568/669/774
f 556/670/775 535/671/776 578/672/777 557/673/778
f 497/674/779 500/663/768 499/662/767 491/675/779
f 557/676/780 558/660/765 555/659/764 556/677/781
f 493/678/782 502/655/760 501/654/759 495/679/782
f 535/671/783 536/652/757 577/651/756 578/672/784
f 575/680/785 576/650/755 537/653/758 538/681/786
f 505/657/762 504/656/761 508/682/787 509/683/788
f 553/684/789 554/658/763 559/661/766 560/685/790
f 503/665/770 506/664/769 510/686/791 507/687/792
f 574/688/793 575/680/785 538/681/786 539/689/794
f 509/683/788 508/682/787 512/690/795 513/691/796
f 552/692/797 553/684/789 560/685/790 561/693/798
f 507/687/792 510/686/791 514/694/799 511/695/800
f 573/696/801 574/688/793 539/689/794 540/697/802
f 513/691/796 512/690/795 516/698/803 517/699/804
f 551/700/805 552/692/797 561/693/798 562/701/806
f 511/695/800 514/694/799 518/702/807 515/703/808
f 572/704/809 573/696/801 540/697/802 541/705/810
f 517/699/804 516/698/803 520/706/811 521/707/812
f 550/708/813 551/700/805 562/701/806 563/709/814
f 515/703/808 518/702/807 522/710/815 519/711/816
f 571/712/817 572/704/809 541/705/810 542/713/818
f 521/707/812 520/706/811 524/714/819 525/715/820
f 549/716/821 550/708/813 563/709/814 564/717/822
f 519/711/816 522/710/815 526/718/823 523/719/824
f 570/720/825 571/712/817 542/713/818 543/721/826
f 525/715/820 524/714/819 528/722/827 529/723/828
f 548/724/829 549/716/821 564/717/822 565/725/830
f 523/719/824 526/718/823 530/726/831 527/727/832
f 569/728/833 570/720/825 543/721/826 544/729/834
f 529/723/828 528/722/827 532/730/835 533/731/836
f 547/732/837 548/724/829 565/725/830 566/733/838
f 527/727/832 530/726/831 534/734/839 531/735/840
f 568/669/841 569/728/833 544/729/834 545/666/842
f 533/731/836 532/730/835 494/736/843 496/737/843
f 546/738/844 547/732/837 566/733/838 567/739/845
f 531/735/840 534/734/839 498/740/846 492/741/846
f 491/742/847 499/743/848 536/652/757 535/671/783
f 537/653/758 536/652/757 499/743/848 503/744/849
f 538/681/786 537/653/758 503/744/849 507/745/850
f 539/689/794 538/681/786 507/745/850 511/746/851
f 540/697/802 539/689/794 511/746/851 515/747/852
f 541/705/810 540/697/802 515/747/852 519/748/853
f 542/713/818 541/705/810 519/748/853 523/749/854
f 543/721/826 542/713/818 523/749/854 527/750/855
f 544/729/834 543/721/826 527/750/855 531/751/856
f 545/666/842 544/729/834 531/751/856 492/752/857
f 492/752/858 498/753/858 546/667/772 545/666/771
f 534/734/859 547/732/837 546/738/844 498/740/860
f 530/726/861 548/724/829 547/732/837 534/734/859
f 526/718/862 549/716/821 548/724/829 530/726/861
f 522/710/863 550/708/813 549/716/821 526/718/862
f 518/702/864 551/700/805 550/708/813 522/710/863
f 514/694/865 552/692/797 551/700/805 518/702/864
f 510/686/866 553/684/789 552/692/797 514/694/865
f 506/664/867 554/658/763 553/684/789 510/686/866
f 500/663/868 555/659/764 554/658/763 506/664/867
f 556/677/781 555/659/764 500/663/868 497/674/869
f 497/754/870 491/742/870 535/671/776 556/670/775
f 579/755/871 580/756/872 558/660/765 557/676/780
f 559/661/766 558/660/765 580/756/872 581/757/873
f 560/685/790 559/661/766 581/757/873 582/758/874
f 561/693/798 560/685/790 582/758/874 583/759/875
f 562/701/806 561/693/798 583/759/875 584/760/876
f 563/709/814 562/701/806 584/760/876 585/761/877
f 564/717/822 563/709/814 585/761/877 586/762/878
f 565/725/830 564/717/822 586/762/878 587/763/879
f 566/733/838 565/725/830 587/763/879 588/764/880
f 567/739/845 566/733/838 588/764/880 589/765/881
f 568/669/774 567/668/773 589/766/882 590/767/883
f 590/767/884 591/768/885 569/728/833 568/669/841
f 591/768/885 592/769/886 570/720/825 569/728/833
f 592/769/886 593/770/887 571/712/817 570/720/825
f 593/770/887 594/771/888 572/704/809 571/712/817
f 594/771/888 595/772/889 573/696/801 572/704/809
f 595/772/889 596/773/890 574/688/793 573/696/801
f 596/773/890 597/774/891 575/680/785 574/688/793
f 597/774/891 598/775/892 576/650/755 575/680/785
f 598/775/892 599/776/893 577/651/756 576/650/755
f 578/672/784 577/651/756 599/776/893 600/777/894
f 557/673/778 578/672/777 600/777/895 579/778/896
f 601/779/897 602/780/898 580/756/872 579/755/871
f 581/757/873 580/756/872 602/780/898 603/781/899
f 582/758/874 581/757/873 603/781/899 604/782/900
f 583/759/875 582/758/874 604/782/900 605/783/901
f 584/760/876 583/759/875 605/783/901 606/784/902
f 585/761/877 584/760/876 606/784/902 607/785/903
f 586/762/878 585/761/877 607/785/903 608/786/904
f 587/763/879 586/762/878 608/786/904 609/787/905
f 588/764/880 587/763/879 609/787/905 610/788/906
f 589/765/881 588/764/880 610/788/906 611/789/907
f 590/767/883 589/766/882 611/790/908 612/791/909
f 612/791/910 613/792/911 591/768/885 590/767/884
f 613/792/911 614/793/912 592/769/886 591/768/885
f 614/793/912 615/794/913 593/770/887 592/769/886
f 615/794/913 616/795/914 594/771/888 593/770/887
f 616/795/914 617/796/915 595/772/889 594/771/888
f 617/796/915 618/797/916 596/773/890 595/772/889
f 618/797/916 619/798/917 597/774/891 596/773/890
f 619/798/917 620/799/918 598/775/892 597/774/891
f 620/799/918 621/800/919 599/776/893 598/775/892
f 600/777/894 599/776/893 621/800/919 622/801/920
f 579/778/896 600/777/895 622/801/921 601/802/922
f 623/803/923 624/804/924 602/780/898 601/779/897
f 603/781/899 602/780/898 624/804/924 625/805/925
f 604/782/900 603/781/899 625/805/925 626/806/926
f 605/783/901 604/782/900 626/806/926 627/807/927
f 606/784/902 605/783/901 627/807/927 628/808/928
f 607/785/903 606/784/902 628/808/928 629/809/929
f 608/786/904 607/785/903 629/809/929 630/810/930
f 609/787/905 608/786/904 630/810/930 631/811/931
f 610/788/906 609/787/905 631/811/931 632/812/932
f 611/789/907 610/788/906 632/812/932 633/813/933
f 612/791/909 611/790/908 633/814/934 634/815/935
f 634/815/936 635/816/937 613/792/911 612/791/910
f 635/816/937 636/817/938 614/793/912 613/792/911
f 636/817/938 637/818/939 615/794/913 614/793/912
f 637/818/939 638/819/940 616/795/914 615/794/913
f 638/819/940 639/820/941 617/796/915 616/795/914
f 639/820/941 640/821/942 618/797/916 617/796/915
f 640/821/942 641/822/943 619/798/917 618/797/916
f 641/822/943 642/823/944 620/799/918 619/798/917
f 642/823/944 643/824/945 621/800/919 620/799/918
f 622/801/920 621/800/919 643/824/945 644/825/946
f 601/802/922 622/801/921 644/825/947 623/826/948
f 645/827/949 646/828/950 624/804/924 623/803/923
f 625/805/925 624/804/924 646/828/950 647/829/951
f 626/806/926 625/805/925 647/829/951 648/830/952
f 627/807/927 626/806/926 648/830/952 649/831/953
f 628/808/928 627/807/927 649/831/953 650/832/954
f 629/809/929 628/808/928 650/832/954 651/833/955
f 630/810/930 629/809/929 651/833/955 652/834/956
f 631/811/931 630/810/930 652/834/956 653/835/957
f 632/812/932 631/811/931 653/835/957 654/836/958
f 633/813/933 632/812/932 654/836/958 655/837/959
f 634/815/935 633/814/934 655/838/960 656/839/961
f 656/839/962 657/840/963 635/816/937 634/815/936
f 657/840/963 658/841/964 636/817/938 635/816/937
f 658/841/964 659/842/965 637/818/939 636/817/938
f 659/842/965 660/843/966 638/819/940 637/818/939
f 660/843/966 661/844/967 639/820/941 638/819/940
f 661/844/967 662/845/968 640/821/942 639/820/941
f 662/845/968 663/846/969 641/822/943 640/821/942
f 663/846/969 664/847/970 642/823/944 641/822/943
f 664/847/970 665/848/971 643/824/945 642/823/944
f 644/825/946 643/824/945 665/848/971 666/849/972
f 623/826/948 644/825/947 666/849/973 645/850/974
f 667/851/975 668/852/976 646/828/950 645/827/949
f 647/829/951 646/828/950 668/852/976 669/853/977
f 648/830/952 647/829/951 669/853/977 670/854/978
f 649/831/953 648/830/952 670/854/978 671/855/979
f 650/832/954 649/831/953 671/855/979 672/856/980
f 651/833/955 650/832/954 672/856/980 673/857/981
f 652/834/956 651/833/955 673/857/981 674/858/982
f 653/835/957 652/834/956 674/858/982 675/859/983
f 654/836/958 653/835/957 675/859/983 676/860/984
f 655/837/959 654/836/958 676/860/984 677/861/985
f 656/839/961 655/838/960 677/862/986 678/863/987
f 678/863/988 679/864/989 657/840/963 656/839/962
f 679/864/989 680/865/990 658/841/964 657/840/963
f 680/865/990 681/866/991 659/842/965 658/841/964
f 681/866/991 682/867/992 660/843/966 659/842/965
f 682/867/992 683/868/993 661/844/967 660/843/966
f 683/868/993 684/869/994 662/845/968 661/844/967
f 684/869/994 685/870/995 663/846/969 662/845/968
f 685/870/995 686/871/996 664/847/970 663/846/969
f 686/871/996 687/872/997 665/848/971 664/847/970
f 666/849/972 665/848/971 687/872/997 688/873/998
f 645/850/974 666/849/973 688/873/999 667/874/1000
f 495/679/1001 501/654/1002 668/852/976 667/851/975
f 669/853/977 668/852/976 501/654/1002 505/657/1003
f 670/854/978 669/853/977 505/657/1003 509/683/1004
f 671/855/979 670/854/978 509/683/1004 513/691/1005
f 672/856/980 671/855/979 513/691/1005 517/699/1006
f 673/857/981 672/856/980 517/699/1006 521/707/1007
f 674/858/982 673/857/981 521/707/1007 525/715/1008
f 675/859/983 674/858/982 525/715/1008 529/723/1009
f 676/860/984 675/859/983 529/723/1009 533/731/1010
f 677/861/985 676/860/984 533/731/1010 496/737/1011
f 678/863/987 677/862/986 496/875/1012 494/736/1012
f 532/730/1013 679/864/989 678/863/988 494/736/1014
f 528/722/1015 680/865/990 679/864/989 532/730/1013
f 524/714/1016 681/866/991 680/865/990 528/722/1015
f 520/706/1017 682/867/992 681/866/991 524/714/1016
f 516/698/1018 683/868/993 682/867/992 520/706/1017
f 512/690/1019 684/869/994 683/868/993 516/698/1018
f 508/682/1020 685/870/995 684/869/994 512/690/1019
f 504/656/1021 686/871/996 685/870/995 508/682/1020
f 502/655/1022 687/872/997 686/871/996 504/656/1021
f 688/873/998 687/872/997 502/655/1022 493/678/1023
f 667/874/1000 688/873/999 493/678/1024 495/876/1024
f 700/877/1025 697/878/1026 705/879/1027 706/880/1028
f 699/881/1029 700/877/1030 706/880/1031 707/882/1032
f 698/883/1033 699/881/1034 707/882/1035 708/884/1036
f 697/885/1037 698/883/1038 708/884/1039 705/886/1040
f 690/887/1041 696/888/1041 694/889/1041 692/890/1041
f 695/891/1042 689/892/1042 691/893/1042 693/894/1042
f 701/895/1043 702/896/1044 698/883/1038 697/885/1037
f 702/896/1045 703/897/1046 699/881/1034 698/883/1033
f 703/897/1047 704/898/1047 700/877/1030 699/881/1029
f 704/898/1048 701/899/1049 697/878/1026 700/877/1025
f 695/900/1050 702/896/1044 701/895/1043 689/901/1050
f 693/902/1051 703/897/1046 702/896/1045 695/900/1051
f 691/893/1047 704/898/1047 703/897/1047 693/902/1047
f 689/892/1052 701/899/1049 704/898/1048 691/893/1052
f 706/880/1028 705/879/1027 709/903/1053 710/904/1054
f 707/882/1032 706/880/1031 710/904/1055 711/905/1056
f 708/884/1036 707/882/1035 711/905/1057 712/906/1058
f 705/886/1040 708/884/1039 712/906/1059 709/907/1060
f 710/904/1054 709/903/1053 713/908/1061 714/909/1062
f 711/905/1056 710/904/1055 714/909/1063 715/910/1063
f 712/906/1058 711/905/1057 715/910/1064 716/911/1064
f 709/907/1060 712/906/1059 716/911/1065 713/912/1066
f 714/909/1062 713/908/1061 717/913/1067 718/914/1067
f 715/910/1063 714/909/1063 718/914/1068 719/915/1069
f 716/911/1064 715/910/1064 719/915/1070 720/916/1071
f 713/912/1066 716/911/1065 720/916/1072 717/917/1073
f 718/914/1067 717/913/1067 721/918/1074 722/919/1075
f 719/915/1069 718/914/1068 722/919/1076 723/920/1077
f 720/916/1071 719/915/1070 723/920/1078 724/921/1079
f 717/917/1073 720/916/1072 724/921/1080 721/922/1081
f 722/919/1075 721/918/1074 725/923/1082 726/924/1083
f 723/920/1077 722/919/1076 726/924/1084 727/925/1085
f 724/921/1079 723/920/1078 727/925/1086 728/926/1087
f 721/922/1081 724/921/1080 728/926/1088 725/927/1089
f 740/928/1090 737/929/1091 729/930/1092 730/931/1093
f 739/932/1094 740/928/1094 730/931/1095 731/933/1096
f 738/934/1097 739/932/1098 731/933/1099 732/935/1100
f 737/936/1101 738/934/1102 732/935/1103 729/937/1104
f 730/931/1093 729/930/1092 733/938/1105 734/939/1105
f 731/933/1096 730/931/1095 734/939/1106 735/940/1107
f 732/935/1100 731/933/1099 735/940/1108 736/941/1109
f 729/937/1104 732/935/1103 736/941/1110 733/942/1111
f 734/939/1105 733/938/1105 741/943/1112 742/944/1113
f 735/940/1107 734/939/1106 742/944/1114 743/945/1115
f 736/941/1109 735/940/1108 743/945/1116 744/946/1117
f 733/942/1111 736/941/1110 744/946/1118 741/947/1119
f 725/927/1089 728/926/1088 738/934/1102 737/936/1101
f 728/926/1087 727/925/1086 739/932/1098 738/934/1097
f 727/925/1085 726/924/1084 740/928/1094 739/932/1094
f 726/924/1083 725/923/1082 737/929/1091 740/928/1090
f 742/944/1113 741/943/1112 745/948/1120 746/949/1121
f 743/945/1115 742/944/1114 746/949/1122 747/950/1123
f 744/946/1117 743/945/1116 747/950/1124 748/951/1125
f 741/947/1119 744/946/1118 748/951/1126 745/952/1127
f 746/949/1121 745/948/1120 690/887/1128 692/890/1128
f 747/950/1123 746/949/1122 692/890/1129 694/953/1129
f 748/951/1125 747/950/1124 694/953/1130 696/954/1130
f 745/952/1127 748/951/1126 696/954/1131 690/955/1131
f 760/956/1132 757/957/1133 761/958/1134 762/959/1135
f 759/960/1136 760/956/1137 762/959/1138 763/961/1139
f 758/962/1140 759/960/1141 763/961/1142 764/963/1143
f 757/964/1144 758/962/1145 764/963/1146 761/965/1146
f 750/966/1147 756/967/1147 754/968/1147 752/969/1147
f 755/970/1148 749/971/1148 751/972/1148 753/973/1148
f 755/974/1149 758/962/1145 757/964/1144 749/975/1149
f 753/976/1150 759/960/1141 758/962/1140 755/974/1150
f 751/972/1151 760/956/1137 759/960/1136 753/976/1151
f 749/971/1152 757/957/1133 760/956/1132 751/972/1152
f 808/977/1153 805/978/1153 765/979/1154 766/980/1155
f 807/981/1156 808/977/1156 766/980/1157 767/982/1158
f 806/983/1159 807/981/1160 767/982/1161 768/984/1162
f 805/985/1146 806/983/1146 768/984/1146 765/986/1146
f 766/980/1155 765/979/1154 769/987/1163 770/988/1163
f 767/982/1158 766/980/1157 770/988/1164 771/989/1164
f 768/984/1162 767/982/1161 771/989/1165 772/990/1166
f 765/986/1146 768/984/1146 772/990/1146 769/991/1146
f 813/992/1167 814/993/1167 815/994/1167 816/995/1167
f 795/996/1122 796/997/1122 798/998/1122 799/999/1122
f 794/1000/1168 795/996/1168 799/999/1169 800/1001/1169
f 793/1002/1146 794/1000/1146 800/1001/1146 797/1003/1146
f 774/1004/1170 773/1005/1171 777/1006/1172 778/1007/1173
f 775/1008/1174 774/1004/1175 778/1007/1176 779/1009/1177
f 776/1010/1178 775/1008/1179 779/1009/1180 780/1011/1181
f 773/1012/1146 776/1010/1146 780/1011/1146 777/1013/1146
f 788/1014/1182 785/1015/1182 781/1016/1183 782/1017/1184
f 787/1018/1185 788/1014/1186 782/1017/1187 783/1019/1188
f 786/1020/1189 787/1018/1190 783/1019/1191 784/1021/1192
f 785/1022/1146 786/1020/1146 784/1021/1146 781/1023/1146
f 782/1017/1184 781/1016/1183 789/1024/1193 790/1025/1194
f 783/1019/1188 782/1017/1187 790/1025/1195 791/1026/1196
f 784/1021/1192 783/1019/1191 791/1026/1197 792/1027/1198
f 781/1023/1146 784/1021/1146 792/1027/1199 789/1028/1200
f 801/1029/1146 802/1030/1146 786/1020/1146 785/1022/1146
f 802/1030/1201 803/1031/1202 787/1018/1190 786/1020/1189
f 803/1031/1203 804/1032/1203 788/1014/1186 787/1018/1185
f 817/1033/1204 818/1034/1204 819/1035/1204 820/1036/1204
f 790/1025/1194 789/1024/1193 750/966/1205 752/969/1205
f 791/1026/1196 790/1025/1195 752/969/1206 754/1037/1206
f 792/1027/1198 791/1026/1197 754/1037/1207 756/1038/1207
f 789/1028/1200 792/1027/1199 756/1038/1208 750/1039/1208
f 769/991/1146 772/990/1146 794/1000/1146 793/1002/1146
f 772/990/1166 771/989/1165 795/996/1168 794/1000/1168
f 771/989/1164 770/988/1164 796/997/1122 795/996/1122
f 770/988/1163 769/987/1163 793/1040/1209 796/997/1209
f 798/998/1210 797/1041/1210 773/1005/1171 774/1004/1170
f 799/999/1122 798/998/1122 774/1004/1175 775/1008/1174
f 800/1001/1169 799/999/1169 775/1008/1179 776/1010/1178
f 797/1003/1146 800/1001/1146 776/1010/1146 773/1012/1146
f 777/1013/1146 780/1011/1146 802/1030/1146 801/1029/1146
f 780/1011/1181 779/1009/1180 803/1031/1202 802/1030/1201
f 779/1009/1177 778/1007/1176 804/1032/1203 803/1031/1203
f 778/1007/1173 777/1006/1172 801/1042/1211 804/1032/1211
f 809/1043/1146 810/1044/1146 806/983/1146 805/985/1146
f 810/1044/1212 811/1045/1213 807/981/1160 806/983/1159
f 811/1045/1156 812/1046/1156 808/977/1156 807/981/1156
f 821/1047/1214 822/1048/1214 823/1049/1214 824/1050/1214
f 761/965/1146 764/963/1146 810/1044/1146 809/1043/1146
f 764/963/1143 763/961/1142 811/1045/1213 810/1044/1212
f 763/961/1139 762/959/1138 812/1046/1156 811/1045/1156
f 762/959/1135 761/958/1134 809/1051/1215 812/1046/1215
f 796/997/1216 793/1040/1216 814/993/1216 813/992/1216
f 793/1040/1217 797/1041/1217 815/994/1217 814/993/1217
f 797/1041/1218 798/998/1218 816/995/1218 815/994/1218
f 798/998/1219 796/997/1219 813/992/1219 816/995/1219
f 804/1032/1220 801/1042/1220 818/1034/1220 817/1033/1220
f 801/1042/1221 785/1015/1221 819/1035/1221 818/1034/1221
f 785/1015/1222 788/1014/1222 820/1036/1222 819/1035/1222
f 788/1014/1223 804/1032/1223 817/1033/1223 820/1036/1223
f 812/1046/1224 809/1051/1224 822/1048/1224 821/1047/1224
f 809/1051/1225 805/978/1225 823/1049/1225 822/1048/1225
f 805/978/1226 808/977/1226 824/1050/1226 823/1049/1226
f 808/977/1227 812/1046/1227 821/1047/1227 824/1050/1227
f 931/1052/1228 932/1053/1229 834/1054/1230 839/1055/1231
f 915/1056/1232 916/1057/1232 828/1058/1232 830/1059/1232
f 899/1060/1233 900/1061/1234 838/1062/1235 835/1063/1236
f 897/1064/1237 898/1065/1237 832/1066/1237 826/1067/1237
f 834/1054/1238 835/1068/1239 838/1069/1240 839/1055/1241
f 836/1070/1242 833/1071/1243 840/1072/1244 837/1073/1245
f 932/1053/1229 897/1074/1246 826/1074/1247 834/1054/1230
f 826/1074/1248 832/1075/1248 835/1068/1239 834/1054/1238
f 898/1065/1249 899/1060/1233 835/1063/1236 832/1066/1250
f 831/1076/1251 825/1077/1251 833/1071/1243 836/1070/1242
f 900/1061/1234 901/1078/1252 842/1079/1253 838/1062/1235
f 839/1055/1241 838/1069/1240 842/1080/1254 843/1081/1255
f 930/1082/1256 931/1052/1228 839/1055/1231 843/1081/1257
f 837/1073/1245 840/1072/1244 844/1083/1258 841/1084/1259
f 901/1078/1252 902/1085/1260 846/1086/1261 842/1079/1253
f 843/1081/1255 842/1080/1254 846/1087/1262 847/1088/1263
f 929/1089/1264 930/1082/1256 843/1081/1257 847/1088/1265
f 841/1084/1259 844/1083/1258 848/1090/1266 845/1091/1267
f 903/1092/1268 904/1093/1269 850/1094/1270 894/1095/1271
f 893/1096/1272 894/1097/1273 850/1098/1274 851/1099/1275
f 927/1100/1276 928/1101/1277 893/1096/1278 851/1099/1279
f 895/1102/1280 896/1103/1281 852/1104/1282 849/1105/1283
f 905/1106/1284 906/1107/1285 854/1108/1286 890/1109/1287
f 889/1110/1288 890/1111/1289 854/1112/1290 855/1113/1291
f 925/1114/1292 926/1115/1293 889/1110/1294 855/1113/1295
f 891/1116/1296 892/1117/1297 856/1118/1298 853/1119/1299
f 907/1120/1300 908/1121/1301 858/1122/1302 886/1123/1303
f 885/1124/1304 886/1125/1305 858/1126/1306 859/1127/1307
f 923/1128/1308 924/1129/1309 885/1124/1310 859/1127/1311
f 887/1130/1312 888/1131/1313 860/1132/1314 857/1133/1315
f 909/1134/1316 910/1135/1317 862/1136/1318 882/1137/1319
f 881/1138/1320 882/1139/1321 862/1140/1322 863/1141/1323
f 921/1142/1324 922/1143/1325 881/1138/1326 863/1141/1327
f 883/1144/1328 884/1145/1329 864/1146/1330 861/1147/1331
f 911/1148/1332 912/1149/1333 866/1150/1334 878/1151/1335
f 877/1152/1336 878/1153/1337 866/1154/1338 867/1155/1339
f 919/1156/1340 920/1157/1341 877/1152/1342 867/1155/1343
f 879/1158/1344 880/1159/1345 868/1160/1346 865/1161/1347
f 913/1162/1348 914/1163/1349 870/1164/1350 874/1165/1351
f 873/1166/1352 874/1167/1353 870/1168/1354 871/1169/1355
f 917/1170/1356 918/1171/1357 873/1166/1358 871/1169/1359
f 875/1172/1360 876/1173/1361 872/1174/1362 869/1175/1363
f 914/1163/1349 915/1056/1364 830/1059/1365 870/1164/1350
f 871/1169/1355 870/1168/1354 830/1176/1366 828/1058/1366
f 916/1057/1367 917/1170/1356 871/1169/1359 828/1058/1368
f 869/1175/1363 872/1174/1362 827/1177/1369 829/1178/1369
f 867/1155/1339 866/1154/1338 874/1167/1353 873/1166/1352
f 912/1149/1333 913/1162/1348 874/1165/1351 866/1150/1334
f 865/1161/1347 868/1160/1346 876/1173/1361 875/1172/1360
f 918/1171/1357 919/1156/1340 867/1155/1343 873/1166/1358
f 863/1141/1323 862/1140/1322 878/1153/1337 877/1152/1336
f 910/1135/1317 911/1148/1332 878/1151/1335 862/1136/1318
f 861/1147/1331 864/1146/1330 880/1159/1345 879/1158/1344
f 920/1157/1341 921/1142/1324 863/1141/1327 877/1152/1342
f 859/1127/1307 858/1126/1306 882/1139/1321 881/1138/1320
f 908/1121/1301 909/1134/1316 882/1137/1319 858/1122/1302
f 857/1133/1315 860/1132/1314 884/1145/1329 883/1144/1328
f 922/1143/1325 923/1128/1308 859/1127/1311 881/1138/1326
f 855/1113/1291 854/1112/1290 886/1125/1305 885/1124/1304
f 906/1107/1285 907/1120/1300 886/1123/1303 854/1108/1286
f 853/1119/1299 856/1118/1298 888/1131/1313 887/1130/1312
f 924/1129/1309 925/1114/1292 855/1113/1295 885/1124/1310
f 851/1099/1275 850/1098/1274 890/1111/1289 889/1110/1288
f 904/1093/1269 905/1106/1284 890/1109/1287 850/1094/1270
f 849/1105/1283 852/1104/1282 892/1117/1297 891/1116/1296
f 926/1115/1293 927/1100/1276 851/1099/1279 889/1110/1294
f 847/1088/1263 846/1087/1262 894/1097/1273 893/1096/1272
f 902/1085/1260 903/1092/1268 894/1095/1271 846/1086/1261
f 845/1091/1267 848/1090/1266 896/1103/1281 895/1102/1280
f 928/1101/1277 929/1089/1264 847/1088/1265 893/1096/1278
f 831/1179/1237 898/1065/1237 897/1064/1237 825/1180/1237
f 836/1181/1370 899/1060/1233 898/1065/1249 831/1179/1371
f 837/1182/1372 900/1061/1234 899/1060/1233 836/1181/1370
f 841/1183/1373 901/1078/1252 900/1061/1234 837/1182/1372
f 845/1184/1374 902/1085/1260 901/1078/1252 841/1183/1373
f 895/1185/1375 903/1092/1268 902/1085/1260 845/1184/1374
f 849/1186/1376 904/1093/1269 903/1092/1268 895/1185/1375
f 891/1187/1377 905/1106/1284 904/1093/1269 849/1186/1376
f 853/1188/1378 906/1107/1285 905/1106/1284 891/1187/1377
f 887/1189/1379 907/1120/1300 906/1107/1285 853/1188/1378
f 857/1190/1380 908/1121/1301 907/1120/1300 887/1189/1379
f 883/1191/1381 909/1134/1316 908/1121/1301 857/1190/1380
f 861/1192/1382 910/1135/1317 909/1134/1316 883/1191/1381
f 879/1193/1383 911/1148/1332 910/1135/1317 861/1192/1382
f 865/1194/1384 912/1149/1333 911/1148/1332 879/1193/1383
f 875/1195/1385 913/1162/1348 912/1149/1333 865/1194/1384
f 869/1196/1386 914/1163/1349 913/1162/1348 875/1195/1385
f 829/1197/1387 915/1056/1364 914/1163/1349 869/1196/1386
f 827/1177/1232 916/1057/1232 915/1056/1232 829/1197/1232
f 872/1174/1388 917/1170/1356 916/1057/1367 827/1177/1389
f 876/1173/1390 918/1171/1357 917/1170/1356 872/1174/1388
f 868/1160/1391 919/1156/1340 918/1171/1357 876/1173/1390
f 880/1159/1392 920/1157/1341 919/1156/1340 868/1160/1391
f 864/1146/1393 921/1142/1324 920/1157/1341 880/1159/1392
f 884/1145/1394 922/1143/1325 921/1142/1324 864/1146/1393
f 860/1132/1395 923/1128/1308 922/1143/1325 884/1145/1394
f 888/1131/1396 924/1129/1309 923/1128/1308 860/1132/1395
f 856/1118/1397 925/1114/1292 924/1129/1309 888/1131/1396
f 892/1117/1398 926/1115/1293 925/1114/1292 856/1118/1397
f 852/1104/1399 927/1100/1276 926/1115/1293 892/1117/1398
f 896/1103/1400 928/1101/1277 927/1100/1276 852/1104/1399
f 848/1090/1401 929/1089/1264 928/1101/1277 896/1103/1400
f 844/1083/1402 930/1082/1256 929/1089/1264 848/1090/1401
f 840/1072/1403 931/1052/1228 930/1082/1256 844/1083/1402
f 833/1071/1404 932/1053/1229 931/1052/1228 840/1072/1403
f 825/1077/1405 897/1074/1246 932/1053/1229 833/1071/1404
f 1039/1198/1406 1040/1199/1407 942/1200/1408 947/1201/1409
f 1023/1202/1410 1024/1203/1410 936/1204/1410 938/1205/1410
f 1007/1206/1411 1008/1207/1412 946/1208/1413 943/1209/1414
f 1005/1210/1415 1006/1211/1415 940/1212/1416 934/1213/1416
f 942/1200/1417 943/1214/1418 946/1215/1419 947/1201/1420
f 944/1216/1421 941/1217/1422 948/1218/1423 945/1219/1424
f 1040/1199/1407 1005/1220/1425 934/1221/1426 942/1200/1408
f 934/1221/1427 940/1222/1427 943/1214/1418 942/1200/1417
f 1006/1211/1428 1007/1206/1411 943/1209/1414 940/1212/1429
f 939/1223/1430 933/1224/1430 941/1217/1422 944/1216/1421
f 1008/1207/1412 1009/1225/1431 950/1226/1432 946/1208/1413
f 947/1201/1420 946/1215/1419 950/1227/1433 951/1228/1434
f 1038/1229/1435 1039/1198/1406 947/1201/1409 951/1228/1436
f 945/1219/1424 948/1218/1423 952/1230/1437 949/1231/1438
f 1009/1225/1431 1010/1232/1439 954/1233/1440 950/1226/1432
f 951/1228/1434 950/1227/1433 954/1234/1441 955/1235/1442
f 1037/1236/1443 1038/1229/1435 951/1228/1436 955/1235/1444
f 949/1231/1438 952/1230/1437 956/1237/1445 953/1238/1446
f 1011/1239/1447 1012/1240/1448 958/1241/1449 1002/1242/1450
f 1001/1243/1451 1002/1244/1452 958/1245/1453 959/1246/1454
f 1035/1247/1455 1036/1248/1456 1001/1243/1457 959/1246/1458
f 1003/1249/1459 1004/1250/1460 960/1251/1461 957/1252/1462
f 1013/1253/1463 1014/1254/1464 962/1255/1465 998/1256/1466
f 997/1257/1467 998/1258/1468 962/1259/1469 963/1260/1470
f 1033/1261/1471 1034/1262/1472 997/1257/1473 963/1260/1474
f 999/1263/1475 1000/1264/1476 964/1265/1477 961/1266/1478
f 1015/1267/1479 1016/1268/1480 966/1269/1481 994/1270/1482
f 993/1271/1483 994/1272/1484 966/1273/1485 967/1274/1486
f 1031/1275/1487 1032/1276/1488 993/1271/1489 967/1274/1490
f 995/1277/1491 996/1278/1492 968/1279/1493 965/1280/1494
f 1017/1281/1495 1018/1282/1496 970/1283/1497 990/1284/1498
f 989/1285/1499 990/1286/1500 970/1287/1501 971/1288/1502
f 1029/1289/1503 1030/1290/1504 989/1285/1505 971/1288/1506
f 991/1291/1507 992/1292/1508 972/1293/1509 969/1294/1510
f 1019/1295/1511 1020/1296/1512 974/1297/1513 986/1298/1514
f 985/1299/1515 986/1300/1516 974/1301/1517 975/1302/1518
f 1027/1303/1519 1028/1304/1520 985/1299/1521 975/1302/1522
f 987/1305/1523 988/1306/1524 976/1307/1525 973/1308/1526
f 1021/1309/1527 1022/1310/1528 978/1311/1529 982/1312/1530
f 981/1313/1531 982/1314/1532 978/1315/1533 979/1316/1534
f 1025/1317/1535 1026/1318/1536 981/1313/1537 979/1316/1538
f 983/1319/1539 984/1320/1540 980/1321/1541 977/1322/1542
f 1022/1310/1528 1023/1202/1543 938/1205/1544 978/1311/1529
f 979/1316/1534 978/1315/1533 938/1323/1545 936/1204/1545
f 1024/1203/1546 1025/1317/1535 979/1316/1538 936/1204/1547
f 977/1322/1542 980/1321/1541 935/1324/1548 937/1325/1548
f 975/1302/1518 974/1301/1517 982/1314/1532 981/1313/1531
f 1020/1296/1512 1021/1309/1527 982/1312/1530 974/1297/1513
f 973/1308/1526 976/1307/1525 984/1320/1540 983/1319/1539
f 1026/1318/1536 1027/1303/1519 975/1302/1522 981/1313/1537
f 971/1288/1502 970/1287/1501 986/1300/1516 985/1299/1515
f 1018/1282/1496 1019/1295/1511 986/1298/1514 970/1283/1497
f 969/1294/1510 972/1293/1509 988/1306/1524 987/1305/1523
f 1028/1304/1520 1029/1289/1503 971/1288/1506 985/1299/1521
f 967/1274/1486 966/1273/1485 990/1286/1500 989/1285/1499
f 1016/1268/1480 1017/1281/1495 990/1284/1498 966/1269/1481
f 965/1280/1494 968/1279/1493 992/1292/1508 991/1291/1507
f 1030/1290/1504 1031/1275/1487 967/1274/1490 989/1285/1505
f 963/1260/1470 962/1259/1469 994/1272/1484 993/1271/1483
f 1014/1254/1464 1015/1267/1479 994/1270/1482 962/1255/1465
f 961/1266/1478 964/1265/1477 996/1278/1492 995/1277/1491
f 1032/1276/1488 1033/1261/1471 963/1260/1474 993/1271/1489
f 959/1246/1454 958/1245/1453 998/1258/1468 997/1257/1467
f 1012/1240/1448 1013/1253/1463 998/1256/1466 958/1241/1449
f 957/1252/1462 960/1251/1461 1000/1264/1476 999/1263/1475
f 1034/1262/1472 1035/1247/1455 959/1246/1458 997/1257/1473
f 955/1235/1442 954/1234/1441 1002/1244/1452 1001/1243/1451
f 1010/1232/1439 1011/1239/1447 1002/1242/1450 954/1233/1440
f 953/1238/1446 956/1237/1445 1004/1250/1460 1003/1249/1459
f 1036/1248/1456 1037/1236/1443 955/1235/1444 1001/1243/1457
f 939/1326/1549 1006/1211/1415 1005/1210/1415 933/1327/1549
f 944/1328/1550 1007/1206/1411 1006/1211/1428 939/1326/1551
f 945/1329/1552 1008/1207/1412 1007/1206/1411 944/1328/1550
f 949/1330/1553 1009/1225/1431 1008/1207/1412 945/1329/1552
f 953/1331/1554 1010/1232/1439 1009/1225/1431 949/1330/1553
f 1003/1332/1555 1011/1239/1447 1010/1232/1439 953/1331/1554
f 957/1333/1556 1012/1240/1448 1011/1239/1447 1003/1332/1555
f 999/1334/1557 1013/1253/1463 1012/1240/1448 957/1333/1556
f 961/1335/1558 1014/1254/1464 1013/1253/1463 999/1334/1557
f 995/1336/1559 1015/1267/1479 1014/1254/1464 961/1335/1558
f 965/1337/1560 1016/1268/1480 1015/1267/1479 995/1336/1559
f 991/1338/1561 1017/1281/1495 1016/1268/1480 965/1337/1560
f 969/1339/1562 1018/1282/1496 1017/1281/1495 991/1338/1561
f 987/1340/1563 1019/1295/1511 1018/1282/1496 969/1339/1562
f 973/1341/1564 1020/1296/1512 1019/1295/1511 987/1340/1563
f 983/1342/1565 1021/1309/1527 1020/1296/1512 973/1341/1564
f 977/1343/1566 1022/1310/1528 1021/1309/1527 983/1342/1565
f 937/1344/1567 1023/1202/1543 1022/1310/1528 977/1343/1566
f 935/1324/1410 1024/1203/1410 1023/1202/1410 937/1344/1410
f 980/1321/1568 1025/1317/1535 1024/1203/1546 935/1324/1569
f 984/1320/1570 1026/1318/1536 1025/1317/1535 980/1321/1568
f 976/1307/1571 1027/1303/1519 1026/1318/1536 984/1320/1570
f 988/1306/1572 1028/1304/1520 1027/1303/1519 976/1307/1571
f 972/1293/1573 1029/1289/1503 1028/1304/1520 988/1306/1572
f 992/1292/1574 1030/1290/1504 1029/1289/1503 972/1293/1573
f 968/1279/1575 1031/1275/1487 1030/1290/1504 992/1292/1574
f 996/1278/1576 1032/1276/1488 1031/1275/1487 968/1279/1575
f 964/1265/1577 1033/1261/1471 1032/1276/1488 996/1278/1576
f 1000/1264/1578 1034/1262/1472 1033/1261/1471 964/1265/1577
f 960/1251/1579 1035/1247/1455 1034/1262/1472 1000/1264/1578
f 1004/1250/1580 1036/1248/1456 1035/1247/1455 960/1251/1579
f 956/1237/1581 1037/1236/1443 1036/1248/1456 1004/1250/1580
f 952/1230/1582 1038/1229/1435 1037/1236/1443 956/1237/1581
f 948/1218/1583 1039/1198/1406 1038/1229/1435 952/1230/1582
f 941/1217/1584 1040/1199/1407 1039/1198/1406 948/1218/1583
f 933/1224/1585 1005/1220/1425 1040/1199/1407 941/1217/1584
f 1147/1345/1586 1148/1346/1587 1050/1347/1588 1055/1348/1589
f 1131/1349/1232 1132/1350/1232 1044/1351/1232 1046/1352/1232
f 1115/1353/1590 1116/1354/1591 1054/1355/1592 1051/1356/1593
f 1113/1357/1237 1114/1358/1237 1048/1359/1237 1042/1360/1237
f 1050/1347/1594 1051/1361/1595 1054/1362/1596 1055/1348/1597
f 1052/1363/1598 1049/1364/1599 1056/1365/1600 1053/1366/1601
f 1148/1346/1587 1113/1367/1602 1042/1368/1603 1050/1347/1588
f 1042/1368/1604 1048/1369/1604 1051/1361/1595 1050/1347/1594
f 1114/1358/1605 1115/1353/1590 1051/1356/1593 1048/1359/1606
f 1047/1370/1607 1041/1367/1607 1049/1364/1599 1052/1363/1598
f 1116/1354/1591 1117/1371/1608 1058/1372/1609 1054/1355/1592
f 1055/1348/1597 1054/1362/1596 1058/1373/1610 1059/1374/1611
f 1146/1375/1612 1147/1345/1586 1055/1348/1589 1059/1374/1613
f 1053/1366/1601 1056/1365/1600 1060/1376/1614 1057/1377/1615
f 1117/1371/1608 1118/1378/1616 1062/1379/1617 1058/1372/1609
f 1059/1374/1611 1058/1373/1610 1062/1380/1618 1063/1381/1619
f 1145/1382/1620 1146/1375/1612 1059/1374/1613 1063/1381/1621
f 1057/1377/1615 1060/1376/1614 1064/1383/1622 1061/1384/1623
f 1119/1385/1624 1120/1386/1625 1066/1387/1626 1110/1388/1627
f 1109/1389/1628 1110/1390/1629 1066/1391/1630 1067/1392/1631
f 1143/1393/1632 1144/1394/1633 1109/1389/1634 1067/1392/1635
f 1111/1395/1636 1112/1396/1637 1068/1397/1638 1065/1398/1639
f 1121/1399/1640 1122/1400/1641 1070/1401/1642 1106/1402/1643
f 1105/1403/1644 1106/1404/1645 1070/1405/1646 1071/1406/1647
f 1141/1407/1648 1142/1408/1649 1105/1403/1650 1071/1406/1651
f 1107/1409/1652 1108/1410/1653 1072/1411/1654 1069/1412/1655
f 1123/1413/1656 1124/1414/1657 1074/1415/1658 1102/1416/1659
f 1101/1417/1660 1102/1418/1661 1074/1419/1662 1075/1420/1663
f 1139/1421/1664 1140/1422/1665 1101/1417/1666 1075/1420/1667
f 1103/1423/1668 1104/1424/1669 1076/1425/1670 1073/1426/1671
f 1125/1427/1672 1126/1428/1673 1078/1429/1674 1098/1430/1675
f 1097/1431/1676 1098/1432/1677 1078/1433/1678 1079/1434/1679
f 1137/1435/1680 1138/1436/1681 1097/1431/1682 1079/1434/1683
f 1099/1437/1684 1100/1438/1685 1080/1439/1686 1077/1440/1687
f 1127/1441/1688 1128/1442/1689 1082/1443/1690 1094/1444/1691
f 1093/1445/1692 1094/1446/1693 1082/1447/1694 1083/1448/1695
f 1135/1449/1696 1136/1450/1697 1093/1445/1698 1083/1448/1699
f 1095/1451/1700 1096/1452/1701 1084/1453/1702 1081/1454/1703
f 1129/1455/1704 1130/1456/1705 1086/1457/1706 1090/1458/1707
f 1089/1459/1708 1090/1460/1709 1086/1461/1710 1087/1462/1711
f 1133/1463/1712 1134/1464/1713 1089/1459/1714 1087/1462/1715
f 1091/1465/1716 1092/1466/1717 1088/1467/1718 1085/1468/1719
f 1130/1456/1705 1131/1349/1720 1046/1352/1721 1086/1457/1706
f 1087/1462/1711 1086/1461/1710 1046/1469/1722 1044/1351/1722
f 1132/1350/1723 1133/1463/1712 1087/1462/1715 1044/1351/1724
f 1085/1468/1719 1088/1467/1718 1043/1470/1725 1045/1471/1725
f 1083/1448/1695 1082/1447/1694 1090/1460/1709 1089/1459/1708
f 1128/1442/1689 1129/1455/1704 1090/1458/1707 1082/1443/1690
f 1081/1454/1703 1084/1453/1702 1092/1466/1717 1091/1465/1716
f 1134/1464/1713 1135/1449/1696 1083/1448/1699 1089/1459/1714
f 1079/1434/1679 1078/1433/1678 1094/1446/1693 1093/1445/1692
f 1126/1428/1673 1127/1441/1688 1094/1444/1691 1078/1429/1674
f 1077/1440/1687 1080/1439/1686 1096/1452/1701 1095/1451/1700
f 1136/1450/1697 1137/1435/1680 1079/1434/1683 1093/1445/1698
f 1075/1420/1663 1074/1419/1662 1098/1432/1677 1097/1431/1676
f 1124/1414/1657 1125/1427/1672 1098/1430/1675 1074/1415/1658
f 1073/1426/1671 1076/1425/1670 1100/1438/1685 1099/1437/1684
f 1138/1436/1681 1139/1421/1664 1075/1420/1667 1097/1431/1682
f 1071/1406/1647 1070/1405/1646 1102/1418/1661 1101/1417/1660
f 1122/1400/1641 1123/1413/1656 1102/1416/1659 1070/1401/1642
f 1069/1412/1655 1072/1411/1654 1104/1424/1669 1103/1423/1668
f 1140/1422/1665 1141/1407/1648 1071/1406/1651 1101/1417/1666
f 1067/1392/1631 1066/1391/1630 1106/1404/1645 1105/1403/1644
f 1120/1386/1625 1121/1399/1640 1106/1402/1643 1066/1387/1626
f 1065/1398/1639 1068/1397/1638 1108/1410/1653 1107/1409/1652
f 1142/1408/1649 1143/1393/1632 1067/1392/1635 1105/1403/1650
f 1063/1381/1619 1062/1380/1618 1110/1390/1629 1109/1389/1628
f 1118/1378/1616 1119/1385/1624 1110/1388/1627 1062/1379/1617
f 1061/1384/1623 1064/1383/1622 1112/1396/1637 1111/1395/1636
f 1144/1394/1633 1145/1382/1620 1063/1381/1621 1109/1389/1634
f 1047/1472/1237 1114/1358/1237 1113/1357/1237 1041/1473/1237
f 1052/1474/1726 1115/1353/1590 1114/1358/1605 1047/1472/1727
f 1053/1475/1728 1116/1354/1591 1115/1353/1590 1052/1474/1726
f 1057/1476/1729 1117/1371/1608 1116/1354/1591 1053/1475/1728
f 1061/1477/1730 1118/1378/1616 1117/1371/1608 1057/1476/1729
f 1111/1478/1731 1119/1385/1624 1118/1378/1616 1061/1477/1730
f 1065/1479/1732 1120/1386/1625 1119/1385/1624 1111/1478/1731
f 1107/1480/1733 1121/1399/1640 1120/1386/1625 1065/1479/1732
f 1069/1481/1734 1122/1400/1641 1121/1399/1640 1107/1480/1733
f 1103/1482/1735 1123/1413/1656 1122/1400/1641 1069/1481/1734
f 1073/1483/1736 1124/1414/1657 1123/1413/1656 1103/1482/1735
f 1099/1484/1737 1125/1427/1672 1124/1414/1657 1073/1483/1736
f 1077/1485/1738 1126/1428/1673 1125/1427/1672 1099/1484/1737
f 1095/1486/1739 1127/1441/1688 1126/1428/1673 1077/1485/1738
f 1081/1487/1740 1128/1442/1689 1127/1441/1688 1095/1486/1739
f 1091/1488/1741 1129/1455/1704 1128/1442/1689 1081/1487/1740
f 1085/1489/1742 1130/1456/1705 1129/1455/1704 1091/1488/1741
f 1045/1490/1743 1131/1349/1720 1130/1456/1705 1085/1489/1742
f 1043/1470/1232 1132/1350/1232 1131/1349/1232 1045/1490/1232
f 1088/1467/1744 1133/1463/1712 1132/1350/1723 1043/1470/1745
f 1092/1466/1746 1134/1464/1713 1133/1463/1712 1088/1467/1744
f 1084/1453/1747 1135/1449/1696 1134/1464/1713 1092/1466/1746
f 1096/1452/1748 1136/1450/1697 1135/1449/1696 1084/1453/1747
f 1080/1439/1749 1137/1435/1680 1136/1450/1697 1096/1452/1748
f 1100/1438/1750 1138/1436/1681 1137/1435/1680 1080/1439/1749
f 1076/1425/1751 1139/1421/1664 1138/1436/1681 1100/1438/1750
f 1104/1424/1752 1140/1422/1665 1139/1421/1664 1076/1425/1751
f 1072/1411/1753 1141/1407/1648 1140/1422/1665 1104/1424/1752
f 1108/1410/1754 1142/1408/1649 1141/1407/1648 1072/1411/1753
f 1068/1397/1755 1143/1393/1632 1142/1408/1649 1108/1410/1754
f 1112/1396/1756 1144/1394/1633 1143/1393/1632 1068/1397/1755
f 1064/1383/1757 1145/1382/1620 1144/1394/1633 1112/1396/1756
f 1060/1376/1758 1146/1375/1612 1145/1382/1620 1064/1383/1757
f 1056/1365/1759 1147/1345/1586 1146/1375/1612 1060/1376/1758
f 1049/1364/1760 1148/1346/1587 1147/1345/1586 1056/1365/1759
f 1041/1367/1761 1113/1367/1602 1148/1346/1587 1049/1364/1760
f 1255/1491/1762 1256/1492/1763 1158/1493/1764 1163/1494/1765
f 1239/1495/1766 1240/1496/1766 1152/1497/1766 1154/1498/1766
f 1223/1499/1767 1224/1500/1768 1162/1501/1769 1159/1502/1770
f 1221/1503/1771 1222/1504/1771 1156/1505/1772 1150/1506/1772
f 1158/1493/1773 1159/1507/1774 1162/1508/1775 1163/1494/1776
f 1160/1509/1777 1157/1510/1778 1164/1511/1779 1161/1512/1780
f 1256/1492/1763 1221/1513/1781 1150/1514/1782 1158/1493/1764
f 1150/1514/1783 1156/1515/1783 1159/1507/1774 1158/1493/1773
f 1222/1504/1784 1223/1499/1767 1159/1502/1770 1156/1505/1785
f 1155/1516/1786 1149/1517/1786 1157/1510/1778 1160/1509/1777
f 1224/1500/1768 1225/1518/1787 1166/1519/1788 1162/1501/1769
f 1163/1494/1776 1162/1508/1775 1166/1520/1789 1167/1521/1790
f 1254/1522/1791 1255/1491/1762 1163/1494/1765 1167/1521/1792
f 1161/1512/1780 1164/1511/1779 1168/1523/1793 1165/1524/1794
f 1225/1518/1787 1226/1525/1795 1170/1526/1796 1166/1519/1788
f 1167/1521/1790 1166/1520/1789 1170/1527/1797 1171/1528/1798
f 1253/1529/1799 1254/1522/1791 1167/1521/1792 1171/1528/1800
f 1165/1524/1794 1168/1523/1793 1172/1530/1801 1169/1531/1802
f 1227/1532/1803 1228/1533/1804 1174/1534/1805 1218/1535/1806
f 1217/1536/1807 1218/1537/1808 1174/1538/1809 1175/1539/1810
f 1251/1540/1811 1252/1541/1812 1217/1536/1813 1175/1539/1814
f 1219/1542/1815 1220/1543/1816 1176/1544/1817 1173/1545/1818
f 1229/1546/1819 1230/1547/1820 1178/1548/1821 1214/1549/1822
f 1213/1550/1823 1214/1551/1824 1178/1552/1825 1179/1553/1826
f 1249/1554/1827 1250/1555/1828 1213/1550/1829 1179/1553/1830
f 1215/1556/1831 1216/1557/1832 1180/1558/1833 1177/1559/1834
f 1231/1560/1835 1232/1561/1836 1182/1562/1837 1210/1563/1838
f 1209/1564/1839 1210/1565/1840 1182/1566/1841 1183/1567/1842
f 1247/1568/1843 1248/1569/1844 1209/1564/1845 1183/1567/1846
f 1211/1570/1847 1212/1571/1848 1184/1572/1849 1181/1573/1850
f 1233/1574/1851 1234/1575/1852 1186/1576/1853 1206/1577/1854
f 1205/1578/1855 1206/1579/1856 1186/1580/1857 1187/1581/1858
f 1245/1582/1859 1246/1583/1860 1205/1578/1861 1187/1581/1862
f 1207/1584/1863 1208/1585/1864 1188/1586/1865 1185/1587/1866
f 1235/1588/1867 1236/1589/1868 1190/1590/1869 1202/1591/1870
f 1201/1592/1871 1202/1593/1872 1190/1594/1873 1191/1595/1874
f 1243/1596/1875 1244/1597/1876 1201/1592/1877 1191/1595/1878
f 1203/1598/1879 1204/1599/1880 1192/1600/1881 1189/1601/1882
f 1237/1602/1883 1238/1603/1884 1194/1604/1885 1198/1605/1886
f 1197/1606/1887 1198/1607/1888 1194/1608/1889 1195/1609/1890
f 1241/1610/1891 1242/1611/1892 1197/1606/1893 1195/1609/1894
f 1199/1612/1895 1200/1613/1896 1196/1614/1897 1193/1615/1898
f 1238/1603/1884 1239/1495/1899 1154/1498/1900 1194/1604/1885
f 1195/1609/1890 1194/1608/1889 1154/1616/1901 1152/1497/1901
f 1240/1496/1902 1241/1610/1891 1195/1609/1894 1152/1497/1903
f 1193/1615/1898 1196/1614/1897 1151/1617/1904 1153/1618/1904
f 1191/1595/1874 1190/1594/1873 1198/1607/1888 1197/1606/1887
f 1236/1589/1868 1237/1602/1883 1198/1605/1886 1190/1590/1869
f 1189/1601/1882 1192/1600/1881 1200/1613/1896 1199/1612/1895
f 1242/1611/1892 1243/1596/1875 1191/1595/1878 1197/1606/1893
f 1187/1581/1858 1186/1580/1857 1202/1593/1872 1201/1592/1871
f 1234/1575/1852 1235/1588/1867 1202/1591/1870 1186/1576/1853
f 1185/1587/1866 1188/1586/1865 1204/1599/1880 1203/1598/1879
f 1244/1597/1876 1245/1582/1859 1187/1581/1862 1201/1592/1877
f 1183/1567/1842 1182/1566/1841 1206/1579/1856 1205/1578/1855
f 1232/1561/1836 1233/1574/1851 1206/1577/1854 1182/1562/1837
f 1181/1573/1850 1184/1572/1849 1208/1585/1864 1207/1584/1863
f 1246/1583/1860 1247/1568/1843 1183/1567/1846 1205/1578/1861
f 1179/1553/1826 1178/1552/1825 1210/1565/1840 1209/1564/1839
f 1230/1547/1820 1231/1560/1835 1210/1563/1838 1178/1548/1821
f 1177/1559/1834 1180/1558/1833 1212/1571/1848 1211/1570/1847
f 1248/1569/1844 1249/1554/1827 1179/1553/1830 1209/1564/1845
f 1175/1539/1810 1174/1538/1809 1214/1551/1824 1213/1550/1823
f 1228/1533/1804 1229/1546/1819 1214/1549/1822 1174/1534/1805
f 1173/1545/1818 1176/1544/1817 1216/1557/1832 1215/1556/1831
f 1250/1555/1828 1251/1540/1811 1175/1539/1814 1213/1550/1829
f 1171/1528/1798 1170/1527/1797 1218/1537/1808 1217/1536/1807
f 1226/1525/1795 1227/1532/1803 1218/1535/1806 1170/1526/1796
f 1169/1531/1802 1172/1530/1801 1220/1543/1816 1219/1542/1815
f 1252/1541/1812 1253/1529/1799 1171/1528/1800 1217/1536/1813
f 1155/1619/1905 1222/1504/1771 1221/1503/1771 1149/1620/1905
f 1160/1621/1906 1223/1499/1767 1222/1504/1784 1155/1619/1907
f 1161/1622/1908 1224/1500/1768 1223/1499/1767 1160/1621/1906
f 1165/1623/1909 1225/1518/1787 1224/1500/1768 1161/1622/1908
f 1169/1624/1910 1226/1525/1795 1225/1518/1787 1165/1623/1909
f 1219/1625/1911 1227/1532/1803 1226/1525/1795 1169/1624/1910
f 1173/1626/1912 1228/1533/1804 1227/1532/1803 1219/1625/1911
f 1215/1627/1913 1229/1546/1819 1228/1533/1804 1173/1626/1912
f 1177/1628/1914 1230/1547/1820 1229/1546/1819 1215/1627/1913
f 1211/1629/1915 1231/1560/1835 1230/1547/1820 1177/1628/1914
f 1181/1630/1916 1232/1561/1836 1231/1560/1835 1211/1629/1915
f 1207/1631/1917 1233/1574/1851 1232/1561/1836 1181/1630/1916
f 1185/1632/1918 1234/1575/1852 1233/1574/1851 1207/1631/1917
f 1203/1633/1919 1235/1588/1867 1234/1575/1852 1185/1632/1918
f 1189/1634/1920 1236/1589/1868 1235/1588/1867 1203/1633/1919
f 1199/1635/1921 1237/1602/1883 1236/1589/1868 1189/1634/1920
f 1193/1636/1922 1238/1603/1884 1237/1602/1883 1199/1635/1921
f 1153/1637/1923 1239/1495/1899 1238/1603/1884 1193/1636/1922
f 1151/1617/1766 1240/1496/1766 1239/1495/1766 1153/1637/1766
f 1196/1614/1924 1241/1610/1891 1240/1496/1902 1151/1617/1925
f 1200/1613/1926 1242/1611/1892 1241/1610/1891 1196/1614/1924
f 1192/1600/1927 1243/1596/1875 1242/1611/1892 1200/1613/1926
f 1204/1599/1928 1244/1597/1876 1243/1596/1875 1192/1600/1927
f 1188/1586/1929 1245/1582/1859 1244/1597/1876 1204/1599/1928
f 1208/1585/1930 1246/1583/1860 1245/1582/1859 1188/1586/1929
f 1184/1572/1931 1247/1568/1843 1246/1583/1860 1208/1585/1930
f 1212/1571/1932 1248/1569/1844 1247/1568/1843 1184/1572/1931
f 1180/1558/1933 1249/1554/1827 1248/1569/1844 1212/1571/1932
f 1216/1557/1934 1250/1555/1828 1249/1554/1827 1180/1558/1933
f 1176/1544/1935 1251/1540/1811 1250/1555/1828 1216/1557/1934
f 1220/1543/1936 1252/1541/1812 1251/1540/1811 1176/1544/1935
f 1172/1530/1937 1253/1529/1799 1252/1541/1812 1220/1543/1936
f 1168/1523/1938 1254/1522/1791 1253/1529/1799 1172/1530/1937
f 1164/1511/1939 1255/1491/1762 1254/1522/1791 1168/1523/1938
f 1157/1510/1940 1256/1492/1763 1255/1491/1762 1164/1511/1939
f 1149/1517/1941 1221/1513/1781 1256/1492/1763 1157/1510/1940
f 1363/1638/1942 1364/1639/1943 1266/1640/1944 1271/1641/1945
f 1347/1642/1946 1348/1643/1946 1260/1644/1946 1262/1645/1946
f 1331/1646/1947 1332/1647/1948 1270/1648/1949 1267/1649/1950
f 1329/1650/1951 1330/1651/1951 1264/1652/1952 1258/1653/1952
f 1266/1640/1953 1267/1654/1954 1270/1655/1955 1271/1641/1956
f 1268/1656/1957 1265/1657/1958 1272/1658/1959 1269/1659/1960
f 1364/1639/1943 1329/1660/1961 1258/1661/1962 1266/1640/1944
f 1258/1661/1963 1264/1662/1963 1267/1654/1954 1266/1640/1953
f 1330/1651/1964 1331/1646/1947 1267/1649/1950 1264/1652/1965
f 1263/1663/1966 1257/1664/1966 1265/1657/1958 1268/1656/1957
f 1332/1647/1948 1333/1665/1967 1274/1666/1968 1270/1648/1949
f 1271/1641/1956 1270/1655/1955 1274/1667/1969 1275/1668/1970
f 1362/1669/1971 1363/1638/1942 1271/1641/1945 1275/1668/1972
f 1269/1659/1960 1272/1658/1959 1276/1670/1973 1273/1671/1974
f 1333/1665/1967 1334/1672/1975 1278/1673/1976 1274/1666/1968
f 1275/1668/1970 1274/1667/1969 1278/1674/1977 1279/1675/1978
f 1361/1676/1979 1362/1669/1971 1275/1668/1972 1279/1675/1980
f 1273/1671/1974 1276/1670/1973 1280/1677/1981 1277/1678/1982
f 1335/1679/1983 1336/1680/1984 1282/1681/1985 1326/1682/1986
f 1325/1683/1987 1326/1684/1988 1282/1685/1989 1283/1686/1990
f 1359/1687/1991 1360/1688/1992 1325/1683/1993 1283/1686/1994
f 1327/1689/1995 1328/1690/1996 1284/1691/1997 1281/1692/1998
f 1337/1693/1999 1338/1694/2000 1286/1695/2001 1322/1696/2002
f 1321/1697/2003 1322/1698/2004 1286/1699/2005 1287/1700/2006
f 1357/1701/2007 1358/1702/2008 1321/1697/2009 1287/1700/2010
f 1323/1703/2011 1324/1704/2012 1288/1705/2013 1285/1706/2014
f 1339/1707/2015 1340/1708/2016 1290/1709/2017 1318/1710/2018
f 1317/1711/2019 1318/1712/2020 1290/1713/2021 1291/1714/2022
f 1355/1715/2023 1356/1716/2024 1317/1711/2025 1291/1714/2026
f 1319/1717/2027 1320/1718/2028 1292/1719/2029 1289/1720/2030
f 1341/1721/2031 1342/1722/2032 1294/1723/2033 1314/1724/2034
f 1313/1725/2035 1314/1726/2036 1294/1727/2037 1295/1728/2038
f 1353/1729/2039 1354/1730/2040 1313/1725/2041 1295/1728/2042
f 1315/1731/2043 1316/1732/2044 1296/1733/2045 1293/1734/2046
f 1343/1735/2047 1344/1736/2048 1298/1737/2049 1310/1738/2050
f 1309/1739/2051 1310/1740/2052 1298/1741/2053 1299/1742/2054
f 1351/1743/2055 1352/1744/2056 1309/1739/2057 1299/1742/2058
f 1311/1745/2059 1312/1746/2060 1300/1747/2061 1297/1748/2062
f 1345/1749/2063 1346/1750/2064 1302/1751/2065 1306/1752/2066
f 1305/1753/2067 1306/1754/2068 1302/1755/2069 1303/1756/2070
f 1349/1757/2071 1350/1758/2072 1305/1753/2073 1303/1756/2074
f 1307/1759/2075 1308/1760/2076 1304/1761/2077 1301/1762/2078
f 1346/1750/2064 1347/1642/2079 1262/1645/2080 1302/1751/2065
f 1303/1756/2070 1302/1755/2069 1262/1763/2081 1260/1644/2081
f 1348/1643/2082 1349/1757/2071 1303/1756/2074 1260/1644/2083
f 1301/1762/2078 1304/1761/2077 1259/1764/2084 1261/1765/2084
f 1299/1742/2054 1298/1741/2053 1306/1754/2068 1305/1753/2067
f 1344/1736/2048 1345/1749/2063 1306/1752/2066 1298/1737/2049
f 1297/1748/2062 1300/1747/2061 1308/1760/2076 1307/1759/2075
f 1350/1758/2072 1351/1743/2055 1299/1742/2058 1305/1753/2073
f 1295/1728/2038 1294/1727/2037 1310/1740/2052 1309/1739/2051
f 1342/1722/2032 1343/1735/2047 1310/1738/2050 1294/1723/2033
f 1293/1734/2046 1296/1733/2045 1312/1746/2060 1311/1745/2059
f 1352/1744/2056 1353/1729/2039 1295/1728/2042 1309/1739/2057
f 1291/1714/2022 1290/1713/2021 1314/1726/2036 1313/1725/2035
f 1340/1708/2016 1341/1721/2031 1314/1724/2034 1290/1709/2017
f 1289/1720/2030 1292/1719/2029 1316/1732/2044 1315/1731/2043
f 1354/1730/2040 1355/1715/2023 1291/1714/2026 1313/1725/2041
f 1287/1700/2006 1286/1699/2005 1318/1712/2020 1317/1711/2019
f 1338/1694/2000 1339/1707/2015 1318/1710/2018 1286/1695/2001
f 1285/1706/2014 1288/1705/2013 1320/1718/2028 1319/1717/2027
f 1356/1716/2024 1357/1701/2007 1287/1700/2010 1317/1711/2025
f 1283/1686/1990 1282/1685/1989 1322/1698/2004 1321/1697/2003
f 1336/1680/1984 1337/1693/1999 1322/1696/2002 1282/1681/1985
f 1281/1692/1998 1284/1691/1997 1324/1704/2012 1323/1703/2011
f 1358/1702/2008 1359/1687/1991 1283/1686/1994 1321/1697/2009
f 1279/1675/1978 1278/1674/1977 1326/1684/1988 1325/1683/1987
f 1334/1672/1975 1335/1679/1983 1326/1682/1986 1278/1673/1976
f 1277/1678/1982 1280/1677/1981 1328/1690/1996 1327/1689/1995
f 1360/1688/1992 1361/1676/1979 1279/1675/1980 1325/1683/1993
f 1263/1766/2085 1330/1651/1951 1329/1650/1951 1257/1767/2085
f 1268/1768/2086 1331/1646/1947 1330/1651/1964 1263/1766/2087
f 1269/1769/2088 1332/1647/1948 1331/1646/1947 1268/1768/2086
f 1273/1770/2089 1333/1665/1967 1332/1647/1948 1269/1769/2088
f 1277/1771/2090 1334/1672/1975 1333/1665/1967 1273/1770/2089
f 1327/1772/2091 1335/1679/1983 1334/1672/1975 1277/1771/2090
f 1281/1773/2092 1336/1680/1984 1335/1679/1983 1327/1772/2091
f 1323/1774/2093 1337/1693/1999 1336/1680/1984 1281/1773/2092
f 1285/1775/2094 1338/1694/2000 1337/1693/1999 1323/1774/2093
f 1319/1776/2095 1339/1707/2015 1338/1694/2000 1285/1775/2094
f 1289/1777/2096 1340/1708/2016 1339/1707/2015 1319/1776/2095
f 1315/1778/2097 1341/1721/2031 1340/1708/2016 1289/1777/2096
f 1293/1779/2098 1342/1722/2032 1341/1721/2031 1315/1778/2097
f 1311/1780/2099 1343/1735/2047 1342/1722/2032 1293/1779/2098
f 1297/1781/2100 1344/1736/2048 1343/1735/2047 1311/1780/2099
f 1307/1782/2101 1345/1749/2063 1344/1736/2048 1297/1781/2100
f 1301/1783/2102 1346/1750/2064 1345/1749/2063 1307/1782/2101
f 1261/1784/2103 1347/1642/2079 1346/1750/2064 1301/1783/2102
f 1259/1764/1946 1348/1643/1946 1347/1642/1946 1261/1784/1946
f 1304/1761/2104 1349/1757/2071 1348/1643/2082 1259/1764/2105
f 1308/1760/2106 1350/1758/2072 1349/1757/2071 1304/1761/2104
f 1300/1747/2107 1351/1743/2055 1350/1758/2072 1308/1760/2106
f 1312/1746/2108 1352/1744/2056 1351/1743/2055 1300/1747/2107
f 1296/1733/2109 1353/1729/2039 1352/1744/2056 1312/1746/2108
f 1316/1732/2110 1354/1730/2040 1353/1729/2039 1296/1733/2109
f 1292/1719/2111 1355/1715/2023 1354/1730/2040 1316/1732/2110
f 1320/1718/2112 1356/1716/2024 1355/1715/2023 1292/1719/2111
f 1288/1705/2113 1357/1701/2007 1356/1716/2024 1320/1718/2112
f 1324/1704/2114 1358/1702/2008 1357/1701/2007 1288/1705/2113
f 1284/1691/2115 1359/1687/1991 1358/1702/2008 1324/1704/2114
f 1328/1690/2116 1360/1688/1992 1359/1687/1991 1284/1691/2115
f 1280/1677/2117 1361/1676/1979 1360/1688/1992 1328/1690/2116
f 1276/1670/2118 1362/1669/1971 1361/1676/1979 1280/1677/2117
f 1272/1658/2119 1363/1638/1942 1362/1669/1971 1276/1670/2118
f 1265/1657/2120 1364/1639/1943 1363/1638/1942 1272/1658/2119
f 1257/1664/2121 1329/1660/1961 1364/1639/1943 1265/1657/2120
f 1471/1785/2122 1472/1786/2123 1374/1787/2124 1379/1788/2125
f 1455/1789/2126 1456/1790/2126 1368/1791/2126 1370/1792/2126
f 1439/1793/2127 1440/1794/2128 1378/1795/2129 1375/1796/2130
f 1437/1797/2131 1438/1798/2131 1372/1799/2132 1366/1800/2132
f 1374/1787/2133 1375/1801/2134 1378/1802/2135 1379/1788/2136
f 1376/1803/2137 1373/1804/2138 1380/1805/2139 1377/1806/2140
f 1472/1786/2123 1437/1807/2141 1366/1808/2142 1374/1787/2124
f 1366/1808/2143 1372/1809/2143 1375/1801/2134 1374/1787/2133
f 1438/1798/2144 1439/1793/2127 1375/1796/2130 1372/1799/2145
f 1371/1810/2146 1365/1811/2146 1373/1804/2138 1376/1803/2137
f 1440/1794/2128 1441/1812/2147 1382/1813/2148 1378/1795/2129
f 1379/1788/2136 1378/1802/2135 1382/1814/2149 1383/1815/2150
f 1470/1816/2151 1471/1785/2122 1379/1788/2125 1383/1815/2152
f 1377/1806/2140 1380/1805/2139 1384/1817/2153 1381/1818/2154
f 1441/1812/2147 1442/1819/2155 1386/1820/2156 1382/1813/2148
f 1383/1815/2150 1382/1814/2149 1386/1821/2157 1387/1822/2158
f 1469/1823/2159 1470/1816/2151 1383/1815/2152 1387/1822/2160
f 1381/1818/2154 1384/1817/2153 1388/1824/2161 1385/1825/2162
f 1443/1826/2163 1444/1827/2164 1390/1828/2165 1434/1829/2166
f 1433/1830/2167 1434/1831/2168 1390/1832/2169 1391/1833/2170
f 1467/1834/2171 1468/1835/2172 1433/1830/2173 1391/1833/2174
f 1435/1836/2175 1436/1837/2176 1392/1838/2177 1389/1839/2178
f 1445/1840/2179 1446/1841/2180 1394/1842/2181 1430/1843/2182
f 1429/1844/2183 1430/1845/2184 1394/1846/2185 1395/1847/2186
f 1465/1848/2187 1466/1849/2188 1429/1844/2189 1395/1847/2190
f 1431/1850/2191 1432/1851/2192 1396/1852/2193 1393/1853/2194
f 1447/1854/2195 1448/1855/2196 1398/1856/2197 1426/1857/2198
f 1425/1858/453 1426/1859/2199 1398/1860/2200 1399/1861/2201
f 1463/1862/2202 1464/1863/2203 1425/1858/2204 1399/1861/2205
f 1427/1864/2206 1428/1865/2207 1400/1866/2208 1397/1867/2209
f 1449/1868/2210 1450/1869/2211 1402/1870/2212 1422/1871/2213
f 1421/1872/2214 1422/1873/2215 1402/1874/2216 1403/1875/2217
f 1461/1876/2218 1462/1877/2219 1421/1872/2220 1403/1875/2221
f 1423/1878/2222 1424/1879/2223 1404/1880/2224 1401/1881/2225
f 1451/1882/2226 1452/1883/2227 1406/1884/2228 1418/1885/2229
f 1417/1886/2230 1418/1887/2231 1406/1888/2232 1407/1889/2233
f 1459/1890/2234 1460/1891/2235 1417/1886/2236 1407/1889/2237
f 1419/1892/2238 1420/1893/2239 1408/1894/2240 1405/1895/2241
f 1453/1896/2242 1454/1897/2243 1410/1898/2244 1414/1899/2245
f 1413/1900/2246 1414/1901/2247 1410/1902/2248 1411/1903/2249
f 1457/1904/2250 1458/1905/2251 1413/1900/2252 1411/1903/2253
f 1415/1906/2254 1416/1907/2255 1412/1908/2256 1409/1909/2257
f 1454/1897/2243 1455/1789/2258 1370/1792/2259 1410/1898/2244
f 1411/1903/2249 1410/1902/2248 1370/1910/2260 1368/1791/2260
f 1456/1790/2261 1457/1904/2250 1411/1903/2253 1368/1791/2262
f 1409/1909/2257 1412/1908/2256 1367/1911/2263 1369/1912/2263
f 1407/1889/2233 1406/1888/2232 1414/1901/2247 1413/1900/2246
f 1452/1883/2227 1453/1896/2242 1414/1899/2245 1406/1884/2228
f 1405/1895/2241 1408/1894/2240 1416/1907/2255 1415/1906/2254
f 1458/1905/2251 1459/1890/2234 1407/1889/2237 1413/1900/2252
f 1403/1875/2217 1402/1874/2216 1418/1887/2231 1417/1886/2230
f 1450/1869/2211 1451/1882/2226 1418/1885/2229 1402/1870/2212
f 1401/1881/2225 1404/1880/2224 1420/1893/2239 1419/1892/2238
f 1460/1891/2235 1461/1876/2218 1403/1875/2221 1417/1886/2236
f 1399/1861/2201 1398/1860/2200 1422/1873/2215 1421/1872/2214
f 1448/1855/2196 1449/1868/2210 1422/1871/2213 1398/1856/2197
f 1397/1867/2209 1400/1866/2208 1424/1879/2223 1423/1878/2222
f 1462/1877/2219 1463/1862/2202 1399/1861/2205 1421/1872/2220
f 1395/1847/2186 1394/1846/2185 1426/1859/2199 1425/1858/453
f 1446/1841/2180 1447/1854/2195 1426/1857/2198 1394/1842/2181
f 1393/1853/2194 1396/1852/2193 1428/1865/2207 1427/1864/2206
f 1464/1863/2203 1465/1848/2187 1395/1847/2190 1425/1858/2204
f 1391/1833/2170 1390/1832/2169 1430/1845/2184 1429/1844/2183
f 1444/1827/2164 1445/1840/2179 1430/1843/2182 1390/1828/2165
f 1389/1839/2178 1392/1838/2177 1432/1851/2192 1431/1850/2191
f 1466/1849/2188 1467/1834/2171 1391/1833/2174 1429/1844/2189
f 1387/1822/2158 1386/1821/2157 1434/1831/2168 1433/1830/2167
f 1442/1819/2155 1443/1826/2163 1434/1829/2166 1386/1820/2156
f 1385/1825/2162 1388/1824/2161 1436/1837/2176 1435/1836/2175
f 1468/1835/2172 1469/1823/2159 1387/1822/2160 1433/1830/2173
f 1371/1913/2264 1438/1798/2131 1437/1797/2131 1365/1797/2264
f 1376/1914/2265 1439/1793/2127 1438/1798/2144 1371/1913/2266
f 1377/1915/2267 1440/1794/2128 1439/1793/2127 1376/1914/2265
f 1381/1916/2268 1441/1812/2147 1440/1794/2128 1377/1915/2267
f 1385/1917/2269 1442/1819/2155 1441/1812/2147 1381/1916/2268
f 1435/1918/2270 1443/1826/2163 1442/1819/2155 1385/1917/2269
f 1389/1919/2271 1444/1827/2164 1443/1826/2163 1435/1918/2270
f 1431/1920/2272 1445/1840/2179 1444/1827/2164 1389/1919/2271
f 1393/1921/2273 1446/1841/2180 1445/1840/2179 1431/1920/2272
f 1427/1922/2274 1447/1854/2195 1446/1841/2180 1393/1921/2273
f 1397/1923/2275 1448/1855/2196 1447/1854/2195 1427/1922/2274
f 1423/1924/2276 1449/1868/2210 1448/1855/2196 1397/1923/2275
f 1401/1925/2277 1450/1869/2211 1449/1868/2210 1423/1924/2276
f 1419/1926/2278 1451/1882/2226 1450/1869/2211 1401/1925/2277
f 1405/1927/2279 1452/1883/2227 1451/1882/2226 1419/1926/2278
f 1415/1928/2280 1453/1896/2242 1452/1883/2227 1405/1927/2279
f 1409/1929/2281 1454/1897/2243 1453/1896/2242 1415/1928/2280
f 1369/1930/2282 1455/1789/2258 1454/1897/2243 1409/1929/2281
f 1367/1911/2126 1456/1790/2126 1455/1789/2126 1369/1930/2126
f 1412/1908/2283 1457/1904/2250 1456/1790/2261 1367/1911/2284
f 1416/1907/2285 1458/1905/2251 1457/1904/2250 1412/1908/2283
f 1408/1894/2286 1459/1890/2234 1458/1905/2251 1416/1907/2285
f 1420/1893/2287 1460/1891/2235 1459/1890/2234 1408/1894/2286
f 1404/1880/2288 1461/1876/2218 1460/1891/2235 1420/1893/2287
f 1424/1879/2289 1462/1877/2219 1461/1876/2218 1404/1880/2288
f 1400/1866/2290 1463/1862/2202 1462/1877/2219 1424/1879/2289
f 1428/1865/2291 1464/1863/2203 1463/1862/2202 1400/1866/2290
f 1396/1852/2292 1465/1848/2187 1464/1863/2203 1428/1865/2291
f 1432/1851/2293 1466/1849/2188 1465/1848/2187 1396/1852/2292
f 1392/1838/2294 1467/1834/2171 1466/1849/2188 1432/1851/2293
f 1436/1837/2295 1468/1835/2172 1467/1834/2171 1392/1838/2294
f 1388/1824/2296 1469/1823/2159 1468/1835/2172 1436/1837/2295
f 1384/1817/2297 1470/1816/2151 1469/1823/2159 1388/1824/2296
f 1380/1805/2298 1471/1785/2122 1470/1816/2151 1384/1817/2297
f 1373/1804/2299 1472/1786/2123 1471/1785/2122 1380/1805/2298
f 1365/1811/2300 1437/1807/2141 1472/1786/2123 1373/1804/2299
f 1531/1931/2301 1532/1932/2302 1536/1933/2303 1537/1934/2304
f 1523/1935/2305 1524/1936/2306 1544/1937/2307 1545/1938/2308
f 1515/1939/2309 1516/1940/2310 1552/1941/2311 1533/1942/2312
f 1513/1943/2313 1514/1944/2314 1534/1945/2315 1535/1946/2316
f 1482/1947/2317 1483/1948/2318 1486/1949/2319 1487/1950/2320
f 1484/1951/2321 1481/1952/2322 1488/1953/2323 1485/1954/2324
f 1532/1932/2302 1513/1955/2325 1535/1956/2326 1536/1933/2303
f 1474/1957/2327 1480/1958/2327 1483/1948/2318 1482/1947/2317
f 1514/1944/2328 1515/1939/2309 1533/1942/2312 1534/1945/2329
f 1479/1959/2330 1473/1960/2330 1481/1952/2322 1484/1951/2321
f 1516/1940/2310 1517/1961/2331 1551/1962/2332 1552/1941/2311
f 1487/1950/2320 1486/1949/2319 1490/1963/2333 1491/1964/2333
f 1530/1965/2334 1531/1931/2301 1537/1934/2304 1538/1966/2335
f 1485/1954/2324 1488/1953/2323 1492/1967/2336 1489/1968/2337
f 1517/1961/2331 1518/1969/2338 1550/1970/2339 1551/1962/2332
f 1491/1964/2333 1490/1963/2333 1494/1971/2340 1495/1972/2341
f 1529/1973/2342 1530/1965/2334 1538/1966/2335 1539/1974/2343
f 1489/1968/2337 1492/1967/2336 1496/1975/2344 1493/1976/2345
f 1518/1969/2338 1519/1977/2346 1549/1978/2347 1550/1970/2339
f 1495/1972/2341 1494/1971/2340 1498/1979/2348 1499/1980/2349
f 1528/1981/2350 1529/1973/2342 1539/1974/2343 1540/1982/2351
f 1493/1976/2345 1496/1975/2344 1500/1983/2352 1497/1984/2353
f 1519/1977/2346 1520/1985/2354 1548/1986/2355 1549/1978/2347
f 1499/1980/2349 1498/1979/2348 1502/1987/2356 1503/1988/2357
f 1527/1989/2358 1528/1981/2350 1540/1982/2351 1541/1990/2359
f 1497/1984/2353 1500/1983/2352 1504/1991/2360 1501/1992/2361
f 1520/1985/2354 1521/1993/2362 1547/1994/2363 1548/1986/2355
f 1503/1988/2357 1502/1987/2356 1506/1995/2364 1507/1996/2365
f 1526/1997/2366 1527/1989/2358 1541/1990/2359 1542/1998/2367
f 1501/1992/2361 1504/1991/2360 1508/1999/2368 1505/2000/2369
f 1521/1993/2362 1522/2001/2370 1546/2002/2371 1547/1994/2363
f 1507/1996/2365 1506/1995/2364 1510/2003/2372 1511/2004/2373
f 1525/2005/2374 1526/1997/2366 1542/1998/2367 1543/2006/2375
f 1505/2000/2369 1508/1999/2368 1512/2007/2376 1509/2008/2377
f 1522/2001/2370 1523/1935/2378 1545/1938/2379 1546/2002/2371
f 1511/2004/2373 1510/2003/2372 1478/2009/2380 1476/2010/2380
f 1524/1936/2381 1525/2005/2374 1543/2006/2375 1544/1937/2382
f 1509/2008/2377 1512/2007/2376 1475/2011/2383 1477/2012/2383
f 1479/2013/2384 1514/1944/2314 1513/1943/2313 1473/2014/2384
f 1484/2015/2385 1515/1939/2309 1514/1944/2328 1479/2013/2386
f 1485/2016/2387 1516/1940/2310 1515/1939/2309 1484/2015/2385
f 1489/2017/2388 1517/1961/2331 1516/1940/2310 1485/2016/2387
f 1493/2018/2389 1518/1969/2338 1517/1961/2331 1489/2017/2388
f 1497/2019/2390 1519/1977/2346 1518/1969/2338 1493/2018/2389
f 1501/2020/2391 1520/1985/2354 1519/1977/2346 1497/2019/2390
f 1505/2021/2392 1521/1993/2362 1520/1985/2354 1501/2020/2391
f 1509/2022/2393 1522/2001/2370 1521/1993/2362 1505/2021/2392
f 1477/2023/2394 1523/1935/2378 1522/2001/2370 1509/2022/2393
f 1475/2011/2395 1524/1936/2306 1523/1935/2305 1477/2023/2395
f 1512/2007/2396 1525/2005/2374 1524/1936/2381 1475/2011/2397
f 1508/1999/2398 1526/1997/2366 1525/2005/2374 1512/2007/2396
f 1504/1991/2399 1527/1989/2358 1526/1997/2366 1508/1999/2398
f 1500/1983/2400 1528/1981/2350 1527/1989/2358 1504/1991/2399
f 1496/1975/2401 1529/1973/2342 1528/1981/2350 1500/1983/2400
f 1492/1967/2402 1530/1965/2334 1529/1973/2342 1496/1975/2401
f 1488/1953/2403 1531/1931/2301 1530/1965/2334 1492/1967/2402
f 1481/1952/2404 1532/1932/2302 1531/1931/2301 1488/1953/2403
f 1473/1960/2405 1513/1955/2325 1532/1932/2302 1481/1952/2404
f 1534/1945/2329 1533/1942/2312 1553/2024/2406 1554/2025/2407
f 1535/1946/2316 1534/1945/2315 1554/2025/2408 1555/2026/2409
f 1536/1933/2303 1535/1956/2326 1555/2027/2410 1556/2028/2411
f 1537/1934/2304 1536/1933/2303 1556/2028/2411 1557/2029/2412
f 1538/1966/2335 1537/1934/2304 1557/2029/2412 1558/2030/2413
f 1539/1974/2343 1538/1966/2335 1558/2030/2413 1559/2031/2414
f 1540/1982/2351 1539/1974/2343 1559/2031/2414 1560/2032/2415
f 1541/1990/2359 1540/1982/2351 1560/2032/2415 1561/2033/2416
f 1542/1998/2367 1541/1990/2359 1561/2033/2416 1562/2034/2417
f 1543/2006/2375 1542/1998/2367 1562/2034/2417 1563/2035/2418
f 1544/1937/2382 1543/2006/2375 1563/2035/2418 1564/2036/2419
f 1545/1938/2308 1544/1937/2307 1564/2036/2420 1565/2037/2421
f 1546/2002/2371 1545/1938/2379 1565/2037/2422 1566/2038/2423
f 1547/1994/2363 1546/2002/2371 1566/2038/2423 1567/2039/2424
f 1548/1986/2355 1547/1994/2363 1567/2039/2424 1568/2040/2425
f 1549/1978/2347 1548/1986/2355 1568/2040/2425 1569/2041/2426
f 1550/1970/2339 1549/1978/2347 1569/2041/2426 1570/2042/2427
f 1551/1962/2332 1550/1970/2339 1570/2042/2427 1571/2043/2428
f 1552/1941/2311 1551/1962/2332 1571/2043/2428 1572/2044/2429
f 1533/1942/2312 1552/1941/2311 1572/2044/2429 1553/2024/2406
f 1653/2045/2430 1654/2046/2431 1573/2047/2432 1574/2048/2433
f 1672/2049/2434 1653/2045/2435 1574/2048/2436 1575/2050/2437
f 1671/2051/2438 1672/2052/2439 1575/2053/2440 1576/2054/2441
f 1670/2055/2442 1671/2051/2438 1576/2054/2441 1577/2056/2443
f 1669/2057/2444 1670/2055/2442 1577/2056/2443 1578/2058/2445
f 1668/2059/2446 1669/2057/2444 1578/2058/2445 1579/2060/2447
f 1667/2061/2448 1668/2059/2446 1579/2060/2447 1580/2062/2449
f 1666/2063/2450 1667/2061/2448 1580/2062/2449 1581/2064/2451
f 1665/2065/2452 1666/2063/2450 1581/2064/2451 1582/2066/2453
f 1664/2067/2454 1665/2065/2452 1582/2066/2453 1583/2068/2455
f 1663/2069/2456 1664/2067/2454 1583/2068/2455 1584/2070/2457
f 1662/2071/2458 1663/2069/2459 1584/2070/2460 1585/2072/2461
f 1661/2073/2462 1662/2071/2463 1585/2072/2464 1586/2074/2465
f 1660/2075/2466 1661/2073/2462 1586/2074/2465 1587/2076/2467
f 1659/2077/2468 1660/2075/2466 1587/2076/2467 1588/2078/2469
f 1658/2079/2470 1659/2077/2468 1588/2078/2469 1589/2080/2471
f 1657/2081/2472 1658/2079/2470 1589/2080/2471 1590/2082/2473
f 1656/2083/2474 1657/2081/2472 1590/2082/2473 1591/2084/2475
f 1655/2085/2476 1656/2083/2474 1591/2084/2475 1592/2086/2477
f 1654/2046/2431 1655/2085/2476 1592/2086/2477 1573/2047/2432
f 1613/2087/2478 1614/2088/2479 1593/2089/2480 1594/2090/2481
f 1632/2091/2482 1613/2087/2483 1594/2090/2484 1595/2092/2485
f 1631/2093/2486 1632/2094/2487 1595/2095/2488 1596/2096/2489
f 1630/2097/2490 1631/2093/2486 1596/2096/2489 1597/2098/2491
f 1629/2099/2492 1630/2097/2490 1597/2098/2491 1598/2100/2493
f 1628/2101/2494 1629/2099/2492 1598/2100/2493 1599/2102/2495
f 1627/2103/2496 1628/2101/2494 1599/2102/2495 1600/2104/2497
f 1626/2105/2498 1627/2103/2496 1600/2104/2497 1601/2106/2499
f 1625/2107/2500 1626/2105/2498 1601/2106/2499 1602/2108/2501
f 1624/2109/2502 1625/2107/2500 1602/2108/2501 1603/2110/2503
f 1623/2111/2504 1624/2109/2502 1603/2110/2503 1604/2112/2505
f 1622/2113/2421 1623/2111/2506 1604/2112/2507 1605/2114/2508
f 1621/2115/2509 1622/2113/2510 1605/2114/2511 1606/2116/2512
f 1620/2117/2513 1621/2115/2509 1606/2116/2512 1607/2118/2514
f 1619/2119/2515 1620/2117/2513 1607/2118/2514 1608/2120/2516
f 1618/2121/2517 1619/2119/2515 1608/2120/2516 1609/2122/2518
f 1617/2123/2519 1618/2121/2517 1609/2122/2518 1610/2124/2520
f 1616/2125/2521 1617/2123/2519 1610/2124/2520 1611/2126/2522
f 1615/2127/2523 1616/2125/2521 1611/2126/2522 1612/2128/2524
f 1614/2088/2479 1615/2127/2523 1612/2128/2524 1593/2089/2480
f 1594/2090/2481 1593/2089/2480 1673/2129/2525 1674/2130/2526
f 1595/2092/2485 1594/2090/2484 1674/2130/2527 1675/2131/2527
f 1596/2096/2489 1595/2095/2488 1675/2132/2528 1676/2133/2529
f 1597/2098/2491 1596/2096/2489 1676/2133/2529 1677/2134/2530
f 1598/2100/2493 1597/2098/2491 1677/2134/2530 1678/2135/2531
f 1599/2102/2495 1598/2100/2493 1678/2135/2531 1679/2136/2532
f 1600/2104/2497 1599/2102/2495 1679/2136/2532 1680/2137/2533
f 1601/2106/2499 1600/2104/2497 1680/2137/2533 1681/2138/2534
f 1602/2108/2501 1601/2106/2499 1681/2138/2534 1682/2139/2535
f 1603/2110/2503 1602/2108/2501 1682/2139/2535 1683/2140/2536
f 1604/2112/2505 1603/2110/2503 1683/2140/2536 1684/2141/2537
f 1605/2114/2508 1604/2112/2507 1684/2141/2538 1685/2142/2538
f 1606/2116/2512 1605/2114/2511 1685/2142/2539 1686/2143/2540
f 1607/2118/2514 1606/2116/2512 1686/2143/2540 1687/2144/2541
f 1608/2120/2516 1607/2118/2514 1687/2144/2541 1688/2145/2542
f 1609/2122/2518 1608/2120/2516 1688/2145/2542 1689/2146/2543
f 1610/2124/2520 1609/2122/2518 1689/2146/2543 1690/2147/2544
f 1611/2126/2522 1610/2124/2520 1690/2147/2544 1691/2148/2545
f 1612/2128/2524 1611/2126/2522 1691/2148/2545 1692/2149/2546
f 1593/2089/2480 1612/2128/2524 1692/2149/2546 1673/2129/2525
f 1633/2150/2547 1634/2151/2548 1614/2088/2479 1613/2087/2478
f 1634/2151/2548 1635/2152/2549 1615/2127/2523 1614/2088/2479
f 1635/2152/2549 1636/2153/2550 1616/2125/2521 1615/2127/2523
f 1636/2153/2550 1637/2154/2551 1617/2123/2519 1616/2125/2521
f 1637/2154/2551 1638/2155/2552 1618/2121/2517 1617/2123/2519
f 1638/2155/2552 1639/2156/2553 1619/2119/2515 1618/2121/2517
f 1639/2156/2553 1640/2157/2554 1620/2117/2513 1619/2119/2515
f 1640/2157/2554 1641/2158/2555 1621/2115/2509 1620/2117/2513
f 1641/2158/2555 1642/2159/2556 1622/2113/2510 1621/2115/2509
f 1642/2159/2557 1643/2160/2558 1623/2111/2506 1622/2113/2421
f 1643/2160/2559 1644/2161/2560 1624/2109/2502 1623/2111/2504
f 1644/2161/2560 1645/2162/2561 1625/2107/2500 1624/2109/2502
f 1645/2162/2561 1646/2163/2562 1626/2105/2498 1625/2107/2500
f 1646/2163/2562 1647/2164/2563 1627/2103/2496 1626/2105/2498
f 1647/2164/2563 1648/2165/2564 1628/2101/2494 1627/2103/2496
f 1648/2165/2564 1649/2166/2565 1629/2099/2492 1628/2101/2494
f 1649/2166/2565 1650/2167/2566 1630/2097/2490 1629/2099/2492
f 1650/2167/2566 1651/2168/2567 1631/2093/2486 1630/2097/2490
f 1651/2168/2567 1652/2169/2568 1632/2094/2487 1631/2093/2486
f 1652/2170/2569 1633/2150/2570 1613/2087/2483 1632/2091/2482
f 1574/2048/2433 1573/2047/2432 1634/2151/2548 1633/2150/2547
f 1573/2047/2432 1592/2086/2477 1635/2152/2549 1634/2151/2548
f 1592/2086/2477 1591/2084/2475 1636/2153/2550 1635/2152/2549
f 1591/2084/2475 1590/2082/2473 1637/2154/2551 1636/2153/2550
f 1590/2082/2473 1589/2080/2471 1638/2155/2552 1637/2154/2551
f 1589/2080/2471 1588/2078/2469 1639/2156/2553 1638/2155/2552
f 1588/2078/2469 1587/2076/2467 1640/2157/2554 1639/2156/2553
f 1587/2076/2467 1586/2074/2465 1641/2158/2555 1640/2157/2554
f 1586/2074/2465 1585/2072/2464 1642/2159/2556 1641/2158/2555
f 1585/2072/2461 1584/2070/2460 1643/2160/2558 1642/2159/2557
f 1584/2070/2457 1583/2068/2455 1644/2161/2560 1643/2160/2559
f 1583/2068/2455 1582/2066/2453 1645/2162/2561 1644/2161/2560
f 1582/2066/2453 1581/2064/2451 1646/2163/2562 1645/2162/2561
f 1581/2064/2451 1580/2062/2449 1647/2164/2563 1646/2163/2562
f 1580/2062/2449 1579/2060/2447 1648/2165/2564 1647/2164/2563
f 1579/2060/2447 1578/2058/2445 1649/2166/2565 1648/2165/2564
f 1578/2058/2445 1577/2056/2443 1650/2167/2566 1649/2166/2565
f 1577/2056/2443 1576/2054/2441 1651/2168/2567 1650/2167/2566
f 1576/2054/2441 1575/2053/2440 1652/2169/2568 1651/2168/2567
f 1575/2050/2437 1574/2048/2436 1633/2150/2570 1652/2170/2569
f 1554/2025/2407 1553/2024/2406 1654/2046/2431 1653/2045/2430
f 1553/2024/2406 1572/2044/2429 1655/2085/2476 1654/2046/2431
f 1572/2044/2429 1571/2043/2428 1656/2083/2474 1655/2085/2476
f 1571/2043/2428 1570/2042/2427 1657/2081/2472 1656/2083/2474
f 1570/2042/2427 1569/2041/2426 1658/2079/2470 1657/2081/2472
f 1569/2041/2426 1568/2040/2425 1659/2077/2468 1658/2079/2470
f 1568/2040/2425 1567/2039/2424 1660/2075/2466 1659/2077/2468
f 1567/2039/2424 1566/2038/2423 1661/2073/2462 1660/2075/2466
f 1566/2038/2423 1565/2037/2422 1662/2071/2463 1661/2073/2462
f 1565/2037/2421 1564/2036/2420 1663/2069/2459 1662/2071/2458
f 1564/2036/2419 1563/2035/2418 1664/2067/2454 1663/2069/2456
f 1563/2035/2418 1562/2034/2417 1665/2065/2452 1664/2067/2454
f 1562/2034/2417 1561/2033/2416 1666/2063/2450 1665/2065/2452
f 1561/2033/2416 1560/2032/2415 1667/2061/2448 1666/2063/2450
f 1560/2032/2415 1559/2031/2414 1668/2059/2446 1667/2061/2448
f 1559/2031/2414 1558/2030/2413 1669/2057/2444 1668/2059/2446
f 1558/2030/2413 1557/2029/2412 1670/2055/2442 1669/2057/2444
f 1557/2029/2412 1556/2028/2411 1671/2051/2438 1670/2055/2442
f 1556/2028/2411 1555/2027/2410 1672/2052/2439 1671/2051/2438
f 1555/2026/2409 1554/2025/2408 1653/2045/2435 1672/2049/2434
f 1674/2130/2526 1673/2129/2525 1693/2171/2571 1694/2172/2572
f 1675/2131/2527 1674/2130/2527 1694/2172/2573 1695/2173/2574
f 1676/2133/2529 1675/2132/2528 1695/2174/2575 1696/2175/2576
f 1677/2134/2530 1676/2133/2529 1696/2175/2576 1697/2176/2577
f 1678/2135/2531 1677/2134/2530 1697/2176/2577 1698/2177/2578
f 1679/2136/2532 1678/2135/2531 1698/2177/2578 1699/2178/2579
f 1680/2137/2533 1679/2136/2532 1699/2178/2579 1700/2179/2580
f 1681/2138/2534 1680/2137/2533 1700/2179/2580 1701/2180/2581
f 1682/2139/2535 1681/2138/2534 1701/2180/2581 1702/2181/2582
f 1683/2140/2536 1682/2139/2535 1702/2181/2582 1703/2182/2583
f 1684/2141/2537 1683/2140/2536 1703/2182/2583 1704/2183/2584
f 1685/2142/2538 1684/2141/2538 1704/2183/2538 1705/2184/2538
f 1686/2143/2540 1685/2142/2539 1705/2184/2585 1706/2185/2586
f 1687/2144/2541 1686/2143/2540 1706/2185/2586 1707/2186/2587
f 1688/2145/2542 1687/2144/2541 1707/2186/2587 1708/2187/2588
f 1689/2146/2543 1688/2145/2542 1708/2187/2588 1709/2188/2589
f 1690/2147/2544 1689/2146/2543 1709/2188/2589 1710/2189/2590
f 1691/2148/2545 1690/2147/2544 1710/2189/2590 1711/2190/2591
f 1692/2149/2546 1691/2148/2545 1711/2190/2591 1712/2191/2592
f 1673/2129/2525 1692/2149/2546 1712/2191/2592 1693/2171/2571
f 1694/2172/2572 1693/2171/2571 1483/2192/2593 1480/2193/2594
f 1695/2173/2574 1694/2172/2573 1480/2193/2595 1474/2194/2595
f 1696/2175/2576 1695/2174/2575 1474/1957/2596 1482/1947/2597
f 1697/2176/2577 1696/2175/2576 1482/1947/2597 1487/1950/2598
f 1698/2177/2578 1697/2176/2577 1487/1950/2598 1491/1964/2599
f 1699/2178/2579 1698/2177/2578 1491/1964/2599 1495/1972/2600
f 1700/2179/2580 1699/2178/2579 1495/1972/2600 1499/1980/2601
f 1701/2180/2581 1700/2179/2580 1499/1980/2601 1503/1988/2602
f 1702/2181/2582 1701/2180/2581 1503/1988/2602 1507/1996/2603
f 1703/2182/2583 1702/2181/2582 1507/1996/2603 1511/2004/2604
f 1704/2183/2584 1703/2182/2583 1511/2004/2604 1476/2010/2605
f 1705/2184/2538 1704/2183/2538 1476/2010/2538 1478/2195/2538
f 1706/2185/2586 1705/2184/2585 1478/2195/2606 1510/2196/2607
f 1707/2186/2587 1706/2185/2586 1510/2196/2607 1506/2197/2608
f 1708/2187/2588 1707/2186/2587 1506/2197/2608 1502/2198/2609
f 1709/2188/2589 1708/2187/2588 1502/2198/2609 1498/2199/2610
f 1710/2189/2590 1709/2188/2589 1498/2199/2610 1494/2200/2611
f 1711/2190/2591 1710/2189/2590 1494/2200/2611 1490/2201/2612
f 1712/2191/2592 1711/2190/2591 1490/2201/2612 1486/2202/2613
f 1693/2171/2571 1712/2191/2592 1486/2202/2613 1483/2192/2593
f 1713/2203/2614 1714/2204/2615 1734/2205/2616 1733/2206/2617
f 1714/2204/2615 1715/2207/2618 1735/2208/2619 1734/2205/2616
f 1715/2207/2618 1716/2209/2620 1736/2210/2621 1735/2208/2619
f 1716/2209/2620 1717/2211/2622 1737/2212/2623 1736/2210/2621
f 1717/2211/2622 1718/2213/2624 1738/2214/2625 1737/2212/2623
f 1718/2213/2624 1719/2215/2626 1739/2216/2627 1738/2214/2625
f 1719/2215/2626 1720/2217/2628 1740/2218/2629 1739/2216/2627
f 1720/2217/2628 1721/2219/2630 1741/2220/2631 1740/2218/2629
f 1721/2219/2630 1722/2221/2632 1742/2222/2633 1741/2220/2631
f 1722/2221/2632 1723/2223/2634 1743/2224/2635 1742/2222/2633
f 1723/2223/2634 1724/2225/2636 1744/2226/2637 1743/2224/2635
f 1724/2225/2636 1725/2227/2638 1745/2228/2639 1744/2226/2637
f 1725/2227/2638 1726/2229/2640 1746/2230/2641 1745/2228/2639
f 1726/2229/2640 1727/2231/2642 1747/2232/2643 1746/2230/2641
f 1727/2231/2642 1728/2233/2644 1748/2234/2645 1747/2232/2643
f 1728/2233/2644 1729/2235/2646 1749/2236/2647 1748/2234/2645
f 1729/2235/2646 1730/2237/2648 1750/2238/2649 1749/2236/2647
f 1730/2237/2648 1731/2239/2650 1751/2240/2651 1750/2238/2649
f 1731/2239/2650 1732/2241/2652 1752/2242/2653 1751/2240/2651
f 1732/2241/2652 1713/2243/2614 1733/2244/2617 1752/2242/2653
f 1834/2245/2654 1833/2246/2655 1835/2247/2654
f 1836/2248/2654 1834/2245/2654 1835/2247/2654
f 1837/2249/2654 1836/2248/2654 1835/2247/2654
f 1838/2250/2654 1837/2249/2654 1835/2247/2654
f 1839/2251/2654 1838/2250/2654 1835/2247/2654
f 1840/2252/2654 1839/2251/2654 1835/2247/2654
f 1841/2253/2654 1840/2252/2654 1835/2247/2654
f 1842/2254/2654 1841/2253/2654 1835/2247/2654
f 1843/2255/2654 1842/2254/2654 1835/2247/2654
f 1844/2256/2654 1843/2255/2654 1835/2247/2654
f 1845/2257/2654 1844/2256/2654 1835/2247/2654
f 1846/2258/2654 1845/2257/2654 1835/2247/2654
f 1847/2259/2654 1846/2258/2654 1835/2247/2654
f 1848/2260/2654 1847/2259/2654 1835/2247/2654
f 1849/2261/2654 1848/2260/2654 1835/2247/2654
f 1850/2262/2654 1849/2261/2654 1835/2247/2654
f 1851/2263/2654 1850/2262/2654 1835/2247/2654
f 1852/2264/2656 1851/2263/2654 1835/2247/2654
f 1853/2265/2654 1852/2264/2656 1835/2247/2654
f 1833/2246/2655 1853/2265/2654 1835/2247/2654
f 1894/2266/2657 1895/2267/2657 1896/2268/2658
f 1895/2267/2657 1897/2269/2659 1896/2268/2658
f 1897/2269/2659 1898/2270/2660 1896/2268/2658
f 1898/2270/2660 1899/2271/2661 1896/2268/2658
f 1899/2271/2661 1900/2272/2662 1896/2268/2658
f 1900/2272/2662 1901/2273/2663 1896/2268/2658
f 1901/2273/2663 1902/2274/2664 1896/2268/2658
f 1902/2274/2664 1903/2275/2665 1896/2268/2658
f 1903/2275/2665 1904/2276/2658 1896/2268/2658
f 1904/2276/2658 1905/2277/2666 1896/2268/2658
f 1905/2277/2666 1906/2278/2667 1896/2268/2658
f 1906/2278/2667 1907/2279/2668 1896/2268/2658
f 1907/2279/2668 1908/2280/2669 1896/2268/2658
f 1908/2280/2669 1909/2281/2661 1896/2268/2658
f 1909/2281/2661 1910/2282/2670 1896/2268/2658
f 1910/2282/2670 1911/2283/2671 1896/2268/2658
f 1911/2283/2671 1912/2284/2671 1896/2268/2658
f 1912/2284/2671 1913/2285/2671 1896/2268/2658
f 1913/2285/2671 1914/2286/2672 1896/2268/2658
f 1914/2286/2672 1894/2266/2657 1896/2268/2658
f 1714/2287/2673 1713/2288/2673 1753/2289/2673 1754/2290/2673
f 1715/2291/2674 1714/2287/2674 1754/2290/2674 1755/2292/2674
f 1716/2293/2675 1715/2291/2675 1755/2292/2675 1756/2294/2675
f 1717/2295/2676 1716/2293/2676 1756/2294/2677 1757/2296/2677
f 1718/2297/2678 1717/2295/2678 1757/2296/2679 1758/2298/2680
f 1719/2299/2681 1718/2297/2681 1758/2298/2682 1759/2300/2683
f 1720/2301/2684 1719/2299/2684 1759/2300/2685 1760/2302/2686
f 1721/2303/2687 1720/2301/2687 1760/2302/2687 1761/2304/2687
f 1722/2305/2688 1721/2303/2688 1761/2304/2688 1762/2306/2688
f 1723/2307/2689 1722/2305/2689 1762/2306/2689 1763/2308/2689
f 1724/2309/2690 1723/2307/2690 1763/2308/2690 1764/2310/2690
f 1725/2311/2691 1724/2309/2691 1764/2310/2691 1765/2312/2691
f 1726/2313/2692 1725/2311/2692 1765/2312/2692 1766/2314/2692
f 1727/2315/2693 1726/2313/2693 1766/2314/2693 1767/2316/2693
f 1728/2317/2694 1727/2315/2694 1767/2316/2695 1768/2318/2696
f 1729/2319/2697 1728/2317/2697 1768/2318/2698 1769/2320/2699
f 1730/2321/2700 1729/2319/2700 1769/2320/2701 1770/2322/2702
f 1731/2323/2703 1730/2321/2703 1770/2322/2703 1771/2324/2703
f 1732/2325/2704 1731/2323/2704 1771/2324/2704 1772/2326/2704
f 1713/2288/2705 1732/2325/2705 1772/2326/2705 1753/2289/2705
f 1754/2290/2706 1753/2289/2706 1773/2327/2706 1774/2328/2706
f 1755/2292/2707 1754/2290/2707 1774/2328/2708 1775/2329/2709
f 1756/2294/2710 1755/2292/2710 1775/2329/2711 1776/2330/2712
f 1757/2296/2677 1756/2294/2677 1776/2330/2713 1777/2331/2714
f 1758/2298/2680 1757/2296/2679 1777/2331/2715 1778/2332/2715
f 1759/2300/2683 1758/2298/2682 1778/2332/2683 1779/2333/2716
f 1760/2302/2686 1759/2300/2685 1779/2333/2717 1780/2334/2717
f 1761/2304/2718 1760/2302/2718 1780/2334/2719 1781/2335/2720
f 1762/2306/2721 1761/2304/2721 1781/2335/2722 1782/2336/2723
f 1763/2308/2724 1762/2306/2724 1782/2336/2725 1783/2337/2726
f 1764/2310/2727 1763/2308/2727 1783/2337/2728 1784/2338/2729
f 1765/2312/2730 1764/2310/2730 1784/2338/2731 1785/2339/2732
f 1766/2314/2733 1765/2312/2733 1785/2339/2733 1786/2340/2733
f 1767/2316/2734 1766/2314/2734 1786/2340/2735 1787/2341/2736
f 1768/2318/2696 1767/2316/2695 1787/2341/2737 1788/2342/2738
f 1769/2320/2699 1768/2318/2698 1788/2342/2739 1789/2343/2740
f 1770/2322/2702 1769/2320/2701 1789/2343/2741 1790/2344/2742
f 1771/2324/2743 1770/2322/2743 1790/2344/2744 1791/2345/2745
f 1772/2326/2746 1771/2324/2746 1791/2345/2747 1792/2346/2748
f 1753/2289/2749 1772/2326/2749 1792/2346/2750 1773/2327/2751
f 1774/2328/2752 1773/2327/2752 1793/2347/2753 1794/2348/2754
f 1775/2329/2709 1774/2328/2708 1794/2348/2755 1795/2349/2756
f 1776/2330/2712 1775/2329/2711 1795/2349/2757 1796/2350/2758
f 1777/2331/2714 1776/2330/2713 1796/2350/2759 1797/2351/2760
f 1778/2332/2761 1777/2331/2761 1797/2351/2762 1798/2352/2762
f 1779/2333/2716 1778/2332/2683 1798/2352/2763 1799/2353/2764
f 1780/2334/2717 1779/2333/2717 1799/2353/2765 1800/2354/2766
f 1781/2335/2720 1780/2334/2719 1800/2354/2767 1801/2355/2768
f 1782/2336/2723 1781/2335/2722 1801/2355/2769 1802/2356/2770
f 1783/2337/2726 1782/2336/2725 1802/2356/2771 1803/2357/2772
f 1784/2338/2729 1783/2337/2728 1803/2357/2773 1804/2358/2774
f 1785/2339/2732 1784/2338/2731 1804/2358/2775 1805/2359/2775
f 1786/2340/2776 1785/2339/2776 1805/2359/2777 1806/2360/2778
f 1787/2341/2736 1786/2340/2735 1806/2360/2779 1807/2361/2779
f 1788/2342/2738 1787/2341/2737 1807/2361/2780 1808/2362/2780
f 1789/2343/2740 1788/2342/2739 1808/2362/2781 1809/2363/2782
f 1790/2344/2742 1789/2343/2741 1809/2363/2783 1810/2364/2784
f 1791/2345/2745 1790/2344/2744 1810/2364/2785 1811/2365/2786
f 1792/2346/2748 1791/2345/2747 1811/2365/2787 1812/2366/2788
f 1773/2327/2751 1792/2346/2750 1812/2366/2789 1793/2347/2790
f 1794/2348/2754 1793/2347/2753 1813/2367/2791 1814/2368/2791
f 1795/2349/2756 1794/2348/2755 1814/2368/2792 1815/2369/2792
f 1796/2350/2758 1795/2349/2757 1815/2369/2793 1816/2370/2793
f 1797/2351/2760 1796/2350/2759 1816/2370/2794 1817/2371/2794
f 1798/2352/2762 1797/2351/2762 1817/2371/2795 1818/2372/2795
f 1799/2353/2764 1798/2352/2763 1818/2372/2796 1819/2373/2796
f 1800/2354/2766 1799/2353/2765 1819/2373/2797 1820/2374/2797
f 1801/2355/2768 1800/2354/2767 1820/2374/2798 1821/2375/2798
f 1802/2356/2770 1801/2355/2769 1821/2375/2799 1822/2376/2799
f 1803/2357/2772 1802/2356/2771 1822/2376/2800 1823/2377/2800
f 1804/2358/2774 1803/2357/2773 1823/2377/2801 1824/2378/2801
f 1805/2359/2802 1804/2358/2802 1824/2378/2802 1825/2379/2802
f 1806/2360/2778 1805/2359/2777 1825/2379/2803 1826/2380/2803
f 1807/2361/2804 1806/2360/2804 1826/2380/2804 1827/2381/2804
f 1808/2362/2780 1807/2361/2780 1827/2381/2805 1828/2382/2805
f 1809/2363/2782 1808/2362/2781 1828/2382/2806 1829/2383/2806
f 1810/2364/2784 1809/2363/2783 1829/2383/2807 1830/2384/2807
f 1811/2365/2786 1810/2364/2785 1830/2384/2808 1831/2385/2808
f 1812/2366/2788 1811/2365/2787 1831/2385/2809 1832/2386/2809
f 1793/2347/2790 1812/2366/2789 1832/2386/2810 1813/2367/2810
f 1814/2368/2811 1813/2367/2811 1833/2246/2811 1834/2245/2811
f 1815/2369/2812 1814/2368/2812 1834/2245/2812 1836/2248/2812
f 1816/2370/2813 1815/2369/2813 1836/2248/2813 1837/2249/2813
f 1817/2371/2814 1816/2370/2814 1837/2249/2814 1838/2250/2814
f 1818/2372/2815 1817/2371/2815 1838/2250/2815 1839/2251/2815
f 1819/2373/2816 1818/2372/2816 1839/2251/2816 1840/2252/2816
f 1820/2374/2817 1819/2373/2817 1840/2252/2817 1841/2253/2817
f 1821/2375/2818 1820/2374/2818 1841/2253/2818 1842/2254/2818
f 1822/2376/2819 1821/2375/2819 1842/2254/2819 1843/2255/2819
f 1823/2377/2820 1822/2376/2820 1843/2255/2820 1844/2256/2820
f 1824/2378/2821 1823/2377/2821 1844/2256/2821 1845/2257/2821
f 1825/2379/2822 1824/2378/2822 1845/2257/2822 1846/2258/2822
f 1826/2380/2823 1825/2379/2823 1846/2258/2823 1847/2259/2823
f 1827/2381/2824 1826/2380/2824 1847/2259/2824 1848/2260/2824
f 1828/2382/2825 1827/2381/2825 1848/2260/2825 1849/2261/2825
f 1829/2383/2826 1828/2382/2826 1849/2261/2826 1850/2262/2826
f 1830/2384/2827 1829/2383/2827 1850/2262/2827 1851/2263/2827
f 1831/2385/2828 1830/2384/2828 1851/2263/2828 1852/2264/2828
f 1832/2386/2829 1831/2385/2829 1852/2264/2829 1853/2265/2829
f 1813/2367/2830 1832/2386/2830 1853/2265/2830 1833/2246/2830
f 1733/2387/2831 1734/2388/2831 1855/2389/2832 1854/2390/2833
f 1734/2388/2834 1735/2391/2834 1856/2392/2835 1855/2389/2836
f 1735/2391/2837 1736/2393/2837 1857/2394/2838 1856/2392/2839
f 1736/2393/2840 1737/2395/2840 1858/2396/2840 1857/2394/2840
f 1737/2395/2841 1738/2397/2841 1859/2398/2841 1858/2396/2841
f 1738/2397/2842 1739/2399/2842 1860/2400/2842 1859/2398/2842
f 1739/2399/2843 1740/2401/2843 1861/2402/2843 1860/2400/2843
f 1740/2401/2844 1741/2403/2844 1862/2404/2844 1861/2402/2844
f 1741/2403/2845 1742/2405/2845 1863/2406/2845 1862/2404/2845
f 1742/2405/2846 1743/2407/2846 1864/2408/2846 1863/2406/2846
f 1743/2407/2847 1744/2409/2847 1865/2410/2847 1864/2408/2847
f 1744/2409/2848 1745/2411/2848 1866/2412/2848 1865/2410/2848
f 1745/2411/2849 1746/2413/2849 1867/2414/2849 1866/2412/2849
f 1746/2413/2850 1747/2415/2850 1868/2416/2850 1867/2414/2850
f 1747/2415/2851 1748/2417/2851 1869/2418/2851 1868/2416/2851
f 1748/2417/2852 1749/2419/2852 1870/2420/2853 1869/2418/2854
f 1749/2419/2855 1750/2421/2855 1871/2422/2856 1870/2420/2857
f 1750/2421/2858 1751/2423/2858 1872/2424/2859 1871/2422/2860
f 1751/2423/2861 1752/2425/2861 1873/2426/2862 1872/2424/2863
f 1752/2425/2864 1733/2387/2864 1854/2390/2865 1873/2426/2866
f 1854/2390/2833 1855/2389/2832 1875/2427/2867 1874/2428/2868
f 1855/2389/2836 1856/2392/2835 1876/2429/2869 1875/2427/2870
f 1856/2392/2839 1857/2394/2838 1877/2430/2871 1876/2429/2871
f 1857/2394/2872 1858/2396/2872 1878/2431/2872 1877/2430/2872
f 1858/2396/2873 1859/2398/2873 1879/2432/2873 1878/2431/2873
f 1859/2398/2874 1860/2400/2874 1880/2433/2874 1879/2432/2874
f 1860/2400/2875 1861/2402/2875 1881/2434/2875 1880/2433/2875
f 1861/2402/2876 1862/2404/2876 1882/2435/2876 1881/2434/2876
f 1862/2404/2877 1863/2406/2877 1883/2436/2877 1882/2435/2877
f 1863/2406/2878 1864/2408/2878 1884/2437/2878 1883/2436/2878
f 1864/2408/2879 1865/2410/2879 1885/2438/2879 1884/2437/2879
f 1865/2410/2880 1866/2412/2880 1886/2439/2880 1885/2438/2880
f 1866/2412/2881 1867/2414/2881 1887/2440/2881 1886/2439/2881
f 1867/2414/2882 1868/2416/2882 1888/2441/2882 1887/2440/2882
f 1868/2416/2883 1869/2418/2883 1889/2442/2883 1888/2441/2883
f 1869/2418/2854 1870/2420/2853 1890/2443/2884 1889/2442/2884
f 1870/2420/2857 1871/2422/2856 1891/2444/2885 1890/2443/2886
f 1871/2422/2860 1872/2424/2859 1892/2445/2887 1891/2444/2888
f 1872/2424/2863 1873/2426/2862 1893/2446/2889 1892/2445/2890
f 1873/2426/2866 1854/2390/2865 1874/2428/2891 1893/2446/2865
f 1874/2428/2868 1875/2427/2867 1895/2267/2892 1894/2266/2892
f 1875/2427/2870 1876/2429/2869 1897/2269/2893 1895/2267/2893
f 1876/2429/2894 1877/2430/2894 1898/2270/2894 1897/2269/2894
f 1877/2430/2895 1878/2431/2895 1899/2271/2895 1898/2270/2895
f 1878/2431/2896 1879/2432/2896 1900/2272/2896 1899/2271/2896
f 1879/2432/2897 1880/2433/2897 1901/2273/2897 1900/2272/2897
f 1880/2433/2898 1881/2434/2898 1902/2274/2898 1901/2273/2898
f 1881/2434/2899 1882/2435/2899 1903/2275/2899 1902/2274/2899
f 1882/2435/2900 1883/2436/2900 1904/2276/2900 1903/2275/2900
f 1883/2436/2901 1884/2437/2901 1905/2277/2901 1904/2276/2901
f 1884/2437/2902 1885/2438/2902 1906/2278/2902 1905/2277/2902
f 1885/2438/2903 1886/2439/2903 1907/2279/2903 1906/2278/2903
f 1886/2439/2904 1887/2440/2904 1908/2280/2904 1907/2279/2904
f 1887/2440/2905 1888/2441/2905 1909/2281/2905 1908/2280/2905
f 1888/2441/2906 1889/2442/2906 1910/2282/2906 1909/2281/2906
f 1889/2442/2907 1890/2443/2907 1911/2283/2907 1910/2282/2907
f 1890/2443/2886 1891/2444/2885 1912/2284/2908 1911/2283/2908
f 1891/2444/2888 1892/2445/2887 1913/2285/2909 1912/2284/2909
f 1892/2445/2890 1893/2446/2889 1914/2286/2910 1913/2285/2910
f 1893/2446/2865 1874/2428/2891 1894/2266/2789 1914/2286/2789
f 1915/2447/2911 1916/2448/2912 1936/2449/2913 1935/2450/2914
f 1916/2448/2912 1917/2451/2915 1937/2452/2916 1936/2449/2913
f 1917/2451/2915 1918/2453/2917 1938/2454/2918 1937/2452/2916
f 1918/2453/2917 1919/2455/2919 1939/2456/2920 1938/2454/2918
f 1919/2455/2919 1920/2457/2921 1940/2458/2922 1939/2456/2920
f 1920/2457/2921 1921/2459/2923 1941/2460/2924 1940/2458/2922
f 1921/2459/2923 1922/2461/2925 1942/2462/2926 1941/2460/2924
f 1922/2461/2925 1923/2463/2927 1943/2464/2928 1942/2462/2926
f 1923/2463/2927 1924/2465/2929 1944/2466/2930 1943/2464/2928
f 1924/2465/2929 1925/2467/2931 1945/2468/2932 1944/2466/2930
f 1925/2467/2931 1926/2469/2933 1946/2470/2934 1945/2468/2932
f 1926/2469/2933 1927/2471/2935 1947/2472/2936 1946/2470/2934
f 1927/2471/2935 1928/2473/2937 1948/2474/2938 1947/2472/2936
f 1928/2473/2937 1929/2475/2939 1949/2476/2940 1948/2474/2938
f 1929/2475/2939 1930/2477/2941 1950/2478/2942 1949/2476/2940
f 1930/2477/2941 1931/2479/2943 1951/2480/2944 1950/2478/2942
f 1931/2479/2943 1932/2481/2945 1952/2482/2946 1951/2480/2944
f 1932/2481/2945 1933/2483/2947 1953/2484/2948 1952/2482/2946
f 1933/2483/2947 1934/2485/2949 1954/2486/2950 1953/2484/2948
f 1934/2485/2949 1915/2487/2911 1935/2488/2914 1954/2486/2950
f 2036/2489/2951 2035/2490/2952 2037/2491/2951
f 2038/2492/2951 2036/2489/2951 2037/2491/2951
f 2039/2493/2952 2038/2492/2951 2037/2491/2951
f 2040/2494/2952 2039/2493/2952 2037/2491/2951
f 2041/2495/2952 2040/2494/2952 2037/2491/2951
f 2042/2496/2951 2041/2495/2952 2037/2491/2951
f 2043/2497/2951 2042/2496/2951 2037/2491/2951
f 2044/2498/2952 2043/2497/2951 2037/2491/2951
f 2045/2499/2951 2044/2498/2952 2037/2491/2951
f 2046/2500/2952 2045/2499/2951 2037/2491/2951
f 2047/2501/2951 2046/2500/2952 2037/2491/2951
f 2048/2502/2951 2047/2501/2951 2037/2491/2951
f 2049/2503/2952 2048/2502/2951 2037/2491/2951
f 2050/2504/2952 2049/2503/2952 2037/2491/2951
f 2051/2505/2952 2050/2504/2952 2037/2491/2951
f 2052/2506/2951 2051/2505/2952 2037/2491/2951
f 2053/2507/2951 2052/2506/2951 2037/2491/2951
f 2054/2508/2953 2053/2507/2951 2037/2491/2951
f 2055/2509/2952 2054/2508/2953 2037/2491/2951
f 2035/2490/2952 2055/2509/2952 2037/2491/2951
f 2096/2510/2954 2097/2511/2955 2098/2512/2954
f 2097/2511/2955 2099/2513/2956 2098/2512/2954
f 2099/2513/2956 2100/2514/2956 2098/2512/2954
f 2100/2514/2956 2101/2515/2955 2098/2512/2954
f 2101/2515/2955 2102/2516/2957 2098/2512/2954
f 2102/2516/2957 2103/2517/2958 2098/2512/2954
f 2103/2517/2958 2104/2518/2959 2098/2512/2954
f 2104/2518/2959 2105/2519/2960 2098/2512/2954
f 2105/2519/2960 2106/2520/2961 2098/2512/2954
f 2106/2520/2961 2107/2521/2962 2098/2512/2954
f 2107/2521/2962 2108/2522/2963 2098/2512/2954
f 2108/2522/2963 2109/2523/2958 2098/2512/2954
f 2109/2523/2958 2110/2524/2961 2098/2512/2954
f 2110/2524/2961 2111/2525/2955 2098/2512/2954
f 2111/2525/2955 2112/2526/2964 2098/2512/2954
f 2112/2526/2964 2113/2527/2965 2098/2512/2954
f 2113/2527/2965 2114/2528/2954 2098/2512/2954
f 2114/2528/2954 2115/2529/2954 2098/2512/2954
f 2115/2529/2954 2116/2530/2954 2098/2512/2954
f 2116/2530/2954 2096/2510/2954 2098/2512/2954
f 1916/2531/2966 1915/2532/2966 1955/2533/2966 1956/2534/2966
f 1917/2535/2967 1916/2531/2967 1956/2534/2967 1957/2536/2967
f 1918/2537/2968 1917/2535/2968 1957/2536/2968 1958/2538/2968
f 1919/2539/2969 1918/2537/2969 1958/2538/2969 1959/2540/2969
f 1920/2541/2970 1919/2539/2970 1959/2540/2971 1960/2542/2972
f 1921/2543/2973 1920/2541/2973 1960/2542/2973 1961/2544/2973
f 1922/2545/2974 1921/2543/2974 1961/2544/2974 1962/2546/2974
f 1923/2547/2975 1922/2545/2975 1962/2546/2975 1963/2548/2975
f 1924/2549/2976 1923/2547/2976 1963/2548/2976 1964/2550/2976
f 1925/2551/2977 1924/2549/2977 1964/2550/2977 1965/2552/2977
f 1926/2553/2978 1925/2551/2978 1965/2552/2978 1966/2554/2978
f 1927/2555/2979 1926/2553/2979 1966/2554/2979 1967/2556/2979
f 1928/2557/2980 1927/2555/2980 1967/2556/2980 1968/2558/2980
f 1929/2559/2981 1928/2557/2981 1968/2558/2981 1969/2560/2981
f 1930/2561/2982 1929/2559/2982 1969/2560/2983 1970/2562/2984
f 1931/2563/2985 1930/2561/2985 1970/2562/2985 1971/2564/2985
f 1932/2565/2986 1931/2563/2986 1971/2564/2986 1972/2566/2986
f 1933/2567/2987 1932/2565/2987 1972/2566/2987 1973/2568/2987
f 1934/2569/2988 1933/2567/2988 1973/2568/2988 1974/2570/2988
f 1915/2532/2989 1934/2569/2989 1974/2570/2989 1955/2533/2989
f 1956/2534/2990 1955/2533/2990 1975/2571/2990 1976/2572/2990
f 1957/2536/2991 1956/2534/2991 1976/2572/2991 1977/2573/2991
f 1958/2538/2992 1957/2536/2992 1977/2573/2992 1978/2574/2992
f 1959/2540/2993 1958/2538/2993 1978/2574/2994 1979/2575/2995
f 1960/2542/2972 1959/2540/2971 1979/2575/2996 1980/2576/2996
f 1961/2544/2997 1960/2542/2997 1980/2576/2997 1981/2577/2997
f 1962/2546/2998 1961/2544/2998 1981/2577/2998 1982/2578/2998
f 1963/2548/2999 1962/2546/2999 1982/2578/2999 1983/2579/2999
f 1964/2550/3000 1963/2548/3000 1983/2579/3000 1984/2580/3000
f 1965/2552/3001 1964/2550/3001 1984/2580/3001 1985/2581/3001
f 1966/2554/3002 1965/2552/3002 1985/2581/3002 1986/2582/3002
f 1967/2556/3003 1966/2554/3003 1986/2582/3003 1987/2583/3003
f 1968/2558/3004 1967/2556/3004 1987/2583/3004 1988/2584/3004
f 1969/2560/3005 1968/2558/3005 1988/2584/3006 1989/2585/3007
f 1970/2562/2984 1969/2560/2983 1989/2585/3008 1990/2586/3008
f 1971/2564/3009 1970/2562/3009 1990/2586/3009 1991/2587/3009
f 1972/2566/3010 1971/2564/3010 1991/2587/3010 1992/2588/3010
f 1973/2568/3011 1972/2566/3011 1992/2588/3011 1993/2589/3011
f 1974/2570/3012 1973/2568/3012 1993/2589/3012 1994/2590/3012
f 1955/2533/3013 1974/2570/3013 1994/2590/3013 1975/2571/3013
f 1976/2572/3014 1975/2571/3014 1995/2591/3014 1996/2592/3014
f 1977/2573/3015 1976/2572/3015 1996/2592/3015 1997/2593/3015
f 1978/2574/3016 1977/2573/3016 1997/2593/3016 1998/2594/3016
f 1979/2575/2995 1978/2574/2994 1998/2594/3017 1999/2595/3017
f 1980/2576/3018 1979/2575/3018 1999/2595/3019 2000/2596/3020
f 1981/2577/3021 1980/2576/3021 2000/2596/3022 2001/2597/3023
f 1982/2578/3024 1981/2577/3024 2001/2597/3024 2002/2598/3024
f 1983/2579/3025 1982/2578/3025 2002/2598/3025 2003/2599/3025
f 1984/2580/3026 1983/2579/3026 2003/2599/3026 2004/2600/3026
f 1985/2581/3027 1984/2580/3027 2004/2600/3027 2005/2601/3027
f 1986/2582/3028 1985/2581/3028 2005/2601/3028 2006/2602/3028
f 1987/2583/3029 1986/2582/3029 2006/2602/3029 2007/2603/3029
f 1988/2584/3030 1987/2583/3030 2007/2603/3030 2008/2604/3030
f 1989/2585/3007 1988/2584/3006 2008/2604/3031 2009/2605/3031
f 1990/2586/3032 1989/2585/3032 2009/2605/3033 2010/2606/3034
f 1991/2587/3035 1990/2586/3035 2010/2606/3035 2011/2607/3035
f 1992/2588/3036 1991/2587/3036 2011/2607/3036 2012/2608/3036
f 1993/2589/3037 1992/2588/3037 2012/2608/3037 2013/2609/3037
f 1994/2590/3038 1993/2589/3038 2013/2609/3038 2014/2610/3038
f 1975/2571/3039 1994/2590/3039 2014/2610/3039 1995/2591/3039
f 1996/2592/3040 1995/2591/3040 2015/2611/3040 2016/2612/3040
f 1997/2593/3041 1996/2592/3041 2016/2612/3041 2017/2613/3041
f 1998/2594/3042 1997/2593/3042 2017/2613/3042 2018/2614/3042
f 1999/2595/3043 1998/2594/3043 2018/2614/3043 2019/2615/3043
f 2000/2596/3020 1999/2595/3019 2019/2615/3044 2020/2616/3044
f 2001/2597/3023 2000/2596/3022 2020/2616/3045 2021/2617/3045
f 2002/2598/3046 2001/2597/3046 2021/2617/3046 2022/2618/3046
f 2003/2599/3047 2002/2598/3047 2022/2618/3047 2023/2619/3047
f 2004/2600/3048 2003/2599/3048 2023/2619/3048 2024/2620/3048
f 2005/2601/3049 2004/2600/3049 2024/2620/3049 2025/2621/3049
f 2006/2602/3050 2005/2601/3050 2025/2621/3050 2026/2622/3050
f 2007/2603/3051 2006/2602/3051 2026/2622/3051 2027/2623/3051
f 2008/2604/3052 2007/2603/3052 2027/2623/3052 2028/2624/3052
f 2009/2605/3053 2008/2604/3053 2028/2624/3053 2029/2625/3053
f 2010/2606/3034 2009/2605/3033 2029/2625/3054 2030/2626/3054
f 2011/2607/3055 2010/2606/3055 2030/2626/3055 2031/2627/3055
f 2012/2608/3056 2011/2607/3056 2031/2627/3056 2032/2628/3056
f 2013/2609/3057 2012/2608/3057 2032/2628/3057 2033/2629/3057
f 2014/2610/3058 2013/2609/3058 2033/2629/3058 2034/2630/3058
f 1995/2591/3059 2014/2610/3059 2034/2630/3059 2015/2611/3059
f 2016/2612/3060 2015/2611/3060 2035/2490/3060 2036/2489/3060
f 2017/2613/3061 2016/2612/3061 2036/2489/3061 2038/2492/3061
f 2018/2614/3062 2017/2613/3062 2038/2492/3062 2039/2493/3062
f 2019/2615/3063 2018/2614/3063 2039/2493/3063 2040/2494/3063
f 2020/2616/3064 2019/2615/3064 2040/2494/3064 2041/2495/3064
f 2021/2617/3065 2020/2616/3065 2041/2495/3065 2042/2496/3065
f 2022/2618/3066 2021/2617/3066 2042/2496/3066 2043/2497/3066
f 2023/2619/3067 2022/2618/3067 2043/2497/3067 2044/2498/3067
f 2024/2620/3068 2023/2619/3068 2044/2498/3068 2045/2499/3068
f 2025/2621/3069 2024/2620/3069 2045/2499/3069 2046/2500/3069
f 2026/2622/3070 2025/2621/3070 2046/2500/3070 2047/2501/3070
f 2027/2623/3071 2026/2622/3071 2047/2501/3071 2048/2502/3071
f 2028/2624/3072 2027/2623/3072 2048/2502/3072 2049/2503/3072
f 2029/2625/3073 2028/2624/3073 2049/2503/3073 2050/2504/3073
f 2030/2626/3074 2029/2625/3074 2050/2504/3074 2051/2505/3074
f 2031/2627/3075 2030/2626/3075 2051/2505/3075 2052/2506/3075
f 2032/2628/3076 2031/2627/3076 2052/2506/3076 2053/2507/3076
f 2033/2629/3077 2032/2628/3077 2053/2507/3077 2054/2508/3077
f 2034/2630/3078 2033/2629/3078 2054/2508/3078 2055/2509/3078
f 2015/2611/3079 2034/2630/3079 2055/2509/3079 2035/2490/3079
f 1935/2631/3080 1936/2632/3080 2057/2633/3080 2056/2634/3080
f 1936/2632/3081 1937/2635/3081 2058/2636/3081 2057/2633/3081
f 1937/2635/3082 1938/2637/3082 2059/2638/3082 2058/2636/3082
f 1938/2637/3083 1939/2639/3083 2060/2640/3083 2059/2638/3083
f 1939/2639/3084 1940/2641/3084 2061/2642/3084 2060/2640/3084
f 1940/2641/3085 1941/2643/3085 2062/2644/3086 2061/2642/3087
f 1941/2643/3088 1942/2645/3088 2063/2646/3088 2062/2644/3088
f 1942/2645/3089 1943/2647/3089 2064/2648/3089 2063/2646/3089
f 1943/2647/3090 1944/2649/3090 2065/2650/3090 2064/2648/3090
f 1944/2649/3091 1945/2651/3091 2066/2652/3091 2065/2650/3091
f 1945/2651/3092 1946/2653/3092 2067/2654/3092 2066/2652/3092
f 1946/2653/3093 1947/2655/3093 2068/2656/3093 2067/2654/3093
f 1947/2655/3094 1948/2657/3094 2069/2658/3095 2068/2656/3096
f 1948/2657/3097 1949/2659/3097 2070/2660/3097 2069/2658/3097
f 1949/2659/3098 1950/2661/3098 2071/2662/3098 2070/2660/3098
f 1950/2661/3099 1951/2663/3099 2072/2664/3099 2071/2662/3099
f 1951/2663/3100 1952/2665/3100 2073/2666/3100 2072/2664/3100
f 1952/2665/3101 1953/2667/3101 2074/2668/3101 2073/2666/3101
f 1953/2667/3102 1954/2669/3102 2075/2670/3102 2074/2668/3102
f 1954/2669/3103 1935/2631/3103 2056/2634/3103 2075/2670/3103
f 2056/2634/3104 2057/2633/3104 2077/2671/3104 2076/2672/3104
f 2057/2633/3105 2058/2636/3105 2078/2673/3106 2077/2671/3107
f 2058/2636/3108 2059/2638/3108 2079/2674/3108 2078/2673/3108
f 2059/2638/3109 2060/2640/3109 2080/2675/3109 2079/2674/3109
f 2060/2640/3110 2061/2642/3110 2081/2676/3110 2080/2675/3110
f 2061/2642/3087 2062/2644/3086 2082/2677/3111 2081/2676/3111
f 2062/2644/3112 2063/2646/3112 2083/2678/3112 2082/2677/3112
f 2063/2646/3113 2064/2648/3113 2084/2679/3113 2083/2678/3113
f 2064/2648/3114 2065/2650/3114 2085/2680/3114 2084/2679/3114
f 2065/2650/3115 2066/2652/3115 2086/2681/3115 2085/2680/3115
f 2066/2652/3116 2067/2654/3116 2087/2682/3116 2086/2681/3116
f 2067/2654/3117 2068/2656/3117 2088/2683/3117 2087/2682/3117
f 2068/2656/3096 2069/2658/3095 2089/2684/3118 2088/2683/3118
f 2069/2658/3119 2070/2660/3119 2090/2685/3119 2089/2684/3119
f 2070/2660/3120 2071/2662/3120 2091/2686/3120 2090/2685/3120
f 2071/2662/3121 2072/2664/3121 2092/2687/3121 2091/2686/3121
f 2072/2664/3122 2073/2666/3122 2093/2688/3123 2092/2687/3124
f 2073/2666/3125 2074/2668/3125 2094/2689/3125 2093/2688/3125
f 2074/2668/3126 2075/2670/3126 2095/2690/3126 2094/2689/3126
f 2075/2670/3127 2056/2634/3127 2076/2672/3127 2095/2690/3127
f 2076/2672/3128 2077/2671/3128 2097/2511/3128 2096/2510/3128
f 2077/2671/3107 2078/2673/3106 2099/2513/3129 2097/2511/3129
f 2078/2673/3130 2079/2674/3130 2100/2514/3130 2099/2513/3130
f 2079/2674/3131 2080/2675/3131 2101/2515/3131 2100/2514/3131
f 2080/2675/3132 2081/2676/3132 2102/2516/3132 2101/2515/3132
f 2081/2676/3133 2082/2677/3133 2103/2517/3133 2102/2516/3133
f 2082/2677/3134 2083/2678/3134 2104/2518/3134 2103/2517/3134
f 2083/2678/3135 2084/2679/3135 2105/2519/3135 2104/2518/3135
f 2084/2679/3136 2085/2680/3136 2106/2520/3136 2105/2519/3136
f 2085/2680/3137 2086/2681/3137 2107/2521/3137 2106/2520/3137
f 2086/2681/3138 2087/2682/3138 2108/2522/3138 2107/2521/3138
f 2087/2682/3139 2088/2683/3139 2109/2523/3139 2108/2522/3139
f 2088/2683/3140 2089/2684/3140 2110/2524/3140 2109/2523/3140
f 2089/2684/3141 2090/2685/3141 2111/2525/3141 2110/2524/3141
f 2090/2685/3142 2091/2686/3142 2112/2526/3142 2111/2525/3142
f 2091/2686/3143 2092/2687/3143 2113/2527/3143 2112/2526/3143
f 2092/2687/3124 2093/2688/3123 2114/2528/3144 2113/2527/3144
f 2093/2688/3145 2094/2689/3145 2115/2529/3145 2114/2528/3145
f 2094/2689/3146 2095/2690/3146 2116/2530/3146 2115/2529/3146
f 2095/2690/3147 2076/2672/3147 2096/2510/3147 2116/2530/3147
f 2117/2691/3148 2118/2692/3149 2138/2693/3150 2137/2694/3151
f 2118/2692/3149 2119/2695/3152 2139/2696/3153 2138/2693/3150
f 2119/2695/3152 2120/2697/3154 2140/2698/3155 2139/2696/3153
f 2120/2697/3154 2121/2699/3156 2141/2700/3157 2140/2698/3155
f 2121/2699/3156 2122/2701/3158 2142/2702/3159 2141/2700/3157
f 2122/2701/3158 2123/2703/3160 2143/2704/3161 2142/2702/3159
f 2123/2703/3160 2124/2705/3162 2144/2706/3163 2143/2704/3161
f 2124/2705/3162 2125/2707/3164 2145/2708/3165 2144/2706/3163
f 2125/2707/3164 2126/2709/3166 2146/2710/3167 2145/2708/3165
f 2126/2709/3166 2127/2711/3168 2147/2712/3169 2146/2710/3167
f 2127/2711/3168 2128/2713/3170 2148/2714/3171 2147/2712/3169
f 2128/2713/3170 2129/2715/3172 2149/2716/3173 2148/2714/3171
f 2129/2715/3172 2130/2717/3174 2150/2718/3175 2149/2716/3173
f 2130/2717/3174 2131/2719/3176 2151/2720/3177 2150/2718/3175
f 2131/2719/3176 2132/2721/3178 2152/2722/3179 2151/2720/3177
f 2132/2721/3178 2133/2723/3180 2153/2724/3181 2152/2722/3179
f 2133/2723/3180 2134/2725/3182 2154/2726/3183 2153/2724/3181
f 2134/2725/3182 2135/2727/3184 2155/2728/3185 2154/2726/3183
f 2135/2727/3184 2136/2729/3186 2156/2730/3187 2155/2728/3185
f 2136/2729/3186 2117/2731/3148 2137/2732/3151 2156/2730/3187
f 2238/2733/3188 2237/2734/3189 2239/2735/3190
f 2240/2736/3190 2238/2733/3188 2239/2735/3190
f 2241/2737/3190 2240/2736/3190 2239/2735/3190
f 2242/2738/3190 2241/2737/3190 2239/2735/3190
f 2243/2739/3188 2242/2738/3190 2239/2735/3190
f 2244/2740/3188 2243/2739/3188 2239/2735/3190
f 2245/2741/3188 2244/2740/3188 2239/2735/3190
f 2246/2742/3190 2245/2741/3188 2239/2735/3190
f 2247/2743/3188 2246/2742/3190 2239/2735/3190
f 2248/2744/3190 2247/2743/3188 2239/2735/3190
f 2249/2745/3188 2248/2744/3190 2239/2735/3190
f 2250/2746/3188 2249/2745/3188 2239/2735/3190
f 2251/2747/3188 2250/2746/3188 2239/2735/3190
f 2252/2748/3190 2251/2747/3188 2239/2735/3190
f 2253/2749/3190 2252/2748/3190 2239/2735/3190
f 2254/2750/3190 2253/2749/3190 2239/2735/3190
f 2255/2751/3188 2254/2750/3190 2239/2735/3190
f 2256/2752/3191 2255/2751/3188 2239/2735/3190
f 2257/2753/3190 2256/2752/3191 2239/2735/3190
f 2237/2734/3189 2257/2753/3190 2239/2735/3190
f 2298/2754/3192 2299/2755/3193 2300/2756/3194
f 2299/2755/3193 2301/2757/3195 2300/2756/3194
f 2301/2757/3195 2302/2758/3196 2300/2756/3194
f 2302/2758/3196 2303/2759/3197 2300/2756/3194
f 2303/2759/3197 2304/2760/3198 2300/2756/3194
f 2304/2760/3198 2305/2761/3198 2300/2756/3194
f 2305/2761/3198 2306/2762/3199 2300/2756/3194
f 2306/2762/3199 2307/2763/3200 2300/2756/3194
f 2307/2763/3200 2308/2764/3194 2300/2756/3194
f 2308/2764/3194 2309/2765/3201 2300/2756/3194
f 2309/2765/3201 2310/2766/3202 2300/2756/3194
f 2310/2766/3202 2311/2767/3203 2300/2756/3194
f 2311/2767/3203 2312/2768/3203 2300/2756/3194
f 2312/2768/3203 2313/2769/3197 2300/2756/3194
f 2313/2769/3197 2314/2770/3194 2300/2756/3194
f 2314/2770/3194 2315/2771/3200 2300/2756/3194
f 2315/2771/3200 2316/2772/3204 2300/2756/3194
f 2316/2772/3204 2317/2773/3205 2300/2756/3194
f 2317/2773/3205 2318/2774/3194 2300/2756/3194
f 2318/2774/3194 2298/2754/3192 2300/2756/3194
f 2118/2775/3206 2117/2776/3206 2157/2777/3206 2158/2778/3206
f 2119/2779/3207 2118/2775/3207 2158/2778/3207 2159/2780/3207
f 2120/2781/3208 2119/2779/3208 2159/2780/3208 2160/2782/3208
f 2121/2783/3209 2120/2781/3209 2160/2782/3210 2161/2784/3211
f 2122/2785/3212 2121/2783/3212 2161/2784/3213 2162/2786/3214
f 2123/2787/3215 2122/2785/3215 2162/2786/3216 2163/2788/3217
f 2124/2789/3218 2123/2787/3218 2163/2788/3219 2164/2790/3220
f 2125/2791/3221 2124/2789/3221 2164/2790/3221 2165/2792/3221
f 2126/2793/3222 2125/2791/3222 2165/2792/3222 2166/2794/3222
f 2127/2795/3223 2126/2793/3223 2166/2794/3223 2167/2796/3223
f 2128/2797/3224 2127/2795/3224 2167/2796/3224 2168/2798/3224
f 2129/2799/3225 2128/2797/3225 2168/2798/3225 2169/2800/3225
f 2130/2801/3226 2129/2799/3226 2169/2800/3226 2170/2802/3226
f 2131/2803/3227 2130/2801/3227 2170/2802/3228 2171/2804/3228
f 2132/2805/3229 2131/2803/3229 2171/2804/3230 2172/2806/3231
f 2133/2807/3232 2132/2805/3232 2172/2806/3233 2173/2808/3234
f 2134/2809/3235 2133/2807/3235 2173/2808/3236 2174/2810/3237
f 2135/2811/3238 2134/2809/3238 2174/2810/3238 2175/2812/3238
f 2136/2813/3239 2135/2811/3239 2175/2812/3239 2176/2814/3239
f 2117/2776/3240 2136/2813/3240 2176/2814/3240 2157/2777/3240
f 2158/2778/3241 2157/2777/3241 2177/2815/3241 2178/2816/3241
f 2159/2780/3242 2158/2778/3242 2178/2816/3242 2179/2817/3242
f 2160/2782/3243 2159/2780/3243 2179/2817/3243 2180/2818/3243
f 2161/2784/3211 2160/2782/3210 2180/2818/3244 2181/2819/3244
f 2162/2786/3214 2161/2784/3213 2181/2819/3245 2182/2820/3245
f 2163/2788/3217 2162/2786/3216 2182/2820/3246 2183/2821/3247
f 2164/2790/3220 2163/2788/3219 2183/2821/3248 2184/2822/3248
f 2165/2792/3249 2164/2790/3249 2184/2822/3249 2185/2823/3249
f 2166/2794/3250 2165/2792/3250 2185/2823/3250 2186/2824/3250
f 2167/2796/3251 2166/2794/3251 2186/2824/3251 2187/2825/3251
f 2168/2798/3252 2167/2796/3252 2187/2825/3252 2188/2826/3252
f 2169/2800/3253 2168/2798/3253 2188/2826/3253 2189/2827/3253
f 2170/2802/3254 2169/2800/3254 2189/2827/3254 2190/2828/3254
f 2171/2804/3228 2170/2802/3228 2190/2828/3255 2191/2829/3255
f 2172/2806/3231 2171/2804/3230 2191/2829/3256 2192/2830/3257
f 2173/2808/3234 2172/2806/3233 2192/2830/3258 2193/2831/3259
f 2174/2810/3237 2173/2808/3236 2193/2831/3260 2194/2832/3260
f 2175/2812/3261 2174/2810/3261 2194/2832/3261 2195/2833/3261
f 2176/2814/3262 2175/2812/3262 2195/2833/3262 2196/2834/3262
f 2157/2777/3263 2176/2814/3263 2196/2834/3263 2177/2815/3263
f 2178/2816/3264 2177/2815/3264 2197/2835/3264 2198/2836/3264
f 2179/2817/3265 2178/2816/3265 2198/2836/3265 2199/2837/3265
f 2180/2818/3266 2179/2817/3266 2199/2837/3266 2200/2838/3266
f 2181/2819/3267 2180/2818/3267 2200/2838/3267 2201/2839/3267
f 2182/2820/3245 2181/2819/3245 2201/2839/3268 2202/2840/3269
f 2183/2821/3247 2182/2820/3246 2202/2840/3270 2203/2841/3271
f 2184/2822/3272 2183/2821/3272 2203/2841/3273 2204/2842/3274
f 2185/2823/3275 2184/2822/3275 2204/2842/3275 2205/2843/3275
f 2186/2824/3276 2185/2823/3276 2205/2843/3276 2206/2844/3276
f 2187/2825/3277 2186/2824/3277 2206/2844/3277 2207/2845/3277
f 2188/2826/3278 2187/2825/3278 2207/2845/3278 2208/2846/3278
f 2189/2827/3279 2188/2826/3279 2208/2846/3279 2209/2847/3279
f 2190/2828/3280 2189/2827/3280 2209/2847/3280 2210/2848/3280
f 2191/2829/3281 2190/2828/3281 2210/2848/3281 2211/2849/3281
f 2192/2830/3257 2191/2829/3256 2211/2849/3282 2212/2850/3282
f 2193/2831/3259 2192/2830/3258 2212/2850/3283 2213/2851/3283
f 2194/2832/3284 2193/2831/3284 2213/2851/3285 2214/2852/3286
f 2195/2833/3287 2194/2832/3287 2214/2852/3287 2215/2853/3287
f 2196/2834/3288 2195/2833/3288 2215/2853/3288 2216/2854/3288
f 2177/2815/3289 2196/2834/3289 2216/2854/3289 2197/2835/3289
f 2198/2836/3290 2197/2835/3290 2217/2855/3290 2218/2856/3290
f 2199/2837/3291 2198/2836/3291 2218/2856/3291 2219/2857/3291
f 2200/2838/3292 2199/2837/3292 2219/2857/3292 2220/2858/3292
f 2201/2839/3293 2200/2838/3293 2220/2858/3293 2221/2859/3293
f 2202/2840/3269 2201/2839/3268 2221/2859/3294 2222/2860/3294
f 2203/2841/3271 2202/2840/3270 2222/2860/3295 2223/2861/3295
f 2204/2842/3274 2203/2841/3273 2223/2861/3296 2224/2862/3296
f 2205/2843/3297 2204/2842/3297 2224/2862/3297 2225/2863/3297
f 2206/2844/3298 2205/2843/3298 2225/2863/3298 2226/2864/3298
f 2207/2845/3299 2206/2844/3299 2226/2864/3299 2227/2865/3299
f 2208/2846/3300 2207/2845/3300 2227/2865/3300 2228/2866/3300
f 2209/2847/3301 2208/2846/3301 2228/2866/3301 2229/2867/3301
f 2210/2848/3302 2209/2847/3302 2229/2867/3302 2230/2868/3302
f 2211/2849/3303 2210/2848/3303 2230/2868/3303 2231/2869/3303
f 2212/2850/3304 2211/2849/3304 2231/2869/3304 2232/2870/3304
f 2213/2851/3283 2212/2850/3283 2232/2870/3305 2233/2871/3305
f 2214/2852/3286 2213/2851/3285 2233/2871/3306 2234/2872/3306
f 2215/2853/3307 2214/2852/3307 2234/2872/3307 2235/2873/3307
f 2216/2854/3308 2215/2853/3308 2235/2873/3308 2236/2874/3308
f 2197/2835/3309 2216/2854/3309 2236/2874/3309 2217/2855/3309
f 2218/2856/3310 2217/2855/3310 2237/2734/3310 2238/2733/3310
f 2219/2857/3311 2218/2856/3311 2238/2733/3311 2240/2736/3311
f 2220/2858/3312 2219/2857/3312 2240/2736/3312 2241/2737/3312
f 2221/2859/3313 2220/2858/3313 2241/2737/3313 2242/2738/3313
f 2222/2860/3314 2221/2859/3314 2242/2738/3314 2243/2739/3314
f 2223/2861/3315 2222/2860/3315 2243/2739/3315 2244/2740/3315
f 2224/2862/3316 2223/2861/3316 2244/2740/3316 2245/2741/3316
f 2225/2863/3317 2224/2862/3317 2245/2741/3317 2246/2742/3317
f 2226/2864/3318 2225/2863/3318 2246/2742/3318 2247/2743/3318
f 2227/2865/3319 2226/2864/3319 2247/2743/3319 2248/2744/3319
f 2228/2866/3320 2227/2865/3320 2248/2744/3320 2249/2745/3320
f 2229/2867/3321 2228/2866/3321 2249/2745/3321 2250/2746/3321
f 2230/2868/3322 2229/2867/3322 2250/2746/3322 2251/2747/3322
f 2231/2869/3323 2230/2868/3323 2251/2747/3323 2252/2748/3323
f 2232/2870/3324 2231/2869/3324 2252/2748/3324 2253/2749/3324
f 2233/2871/3325 2232/2870/3325 2253/2749/3325 2254/2750/3325
f 2234/2872/3326 2233/2871/3326 2254/2750/3326 2255/2751/3326
f 2235/2873/3327 2234/2872/3327 2255/2751/3327 2256/2752/3327
f 2236/2874/3328 2235/2873/3328 2256/2752/3328 2257/2753/3328
f 2217/2855/3329 2236/2874/3329 2257/2753/3329 2237/2734/3329
f 2137/2875/3330 2138/2876/3330 2259/2877/3330 2258/2878/3330
f 2138/2876/3331 2139/2879/3331 2260/2880/3331 2259/2877/3331
f 2139/2879/3332 2140/2881/3332 2261/2882/3332 2260/2880/3332
f 2140/2881/3333 2141/2883/3333 2262/2884/3333 2261/2882/3333
f 2141/2883/3334 2142/2885/3334 2263/2886/3334 2262/2884/3334
f 2142/2885/3335 2143/2887/3335 2264/2888/3335 2263/2886/3335
f 2143/2887/3336 2144/2889/3336 2265/2890/3336 2264/2888/3336
f 2144/2889/3337 2145/2891/3337 2266/2892/3337 2265/2890/3337
f 2145/2891/3338 2146/2893/3338 2267/2894/3338 2266/2892/3338
f 2146/2893/3339 2147/2895/3339 2268/2896/3339 2267/2894/3339
f 2147/2895/3340 2148/2897/3340 2269/2898/3340 2268/2896/3340
f 2148/2897/3341 2149/2899/3341 2270/2900/3341 2269/2898/3341
f 2149/2899/3342 2150/2901/3342 2271/2902/3342 2270/2900/3342
f 2150/2901/3343 2151/2903/3343 2272/2904/3343 2271/2902/3343
f 2151/2903/3344 2152/2905/3344 2273/2906/3344 2272/2904/3344
f 2152/2905/3345 2153/2907/3345 2274/2908/3345 2273/2906/3345
f 2153/2907/3346 2154/2909/3346 2275/2910/3346 2274/2908/3346
f 2154/2909/3347 2155/2911/3347 2276/2912/3347 2275/2910/3347
f 2155/2911/3348 2156/2913/3348 2277/2914/3348 2276/2912/3348
f 2156/2913/3349 2137/2875/3349 2258/2878/3349 2277/2914/3349
f 2258/2878/3350 2259/2877/3350 2279/2915/3350 2278/2916/3350
f 2259/2877/3351 2260/2880/3351 2280/2917/3351 2279/2915/3351
f 2260/2880/3352 2261/2882/3352 2281/2918/3352 2280/2917/3352
f 2261/2882/3353 2262/2884/3353 2282/2919/3353 2281/2918/3353
f 2262/2884/3354 2263/2886/3354 2283/2920/3354 2282/2919/3354
f 2263/2886/3355 2264/2888/3355 2284/2921/3355 2283/2920/3355
f 2264/2888/3356 2265/2890/3356 2285/2922/3356 2284/2921/3356
f 2265/2890/3357 2266/2892/3357 2286/2923/3357 2285/2922/3357
f 2266/2892/3358 2267/2894/3358 2287/2924/3358 2286/2923/3358
f 2267/2894/3359 2268/2896/3359 2288/2925/3359 2287/2924/3359
f 2268/2896/3360 2269/2898/3360 2289/2926/3360 2288/2925/3360
f 2269/2898/3361 2270/2900/3361 2290/2927/3361 2289/2926/3361
f 2270/2900/3362 2271/2902/3362 2291/2928/3362 2290/2927/3362
f 2271/2902/3363 2272/2904/3363 2292/2929/3363 2291/2928/3363
f 2272/2904/3364 2273/2906/3364 2293/2930/3364 2292/2929/3364
f 2273/2906/3365 2274/2908/3365 2294/2931/3365 2293/2930/3365
f 2274/2908/3366 2275/2910/3366 2295/2932/3366 2294/2931/3366
f 2275/2910/3367 2276/2912/3367 2296/2933/3367 2295/2932/3367
f 2276/2912/3368 2277/2914/3368 2297/2934/3368 2296/2933/3368
f 2277/2914/3369 2258/2878/3369 2278/2916/3369 2297/2934/3369
f 2278/2916/3370 2279/2915/3370 2299/2755/3370 2298/2754/3370
f 2279/2915/3371 2280/2917/3371 2301/2757/3371 2299/2755/3371
f 2280/2917/3372 2281/2918/3372 2302/2758/3372 2301/2757/3372
f 2281/2918/3373 2282/2919/3373 2303/2759/3373 2302/2758/3373
f 2282/2919/3374 2283/2920/3374 2304/2760/3374 2303/2759/3374
f 2283/2920/3375 2284/2921/3375 2305/2761/3375 2304/2760/3375
f 2284/2921/3376 2285/2922/3376 2306/2762/3376 2305/2761/3376
f 2285/2922/3377 2286/2923/3377 2307/2763/3377 2306/2762/3377
f 2286/2923/3378 2287/2924/3378 2308/2764/3378 2307/2763/3378
f 2287/2924/3379 2288/2925/3379 2309/2765/3379 2308/2764/3379
f 2288/2925/3380 2289/2926/3380 2310/2766/3380 2309/2765/3380
f 2289/2926/3381 2290/2927/3381 2311/2767/3381 2310/2766/3381
f 2290/2927/3382 2291/2928/3382 2312/2768/3382 2311/2767/3382
f 2291/2928/3383 2292/2929/3383 2313/2769/3383 2312/2768/3383
f 2292/2929/3384 2293/2930/3384 2314/2770/3384 2313/2769/3384
f 2293/2930/3385 2294/2931/3385 2315/2771/3385 2314/2770/3385
f 2294/2931/3386 2295/2932/3386 2316/2772/3386 2315/2771/3386
f 2295/2932/3387 2296/2933/3387 2317/2773/3387 2316/2772/3387
f 2296/2933/3388 2297/2934/3388 2318/2774/3388 2317/2773/3388
f 2297/2934/3389 2278/2916/3389 2298/2754/3389 2318/2774/3389
f 2327/2935/3390 2328/2936/3391 2333/2937/3392 2334/2938/3393
f 2321/2939/1232 2322/2940/1232 2324/2941/1232 2323/2942/1232
f 2331/2943/3394 2332/2944/3395 2329/2945/3396 2330/2946/3397
f 2325/2947/3398 2326/2948/3398 2320/2949/3398 2319/2950/3398
f 2328/2936/3399 2329/2951/3400 2332/2952/3401 2333/2937/3402
f 2330/2953/3403 2327/2935/3404 2334/2938/3405 2331/2954/3406
f 2319/2955/3407 2320/2956/3407 2328/2936/3391 2327/2935/3390
f 2320/2956/3408 2326/2957/3408 2329/2951/3400 2328/2936/3399
f 2330/2946/3397 2329/2945/3396 2326/2948/3409 2325/2947/3409
f 2325/2958/3410 2319/2955/3410 2327/2935/3404 2330/2953/3403
f 2335/2959/3411 2336/2960/3412 2332/2944/3395 2331/2943/3394
f 2333/2937/3402 2332/2952/3401 2336/2961/3413 2337/2962/3414
f 2334/2938/3393 2333/2937/3392 2337/2962/3415 2338/2963/3416
f 2331/2954/3406 2334/2938/3405 2338/2963/3417 2335/2964/3418
f 2339/2965/3419 2340/2966/3420 2336/2960/3412 2335/2959/3411
f 2337/2962/3414 2336/2961/3413 2340/2967/3421 2341/2968/3422
f 2338/2963/3416 2337/2962/3415 2341/2968/3423 2342/2969/3424
f 2335/2964/3418 2338/2963/3417 2342/2969/3425 2339/2970/3426
f 2343/2971/3427 2344/2972/3428 2340/2966/3420 2339/2965/3419
f 2341/2968/3422 2340/2967/3421 2344/2973/3429 2345/2974/3430
f 2342/2969/3424 2341/2968/3423 2345/2974/3431 2346/2975/3432
f 2339/2970/3426 2342/2969/3425 2346/2975/3433 2343/2976/3434
f 2347/2977/3435 2348/2978/3436 2344/2972/3428 2343/2971/3427
f 2345/2974/3430 2344/2973/3429 2348/2979/3437 2349/2980/3438
f 2346/2975/3432 2345/2974/3431 2349/2980/3439 2350/2981/3440
f 2343/2976/3434 2346/2975/3433 2350/2981/3441 2347/2982/3442
f 2351/2983/3443 2352/2984/3444 2348/2978/3436 2347/2977/3435
f 2349/2980/3438 2348/2979/3437 2352/2985/3445 2353/2986/3446
f 2350/2981/3440 2349/2980/3439 2353/2986/3447 2354/2987/3448
f 2347/2982/3442 2350/2981/3441 2354/2987/3449 2351/2988/3450
f 2355/2989/3451 2356/2990/3452 2352/2984/3444 2351/2983/3443
f 2353/2986/3446 2352/2985/3445 2356/2991/3453 2357/2992/3454
f 2354/2987/3448 2353/2986/3447 2357/2992/3455 2358/2993/3456
f 2351/2988/3450 2354/2987/3449 2358/2993/3457 2355/2994/3458
f 2359/2995/3459 2360/2996/3459 2356/2990/3452 2355/2989/3451
f 2357/2992/3454 2356/2991/3453 2360/2997/3460 2361/2998/3461
f 2358/2993/3456 2357/2992/3455 2361/2998/3462 2362/2999/3463
f 2355/2994/3458 2358/2993/3457 2362/2999/3464 2359/3000/3465
f 2363/3001/3466 2364/3002/3467 2360/2996/3459 2359/2995/3459
f 2361/2998/3461 2360/2997/3460 2364/3003/3468 2365/3004/3469
f 2362/2999/3463 2361/2998/3462 2365/3004/3470 2366/3005/3471
f 2359/3000/3465 2362/2999/3464 2366/3005/3472 2363/3006/3473
f 2367/3007/3474 2368/3008/3475 2364/3002/3467 2363/3001/3466
f 2365/3004/3469 2364/3003/3468 2368/3009/3476 2369/3010/3477
f 2366/3005/3471 2365/3004/3470 2369/3010/3478 2370/3011/3479
f 2363/3006/3473 2366/3005/3472 2370/3011/3480 2367/3012/3481
f 2371/3013/3482 2372/3014/3483 2368/3008/3475 2367/3007/3474
f 2369/3010/3477 2368/3009/3476 2372/3015/3484 2373/3016/3485
f 2370/3011/3479 2369/3010/3478 2373/3016/3486 2374/3017/3487
f 2367/3012/3481 2370/3011/3480 2374/3017/3488 2371/3018/3489
f 2375/3019/3490 2376/3020/3491 2372/3014/3483 2371/3013/3482
f 2373/3016/3485 2372/3015/3484 2376/3021/3492 2377/3022/3493
f 2374/3017/3487 2373/3016/3486 2377/3022/3494 2378/3023/3495
f 2371/3018/3489 2374/3017/3488 2378/3023/3496 2375/3024/3497
f 2379/3025/3498 2380/3026/3499 2376/3020/3491 2375/3019/3490
f 2377/3022/3493 2376/3021/3492 2380/3027/3500 2381/3028/3501
f 2378/3023/3495 2377/3022/3494 2381/3028/3502 2382/3029/3503
f 2375/3024/3497 2378/3023/3496 2382/3029/3504 2379/3030/3505
f 2383/3031/3506 2384/3032/3507 2388/3033/3508 2389/3034/3509
f 2387/3035/3510 2388/3036/3511 2384/3037/3512 2385/3038/3513
f 2390/3039/3514 2387/3035/3515 2385/3038/3516 2386/3040/3517
f 2389/3041/3518 2390/3039/3519 2386/3040/3520 2383/3042/3521
f 2395/3043/3522 2396/3044/3523 2384/3032/3507 2383/3031/3506
f 2385/3038/3513 2384/3037/3512 2396/3045/3524 2397/3046/3525
f 2386/3040/3517 2385/3038/3516 2397/3046/3526 2398/3047/3527
f 2383/3042/3521 2386/3040/3520 2398/3047/3528 2395/3048/3529
f 2391/3049/3530 2392/3050/3531 2388/3036/3511 2387/3035/3510
f 2389/3034/3509 2388/3033/3508 2392/3051/3532 2393/3052/3533
f 2393/3053/3534 2394/3054/3535 2390/3039/3519 2389/3041/3518
f 2394/3054/3536 2391/3049/3537 2387/3035/3515 2390/3039/3514
f 2381/3028/3501 2380/3027/3500 2392/3050/3531 2391/3049/3530
f 2393/3052/3533 2392/3051/3532 2380/3026/3499 2379/3025/3498
f 2379/3030/3505 2382/3029/3504 2394/3054/3535 2393/3053/3534
f 2382/3029/3503 2381/3028/3502 2391/3049/3537 2394/3054/3536
f 2399/3055/3538 2400/3056/3539 2396/3044/3523 2395/3043/3522
f 2397/3046/3525 2396/3045/3524 2400/3057/3540 2401/3058/3541
f 2398/3047/3527 2397/3046/3526 2401/3058/3542 2402/3059/3543
f 2395/3048/3529 2398/3047/3528 2402/3059/3544 2399/3060/3545
f 2403/3061/3546 2404/3062/3547 2400/3056/3539 2399/3055/3538
f 2401/3058/3541 2400/3057/3540 2404/3063/3548 2405/3064/3549
f 2402/3059/3543 2401/3058/3542 2405/3064/3550 2406/3065/3551
f 2399/3060/3545 2402/3059/3544 2406/3065/3552 2403/3066/3553
f 2407/3067/3554 2408/3068/3555 2404/3062/3547 2403/3061/3546
f 2405/3064/3549 2404/3063/3548 2408/3069/3556 2409/3070/3557
f 2406/3065/3551 2405/3064/3550 2409/3070/3558 2410/3071/3559
f 2403/3066/3553 2406/3065/3552 2410/3071/460 2407/3072/3560
f 2411/3073/3561 2412/3074/3561 2408/3068/3555 2407/3067/3554
f 2409/3070/3557 2408/3069/3556 2412/3075/3562 2413/3076/3563
f 2410/3071/3559 2409/3070/3558 2413/3076/3564 2414/3077/3565
f 2407/3072/3560 2410/3071/460 2414/3077/3566 2411/3078/361
f 2415/3079/3567 2416/3080/3568 2412/3074/3561 2411/3073/3561
f 2413/3076/3563 2412/3075/3562 2416/3081/3569 2417/3082/3570
f 2414/3077/3565 2413/3076/3564 2417/3082/3571 2418/3083/3572
f 2411/3078/361 2414/3077/3566 2418/3083/3573 2415/3084/3574
f 2419/3085/3575 2420/3086/3576 2416/3080/3568 2415/3079/3567
f 2417/3082/3570 2416/3081/3569 2420/3087/3577 2421/3088/3578
f 2418/3083/3572 2417/3082/3571 2421/3088/3579 2422/3089/3580
f 2415/3084/3574 2418/3083/3573 2422/3089/3581 2419/3090/3582
f 2423/3091/3583 2424/3092/3584 2420/3086/3576 2419/3085/3575
f 2421/3088/3578 2420/3087/3577 2424/3093/3585 2425/3094/3586
f 2422/3089/3580 2421/3088/3579 2425/3094/3587 2426/3095/3588
f 2419/3090/3582 2422/3089/3581 2426/3095/3589 2423/3096/3590
f 2427/3097/3591 2428/3098/3592 2424/3092/3584 2423/3091/3583
f 2425/3094/3586 2424/3093/3585 2428/3099/3593 2429/3100/3594
f 2426/3095/3588 2425/3094/3587 2429/3100/3595 2430/3101/3596
f 2423/3096/3590 2426/3095/3589 2430/3101/3597 2427/3102/3598
f 2431/3103/3599 2432/3104/3600 2428/3098/3592 2427/3097/3591
f 2429/3100/3594 2428/3099/3593 2432/3105/3601 2433/3106/3602
f 2430/3101/3596 2429/3100/3595 2433/3106/3603 2434/3107/3604
f 2427/3102/3598 2430/3101/3597 2434/3107/3605 2431/3108/3606
f 2435/3109/3607 2436/3110/3608 2432/3104/3600 2431/3103/3599
f 2433/3106/3602 2432/3105/3601 2436/3111/2069 2437/3112/3609
f 2434/3107/3604 2433/3106/3603 2437/3112/3610 2438/3113/3611
f 2431/3108/3606 2434/3107/3605 2438/3113/3612 2435/3114/3613
f 2439/3115/3614 2440/3116/3615 2436/3110/3608 2435/3109/3607
f 2437/3112/3609 2436/3111/2069 2440/3117/3616 2441/3118/3617
f 2438/3113/3611 2437/3112/3610 2441/3118/3618 2442/3119/3619
f 2435/3114/3613 2438/3113/3612 2442/3119/3620 2439/3120/3621
f 2443/3121/3622 2444/3122/3622 2440/3116/3615 2439/3115/3614
f 2441/3118/3617 2440/3117/3616 2444/3123/3623 2445/3124/3624
f 2442/3119/3619 2441/3118/3618 2445/3124/3625 2446/3125/3625
f 2439/3120/3621 2442/3119/3620 2446/3125/3626 2443/3126/3627
f 2447/3127/3628 2448/3128/3629 2444/3122/3622 2443/3121/3622
f 2445/3124/3624 2444/3123/3623 2448/3129/3630 2449/3130/3631
f 2446/3125/3625 2445/3124/3625 2449/3130/3632 2450/3131/3633
f 2443/3126/3627 2446/3125/3626 2450/3131/3634 2447/3132/3635
f 2451/3133/3636 2452/3134/3637 2448/3128/3629 2447/3127/3628
f 2449/3130/3631 2448/3129/3630 2452/3135/3638 2453/3136/3639
f 2450/3131/3633 2449/3130/3632 2453/3136/3640 2454/3137/3641
f 2447/3132/3635 2450/3131/3634 2454/3137/541 2451/3138/3642
f 2455/3139/3643 2456/3140/3644 2452/3134/3637 2451/3133/3636
f 2453/3136/3639 2452/3135/3638 2456/3141/3645 2457/3142/3646
f 2454/3137/3641 2453/3136/3640 2457/3142/3647 2458/3143/3648
f 2451/3138/3642 2454/3137/541 2458/3143/3649 2455/3144/3650
f 2459/3145/3651 2460/3146/3652 2456/3140/3644 2455/3139/3643
f 2457/3142/3646 2456/3141/3645 2460/3147/3653 2461/3148/3654
f 2458/3143/3648 2457/3142/3647 2461/3148/3655 2462/3149/3656
f 2455/3144/3650 2458/3143/3649 2462/3149/3657 2459/3150/3658
f 2463/3151/3659 2464/3152/3660 2460/3146/3652 2459/3145/3651
f 2461/3148/3654 2460/3147/3653 2464/3153/3661 2465/3154/3662
f 2462/3149/3656 2461/3148/3655 2465/3154/3663 2466/3155/3664
f 2459/3150/3658 2462/3149/3657 2466/3155/3665 2463/3156/3666
f 2323/2942/3667 2324/2941/3667 2464/3152/3660 2463/3151/3659
f 2465/3154/3662 2464/3153/3661 2324/3157/3668 2322/2940/3668
f 2466/3155/3664 2465/3154/3663 2322/2940/3669 2321/2939/3669
f 2463/3156/3666 2466/3155/3665 2321/2939/3670 2323/3158/3670
f 2475/3159/3671 2476/3160/3671 2481/3161/3672 2482/3162/3673
f 2469/3163/3674 2470/3164/3674 2472/3165/3674 2471/3166/3674
f 2479/3167/3675 2480/3168/3676 2477/3169/3677 2478/3170/3678
f 2473/3171/3679 2474/3172/3679 2468/3173/3679 2467/3174/3679
f 2476/3160/3680 2477/3175/3681 2480/3176/3682 2481/3161/3683
f 2478/3177/3684 2475/3159/3685 2482/3162/3686 2479/3178/3687
f 2467/3179/3688 2468/3180/3688 2476/3160/3671 2475/3159/3671
f 2468/3180/3689 2474/3181/3689 2477/3175/3681 2476/3160/3680
f 2478/3170/3678 2477/3169/3677 2474/3172/3690 2473/3171/3690
f 2473/3182/3691 2467/3179/3691 2475/3159/3685 2478/3177/3684
f 2483/3183/3692 2484/3184/3693 2480/3168/3676 2479/3167/3675
f 2481/3161/3683 2480/3176/3682 2484/3185/3694 2485/3186/3695
f 2482/3162/3673 2481/3161/3672 2485/3186/3696 2486/3187/3697
f 2479/3178/3687 2482/3162/3686 2486/3187/3698 2483/3188/3699
f 2487/3189/3700 2488/3190/3701 2484/3184/3693 2483/3183/3692
f 2485/3186/3695 2484/3185/3694 2488/3191/3702 2489/3192/3703
f 2486/3187/3697 2485/3186/3696 2489/3192/3704 2490/3193/3705
f 2483/3188/3699 2486/3187/3698 2490/3193/3706 2487/3194/3707
f 2491/3195/3708 2492/3196/3709 2488/3190/3701 2487/3189/3700
f 2489/3192/3703 2488/3191/3702 2492/3197/3710 2493/3198/3711
f 2490/3193/3705 2489/3192/3704 2493/3198/3712 2494/3199/3713
f 2487/3194/3707 2490/3193/3706 2494/3199/3714 2491/3200/3715
f 2495/3201/3716 2496/3202/3717 2492/3196/3709 2491/3195/3708
f 2493/3198/3711 2492/3197/3710 2496/3203/3718 2497/3204/3719
f 2494/3199/3713 2493/3198/3712 2497/3204/3720 2498/3205/3721
f 2491/3200/3715 2494/3199/3714 2498/3205/3722 2495/3206/3723
f 2499/3207/3724 2500/3208/3725 2496/3202/3717 2495/3201/3716
f 2497/3204/3719 2496/3203/3718 2500/3209/3726 2501/3210/3727
f 2498/3205/3721 2497/3204/3720 2501/3210/3728 2502/3211/3729
f 2495/3206/3723 2498/3205/3722 2502/3211/3730 2499/3212/3731
f 2503/3213/3732 2504/3214/3733 2500/3208/3725 2499/3207/3724
f 2501/3210/3727 2500/3209/3726 2504/3215/3734 2505/3216/3735
f 2502/3211/3729 2501/3210/3728 2505/3216/3736 2506/3217/3737
f 2499/3212/3731 2502/3211/3730 2506/3217/3738 2503/3218/3739
f 2507/3219/3740 2508/3220/3741 2504/3214/3733 2503/3213/3732
f 2505/3216/3735 2504/3215/3734 2508/3221/3742 2509/3222/3743
f 2506/3217/3737 2505/3216/3736 2509/3222/3744 2510/3223/3745
f 2503/3218/3739 2506/3217/3738 2510/3223/3746 2507/3224/3747
f 2511/3225/3748 2512/3226/3749 2508/3220/3741 2507/3219/3740
f 2509/3222/3743 2508/3221/3742 2512/3227/3750 2513/3228/3751
f 2510/3223/3745 2509/3222/3744 2513/3228/3752 2514/3229/3753
f 2507/3224/3747 2510/3223/3746 2514/3229/3754 2511/3230/3755
f 2515/3231/3756 2516/3232/3757 2512/3226/3749 2511/3225/3748
f 2513/3228/3751 2512/3227/3750 2516/3233/3758 2517/3234/3759
f 2514/3229/3753 2513/3228/3752 2517/3234/3760 2518/3235/3761
f 2511/3230/3755 2514/3229/3754 2518/3235/3762 2515/3236/3763
f 2519/3237/3764 2520/3238/3765 2516/3232/3757 2515/3231/3756
f 2517/3234/3759 2516/3233/3758 2520/3239/3766 2521/3240/3767
f 2518/3235/3761 2517/3234/3760 2521/3240/3768 2522/3241/3769
f 2515/3236/3763 2518/3235/3762 2522/3241/3770 2519/3242/3771
f 2523/3243/3772 2524/3244/3773 2520/3238/3765 2519/3237/3764
f 2521/3240/3767 2520/3239/3766 2524/3245/3774 2525/3246/3775
f 2522/3241/3769 2521/3240/3768 2525/3246/3776 2526/3247/3777
f 2519/3242/3771 2522/3241/3770 2526/3247/3778 2523/3248/3779
f 2527/3249/3780 2528/3250/3781 2524/3244/3773 2523/3243/3772
f 2525/3246/3775 2524/3245/3774 2528/3251/3782 2529/3252/3783
f 2526/3247/3777 2525/3246/3776 2529/3252/3784 2530/3253/3785
f 2523/3248/3779 2526/3247/3778 2530/3253/3786 2527/3254/3787
f 2531/3255/3788 2532/3256/3789 2536/3257/3790 2537/3258/3791
f 2535/3259/3792 2536/3260/3793 2532/3261/3794 2533/3262/3795
f 2538/3263/3796 2535/3259/3797 2533/3262/3798 2534/3264/3799
f 2537/3265/3800 2538/3263/3801 2534/3264/3802 2531/3266/3803
f 2543/3267/3804 2544/3268/3805 2532/3256/3789 2531/3255/3788
f 2533/3262/3795 2532/3261/3794 2544/3269/3806 2545/3270/3807
f 2534/3264/3799 2533/3262/3798 2545/3270/3808 2546/3271/3809
f 2531/3266/3803 2534/3264/3802 2546/3271/3810 2543/3272/3811
f 2539/3273/3812 2540/3274/3813 2536/3260/3793 2535/3259/3792
f 2537/3258/3791 2536/3257/3790 2540/3275/3814 2541/3276/3815
f 2541/3277/3816 2542/3278/3817 2538/3263/3801 2537/3265/3800
f 2542/3278/3818 2539/3273/3819 2535/3259/3797 2538/3263/3796
f 2529/3252/3783 2528/3251/3782 2540/3274/3813 2539/3273/3812
f 2541/3276/3815 2540/3275/3814 2528/3250/3781 2527/3249/3780
f 2527/3254/3787 2530/3253/3786 2542/3278/3817 2541/3277/3816
f 2530/3253/3785 2529/3252/3784 2539/3273/3819 2542/3278/3818
f 2547/3279/3820 2548/3280/3821 2544/3268/3805 2543/3267/3804
f 2545/3270/3807 2544/3269/3806 2548/3281/3822 2549/3282/3823
f 2546/3271/3809 2545/3270/3808 2549/3282/3824 2550/3283/3825
f 2543/3272/3811 2546/3271/3810 2550/3283/3826 2547/3284/3827
f 2551/3285/3828 2552/3286/3828 2548/3280/3821 2547/3279/3820
f 2549/3282/3823 2548/3281/3822 2552/3287/3829 2553/3288/3830
f 2550/3283/3825 2549/3282/3824 2553/3288/3831 2554/3289/3832
f 2547/3284/3827 2550/3283/3826 2554/3289/3833 2551/3290/3834
f 2555/3291/3835 2556/3292/3836 2552/3286/3828 2551/3285/3828
f 2553/3288/3830 2552/3287/3829 2556/3293/3837 2557/3294/3838
f 2554/3289/3832 2553/3288/3831 2557/3294/3839 2558/3295/3840
f 2551/3290/3834 2554/3289/3833 2558/3295/3841 2555/3296/3842
f 2559/3297/3843 2560/3298/3844 2556/3292/3836 2555/3291/3835
f 2557/3294/3838 2556/3293/3837 2560/3299/3845 2561/3300/3846
f 2558/3295/3840 2557/3294/3839 2561/3300/3847 2562/3301/3848
f 2555/3296/3842 2558/3295/3841 2562/3301/3849 2559/3302/3850
f 2563/3303/3851 2564/3304/3852 2560/3298/3844 2559/3297/3843
f 2561/3300/3846 2560/3299/3845 2564/3305/3853 2565/3306/3854
f 2562/3301/3848 2561/3300/3847 2565/3306/3855 2566/3307/3856
f 2559/3302/3850 2562/3301/3849 2566/3307/3857 2563/3308/3858
f 2567/3309/3859 2568/3310/3860 2564/3304/3852 2563/3303/3851
f 2565/3306/3854 2564/3305/3853 2568/3311/3861 2569/3312/3862
f 2566/3307/3856 2565/3306/3855 2569/3312/3863 2570/3313/3864
f 2563/3308/3858 2566/3307/3857 2570/3313/3865 2567/3314/3866
f 2571/3315/3867 2572/3316/3868 2568/3310/3860 2567/3309/3859
f 2569/3312/3862 2568/3311/3861 2572/3317/3869 2573/3318/3870
f 2570/3313/3864 2569/3312/3863 2573/3318/3871 2574/3319/3872
f 2567/3314/3866 2570/3313/3865 2574/3319/3873 2571/3320/3874
f 2575/3321/3875 2576/3322/3876 2572/3316/3868 2571/3315/3867
f 2573/3318/3870 2572/3317/3869 2576/3323/3877 2577/3324/3878
f 2574/3319/3872 2573/3318/3871 2577/3324/3879 2578/3325/3880
f 2571/3320/3874 2574/3319/3873 2578/3325/3881 2575/3326/3882
f 2579/3327/3883 2580/3328/3884 2576/3322/3876 2575/3321/3875
f 2577/3324/3878 2576/3323/3877 2580/3329/3885 2581/3330/3886
f 2578/3325/3880 2577/3324/3879 2581/3330/3887 2582/3331/3888
f 2575/3326/3882 2578/3325/3881 2582/3331/3889 2579/3332/3890
f 2583/3333/3891 2584/3334/3892 2580/3328/3884 2579/3327/3883
f 2581/3330/3886 2580/3329/3885 2584/3335/3893 2585/3336/3894
f 2582/3331/3888 2581/3330/3887 2585/3336/3895 2586/3337/3896
f 2579/3332/3890 2582/3331/3889 2586/3337/3897 2583/3338/3898
f 2587/3339/3899 2588/3340/3900 2584/3334/3892 2583/3333/3891
f 2585/3336/3894 2584/3335/3893 2588/3341/3901 2589/3342/3902
f 2586/3337/3896 2585/3336/3895 2589/3342/3903 2590/3343/3904
f 2583/3338/3898 2586/3337/3897 2590/3343/3905 2587/3344/3906
f 2591/3345/3907 2592/3346/3908 2588/3340/3900 2587/3339/3899
f 2589/3342/3902 2588/3341/3901 2592/3347/3909 2593/3348/3910
f 2590/3343/3904 2589/3342/3903 2593/3348/3911 2594/3349/3912
f 2587/3344/3906 2590/3343/3905 2594/3349/3913 2591/3350/3914
f 2595/3351/3915 2596/3352/3916 2592/3346/3908 2591/3345/3907
f 2593/3348/3910 2592/3347/3909 2596/3353/3917 2597/3354/3918
f 2594/3349/3912 2593/3348/3911 2597/3354/3919 2598/3355/3920
f 2591/3350/3914 2594/3349/3913 2598/3355/3921 2595/3356/3922
f 2599/3357/3923 2600/3358/3924 2596/3352/3916 2595/3351/3915
f 2597/3354/3918 2596/3353/3917 2600/3359/3925 2601/3360/3926
f 2598/3355/3920 2597/3354/3919 2601/3360/3927 2602/3361/3928
f 2595/3356/3922 2598/3355/3921 2602/3361/3929 2599/3362/3930
f 2603/3363/3931 2604/3364/3932 2600/3358/3924 2599/3357/3923
f 2601/3360/3926 2600/3359/3925 2604/3365/3933 2605/3366/3934
f 2602/3361/3928 2601/3360/3927 2605/3366/3935 2606/3367/3936
f 2599/3362/3930 2602/3361/3929 2606/3367/3937 2603/3368/3938
f 2607/3369/3939 2608/3370/3940 2604/3364/3932 2603/3363/3931
f 2605/3366/3934 2604/3365/3933 2608/3371/3941 2609/3372/3942
f 2606/3367/3936 2605/3366/3935 2609/3372/3943 2610/3373/3944
f 2603/3368/3938 2606/3367/3937 2610/3373/3945 2607/3374/3946
f 2611/3375/3947 2612/3376/3948 2608/3370/3940 2607/3369/3939
f 2609/3372/3942 2608/3371/3941 2612/3377/3949 2613/3378/3950
f 2610/3373/3944 2609/3372/3943 2613/3378/3951 2614/3379/3952
f 2607/3374/3946 2610/3373/3945 2614/3379/3953 2611/3380/3954
f 2471/3166/3955 2472/3165/3955 2612/3376/3948 2611/3375/3947
f 2613/3378/3950 2612/3377/3949 2472/3381/3956 2470/3164/3956
f 2614/3379/3952 2613/3378/3951 2470/3164/3957 2469/3163/3957
f 2611/3380/3954 2614/3379/3953 2469/3163/3958 2471/3382/3958
f 2623/3383/3959 2624/3384/3960 2629/3385/3961 2630/3386/3962
f 2617/3387/1232 2618/3388/1232 2620/3389/1232 2619/3390/1232
f 2627/3391/3963 2628/3392/3963 2625/3393/3964 2626/3394/3964
f 2621/3395/3965 2622/3396/3965 2616/3397/3965 2615/3398/3965
f 2624/3384/3966 2625/3399/3967 2628/3400/3968 2629/3385/3969
f 2626/3401/3970 2623/3383/3971 2630/3386/3972 2627/3402/3973
f 2615/3403/3974 2616/3404/3974 2624/3384/3960 2623/3383/3959
f 2616/3404/3975 2622/3405/3975 2625/3399/3967 2624/3384/3966
f 2626/3394/3964 2625/3393/3964 2622/3396/3976 2621/3395/3976
f 2621/3406/3977 2615/3403/3977 2623/3383/3971 2626/3401/3970
f 2631/3407/3978 2632/3408/3979 2628/3392/3963 2627/3391/3963
f 2629/3385/3969 2628/3400/3968 2632/3409/3980 2633/3410/3981
f 2630/3386/3962 2629/3385/3961 2633/3410/3982 2634/3411/3983
f 2627/3402/3973 2630/3386/3972 2634/3411/3984 2631/3412/3985
f 2635/3413/3986 2636/3414/3987 2632/3408/3979 2631/3407/3978
f 2633/3410/3981 2632/3409/3980 2636/3415/3988 2637/3416/3989
f 2634/3411/3983 2633/3410/3982 2637/3416/3990 2638/3417/3991
f 2631/3412/3985 2634/3411/3984 2638/3417/3992 2635/3418/3993
f 2639/3419/3994 2640/3420/3995 2636/3414/3987 2635/3413/3986
f 2637/3416/3989 2636/3415/3988 2640/3421/3996 2641/3422/3997
f 2638/3417/3991 2637/3416/3990 2641/3422/3998 2642/3423/3999
f 2635/3418/3993 2638/3417/3992 2642/3423/4000 2639/3424/4001
f 2643/3425/4002 2644/3426/4003 2640/3420/3995 2639/3419/3994
f 2641/3422/3997 2640/3421/3996 2644/3427/4004 2645/3428/4005
f 2642/3423/3999 2641/3422/3998 2645/3428/4006 2646/3429/4007
f 2639/3424/4001 2642/3423/4000 2646/3429/4008 2643/3430/4009
f 2647/3431/4010 2648/3432/4011 2644/3426/4003 2643/3425/4002
f 2645/3428/4005 2644/3427/4004 2648/3433/4012 2649/3434/4013
f 2646/3429/4007 2645/3428/4006 2649/3434/4014 2650/3435/4015
f 2643/3430/4009 2646/3429/4008 2650/3435/4016 2647/3436/4017
f 2651/3437/4018 2652/3438/4019 2648/3432/4011 2647/3431/4010
f 2649/3434/4013 2648/3433/4012 2652/3439/4020 2653/3440/4021
f 2650/3435/4015 2649/3434/4014 2653/3440/4022 2654/3441/4023
f 2647/3436/4017 2650/3435/4016 2654/3441/4024 2651/3442/4025
f 2655/3443/4026 2656/3444/4027 2652/3438/4019 2651/3437/4018
f 2653/3440/4021 2652/3439/4020 2656/3445/4028 2657/3446/4029
f 2654/3441/4023 2653/3440/4022 2657/3446/4030 2658/3447/4031
f 2651/3442/4025 2654/3441/4024 2658/3447/4032 2655/3448/4033
f 2659/3449/4034 2660/3450/4035 2656/3444/4027 2655/3443/4026
f 2657/3446/4029 2656/3445/4028 2660/3451/4036 2661/3452/4037
f 2658/3447/4031 2657/3446/4030 2661/3452/4038 2662/3453/4039
f 2655/3448/4033 2658/3447/4032 2662/3453/4040 2659/3454/4041
f 2663/3455/4042 2664/3456/4043 2660/3450/4035 2659/3449/4034
f 2661/3452/4037 2660/3451/4036 2664/3457/4044 2665/3458/4045
f 2662/3453/4039 2661/3452/4038 2665/3458/4046 2666/3459/4046
f 2659/3454/4041 2662/3453/4040 2666/3459/4047 2663/3460/4048
f 2667/3461/4049 2668/3462/4050 2664/3456/4043 2663/3455/4042
f 2665/3458/4045 2664/3457/4044 2668/3463/4051 2669/3464/4052
f 2666/3459/4046 2665/3458/4046 2669/3464/4053 2670/3465/4054
f 2663/3460/4048 2666/3459/4047 2670/3465/4055 2667/3466/4056
f 2671/3467/4057 2672/3468/4058 2668/3462/4050 2667/3461/4049
f 2669/3464/4052 2668/3463/4051 2672/3469/4059 2673/3470/4060
f 2670/3465/4054 2669/3464/4053 2673/3470/4061 2674/3471/4062
f 2667/3466/4056 2670/3465/4055 2674/3471/2194 2671/3472/4063
f 2675/3473/4064 2676/3474/4065 2672/3468/4058 2671/3467/4057
f 2673/3470/4060 2672/3469/4059 2676/3475/4066 2677/3476/4067
f 2674/3471/4062 2673/3470/4061 2677/3476/4068 2678/3477/4068
f 2671/3472/4063 2674/3471/2194 2678/3477/4069 2675/3478/4070
f 2679/3479/4071 2680/3480/4072 2684/3481/4073 2685/3482/4074
f 2683/3483/4075 2684/3484/4076 2680/3485/4077 2681/3486/4078
f 2686/3487/4079 2683/3483/4080 2681/3486/4081 2682/3488/4082
f 2685/3489/4083 2686/3487/4084 2682/3488/4085 2679/3490/4086
f 2691/3491/4087 2692/3492/4087 2680/3480/4072 2679/3479/4071
f 2681/3486/4078 2680/3485/4077 2692/3493/4088 2693/3494/4089
f 2682/3488/4082 2681/3486/4081 2693/3494/4090 2694/3495/4090
f 2679/3490/4086 2682/3488/4085 2694/3495/4091 2691/3496/4092
f 2687/3497/4093 2688/3498/4094 2684/3484/4076 2683/3483/4075
f 2685/3482/4074 2684/3481/4073 2688/3499/4095 2689/3500/4096
f 2689/3501/4097 2690/3502/4098 2686/3487/4084 2685/3489/4083
f 2690/3502/4099 2687/3497/4100 2683/3483/4080 2686/3487/4079
f 2677/3476/4067 2676/3475/4066 2688/3498/4094 2687/3497/4093
f 2689/3500/4096 2688/3499/4095 2676/3474/4065 2675/3473/4064
f 2675/3478/4070 2678/3477/4069 2690/3502/4098 2689/3501/4097
f 2678/3477/4068 2677/3476/4068 2687/3497/4100 2690/3502/4099
f 2695/3503/4101 2696/3504/4101 2692/3492/4087 2691/3491/4087
f 2693/3494/4089 2692/3493/4088 2696/3505/4102 2697/3506/4103
f 2694/3495/4090 2693/3494/4090 2697/3506/4104 2698/3507/4104
f 2691/3496/4092 2694/3495/4091 2698/3507/4105 2695/3508/4106
f 2699/3509/4107 2700/3510/4108 2696/3504/4101 2695/3503/4101
f 2697/3506/4103 2696/3505/4102 2700/3511/4109 2701/3512/4110
f 2698/3507/4104 2697/3506/4104 2701/3512/4111 2702/3513/4112
f 2695/3508/4106 2698/3507/4105 2702/3513/4113 2699/3514/4114
f 2703/3515/4115 2704/3516/4116 2700/3510/4108 2699/3509/4107
f 2701/3512/4110 2700/3511/4109 2704/3517/4117 2705/3518/4118
f 2702/3513/4112 2701/3512/4111 2705/3518/4119 2706/3519/4120
f 2699/3514/4114 2702/3513/4113 2706/3519/4121 2703/3520/4122
f 2707/3521/4123 2708/3522/4124 2704/3516/4116 2703/3515/4115
f 2705/3518/4118 2704/3517/4117 2708/3523/4125 2709/3524/4126
f 2706/3519/4120 2705/3518/4119 2709/3524/4127 2710/3525/4128
f 2703/3520/4122 2706/3519/4121 2710/3525/4129 2707/3526/4130
f 2711/3527/4131 2712/3528/4132 2708/3522/4124 2707/3521/4123
f 2709/3524/4126 2708/3523/4125 2712/3529/4133 2713/3530/4134
f 2710/3525/4128 2709/3524/4127 2713/3530/4135 2714/3531/4136
f 2707/3526/4130 2710/3525/4129 2714/3531/4137 2711/3532/4138
f 2715/3533/4139 2716/3534/4140 2712/3528/4132 2711/3527/4131
f 2713/3530/4134 2712/3529/4133 2716/3535/4141 2717/3536/4142
f 2714/3531/4136 2713/3530/4135 2717/3536/4143 2718/3537/4144
f 2711/3532/4138 2714/3531/4137 2718/3537/4145 2715/3538/4146
f 2719/3539/4147 2720/3540/4148 2716/3534/4140 2715/3533/4139
f 2717/3536/4142 2716/3535/4141 2720/3541/4149 2721/3542/4150
f 2718/3537/4144 2717/3536/4143 2721/3542/4151 2722/3543/4152
f 2715/3538/4146 2718/3537/4145 2722/3543/4153 2719/3544/4154
f 2723/3545/4155 2724/3546/4156 2720/3540/4148 2719/3539/4147
f 2721/3542/4150 2720/3541/4149 2724/3547/4157 2725/3548/4134
f 2722/3543/4152 2721/3542/4151 2725/3548/4158 2726/3549/4159
f 2719/3544/4154 2722/3543/4153 2726/3549/4160 2723/3550/4161
f 2727/3551/4162 2728/3552/4163 2724/3546/4156 2723/3545/4155
f 2725/3548/4134 2724/3547/4157 2728/3553/4164 2729/3554/4165
f 2726/3549/4159 2725/3548/4158 2729/3554/4166 2730/3555/4167
f 2723/3550/4161 2726/3549/4160 2730/3555/4168 2727/3556/4169
f 2731/3557/4170 2732/3558/4171 2728/3552/4163 2727/3551/4162
f 2729/3554/4165 2728/3553/4164 2732/3559/4172 2733/3560/4173
f 2730/3555/4167 2729/3554/4166 2733/3560/4174 2734/3561/4175
f 2727/3556/4169 2730/3555/4168 2734/3561/4176 2731/3562/4177
f 2735/3563/4178 2736/3564/4179 2732/3558/4171 2731/3557/4170
f 2733/3560/4173 2732/3559/4172 2736/3565/4180 2737/3566/4181
f 2734/3561/4175 2733/3560/4174 2737/3566/4182 2738/3567/4183
f 2731/3562/4177 2734/3561/4176 2738/3567/4184 2735/3568/4185
f 2739/3569/4186 2740/3570/4187 2736/3564/4179 2735/3563/4178
f 2737/3566/4181 2736/3565/4180 2740/3571/4188 2741/3572/4189
f 2738/3567/4183 2737/3566/4182 2741/3572/4190 2742/3573/4191
f 2735/3568/4185 2738/3567/4184 2742/3573/4192 2739/3574/4193
f 2743/3575/4194 2744/3576/4195 2740/3570/4187 2739/3569/4186
f 2741/3572/4189 2740/3571/4188 2744/3577/4196 2745/3578/2046
f 2742/3573/4191 2741/3572/4190 2745/3578/4197 2746/3579/4198
f 2739/3574/4193 2742/3573/4192 2746/3579/4199 2743/3580/4200
f 2747/3581/4201 2748/3582/4202 2744/3576/4195 2743/3575/4194
f 2745/3578/2046 2744/3577/4196 2748/3583/4203 2749/3584/4204
f 2746/3579/4198 2745/3578/4197 2749/3584/4205 2750/3585/4205
f 2743/3580/4200 2746/3579/4199 2750/3585/4206 2747/3586/4207
f 2751/3587/4208 2752/3588/4209 2748/3582/4202 2747/3581/4201
f 2749/3584/4204 2748/3583/4203 2752/3589/4210 2753/3590/4211
f 2750/3585/4205 2749/3584/4205 2753/3590/4212 2754/3591/4213
f 2747/3586/4207 2750/3585/4206 2754/3591/4214 2751/3592/4215
f 2755/3593/4216 2756/3594/4217 2752/3588/4209 2751/3587/4208
f 2753/3590/4211 2752/3589/4210 2756/3595/4218 2757/3596/4219
f 2754/3591/4213 2753/3590/4212 2757/3596/4220 2758/3597/4221
f 2751/3592/4215 2754/3591/4214 2758/3597/4222 2755/3598/4223
f 2759/3599/4224 2760/3600/4225 2756/3594/4217 2755/3593/4216
f 2757/3596/4219 2756/3595/4218 2760/3601/4226 2761/3602/4227
f 2758/3597/4221 2757/3596/4220 2761/3602/4228 2762/3603/4229
f 2755/3598/4223 2758/3597/4222 2762/3603/4230 2759/3604/4231
f 2619/3390/4232 2620/3389/4232 2760/3600/4225 2759/3599/4224
f 2761/3602/4227 2760/3601/4226 2620/3605/4233 2618/3388/4233
f 2762/3603/4229 2761/3602/4228 2618/3388/4234 2617/3387/4234
f 2759/3604/4231 2762/3603/4230 2617/3387/4235 2619/3606/4235
f 2771/3607/4236 2772/3608/4237 2777/3609/4238 2778/3610/4239
f 2765/3611/4240 2766/3612/4240 2768/3613/4240 2767/3614/4240
f 2775/3615/4241 2776/3616/4242 2773/3617/4243 2774/3618/4244
f 2769/3619/4245 2770/3620/4245 2764/3621/4245 2763/3622/4245
f 2772/3608/4246 2773/3623/4247 2776/3624/4248 2777/3609/4249
f 2774/3625/4250 2771/3607/4251 2778/3610/4252 2775/3626/4253
f 2763/3627/4254 2764/3628/4254 2772/3608/4237 2771/3607/4236
f 2764/3628/4255 2770/3629/4255 2773/3623/4247 2772/3608/4246
f 2774/3618/4244 2773/3617/4243 2770/3620/4256 2769/3619/4256
f 2769/3630/4257 2763/3627/4257 2771/3607/4251 2774/3625/4250
f 2779/3631/4258 2780/3632/4259 2776/3616/4242 2775/3615/4241
f 2777/3609/4249 2776/3624/4248 2780/3633/4260 2781/3634/4261
f 2778/3610/4239 2777/3609/4238 2781/3634/4262 2782/3635/4263
f 2775/3626/4253 2778/3610/4252 2782/3635/4264 2779/3636/4265
f 2783/3637/4266 2784/3638/4266 2780/3632/4259 2779/3631/4258
f 2781/3634/4261 2780/3633/4260 2784/3639/4267 2785/3640/4268
f 2782/3635/4263 2781/3634/4262 2785/3640/4269 2786/3641/4270
f 2779/3636/4265 2782/3635/4264 2786/3641/4271 2783/3642/4272
f 2787/3643/4273 2788/3644/4274 2784/3638/4266 2783/3637/4266
f 2785/3640/4268 2784/3639/4267 2788/3645/4275 2789/3646/4276
f 2786/3641/4270 2785/3640/4269 2789/3646/4277 2790/3647/4278
f 2783/3642/4272 2786/3641/4271 2790/3647/4279 2787/3648/4280
f 2791/3649/4281 2792/3650/4282 2788/3644/4274 2787/3643/4273
f 2789/3646/4276 2788/3645/4275 2792/3651/4283 2793/3652/4284
f 2790/3647/4278 2789/3646/4277 2793/3652/4285 2794/3653/4286
f 2787/3648/4280 2790/3647/4279 2794/3653/4287 2791/3654/4288
f 2795/3655/4289 2796/3656/4289 2792/3650/4282 2791/3649/4281
f 2793/3652/4284 2792/3651/4283 2796/3657/4290 2797/3658/4291
f 2794/3653/4286 2793/3652/4285 2797/3658/4292 2798/3659/4293
f 2791/3654/4288 2794/3653/4287 2798/3659/4294 2795/3660/4295
f 2799/3661/4296 2800/3662/4297 2796/3656/4289 2795/3655/4289
f 2797/3658/4291 2796/3657/4290 2800/3663/4298 2801/3664/4299
f 2798/3659/4293 2797/3658/4292 2801/3664/4300 2802/3665/4301
f 2795/3660/4295 2798/3659/4294 2802/3665/4302 2799/3666/4303
f 2803/3667/4304 2804/3668/4305 2800/3662/4297 2799/3661/4296
f 2801/3664/4299 2800/3663/4298 2804/3669/4306 2805/3670/4307
f 2802/3665/4301 2801/3664/4300 2805/3670/4308 2806/3671/4309
f 2799/3666/4303 2802/3665/4302 2806/3671/4310 2803/3672/4311
f 2807/3673/4312 2808/3674/4313 2804/3668/4305 2803/3667/4304
f 2805/3670/4307 2804/3669/4306 2808/3675/4314 2809/3676/4315
f 2806/3671/4309 2805/3670/4308 2809/3676/4316 2810/3677/4317
f 2803/3672/4311 2806/3671/4310 2810/3677/4318 2807/3678/4319
f 2811/3679/4320 2812/3680/4321 2808/3674/4313 2807/3673/4312
f 2809/3676/4315 2808/3675/4314 2812/3681/4322 2813/3682/4323
f 2810/3677/4317 2809/3676/4316 2813/3682/4324 2814/3683/4325
f 2807/3678/4319 2810/3677/4318 2814/3683/4326 2811/3684/4327
f 2815/3685/4328 2816/3686/4329 2812/3680/4321 2811/3679/4320
f 2813/3682/4323 2812/3681/4322 2816/3687/4330 2817/3688/4331
f 2814/3683/4325 2813/3682/4324 2817/3688/4332 2818/3689/4333
f 2811/3684/4327 2814/3683/4326 2818/3689/4334 2815/3690/4335
f 2819/3691/4336 2820/3692/4337 2816/3686/4329 2815/3685/4328
f 2817/3688/4331 2816/3687/4330 2820/3693/4338 2821/3694/4339
f 2818/3689/4333 2817/3688/4332 2821/3694/4340 2822/3695/4341
f 2815/3690/4335 2818/3689/4334 2822/3695/4342 2819/3696/4343
f 2823/3697/4344 2824/3698/4345 2820/3692/4337 2819/3691/4336
f 2821/3694/4339 2820/3693/4338 2824/3699/4346 2825/3700/4347
f 2822/3695/4341 2821/3694/4340 2825/3700/4348 2826/3701/4349
f 2819/3696/4343 2822/3695/4342 2826/3701/4350 2823/3702/4351
f 2827/3703/4352 2828/3704/4353 2832/3705/4354 2833/3706/4355
f 2831/3707/4356 2832/3708/4357 2828/3709/4358 2829/3710/4359
f 2834/3711/4360 2831/3707/4361 2829/3710/4362 2830/3712/4363
f 2833/3713/4364 2834/3711/4365 2830/3712/4366 2827/3714/4367
f 2839/3715/4368 2840/3716/4369 2828/3704/4353 2827/3703/4352
f 2829/3710/4359 2828/3709/4358 2840/3717/4370 2841/3718/4371
f 2830/3712/4363 2829/3710/4362 2841/3718/4372 2842/3719/4373
f 2827/3714/4367 2830/3712/4366 2842/3719/4374 2839/3720/4375
f 2835/3721/4376 2836/3722/4377 2832/3708/4357 2831/3707/4356
f 2833/3706/4355 2832/3705/4354 2836/3723/4378 2837/3724/4379
f 2837/3725/4380 2838/3726/4381 2834/3711/4365 2833/3713/4364
f 2838/3726/4382 2835/3721/4383 2831/3707/4361 2834/3711/4360
f 2825/3700/4347 2824/3699/4346 2836/3722/4377 2835/3721/4376
f 2837/3724/4379 2836/3723/4378 2824/3698/4345 2823/3697/4344
f 2823/3702/4351 2826/3701/4350 2838/3726/4381 2837/3725/4380
f 2826/3701/4349 2825/3700/4348 2835/3721/4383 2838/3726/4382
f 2843/3727/4384 2844/3728/4385 2840/3716/4369 2839/3715/4368
f 2841/3718/4371 2840/3717/4370 2844/3729/4386 2845/3730/4387
f 2842/3719/4373 2841/3718/4372 2845/3730/4388 2846/3731/4389
f 2839/3720/4375 2842/3719/4374 2846/3731/4390 2843/3732/4391
f 2847/3733/4392 2848/3734/4393 2844/3728/4385 2843/3727/4384
f 2845/3730/4387 2844/3729/4386 2848/3735/4394 2849/3736/4395
f 2846/3731/4389 2845/3730/4388 2849/3736/4396 2850/3737/4397
f 2843/3732/4391 2846/3731/4390 2850/3737/4398 2847/3738/4399
f 2851/3739/4400 2852/3740/4401 2848/3734/4393 2847/3733/4392
f 2849/3736/4395 2848/3735/4394 2852/3741/4402 2853/3742/4403
f 2850/3737/4397 2849/3736/4396 2853/3742/4404 2854/3743/4405
f 2847/3738/4399 2850/3737/4398 2854/3743/4406 2851/3744/4407
f 2855/3745/4408 2856/3746/4409 2852/3740/4401 2851/3739/4400
f 2853/3742/4403 2852/3741/4402 2856/3747/4410 2857/3748/4411
f 2854/3743/4405 2853/3742/4404 2857/3748/4412 2858/3749/4413
f 2851/3744/4407 2854/3743/4406 2858/3749/4414 2855/3750/4415
f 2859/3751/4416 2860/3752/4417 2856/3746/4409 2855/3745/4408
f 2857/3748/4411 2856/3747/4410 2860/3753/4418 2861/3754/4419
f 2858/3749/4413 2857/3748/4412 2861/3754/4420 2862/3755/4421
f 2855/3750/4415 2858/3749/4414 2862/3755/4422 2859/3756/4423
f 2863/3757/4424 2864/3758/4425 2860/3752/4417 2859/3751/4416
f 2861/3754/4419 2860/3753/4418 2864/3759/4426 2865/3760/4427
f 2862/3755/4421 2861/3754/4420 2865/3760/4428 2866/3761/4429
f 2859/3756/4423 2862/3755/4422 2866/3761/4430 2863/3762/4431
f 2867/3763/4432 2868/3764/4433 2864/3758/4425 2863/3757/4424
f 2865/3760/4427 2864/3759/4426 2868/3765/4434 2869/3766/4435
f 2866/3761/4429 2865/3760/4428 2869/3766/4436 2870/3767/4437
f 2863/3762/4431 2866/3761/4430 2870/3767/4438 2867/3768/4439
f 2871/3769/4440 2872/3770/4441 2868/3764/4433 2867/3763/4432
f 2869/3766/4435 2868/3765/4434 2872/3771/4442 2873/3772/4443
f 2870/3767/4437 2869/3766/4436 2873/3772/4444 2874/3773/4445
f 2867/3768/4439 2870/3767/4438 2874/3773/4446 2871/3774/4447
f 2875/3775/4448 2876/3776/4449 2872/3770/4441 2871/3769/4440
f 2873/3772/4443 2872/3771/4442 2876/3777/4450 2877/3778/4451
f 2874/3773/4445 2873/3772/4444 2877/3778/4452 2878/3779/4453
f 2871/3774/4447 2874/3773/4446 2878/3779/4454 2875/3780/4455
f 2879/3781/4456 2880/3782/4457 2876/3776/4449 2875/3775/4448
f 2877/3778/4451 2876/3777/4450 2880/3783/4458 2881/3784/4459
f 2878/3779/4453 2877/3778/4452 2881/3784/4460 2882/3785/4461
f 2875/3780/4455 2878/3779/4454 2882/3785/4462 2879/3786/4463
f 2883/3787/4464 2884/3788/4465 2880/3782/4457 2879/3781/4456
f 2881/3784/4459 2880/3783/4458 2884/3789/4466 2885/3790/4467
f 2882/3785/4461 2881/3784/4460 2885/3790/4468 2886/3791/4469
f 2879/3786/4463 2882/3785/4462 2886/3791/4470 2883/3792/4471
f 2887/3793/4472 2888/3794/4473 2884/3788/4465 2883/3787/4464
f 2885/3790/4467 2884/3789/4466 2888/3795/4474 2889/3796/4475
f 2886/3791/4469 2885/3790/4468 2889/3796/4476 2890/3797/4477
f 2883/3792/4471 2886/3791/4470 2890/3797/4478 2887/3798/4479
f 2891/3799/4480 2892/3800/4481 2888/3794/4473 2887/3793/4472
f 2889/3796/4475 2888/3795/4474 2892/3801/4482 2893/3802/4483
f 2890/3797/4477 2889/3796/4476 2893/3802/4484 2894/3803/4484
f 2887/3798/4479 2890/3797/4478 2894/3803/4485 2891/3804/4486
f 2895/3805/4487 2896/3806/4488 2892/3800/4481 2891/3799/4480
f 2893/3802/4483 2892/3801/4482 2896/3807/4489 2897/3808/4490
f 2894/3803/4484 2893/3802/4484 2897/3808/4491 2898/3809/4492
f 2891/3804/4486 2894/3803/4485 2898/3809/4493 2895/3810/4494
f 2899/3811/4495 2900/3812/4496 2896/3806/4488 2895/3805/4487
f 2897/3808/4490 2896/3807/4489 2900/3813/4497 2901/3814/4498
f 2898/3809/4492 2897/3808/4491 2901/3814/4499 2902/3815/4500
f 2895/3810/4494 2898/3809/4493 2902/3815/4501 2899/3816/4502
f 2903/3817/4503 2904/3818/4504 2900/3812/4496 2899/3811/4495
f 2901/3814/4498 2900/3813/4497 2904/3819/4505 2905/3820/4506
f 2902/3815/4500 2901/3814/4499 2905/3820/4507 2906/3821/4508
f 2899/3816/4502 2902/3815/4501 2906/3821/4509 2903/3822/4510
f 2907/3823/4511 2908/3824/4512 2904/3818/4504 2903/3817/4503
f 2905/3820/4506 2904/3819/4505 2908/3825/4513 2909/3826/4514
f 2906/3821/4508 2905/3820/4507 2909/3826/4515 2910/3827/4516
f 2903/3822/4510 2906/3821/4509 2910/3827/4517 2907/3828/4518
f 2767/3614/4519 2768/3613/4519 2908/3824/4512 2907/3823/4511
f 2909/3826/4514 2908/3825/4513 2768/3829/4520 2766/3612/4520
f 2910/3827/4516 2909/3826/4515 2766/3612/4521 2765/3611/4521
f 2907/3828/4518 2910/3827/4517 2765/3611/4522 2767/3830/4522
f 2932/3831/4523 2933/3832/4524 2924/3833/4525 2925/3834/4526
f 2921/3835/1232 2922/3836/1232 2914/3837/4527 2916/3838/4527
f 2926/3839/4528 2927/3840/4529 2930/3841/4530 2931/3842/4531
f 2919/3843/4532 2920/3844/4533 2918/3845/4534 2912/3846/4534
f 2925/3834/4535 2926/3847/4536 2931/3848/4537 2932/3831/4537
f 2928/3849/4538 2923/3850/4538 2934/3851/4539 2929/3852/4539
f 2917/3853/4540 2920/3844/4533 2919/3843/4532 2911/3854/4540
f 2929/3855/4541 2930/3841/4530 2927/3840/4529 2928/3856/4542
f 2913/3857/4543 2922/3836/1232 2921/3835/1232 2915/3858/4543
f 2923/3850/4544 2924/3833/4525 2933/3832/4524 2934/3851/4545
f 2959/3859/4546 2982/3860/4547 2983/3861/4548 2954/3862/4549
f 2991/3863/4550 2992/3864/4551 2953/3865/4552 2960/3866/4553
f 2961/3867/4554 2962/3868/4554 2957/3869/4555 2958/3870/4556
f 2962/3871/4557 2963/3872/4558 2956/3873/4559 2957/3874/4560
f 2955/3875/4561 2956/3873/4559 2963/3872/4558 2964/3876/4562
f 2964/3877/4563 2959/3859/4563 2954/3862/4564 2955/3878/4565
f 2935/3879/4566 2936/3880/4567 2930/3841/4530 2929/3855/4541
f 2931/3842/4531 2930/3841/4530 2936/3880/4567 2937/3881/4568
f 2932/3831/4537 2931/3848/4537 2937/3882/4569 2938/3883/4569
f 2938/3883/4570 2939/3884/4571 2933/3832/4524 2932/3831/4523
f 2934/3851/4545 2933/3832/4524 2939/3884/4571 2940/3885/4572
f 2929/3852/4539 2934/3851/4539 2940/3885/4573 2935/3886/4573
f 2915/3858/4574 2921/3835/4575 2936/3880/4567 2935/3879/4566
f 2937/3881/4568 2936/3880/4567 2921/3835/4575 2916/3838/4576
f 2938/3883/4569 2937/3882/4569 2916/3887/4577 2914/3837/4577
f 2922/3836/4578 2939/3884/4571 2938/3883/4570 2914/3837/4579
f 2940/3885/4572 2939/3884/4571 2922/3836/4578 2913/3857/4580
f 2935/3886/4573 2940/3885/4573 2913/3857/4581 2915/3888/4581
f 2947/3889/4582 2978/3890/4583 2979/3891/4584 2941/3892/4585
f 2987/3893/4586 2988/3894/4587 2942/3895/4588 2948/3896/4589
f 2949/3897/4590 2950/3898/4591 2944/3899/4592 2943/3900/4592
f 2950/3901/4593 2951/3902/4594 2945/3903/4595 2944/3904/4596
f 2946/3905/4597 2945/3903/4595 2951/3902/4594 2952/3906/4598
f 2952/3907/4599 2947/3889/4600 2941/3892/4601 2946/3908/4601
f 2977/3909/4602 2978/3890/4583 2947/3889/4582
f 2986/3910/4603 2987/3893/4586 2948/3896/4589 2919/3911/4604 2912/3912/4605
f 2912/3912/4606 2918/3913/4606 2950/3898/4591 2949/3897/4590 2986/3910/4606
f 2920/3844/4607 2951/3902/4594 2950/3901/4593 2918/3845/4608
f 2952/3906/4598 2951/3902/4594 2920/3844/4607 2917/3853/4609
f 2917/3914/4610 2911/3915/4610 2977/3909/4610 2947/3889/4600 2952/3907/4599
f 2954/3862/4549 2983/3861/4548 2984/3916/4611
f 2955/3878/4565 2954/3862/4564 2984/3916/4612 2985/3917/4612
f 2928/3856/4542 2927/3840/4529 2956/3873/4559 2955/3875/4561 2985/3918/4613
f 2957/3874/4560 2956/3873/4559 2927/3840/4529 2926/3839/4528 2994/3919/4614
f 2993/3920/4615 2994/3921/4615 2926/3847/4536 2925/3834/4535
f 2925/3834/4526 2924/3833/4525 2953/3865/4552 2992/3864/4551 2993/3920/4616
f 2965/3922/4617 2981/3923/4618 2982/3860/4547 2959/3859/4546
f 2990/3924/4619 2991/3863/4550 2960/3866/4553 2966/3925/4620
f 2967/3926/4621 2968/3927/4621 2962/3868/4554 2961/3867/4554
f 2968/3928/4622 2969/3929/4623 2963/3872/4558 2962/3871/4557
f 2964/3876/4562 2963/3872/4558 2969/3929/4623 2970/3930/4624
f 2970/3931/4625 2965/3922/4625 2959/3859/4563 2964/3877/4563
f 2971/3932/4626 2980/3933/4627 2981/3923/4618 2965/3922/4617
f 2989/3934/4628 2990/3924/4619 2966/3925/4620 2972/3935/4629
f 2973/3936/4630 2974/3937/4630 2968/3927/4621 2967/3926/4621
f 2974/3938/4631 2975/3939/4632 2969/3929/4623 2968/3928/4622
f 2970/3930/4624 2969/3929/4623 2975/3939/4632 2976/3940/4633
f 2976/3941/4634 2971/3932/4634 2965/3922/4625 2970/3931/4625
f 2941/3892/4585 2979/3891/4584 2980/3933/4627 2971/3932/4626
f 2988/3894/4587 2989/3934/4628 2972/3935/4629 2942/3895/4588
f 2943/3900/4592 2944/3899/4592 2974/3937/4630 2973/3936/4630
f 2944/3904/4596 2945/3903/4595 2975/3939/4632 2974/3938/4631
f 2976/3940/4633 2975/3939/4632 2945/3903/4595 2946/3905/4597
f 2946/3908/4601 2941/3892/4601 2971/3932/4634 2976/3941/4634
f 2911/3915/4635 2919/3911/4604 2948/3896/4589 2978/3890/4583 2977/3909/4602
f 2979/3891/4584 2978/3890/4583 2948/3896/4589 2942/3895/4588
f 2980/3933/4627 2979/3891/4584 2942/3895/4588 2972/3935/4629
f 2981/3923/4618 2980/3933/4627 2972/3935/4629 2966/3925/4620
f 2982/3860/4547 2981/3923/4618 2966/3925/4620 2960/3866/4553
f 2983/3861/4548 2982/3860/4547 2960/3866/4553 2953/3865/4552
f 2984/3916/4611 2983/3861/4548 2953/3865/4552 2924/3833/4525 2923/3850/4544
f 2985/3917/4612 2984/3916/4612 2923/3850/4538 2928/3849/4538
f 2949/3897/4636 2987/3893/4586 2986/3910/4603
f 2943/3900/4637 2988/3894/4587 2987/3893/4586 2949/3897/4636
f 2973/3936/4638 2989/3934/4628 2988/3894/4587 2943/3900/4637
f 2967/3926/4639 2990/3924/4619 2989/3934/4628 2973/3936/4638
f 2961/3867/4640 2991/3863/4550 2990/3924/4619 2967/3926/4639
f 2958/3870/4641 2992/3864/4551 2991/3863/4550 2961/3867/4640
f 2993/3920/4616 2992/3864/4551 2958/3870/4641
f 2958/3870/4556 2957/3869/4555 2994/3921/4615 2993/3920/4615
