# Blender 4.5.2 LTS
# www.blender.org
mtllib cb_aku.mtl
g pasted__pCylinder7_Mesh
v 0.173467 0.225241 0.006611
v 0.173639 0.224971 0.007368
v 0.173989 0.224527 0.008019
v 0.174480 0.223952 0.008469
v 0.175066 0.223302 0.008691
v 0.175689 0.222641 0.008664
v 0.176288 0.222035 0.008445
v 0.176804 0.221541 0.007950
v 0.177187 0.221209 0.007282
v 0.177399 0.221071 0.006509
v 0.177420 0.221141 0.005704
v 0.177247 0.221411 0.004948
v 0.176898 0.221855 0.004313
v 0.176406 0.222431 0.003863
v 0.175820 0.223080 0.003584
v 0.175198 0.223741 0.003611
v 0.174599 0.224347 0.003887
v 0.174083 0.224841 0.004366
v 0.173700 0.225173 0.005033
v 0.173488 0.225311 0.005807
v 0.205202 0.243052 0.003197
v 0.205354 0.242815 0.003859
v 0.205659 0.242426 0.004414
v 0.206090 0.241923 0.004809
v 0.206603 0.241354 0.005003
v 0.207148 0.240776 0.004979
v 0.207672 0.240244 0.004787
v 0.208124 0.239812 0.004353
v 0.208459 0.239522 0.003769
v 0.208645 0.239401 0.003091
v 0.208663 0.239462 0.002387
v 0.208512 0.239698 0.001725
v 0.208206 0.240087 0.001169
v 0.207776 0.240591 0.000726
v 0.207263 0.241160 0.000532
v 0.206718 0.241738 0.000556
v 0.206193 0.242269 0.000797
v 0.205742 0.242701 0.001231
v 0.205406 0.242992 0.001815
v 0.205221 0.243113 0.002492
v 0.157477 0.214076 0.008532
v 0.157650 0.213805 0.009295
v 0.157999 0.213361 0.009929
v 0.158491 0.212786 0.010380
v 0.159077 0.212136 0.010602
v 0.159700 0.211476 0.010632
v 0.160298 0.210869 0.010357
v 0.160814 0.210375 0.009861
v 0.161197 0.210043 0.009194
v 0.161409 0.209905 0.008420
v 0.161430 0.209975 0.007616
v 0.161258 0.210245 0.006859
v 0.160908 0.210690 0.006224
v 0.160417 0.211265 0.005774
v 0.159831 0.211915 0.005552
v 0.159208 0.212575 0.005522
v 0.158609 0.213182 0.005797
v 0.158093 0.213675 0.006293
v 0.157710 0.214007 0.006954
v 0.157498 0.214145 0.007727
v 0.140399 0.201214 0.010617
v 0.140571 0.200944 0.011374
v 0.140921 0.200500 0.012008
v 0.141412 0.199924 0.012491
v 0.141998 0.199275 0.012713
v 0.142621 0.198614 0.012685
v 0.143220 0.198007 0.012463
v 0.143736 0.197514 0.011968
v 0.144119 0.197182 0.011300
v 0.144331 0.197044 0.010527
v 0.144352 0.197113 0.009722
v 0.144179 0.197384 0.008965
v 0.143830 0.197828 0.008331
v 0.143338 0.198403 0.007880
v 0.142752 0.199053 0.007605
v 0.142129 0.199714 0.007633
v 0.141531 0.200320 0.007908
v 0.141015 0.200814 0.008372
v 0.140632 0.201146 0.009039
v 0.140419 0.201284 0.009813
v 0.118662 0.186576 0.012766
v 0.118835 0.186306 0.013529
v 0.119184 0.185861 0.014164
v 0.119676 0.185286 0.014614
v 0.120262 0.184636 0.014884
v 0.120884 0.183976 0.014856
v 0.121483 0.183369 0.014581
v 0.121999 0.182876 0.014143
v 0.122382 0.182543 0.013476
v 0.122594 0.182406 0.012702
v 0.122615 0.182475 0.011898
v 0.122442 0.182745 0.011141
v 0.122093 0.183190 0.010507
v 0.121601 0.183765 0.009999
v 0.121016 0.184415 0.009777
v 0.120393 0.185075 0.009804
v 0.119794 0.185682 0.010031
v 0.119278 0.186175 0.010527
v 0.118895 0.186507 0.011194
v 0.118683 0.186645 0.011962
v 0.096141 0.169942 0.014827
v 0.096314 0.169672 0.015584
v 0.096663 0.169227 0.016218
v 0.097154 0.168652 0.016705
v 0.097740 0.168002 0.016927
v 0.098363 0.167342 0.016899
v 0.098962 0.166735 0.016691
v 0.099478 0.166242 0.016195
v 0.099861 0.165909 0.015561
v 0.100073 0.165771 0.014788
v 0.100094 0.165841 0.013983
v 0.099921 0.166111 0.013227
v 0.099572 0.166556 0.012558
v 0.099080 0.167131 0.012108
v 0.098494 0.167781 0.011886
v 0.097872 0.168441 0.011847
v 0.097273 0.169048 0.012122
v 0.096757 0.169541 0.012582
v 0.096374 0.169873 0.013249
v 0.096162 0.170011 0.014023
v 0.091399 0.165547 0.015263
v 0.091571 0.165277 0.016019
v 0.093375 0.163497 0.014848
v 0.091921 0.164832 0.016654
v 0.092412 0.164257 0.017180
v 0.092998 0.163607 0.017402
v 0.093621 0.162947 0.017374
v 0.094220 0.162340 0.017127
v 0.094736 0.161847 0.016631
v 0.095119 0.161515 0.015964
v 0.095331 0.161377 0.015233
v 0.095352 0.161446 0.014428
v 0.095179 0.161716 0.013671
v 0.094830 0.162161 0.012994
v 0.094338 0.162736 0.012544
v 0.093752 0.163386 0.012322
v 0.093129 0.164046 0.012322
v 0.092531 0.164653 0.012597
v 0.092014 0.165146 0.013017
v 0.091632 0.165479 0.013684
v 0.091419 0.165616 0.014458
v 0.211334 0.248643 0.002032
v 0.211460 0.248446 0.002586
v 0.211716 0.248120 0.003051
v 0.212076 0.247699 0.003381
v 0.212505 0.247223 0.003543
v 0.212961 0.246740 0.003523
v 0.213399 0.246295 0.003322
v 0.213777 0.245934 0.003005
v 0.214057 0.245691 0.002516
v 0.214213 0.245590 0.001950
v 0.214228 0.245641 0.001361
v 0.214102 0.245839 0.000761
v 0.213846 0.246164 0.000296
v 0.213486 0.246585 -0.000033
v 0.213057 0.247061 -0.000196
v 0.212601 0.247544 -0.000176
v 0.212162 0.247989 0.000026
v 0.211785 0.248350 0.000388
v 0.211504 0.248593 0.000877
v 0.211349 0.248694 0.001443
v 0.227800 0.263811 -0.000964
v 0.227904 0.263648 -0.000508
v 0.228115 0.263381 -0.000126
v 0.228411 0.263034 0.000145
v 0.228764 0.262643 0.000279
v 0.229139 0.262245 0.000290
v 0.229499 0.261880 0.000124
v 0.229810 0.261583 -0.000174
v 0.230041 0.261383 -0.000576
v 0.230169 0.261300 -0.001042
v 0.230181 0.261341 -0.001527
v 0.230077 0.261504 -0.001983
v 0.229867 0.261772 -0.002365
v 0.229571 0.262118 -0.002663
v 0.229218 0.262509 -0.002797
v 0.228843 0.262907 -0.002780
v 0.228482 0.263273 -0.002615
v 0.228171 0.263570 -0.002316
v 0.227941 0.263770 -0.001914
v 0.227813 0.263853 -0.001448
v 0.242932 0.277372 -0.004400
v 0.242960 0.277329 -0.004278
v 0.243253 0.277040 -0.004480
v 0.243017 0.277256 -0.004175
v 0.243097 0.277163 -0.004102
v 0.243192 0.277058 -0.004066
v 0.243293 0.276951 -0.004070
v 0.243390 0.276852 -0.004115
v 0.243474 0.276772 -0.004195
v 0.243536 0.276718 -0.004303
v 0.243570 0.276696 -0.004429
v 0.243573 0.276707 -0.004559
v 0.243545 0.276751 -0.004682
v 0.243489 0.276823 -0.004785
v 0.243409 0.276916 -0.004858
v 0.243314 0.277022 -0.004894
v 0.243213 0.277129 -0.004890
v 0.243116 0.277227 -0.004845
v 0.243032 0.277307 -0.004765
v 0.242970 0.277361 -0.004656
v 0.242936 0.277384 -0.004531
v 0.037914 0.101853 0.039793
v 0.046677 0.113648 0.039249
v 0.056369 0.123008 0.038701
v 0.068581 0.129018 0.038184
v 0.082118 0.131089 0.037744
v 0.095655 0.129018 0.037423
v 0.107866 0.123008 0.037250
v 0.117558 0.113648 0.037250
v 0.127537 0.101853 0.037250
v 0.127369 0.088778 0.037656
v 0.125514 0.075703 0.038093
v 0.119870 0.063909 0.038607
v 0.111045 0.053941 0.039156
v 0.095655 0.047021 0.039840
v 0.082118 0.045181 0.040295
v 0.068581 0.045529 0.040639
v 0.055336 0.049950 0.040846
v 0.042812 0.063186 0.040812
v 0.038449 0.075703 0.040587
v 0.037107 0.088778 0.040240
v 0.037914 0.101853 0.027211
v 0.046677 0.113648 0.026665
v 0.056369 0.123008 0.026116
v 0.068581 0.129018 0.025597
v 0.082118 0.131089 0.025156
v 0.095655 0.129018 0.024840
v 0.107866 0.123008 0.024660
v 0.117558 0.113648 0.024660
v 0.127537 0.101853 0.024607
v 0.127369 0.088778 0.025068
v 0.125514 0.075703 0.025506
v 0.119870 0.063909 0.026022
v 0.111045 0.053941 0.026572
v 0.095655 0.047021 0.027258
v 0.082118 0.045181 0.027715
v 0.068581 0.045529 0.028060
v 0.055336 0.049950 0.028268
v 0.042812 0.063186 0.028234
v 0.038449 0.075703 0.028030
v 0.037107 0.088778 0.027660
v 0.082118 0.088778 0.039481
v 0.082118 0.088778 0.026883
v 0.127948 0.105224 0.040594
v 0.131264 0.090515 0.040920
v 0.131264 0.090515 0.024840
v 0.127948 0.105224 0.024486
v 0.130002 0.075806 0.041377
v 0.130002 0.075806 0.025277
v 0.124563 0.062537 0.041922
v 0.124563 0.062537 0.025791
v 0.118496 0.052006 0.042355
v 0.118496 0.052006 0.026255
v 0.099665 0.041052 0.043248
v 0.099665 0.041052 0.027152
v 0.082092 0.038448 0.043840
v 0.082092 0.038448 0.027772
v 0.065773 0.038961 0.044239
v 0.065773 0.038961 0.028162
v 0.048788 0.045451 0.044476
v 0.048788 0.045451 0.028397
v 0.038726 0.057994 0.044446
v 0.038726 0.057994 0.028347
v 0.034613 0.076705 0.044076
v 0.034613 0.076705 0.028030
v 0.034183 0.089167 0.043756
v 0.034183 0.089167 0.027660
v 0.035210 0.102377 0.043302
v 0.035210 0.102377 0.027211
v 0.127359 0.112248 0.035394
v 0.133971 0.095260 0.035672
v 0.133971 0.095260 0.024888
v 0.127359 0.112248 0.024618
v 0.135127 0.076086 0.036142
v 0.135127 0.076086 0.025345
v 0.130846 0.060424 0.036673
v 0.130846 0.060424 0.025901
v 0.122053 0.047175 0.037287
v 0.122053 0.047175 0.026509
v 0.106029 0.035058 0.038069
v 0.106029 0.035058 0.027269
v 0.083204 0.032448 0.038883
v 0.083204 0.032448 0.028099
v 0.061563 0.034738 0.039408
v 0.061563 0.034738 0.028617
v 0.046927 0.041032 0.039581
v 0.046927 0.041032 0.028826
v 0.036414 0.052402 0.039581
v 0.036414 0.052402 0.028826
v 0.030268 0.075637 0.039171
v 0.030268 0.075637 0.028413
v 0.030429 0.090765 0.038772
v 0.030429 0.090765 0.028001
v 0.032779 0.102598 0.038371
v 0.032779 0.102598 0.027595
v -0.073600 0.101853 0.037250
v -0.064837 0.113648 0.037250
v -0.055145 0.123008 0.037250
v -0.042933 0.129018 0.037406
v -0.029396 0.131089 0.037744
v -0.015859 0.129018 0.038141
v -0.003647 0.123008 0.038701
v 0.006044 0.113648 0.039249
v 0.016023 0.101853 0.039793
v 0.015855 0.088778 0.040240
v 0.014000 0.075703 0.040587
v 0.008356 0.063909 0.040812
v -0.000468 0.054548 0.040812
v -0.015859 0.048538 0.040587
v -0.029396 0.047912 0.040240
v -0.042933 0.049475 0.039793
v -0.055145 0.052943 0.039249
v -0.066843 0.063909 0.038607
v -0.073065 0.075703 0.038055
v -0.074407 0.088778 0.037656
v -0.073600 0.101853 0.024660
v -0.064837 0.113648 0.024607
v -0.055145 0.123008 0.024607
v -0.042933 0.129018 0.024840
v -0.029396 0.131089 0.025142
v -0.015859 0.129018 0.025597
v -0.003647 0.123008 0.026116
v 0.006044 0.113648 0.026665
v 0.016023 0.101853 0.027211
v 0.015855 0.088778 0.027660
v 0.014000 0.075703 0.028030
v 0.008356 0.063909 0.028162
v -0.000468 0.054548 0.028234
v -0.015859 0.048538 0.028030
v -0.029396 0.047912 0.027660
v -0.042933 0.049475 0.027211
v -0.055145 0.052943 0.026722
v -0.066843 0.063909 0.026013
v -0.073065 0.075703 0.025506
v -0.074407 0.088778 0.025068
v -0.029396 0.088778 0.039481
v -0.029396 0.088778 0.026883
v 0.017952 0.105224 0.043193
v 0.019750 0.090515 0.043756
v 0.019750 0.090515 0.027618
v 0.017952 0.105224 0.027097
v 0.019399 0.075806 0.044131
v 0.019399 0.075806 0.028030
v 0.013049 0.062537 0.044357
v 0.013049 0.062537 0.028268
v 0.006982 0.052006 0.044446
v 0.006982 0.052006 0.028397
v -0.011849 0.043177 0.044239
v -0.011849 0.043177 0.028153
v -0.029422 0.041635 0.043840
v -0.029422 0.041635 0.027715
v -0.045741 0.043211 0.043299
v -0.045741 0.043211 0.027152
v -0.058389 0.050201 0.042671
v -0.058389 0.050201 0.026590
v -0.071549 0.062537 0.041922
v -0.071549 0.062537 0.025791
v -0.076901 0.076705 0.041344
v -0.076901 0.076705 0.025239
v -0.078260 0.089167 0.040920
v -0.078260 0.089167 0.024840
v -0.076304 0.102377 0.040650
v -0.076304 0.102377 0.024504
v 0.020246 0.112248 0.037937
v 0.023064 0.095260 0.038606
v 0.023064 0.095260 0.027863
v 0.020246 0.112248 0.027216
v 0.023613 0.076086 0.039171
v 0.023613 0.076086 0.028413
v 0.019332 0.060424 0.039500
v 0.019332 0.060424 0.028731
v 0.010388 0.049603 0.039581
v 0.010388 0.049603 0.028826
v -0.008368 0.039155 0.039378
v -0.008368 0.039155 0.028617
v -0.028765 0.035331 0.038914
v -0.028765 0.035331 0.028155
v -0.049344 0.037622 0.038231
v -0.049344 0.037622 0.027434
v -0.064891 0.045433 0.037473
v -0.064891 0.045433 0.026723
v -0.076466 0.059838 0.036715
v -0.076466 0.059838 0.025981
v -0.081246 0.075637 0.036188
v -0.081246 0.075637 0.025416
v -0.082015 0.090765 0.035781
v -0.082015 0.090765 0.024973
v -0.078734 0.102598 0.035526
v -0.078734 0.102598 0.024754
v 0.038253 0.095918 0.048594
v 0.161549 0.084640 0.044354
v 0.033488 0.140326 0.046579
v 0.166349 0.131464 0.042282
v 0.033488 0.140326 0.030872
v 0.166349 0.131464 0.026550
v 0.036442 0.090918 0.033082
v 0.161549 0.084640 0.028624
v 0.049164 0.097495 0.048450
v 0.049164 0.091201 0.032937
v 0.046999 0.142326 0.030689
v 0.046999 0.142326 0.046412
v 0.062425 0.098156 0.048207
v 0.061081 0.143459 0.046121
v 0.061081 0.143459 0.030427
v 0.062425 0.092380 0.032698
v 0.074572 0.097337 0.047957
v 0.073981 0.142805 0.045942
v 0.073981 0.142805 0.030206
v 0.074572 0.092077 0.032432
v 0.088454 0.095988 0.047630
v 0.088724 0.142858 0.045505
v 0.088724 0.142858 0.029789
v 0.088454 0.091073 0.032118
v 0.099604 0.094968 0.047272
v 0.100565 0.142483 0.045125
v 0.100565 0.142483 0.029408
v 0.099604 0.090053 0.031722
v 0.115960 0.091584 0.046685
v 0.117934 0.140495 0.044526
v 0.117934 0.140495 0.028805
v 0.115960 0.086928 0.031144
v 0.129117 0.088346 0.046207
v 0.131907 0.138113 0.043980
v 0.131907 0.138113 0.028256
v 0.129117 0.084351 0.030579
v 0.142870 0.087910 0.045423
v 0.146512 0.136724 0.043254
v 0.146512 0.136724 0.027527
v 0.142870 0.082839 0.029871
v 0.151844 0.086124 0.044936
v 0.156043 0.135052 0.042768
v 0.156043 0.135052 0.027038
v 0.151844 0.080746 0.029352
v -0.117841 0.096112 0.043374
v 0.014837 0.099487 0.048501
v -0.106806 0.146811 0.041902
v 0.021795 0.141911 0.046546
v -0.106806 0.146811 0.026168
v 0.021795 0.141911 0.030824
v -0.117841 0.096112 0.027647
v 0.016034 0.092543 0.033026
v -0.110484 0.094508 0.043927
v -0.110484 0.092402 0.028283
v -0.099534 0.147976 0.026550
v -0.099534 0.147976 0.042282
v -0.101909 0.094853 0.044473
v -0.091578 0.148019 0.042746
v -0.091578 0.148019 0.027038
v -0.101909 0.092526 0.028865
v -0.094667 0.094713 0.044936
v -0.084657 0.148470 0.043109
v -0.084657 0.148470 0.027373
v -0.094667 0.092608 0.029270
v -0.084015 0.095643 0.045505
v -0.074475 0.149793 0.043548
v -0.074475 0.149793 0.027822
v -0.084015 0.092651 0.029871
v -0.074463 0.098603 0.045942
v -0.065345 0.150170 0.043927
v -0.065345 0.150170 0.028256
v -0.074463 0.092951 0.030387
v -0.063860 0.100466 0.046359
v -0.055210 0.149486 0.044425
v -0.055210 0.149486 0.028703
v -0.063860 0.095036 0.030824
v -0.050662 0.101687 0.046895
v -0.042596 0.149144 0.044936
v -0.042596 0.149144 0.029195
v -0.050662 0.096034 0.031365
v -0.041036 0.101873 0.047214
v -0.033395 0.148788 0.045229
v -0.033395 0.148788 0.029512
v -0.041036 0.096775 0.031672
v -0.031734 0.101243 0.047557
v -0.024504 0.148007 0.045505
v -0.024504 0.148007 0.029789
v -0.031734 0.096921 0.031979
v -0.017268 0.101301 0.047926
v -0.010677 0.147180 0.045860
v -0.010677 0.147180 0.030153
v -0.017268 0.096646 0.032430
v -0.000200 0.100202 0.048283
v 0.005637 0.145089 0.046224
v 0.005637 0.145089 0.030508
v -0.000200 0.094993 0.032758
v 0.009394 0.100300 0.048395
v 0.014286 0.144061 0.046412
v 0.014286 0.144061 0.030689
v 0.009394 0.093981 0.032937
v -0.045389 -0.118310 0.035391
v 0.108773 -0.107040 0.035550
v -0.045744 -0.046951 0.038094
v 0.100638 -0.041126 0.038094
v -0.045744 -0.046951 0.024044
v 0.100638 -0.041126 0.024044
v -0.045389 -0.118310 0.021338
v 0.108773 -0.107040 0.021485
v -0.019607 -0.136533 0.035116
v -0.019607 -0.136533 0.020966
v -0.019607 -0.037381 0.024984
v -0.019607 -0.037381 0.039121
v -0.007920 -0.138440 0.035228
v -0.007920 -0.033636 0.039401
v -0.007920 -0.033636 0.025313
v -0.007920 -0.138440 0.021048
v 0.005566 -0.138864 0.035365
v 0.005566 -0.040086 0.039500
v 0.005566 -0.040086 0.025394
v 0.005566 -0.138864 0.021206
v 0.018601 -0.138864 0.035391
v 0.018601 -0.046119 0.039500
v 0.018601 -0.046119 0.025394
v 0.018601 -0.138864 0.021338
v 0.025793 -0.139500 0.035391
v 0.025793 -0.047992 0.039446
v 0.025793 -0.047992 0.025322
v 0.025793 -0.139500 0.021293
v 0.040177 -0.139923 0.035310
v 0.040177 -0.042166 0.039534
v 0.040177 -0.042166 0.025394
v 0.040177 -0.139923 0.021206
v 0.057708 -0.137593 0.035275
v 0.057708 -0.030932 0.039500
v 0.057708 -0.030932 0.025394
v 0.057708 -0.137593 0.021164
v 0.068496 -0.136957 0.035116
v 0.068496 -0.032180 0.039219
v 0.068496 -0.032180 0.025157
v 0.068496 -0.136957 0.021022
v 0.081082 -0.132719 0.035078
v 0.086908 -0.035925 0.038656
v 0.086908 -0.035925 0.024584
v 0.081082 -0.132719 0.020966
v -0.048940 -0.110587 0.035738
v -0.023538 -0.118344 0.050410
v -0.007920 -0.122864 0.050419
v 0.005566 -0.122428 0.050662
v 0.018601 -0.122275 0.050766
v 0.025793 -0.122339 0.050766
v 0.040177 -0.121683 0.050766
v 0.057708 -0.120304 0.050662
v 0.068496 -0.118259 0.050546
v 0.081713 -0.112769 0.050501
v 0.109714 -0.099907 0.035874
v 0.109714 -0.099907 0.021750
v 0.081713 -0.112769 0.022692
v 0.068496 -0.118259 0.022726
v 0.057708 -0.120304 0.022797
v 0.040177 -0.121683 0.022920
v 0.025793 -0.122339 0.022920
v 0.018601 -0.122275 0.022920
v 0.005566 -0.122428 0.022832
v -0.007920 -0.122864 0.022645
v -0.023538 -0.118344 0.022604
v -0.048940 -0.110587 0.021594
v -0.051203 -0.100236 0.022041
v -0.033920 -0.111420 0.022645
v -0.015277 -0.111201 0.023132
v 0.005566 -0.112019 0.023429
v 0.018601 -0.111994 0.023522
v 0.025793 -0.111847 0.023555
v 0.040177 -0.111875 0.023522
v 0.057708 -0.110578 0.023361
v 0.068770 -0.108592 0.023270
v 0.095667 -0.103251 0.022726
v 0.110876 -0.090346 0.022122
v 0.110876 -0.090346 0.036246
v 0.095667 -0.103251 0.050546
v 0.068770 -0.108592 0.035397
v 0.057708 -0.110578 0.035487
v 0.040177 -0.111875 0.035637
v 0.025793 -0.111847 0.035716
v 0.018601 -0.111994 0.035637
v 0.005566 -0.112019 0.035626
v -0.015277 -0.111201 0.035275
v -0.033920 -0.111420 0.050419
v -0.051203 -0.100236 0.036111
v -0.051374 -0.092143 0.022399
v -0.042891 -0.100174 0.022920
v -0.029432 -0.100009 0.023361
v 0.005566 -0.102642 0.023890
v 0.018601 -0.104854 0.023890
v 0.025793 -0.105944 0.023880
v 0.040177 -0.104076 0.023890
v 0.057708 -0.098480 0.023940
v 0.085720 -0.098301 0.023282
v 0.101135 -0.094166 0.022920
v 0.111124 -0.082870 0.022438
v 0.111124 -0.082870 0.036536
v 0.101135 -0.094166 0.050766
v 0.085720 -0.098301 0.035445
v 0.057708 -0.098480 0.036132
v 0.040177 -0.104076 0.036059
v 0.025793 -0.105944 0.036004
v 0.018601 -0.104854 0.036059
v 0.005566 -0.102642 0.036059
v -0.029432 -0.100009 0.035487
v -0.042891 -0.100174 0.050766
v -0.051374 -0.092143 0.036465
v -0.051035 -0.081737 0.022815
v -0.043496 -0.085716 0.023555
v -0.032196 -0.084726 0.023940
v 0.005566 -0.088238 0.024597
v 0.018601 -0.091331 0.024542
v 0.025793 -0.092600 0.024486
v 0.040177 -0.089821 0.024597
v 0.057708 -0.082927 0.024647
v 0.090290 -0.083257 0.023786
v 0.102130 -0.083110 0.023361
v 0.109678 -0.073258 0.022825
v 0.109678 -0.073258 0.036932
v 0.102130 -0.083110 0.051137
v 0.090290 -0.083257 0.035938
v 0.057708 -0.082927 0.036785
v 0.040177 -0.089821 0.036709
v 0.025793 -0.092600 0.036633
v 0.018601 -0.091331 0.036691
v 0.005566 -0.088238 0.036709
v -0.032196 -0.084726 0.036132
v -0.043496 -0.085716 0.051332
v -0.051035 -0.081737 0.036932
v -0.049917 -0.071000 0.023276
v -0.041076 -0.070797 0.024161
v -0.029827 -0.078279 0.024278
v 0.005566 -0.083863 0.024741
v 0.018601 -0.074458 0.025188
v 0.025793 -0.076079 0.025155
v 0.040177 -0.075112 0.025155
v 0.057708 -0.066878 0.025188
v 0.085720 -0.067491 0.024542
v 0.098345 -0.068546 0.024019
v 0.107413 -0.063340 0.023276
v 0.107413 -0.063340 0.037323
v 0.098345 -0.068546 0.051831
v 0.085720 -0.067491 0.036633
v 0.057708 -0.066878 0.037331
v 0.040177 -0.075112 0.037271
v 0.025793 -0.076079 0.037271
v 0.018601 -0.074458 0.037331
v 0.005566 -0.083863 0.036897
v -0.029827 -0.078279 0.036428
v -0.041076 -0.070797 0.051967
v -0.049917 -0.071000 0.037323
v -0.049180 -0.062249 0.023500
v -0.037265 -0.061903 0.024597
v -0.024696 -0.067202 0.024788
v -0.005522 -0.068442 0.025155
v 0.018601 -0.074299 0.025188
v 0.025793 -0.076072 0.025155
v 0.040177 -0.071526 0.025244
v 0.057708 -0.064924 0.025244
v 0.080682 -0.061905 0.024814
v 0.094981 -0.056675 0.024486
v 0.105634 -0.055256 0.023500
v 0.105634 -0.055256 0.037620
v 0.094981 -0.056675 0.052292
v 0.080682 -0.061905 0.037003
v 0.057708 -0.064924 0.037378
v 0.040177 -0.071526 0.037378
v 0.025793 -0.076072 0.037271
v 0.018601 -0.074299 0.037331
v -0.005522 -0.068442 0.037271
v -0.024696 -0.067202 0.036952
v -0.037265 -0.061903 0.052352
v -0.049180 -0.062249 0.037630
v -0.047398 -0.054474 0.023826
v -0.035940 -0.057852 0.024741
v -0.007920 -0.054008 0.025480
v 0.005566 -0.060987 0.025536
v 0.018601 -0.067113 0.025424
v 0.025793 -0.068855 0.025382
v 0.040177 -0.063834 0.025480
v 0.057708 -0.050479 0.025662
v 0.068496 -0.050509 0.025424
v 0.086293 -0.051519 0.024916
v 0.103447 -0.048075 0.023750
v 0.103447 -0.048075 0.037844
v 0.086293 -0.051519 0.052689
v 0.068496 -0.050509 0.053200
v 0.057708 -0.050479 0.053387
v 0.040177 -0.063834 0.053272
v 0.025793 -0.068855 0.053200
v 0.018601 -0.067113 0.053226
v 0.005566 -0.060987 0.053272
v -0.007920 -0.054008 0.053272
v -0.035940 -0.057852 0.052516
v -0.047398 -0.054474 0.037900
v -0.036018 -0.085434 0.037694
v 0.095125 -0.080219 0.037661
v -0.026084 -0.066542 0.038681
v 0.084694 -0.061202 0.038625
v -0.026084 -0.066542 0.021474
v 0.084694 -0.061202 0.021474
v -0.036018 -0.085434 0.020471
v 0.095125 -0.080219 0.020471
v -0.021417 -0.088635 0.038020
v -0.021417 -0.088635 0.020790
v -0.013613 -0.066155 0.021790
v -0.013613 -0.066155 0.038954
v -0.028873 -0.088336 0.037789
v -0.028873 -0.088336 0.020576
v -0.019294 -0.066332 0.021661
v -0.019294 -0.066332 0.038790
v -0.012105 -0.088506 0.038212
v -0.005658 -0.067524 0.039055
v -0.005658 -0.067524 0.021929
v -0.012105 -0.088506 0.021022
v -0.000644 -0.088693 0.038336
v 0.004132 -0.069457 0.039115
v 0.004132 -0.069457 0.021986
v -0.000644 -0.088693 0.021227
v 0.009533 -0.089174 0.038476
v 0.012825 -0.072418 0.039115
v 0.012825 -0.072418 0.021986
v 0.009533 -0.089174 0.021333
v 0.018134 -0.089153 0.038493
v 0.020172 -0.074799 0.039055
v 0.020172 -0.074799 0.021929
v 0.018134 -0.089153 0.021336
v 0.027650 -0.088695 0.038569
v 0.028300 -0.075044 0.039055
v 0.028300 -0.075044 0.021929
v 0.027650 -0.088695 0.021336
v 0.034116 -0.088759 0.038493
v 0.033823 -0.073505 0.039115
v 0.033823 -0.073505 0.021929
v 0.034116 -0.088759 0.021336
v 0.046712 -0.088120 0.038476
v 0.044583 -0.068698 0.039244
v 0.044583 -0.068698 0.022017
v 0.046712 -0.088120 0.021333
v 0.061539 -0.087337 0.038243
v 0.057247 -0.063956 0.039162
v 0.057247 -0.063956 0.022017
v 0.061539 -0.087337 0.021115
v 0.041815 -0.088030 0.038493
v 0.041815 -0.088030 0.021336
v 0.040400 -0.070568 0.022017
v 0.040400 -0.070568 0.039162
v 0.073858 -0.085141 0.038079
v 0.067770 -0.062138 0.039000
v 0.067770 -0.062138 0.021874
v 0.073858 -0.085141 0.020883
v 0.088061 -0.082016 0.037789
v 0.079902 -0.061389 0.038787
v 0.079902 -0.061389 0.021546
v 0.088061 -0.082016 0.020626
v -0.021332 -0.111660 0.036865
v 0.081273 -0.106831 0.036936
v -0.029133 -0.098728 0.037331
v 0.089753 -0.092450 0.037331
v -0.029133 -0.098728 0.020115
v 0.089753 -0.092450 0.020115
v -0.021332 -0.111660 0.019727
v 0.081273 -0.106831 0.019727
v -0.010967 -0.115289 0.036936
v -0.010967 -0.115289 0.019727
v -0.017124 -0.095152 0.020576
v -0.017124 -0.095152 0.037789
v -0.003127 -0.114900 0.037060
v -0.008039 -0.093339 0.038029
v -0.008039 -0.093339 0.020883
v -0.003127 -0.114900 0.019878
v 0.009201 -0.114289 0.037229
v 0.006244 -0.092320 0.038300
v 0.006244 -0.092320 0.021115
v 0.009201 -0.114289 0.020105
v 0.023680 -0.113571 0.037331
v 0.023021 -0.091383 0.038417
v 0.023021 -0.091383 0.021282
v 0.023680 -0.113571 0.020207
v 0.037748 -0.112874 0.037331
v 0.039322 -0.090479 0.038417
v 0.039322 -0.090479 0.021282
v 0.037748 -0.112874 0.020207
v 0.047542 -0.112388 0.037271
v 0.050670 -0.090835 0.038300
v 0.050670 -0.090835 0.021115
v 0.047542 -0.112388 0.020115
v 0.065376 -0.111504 0.037060
v 0.071333 -0.090526 0.037925
v 0.071333 -0.090526 0.020759
v 0.065376 -0.111504 0.019878
v 0.058030 -0.111868 0.037181
v 0.058030 -0.111868 0.019967
v 0.062822 -0.090486 0.020963
v 0.062822 -0.090486 0.038079
v 0.072976 -0.111127 0.036936
v 0.080139 -0.090934 0.037694
v 0.080139 -0.090934 0.020471
v 0.072976 -0.111127 0.019727
v 0.026933 -0.113410 0.037331
v 0.026933 -0.113410 0.020208
v 0.026790 -0.091174 0.021282
v 0.026790 -0.091174 0.038476
v 0.032133 -0.113152 0.037331
v 0.032816 -0.090840 0.038476
v 0.032816 -0.090840 0.021282
v 0.032133 -0.113152 0.020208
v 0.054783 -0.112029 0.037229
v 0.054783 -0.112029 0.020047
v 0.059060 -0.090594 0.021022
v 0.059060 -0.090594 0.038212
v 0.006713 -0.114413 0.037229
v 0.006713 -0.114413 0.020047
v 0.003362 -0.092526 0.021040
v 0.003362 -0.092526 0.038243
v 0.003045 -0.114594 0.037181
v 0.003045 -0.114594 0.019967
v -0.000888 -0.092829 0.021022
v -0.000888 -0.092829 0.038212
v 0.026790 -0.093025 0.037553
v 0.026933 -0.112902 0.036627
v 0.032133 -0.112672 0.036627
v 0.032816 -0.092726 0.037553
v 0.059060 -0.092506 0.037296
v 0.054783 -0.111668 0.036446
v 0.058030 -0.111524 0.036446
v 0.062822 -0.092410 0.037246
v -0.000888 -0.094504 0.037376
v 0.003045 -0.113961 0.036446
v 0.006713 -0.113799 0.036488
v 0.003362 -0.094233 0.037429
v 0.053095 -0.233103 0.011852
v 0.053095 -0.233103 0.011852
v 0.029191 -0.172546 0.027343
v 0.051387 -0.172546 0.026285
v 0.029191 -0.172546 0.023705
v 0.051387 -0.172546 0.022655
v 0.053095 -0.233103 0.008295
v 0.053095 -0.233103 0.008295
v 0.048815 -0.230053 0.012857
v 0.054082 -0.230053 0.012534
v 0.054082 -0.230053 0.009021
v 0.048815 -0.230053 0.009295
v 0.046331 -0.228184 0.009920
v 0.054636 -0.228184 0.009446
v 0.054636 -0.228184 0.013034
v 0.046331 -0.228184 0.013485
v 0.040947 -0.223603 0.011446
v 0.056793 -0.223603 0.010488
v 0.056793 -0.223603 0.014088
v 0.040947 -0.223603 0.015053
v 0.034675 -0.218455 0.013119
v 0.058401 -0.218455 0.011741
v 0.058401 -0.218455 0.015347
v 0.034675 -0.218455 0.016696
v 0.029072 -0.213108 0.014699
v 0.061208 -0.213108 0.012874
v 0.061208 -0.213108 0.016486
v 0.029072 -0.213108 0.018281
v 0.024764 -0.205986 0.016649
v 0.063875 -0.205986 0.014371
v 0.063875 -0.205986 0.017949
v 0.024764 -0.205986 0.020280
v 0.022158 -0.199807 0.018190
v 0.064362 -0.199807 0.015815
v 0.064362 -0.199807 0.019397
v 0.022158 -0.199807 0.021780
v 0.021437 -0.189934 0.020509
v 0.064378 -0.189934 0.017948
v 0.064378 -0.189934 0.021535
v 0.021437 -0.189934 0.024105
v 0.022952 -0.183046 0.021962
v 0.061757 -0.183046 0.019661
v 0.061757 -0.183046 0.023243
v 0.022952 -0.183046 0.025560
v 0.026722 -0.176507 0.023181
v 0.056719 -0.176507 0.021447
v 0.056719 -0.176507 0.025048
v 0.026722 -0.176507 0.026781
v 0.060207 -0.180239 0.023979
v 0.060207 -0.180239 0.020390
v 0.024465 -0.180239 0.022571
v 0.024465 -0.180239 0.026145
v 0.063549 -0.186643 0.022304
v 0.063549 -0.186643 0.018693
v 0.021549 -0.186643 0.021148
v 0.021549 -0.186643 0.024749
v 0.064529 -0.195306 0.020396
v 0.064529 -0.195306 0.016768
v 0.021878 -0.195306 0.019320
v 0.021878 -0.195306 0.022913
v 0.064089 -0.203153 0.018629
v 0.064089 -0.203153 0.015049
v 0.023396 -0.203153 0.017344
v 0.023396 -0.203153 0.020936
v 0.062877 -0.209735 0.017107
v 0.062877 -0.209735 0.013533
v 0.026244 -0.209735 0.015642
v 0.026244 -0.209735 0.019229
v 0.060026 -0.215539 0.015932
v 0.060026 -0.215539 0.012323
v 0.031196 -0.215539 0.013997
v 0.031196 -0.215539 0.017578
v 0.053095 -0.233103 0.011852
v 0.053095 -0.233103 0.008295
v 0.051448 -0.230053 0.009150
v 0.050484 -0.228184 0.009713
v 0.048870 -0.223603 0.011082
v 0.046538 -0.218455 0.012745
v 0.045611 -0.215539 0.013726
v 0.045140 -0.213108 0.014453
v 0.044561 -0.209735 0.015512
v 0.044319 -0.205986 0.016659
v 0.043742 -0.203153 0.017509
v 0.043260 -0.199807 0.018489
v 0.043204 -0.195306 0.019644
v 0.042907 -0.189934 0.020913
v 0.042549 -0.186643 0.021602
v 0.042355 -0.183046 0.022292
v 0.042336 -0.180239 0.022715
v 0.041720 -0.176507 0.023241
v 0.040289 -0.172546 0.023725
v 0.040289 -0.172546 0.027296
v 0.041720 -0.176507 0.026834
v 0.042336 -0.180239 0.026317
v 0.042355 -0.183046 0.025877
v 0.042549 -0.186643 0.025247
v 0.042907 -0.189934 0.024515
v 0.043204 -0.195306 0.023239
v 0.043260 -0.199807 0.022056
v 0.043742 -0.203153 0.021090
v 0.044319 -0.205986 0.020250
v 0.044561 -0.209735 0.019067
v 0.045140 -0.213108 0.018034
v 0.045611 -0.215539 0.017263
v 0.046538 -0.218455 0.016321
v 0.048870 -0.223603 0.014652
v 0.050484 -0.228184 0.013254
v 0.051448 -0.230053 0.012743
v 0.088415 -0.162901 0.018914
v 0.088415 -0.162901 0.018914
v 0.043916 -0.142487 0.026556
v 0.044074 -0.161779 0.027634
v 0.043916 -0.142487 0.030035
v 0.044074 -0.161779 0.031067
v 0.088415 -0.162901 0.022435
v 0.088415 -0.162901 0.022435
v 0.086151 -0.159198 0.019540
v 0.086189 -0.163777 0.019388
v 0.086189 -0.163777 0.022905
v 0.086151 -0.159198 0.023052
v 0.084766 -0.157051 0.023403
v 0.084825 -0.164270 0.023199
v 0.084825 -0.164270 0.019681
v 0.084766 -0.157051 0.019861
v 0.081374 -0.152399 0.024213
v 0.081487 -0.166172 0.023872
v 0.081487 -0.166172 0.020423
v 0.081374 -0.152399 0.020725
v 0.077561 -0.146978 0.024964
v 0.077730 -0.167601 0.024665
v 0.077730 -0.167601 0.021189
v 0.077561 -0.146978 0.021449
v 0.073607 -0.142140 0.025556
v 0.073836 -0.170072 0.025510
v 0.073836 -0.170072 0.022009
v 0.073607 -0.142140 0.022069
v 0.068363 -0.138439 0.026266
v 0.068641 -0.172433 0.026506
v 0.068641 -0.172433 0.023050
v 0.068363 -0.138439 0.022804
v 0.063821 -0.136211 0.026851
v 0.064122 -0.172893 0.027498
v 0.064122 -0.172893 0.024031
v 0.063821 -0.136211 0.023391
v 0.056589 -0.135644 0.027871
v 0.056895 -0.172966 0.028887
v 0.056895 -0.172966 0.025385
v 0.056589 -0.135644 0.024423
v 0.051558 -0.137002 0.028641
v 0.051834 -0.170730 0.029807
v 0.051834 -0.170730 0.026406
v 0.051558 -0.137002 0.025151
v 0.046798 -0.140317 0.029563
v 0.047011 -0.166390 0.030670
v 0.047011 -0.166390 0.027197
v 0.046798 -0.140317 0.026059
v 0.049768 -0.169399 0.026721
v 0.049768 -0.169399 0.030177
v 0.049513 -0.138334 0.029056
v 0.049513 -0.138334 0.025560
v 0.054480 -0.172266 0.025907
v 0.054480 -0.172266 0.029283
v 0.054180 -0.135761 0.028171
v 0.054180 -0.135761 0.024723
v 0.060828 -0.173066 0.024683
v 0.060828 -0.173066 0.028181
v 0.060524 -0.135995 0.027352
v 0.060524 -0.135995 0.023854
v 0.066569 -0.172636 0.023542
v 0.066569 -0.172636 0.027009
v 0.066279 -0.137267 0.026572
v 0.066279 -0.137267 0.023090
v 0.071379 -0.171543 0.022525
v 0.071379 -0.171543 0.025996
v 0.071118 -0.139703 0.025922
v 0.071118 -0.139703 0.022420
v 0.075607 -0.169031 0.021626
v 0.075607 -0.169031 0.025136
v 0.075402 -0.143972 0.025292
v 0.075402 -0.143972 0.021802
v 0.088415 -0.162901 0.018914
v 0.088415 -0.162901 0.022435
v 0.086170 -0.161488 0.022966
v 0.084796 -0.160660 0.023289
v 0.081431 -0.159286 0.024114
v 0.077646 -0.157289 0.025030
v 0.075505 -0.156501 0.025546
v 0.073721 -0.156106 0.025925
v 0.071248 -0.155623 0.026518
v 0.068502 -0.155436 0.027112
v 0.066424 -0.154951 0.027516
v 0.063972 -0.154552 0.028045
v 0.060676 -0.154530 0.028729
v 0.056742 -0.154305 0.029378
v 0.054330 -0.154014 0.029773
v 0.051696 -0.153866 0.030156
v 0.049641 -0.153867 0.030400
v 0.046904 -0.153354 0.030672
v 0.043995 -0.152133 0.030884
v 0.043995 -0.152133 0.027401
v 0.046904 -0.153354 0.027247
v 0.049641 -0.153867 0.026926
v 0.051696 -0.153866 0.026682
v 0.054330 -0.154014 0.026295
v 0.056742 -0.154305 0.025921
v 0.060676 -0.154530 0.025220
v 0.063972 -0.154552 0.024607
v 0.066424 -0.154951 0.024050
v 0.068502 -0.155436 0.023622
v 0.071248 -0.155623 0.023037
v 0.073721 -0.156106 0.022442
v 0.075505 -0.156501 0.022044
v 0.077646 -0.157289 0.021542
v 0.081431 -0.159286 0.020625
v 0.084796 -0.160660 0.019781
v 0.086170 -0.161488 0.019443
v 0.045587 -0.199593 0.026214
v 0.045587 -0.199593 0.026214
v 0.017204 -0.139036 0.029763
v 0.043559 -0.139036 0.030400
v 0.017204 -0.139036 0.026290
v 0.043559 -0.139036 0.026923
v 0.045587 -0.199593 0.022778
v 0.045587 -0.199593 0.022778
v 0.040505 -0.196542 0.027331
v 0.046759 -0.196542 0.026865
v 0.046759 -0.196542 0.023465
v 0.040505 -0.196542 0.023840
v 0.037556 -0.194674 0.024456
v 0.047417 -0.194674 0.023910
v 0.047417 -0.194674 0.027312
v 0.037556 -0.194674 0.027933
v 0.031163 -0.190093 0.025535
v 0.049978 -0.190093 0.024639
v 0.049978 -0.190093 0.028082
v 0.031163 -0.190093 0.028986
v 0.023715 -0.184944 0.026154
v 0.051888 -0.184944 0.025391
v 0.051888 -0.184944 0.028884
v 0.023715 -0.184944 0.029560
v 0.017063 -0.179597 0.026178
v 0.055220 -0.179597 0.025734
v 0.055220 -0.179597 0.029153
v 0.017063 -0.179597 0.029647
v 0.011948 -0.172475 0.026217
v 0.058386 -0.172475 0.025919
v 0.058386 -0.172475 0.029395
v 0.011948 -0.172475 0.029684
v 0.008854 -0.166297 0.026117
v 0.058965 -0.166297 0.026167
v 0.058965 -0.166297 0.029598
v 0.008854 -0.166297 0.029597
v 0.007998 -0.156423 0.026205
v 0.058983 -0.156423 0.026324
v 0.058983 -0.156423 0.029762
v 0.007998 -0.156423 0.029640
v 0.009797 -0.149536 0.026267
v 0.055872 -0.149536 0.026608
v 0.055872 -0.149536 0.030029
v 0.009797 -0.149536 0.029708
v 0.014273 -0.142996 0.026408
v 0.049890 -0.142996 0.026809
v 0.049890 -0.142996 0.030279
v 0.014273 -0.142996 0.029891
v 0.054031 -0.146728 0.030115
v 0.054031 -0.146728 0.026665
v 0.011593 -0.146728 0.026339
v 0.011593 -0.146728 0.029801
v 0.058000 -0.153132 0.029875
v 0.058000 -0.153132 0.026418
v 0.008131 -0.153132 0.026132
v 0.008131 -0.153132 0.029612
v 0.059163 -0.161796 0.029734
v 0.059163 -0.161796 0.026263
v 0.008522 -0.161796 0.026240
v 0.008522 -0.161796 0.029690
v 0.058641 -0.169642 0.029519
v 0.058641 -0.169643 0.026055
v 0.010324 -0.169643 0.026160
v 0.010324 -0.169642 0.029640
v 0.057202 -0.176225 0.029229
v 0.057202 -0.176225 0.025854
v 0.013705 -0.176225 0.026107
v 0.013705 -0.176225 0.029539
v 0.053817 -0.182029 0.029076
v 0.053817 -0.182029 0.025611
v 0.019585 -0.182029 0.026156
v 0.019585 -0.182029 0.029601
v 0.045587 -0.199593 0.026214
v 0.045587 -0.199593 0.022778
v 0.043632 -0.196542 0.023686
v 0.042486 -0.194674 0.024259
v 0.040571 -0.190093 0.025437
v 0.037801 -0.184944 0.026545
v 0.036701 -0.182029 0.027107
v 0.036141 -0.179597 0.027474
v 0.035454 -0.176225 0.027909
v 0.035167 -0.172475 0.028232
v 0.034482 -0.169643 0.028437
v 0.033910 -0.166297 0.028733
v 0.033843 -0.161796 0.028787
v 0.033491 -0.156423 0.028772
v 0.033066 -0.153132 0.028610
v 0.032834 -0.149536 0.028438
v 0.032812 -0.146728 0.028192
v 0.032081 -0.142996 0.027752
v 0.030381 -0.139036 0.027186
v 0.030381 -0.139036 0.030651
v 0.032081 -0.142996 0.031222
v 0.032812 -0.146728 0.031580
v 0.032834 -0.149536 0.031824
v 0.033066 -0.153132 0.032079
v 0.033491 -0.156423 0.032196
v 0.033843 -0.161796 0.032227
v 0.033910 -0.166297 0.032108
v 0.034482 -0.169642 0.031897
v 0.035167 -0.172475 0.031687
v 0.035454 -0.176225 0.031340
v 0.036141 -0.179597 0.030879
v 0.036701 -0.182029 0.030539
v 0.037801 -0.184944 0.029995
v 0.040571 -0.190093 0.028850
v 0.042486 -0.194674 0.027708
v 0.043632 -0.196542 0.027172
v -0.014938 -0.192642 0.020108
v -0.014937 -0.192642 0.020108
v 0.008412 -0.134892 0.026929
v 0.025113 -0.152881 0.030495
v 0.008412 -0.134892 0.023465
v 0.025113 -0.152881 0.026995
v -0.014938 -0.192642 0.016564
v -0.014937 -0.192642 0.016564
v -0.016076 -0.187239 0.020622
v -0.012112 -0.191509 0.020805
v -0.012112 -0.191509 0.017302
v -0.016076 -0.187239 0.017157
v -0.016670 -0.184043 0.017432
v -0.010420 -0.190774 0.017782
v -0.010420 -0.190774 0.021304
v -0.016670 -0.184043 0.020924
v -0.017593 -0.176776 0.018115
v -0.005670 -0.189619 0.018981
v -0.005670 -0.189619 0.022474
v -0.017593 -0.176776 0.021666
v -0.018799 -0.168430 0.018594
v -0.000946 -0.187660 0.020318
v -0.000946 -0.187660 0.023814
v -0.018799 -0.168430 0.022107
v -0.019365 -0.160500 0.018947
v 0.004816 -0.186546 0.021739
v 0.004816 -0.186546 0.025213
v -0.019365 -0.160500 0.022471
v -0.017745 -0.152495 0.019527
v 0.011684 -0.184194 0.023411
v 0.011684 -0.184194 0.026911
v -0.017745 -0.152495 0.023008
v -0.015488 -0.146468 0.019956
v 0.016268 -0.180674 0.024681
v 0.016268 -0.180674 0.028168
v -0.015488 -0.146468 0.023464
v -0.009291 -0.139626 0.020899
v 0.023020 -0.174429 0.026253
v 0.023020 -0.174429 0.029711
v -0.009291 -0.139626 0.024410
v -0.003449 -0.136490 0.021771
v 0.025749 -0.167940 0.027029
v 0.025749 -0.167940 0.030530
v -0.003449 -0.136490 0.025241
v 0.003851 -0.135401 0.022830
v 0.026422 -0.159713 0.027301
v 0.026422 -0.159713 0.030783
v 0.003851 -0.135401 0.026377
v 0.026499 -0.164905 0.030699
v 0.026499 -0.164905 0.027237
v -0.000395 -0.135937 0.022221
v -0.000395 -0.135937 0.025724
v 0.024643 -0.171672 0.030148
v 0.024643 -0.171672 0.026626
v -0.006960 -0.137632 0.021239
v -0.006960 -0.137632 0.024752
v 0.019466 -0.177957 0.028948
v 0.019466 -0.177957 0.025418
v -0.012626 -0.143388 0.020431
v -0.012626 -0.143388 0.023944
v 0.013779 -0.182572 0.027510
v 0.013779 -0.182572 0.024017
v -0.016841 -0.149591 0.019706
v -0.016841 -0.149591 0.023179
v 0.008374 -0.185762 0.026017
v 0.008374 -0.185762 0.022520
v -0.019191 -0.156070 0.019125
v -0.019191 -0.156070 0.022624
v 0.002267 -0.187129 0.024601
v 0.002267 -0.187129 0.021122
v -0.019427 -0.163762 0.018794
v -0.019427 -0.163762 0.022280
v -0.014937 -0.192642 0.020108
v -0.014937 -0.192642 0.016564
v -0.014094 -0.189374 0.017213
v -0.013545 -0.187408 0.017684
v -0.011632 -0.183197 0.018624
v -0.009873 -0.178045 0.019742
v -0.008580 -0.175446 0.020291
v -0.007275 -0.173523 0.020816
v -0.005408 -0.170916 0.021471
v -0.003031 -0.168344 0.022267
v -0.001531 -0.166082 0.022709
v 0.000390 -0.163571 0.023274
v 0.003420 -0.160673 0.024030
v 0.006864 -0.157028 0.024687
v 0.008841 -0.154652 0.025016
v 0.011150 -0.152215 0.025354
v 0.013052 -0.150421 0.025581
v 0.015136 -0.147557 0.025659
v 0.016763 -0.143887 0.025541
v 0.016763 -0.143887 0.029041
v 0.015136 -0.147557 0.029157
v 0.013052 -0.150421 0.029060
v 0.011150 -0.152215 0.028820
v 0.008841 -0.154652 0.028536
v 0.006864 -0.157028 0.028206
v 0.003420 -0.160673 0.027457
v 0.000390 -0.163571 0.026766
v -0.001531 -0.166082 0.026209
v -0.003031 -0.168344 0.025743
v -0.005408 -0.170916 0.024978
v -0.007275 -0.173523 0.024338
v -0.008580 -0.175446 0.023815
v -0.009873 -0.178045 0.023235
v -0.011632 -0.183197 0.022124
v -0.013545 -0.187408 0.021189
v -0.014094 -0.189374 0.020710
v 0.011807 -0.224195 0.014923
v 0.011807 -0.224195 0.014923
v 0.019985 -0.167808 0.027947
v 0.038737 -0.180156 0.027456
v 0.019985 -0.167808 0.024354
v 0.038737 -0.180156 0.023923
v 0.011807 -0.224195 0.011339
v 0.011807 -0.224195 0.011339
v 0.009620 -0.219642 0.015920
v 0.014070 -0.222573 0.015526
v 0.014070 -0.222573 0.011976
v 0.009620 -0.219642 0.012405
v 0.008397 -0.216931 0.012966
v 0.015413 -0.221552 0.012366
v 0.015413 -0.221552 0.015909
v 0.008397 -0.216931 0.016563
v 0.005995 -0.210677 0.014295
v 0.019382 -0.219492 0.013271
v 0.019382 -0.219492 0.016821
v 0.005995 -0.210677 0.017875
v 0.003108 -0.203524 0.015702
v 0.023153 -0.216724 0.014308
v 0.023153 -0.216724 0.017871
v 0.003108 -0.203524 0.019243
v 0.000880 -0.196602 0.016833
v 0.028029 -0.214481 0.015244
v 0.028029 -0.214481 0.018787
v 0.000880 -0.196602 0.020421
v 0.000577 -0.189138 0.018282
v 0.033619 -0.210897 0.016439
v 0.033619 -0.210897 0.019985
v 0.000577 -0.189138 0.021849
v 0.001271 -0.183292 0.019394
v 0.036926 -0.206772 0.017707
v 0.036926 -0.206772 0.021257
v 0.001271 -0.183292 0.022974
v 0.005288 -0.175866 0.021204
v 0.041566 -0.199755 0.019590
v 0.041566 -0.199755 0.023128
v 0.005288 -0.175866 0.024783
v 0.009795 -0.171808 0.022501
v 0.042578 -0.193396 0.021130
v 0.042578 -0.193396 0.024685
v 0.009795 -0.171808 0.026094
v 0.016044 -0.169252 0.023711
v 0.041387 -0.185941 0.022800
v 0.041387 -0.185941 0.026370
v 0.016044 -0.169252 0.027302
v 0.042585 -0.190537 0.025339
v 0.042585 -0.190537 0.021820
v 0.012389 -0.170652 0.023050
v 0.012389 -0.170652 0.026638
v 0.042408 -0.196953 0.023828
v 0.042408 -0.196953 0.020215
v 0.006925 -0.173587 0.021796
v 0.006925 -0.173587 0.025384
v 0.039176 -0.203662 0.022103
v 0.039176 -0.203662 0.018545
v 0.003143 -0.179934 0.020242
v 0.003143 -0.179934 0.023800
v 0.035128 -0.209000 0.020596
v 0.035128 -0.209000 0.017032
v 0.000749 -0.186361 0.018798
v 0.000749 -0.186361 0.022329
v 0.031020 -0.213010 0.019333
v 0.031020 -0.213010 0.015734
v 0.000071 -0.192629 0.017509
v 0.000071 -0.192629 0.021085
v 0.025892 -0.215554 0.018375
v 0.025892 -0.215554 0.014818
v 0.001535 -0.199514 0.016321
v 0.001535 -0.199514 0.019918
v 0.011807 -0.224195 0.014923
v 0.011807 -0.224195 0.011339
v 0.011845 -0.221108 0.012154
v 0.011905 -0.219242 0.012722
v 0.012688 -0.215084 0.013931
v 0.013130 -0.210124 0.015374
v 0.013713 -0.207534 0.016186
v 0.014454 -0.205541 0.016814
v 0.015545 -0.202819 0.017655
v 0.017098 -0.200017 0.018604
v 0.017938 -0.197681 0.019265
v 0.019099 -0.195032 0.020089
v 0.021160 -0.191798 0.021025
v 0.023427 -0.187810 0.022150
v 0.024666 -0.185270 0.022738
v 0.026187 -0.182602 0.023302
v 0.027487 -0.180594 0.023705
v 0.028715 -0.177597 0.024154
v 0.029361 -0.173982 0.024577
v 0.029361 -0.173982 0.028173
v 0.028715 -0.177597 0.027703
v 0.027487 -0.180594 0.027294
v 0.026187 -0.182602 0.026845
v 0.024666 -0.185270 0.026261
v 0.023427 -0.187810 0.025697
v 0.021160 -0.191798 0.024589
v 0.019099 -0.195032 0.023651
v 0.017938 -0.197681 0.022864
v 0.017098 -0.200017 0.022138
v 0.015545 -0.202819 0.021259
v 0.014454 -0.205541 0.020404
v 0.013713 -0.207534 0.019730
v 0.013130 -0.210124 0.018970
v 0.012688 -0.215084 0.017520
v 0.011905 -0.219242 0.016275
v 0.011845 -0.221108 0.015711
v 0.076713 -0.206041 0.014386
v 0.076713 -0.206042 0.014386
v 0.059477 -0.160217 0.024054
v 0.046009 -0.174031 0.025383
v 0.059477 -0.160217 0.027593
v 0.046009 -0.174031 0.028893
v 0.076713 -0.206041 0.017871
v 0.076713 -0.206042 0.017871
v 0.077711 -0.201818 0.015092
v 0.074515 -0.205097 0.015009
v 0.074515 -0.205097 0.018509
v 0.077711 -0.201818 0.018611
v 0.078239 -0.199318 0.019005
v 0.073200 -0.204487 0.018869
v 0.073200 -0.204487 0.015367
v 0.078239 -0.199318 0.015509
v 0.079105 -0.193626 0.019898
v 0.069490 -0.203488 0.019757
v 0.069490 -0.203488 0.016242
v 0.079105 -0.193626 0.016345
v 0.080212 -0.187092 0.020726
v 0.065815 -0.201858 0.020795
v 0.065815 -0.201858 0.017300
v 0.080212 -0.187092 0.017222
v 0.080810 -0.180872 0.021433
v 0.061310 -0.200872 0.021839
v 0.061310 -0.200872 0.018269
v 0.080810 -0.180872 0.017873
v 0.079691 -0.174551 0.022365
v 0.055959 -0.198892 0.023149
v 0.055959 -0.198892 0.019625
v 0.079691 -0.174551 0.018823
v 0.078033 -0.169772 0.023132
v 0.052424 -0.196038 0.024342
v 0.052424 -0.196038 0.020775
v 0.078033 -0.169772 0.019625
v 0.073295 -0.164278 0.024501
v 0.047240 -0.191002 0.026044
v 0.047240 -0.191002 0.022525
v 0.073295 -0.164278 0.020974
v 0.068766 -0.161701 0.025610
v 0.045220 -0.185851 0.027342
v 0.045220 -0.185851 0.023774
v 0.068766 -0.161701 0.022130
v 0.063051 -0.160705 0.026853
v 0.044849 -0.179374 0.028383
v 0.044849 -0.179374 0.024893
v 0.063051 -0.160705 0.023334
v 0.044689 -0.183452 0.024276
v 0.044689 -0.183452 0.027807
v 0.066377 -0.161208 0.026201
v 0.066377 -0.161208 0.022657
v 0.046017 -0.188805 0.023127
v 0.046017 -0.188805 0.026675
v 0.071502 -0.162666 0.025006
v 0.071502 -0.162666 0.021486
v 0.049964 -0.193842 0.021608
v 0.049964 -0.193842 0.025158
v 0.075844 -0.167298 0.023828
v 0.075844 -0.167298 0.020276
v 0.054344 -0.197578 0.020179
v 0.054344 -0.197578 0.023702
v 0.079036 -0.172253 0.022708
v 0.079036 -0.172253 0.019219
v 0.058529 -0.200187 0.018875
v 0.058529 -0.200187 0.022405
v 0.080758 -0.177388 0.021812
v 0.080758 -0.177388 0.018323
v 0.063301 -0.201379 0.017833
v 0.063301 -0.201379 0.021336
v 0.080795 -0.183436 0.021066
v 0.080795 -0.183436 0.017584
v 0.076713 -0.206041 0.014386
v 0.076713 -0.206041 0.017871
v 0.076113 -0.203458 0.018593
v 0.075719 -0.201902 0.018988
v 0.074297 -0.198557 0.019935
v 0.073014 -0.194475 0.020997
v 0.072048 -0.192408 0.021632
v 0.071060 -0.190872 0.022141
v 0.069643 -0.188788 0.022810
v 0.067825 -0.186722 0.023539
v 0.066690 -0.184915 0.024118
v 0.065229 -0.182905 0.024744
v 0.062904 -0.180570 0.025566
v 0.060268 -0.177640 0.026434
v 0.058760 -0.175735 0.026921
v 0.056993 -0.173776 0.027455
v 0.055533 -0.172330 0.027803
v 0.053950 -0.170039 0.028164
v 0.052743 -0.167124 0.028522
v 0.052743 -0.167124 0.024981
v 0.053950 -0.170039 0.024692
v 0.055533 -0.172330 0.024320
v 0.056993 -0.173776 0.023917
v 0.058760 -0.175735 0.023415
v 0.060268 -0.177640 0.022918
v 0.062904 -0.180570 0.022023
v 0.065229 -0.182905 0.021181
v 0.066690 -0.184915 0.020547
v 0.067825 -0.186722 0.020054
v 0.069643 -0.188788 0.019268
v 0.071060 -0.190872 0.018631
v 0.072048 -0.192408 0.018083
v 0.073014 -0.194475 0.017498
v 0.074297 -0.198557 0.016422
v 0.075719 -0.201902 0.015477
v 0.076113 -0.203458 0.015066
v -0.049249 -0.130781 0.030420
v 0.113048 -0.123668 0.030299
v -0.072572 0.176524 0.027928
v 0.127525 0.163367 0.028666
v -0.072572 0.176524 -0.000309
v 0.127525 0.163367 0.000508
v -0.049249 -0.130781 0.002242
v 0.113048 -0.123668 0.002170
v -0.058013 -0.066061 0.033021
v 0.113832 -0.068444 0.032770
v 0.113832 -0.068444 0.004609
v -0.058013 -0.066061 0.004864
v -0.062074 -0.030783 0.005424
v 0.113468 -0.034464 0.005424
v 0.113468 -0.034464 0.033518
v -0.062074 -0.030783 0.033572
v -0.065348 -0.005214 0.005424
v 0.114396 -0.009836 0.005517
v 0.114396 -0.009836 0.033660
v -0.065348 -0.005214 0.033572
v -0.067111 0.033543 0.005284
v 0.117655 0.027494 0.005424
v 0.117655 0.027494 0.033572
v -0.067111 0.033543 0.033389
v -0.067795 0.063077 0.004977
v 0.121179 0.055941 0.005107
v 0.121179 0.055941 0.033203
v -0.067795 0.063077 0.033082
v -0.069394 0.093745 0.004129
v 0.125032 0.085479 0.004280
v 0.125032 0.085479 0.032419
v -0.069394 0.093745 0.032296
v -0.072555 0.126837 0.002658
v 0.128232 0.117353 0.002984
v 0.128232 0.117353 0.031124
v -0.072555 0.126837 0.030838
v -0.073259 0.152694 0.001214
v 0.128649 0.142258 0.001760
v 0.128649 0.142258 0.029880
v -0.073259 0.152694 0.029395
v -0.036564 -0.133531 0.030654
v -0.036564 -0.133531 0.002500
v -0.044582 -0.066247 0.005424
v -0.048353 -0.031071 0.006003
v -0.051298 -0.005575 0.006003
v -0.052670 0.033070 0.005902
v -0.053025 0.062520 0.005684
v -0.054197 0.093099 0.004864
v -0.056861 0.126096 0.003441
v -0.057477 0.151878 0.002008
v -0.056932 0.178325 0.000255
v -0.056932 0.178325 0.028414
v -0.057477 0.151878 0.030172
v -0.056861 0.126096 0.031588
v -0.054197 0.093099 0.033021
v -0.053025 0.062520 0.033835
v -0.052670 0.033070 0.034096
v -0.051299 -0.005575 0.034149
v -0.048353 -0.031071 0.034147
v -0.044582 -0.066247 0.033518
v -0.031498 -0.066429 0.005828
v -0.024207 -0.135928 0.002713
v -0.024207 -0.135928 0.030875
v -0.031498 -0.066429 0.033985
v -0.034988 -0.031351 0.034654
v -0.037613 -0.005927 0.034687
v -0.038602 0.032610 0.034654
v -0.038636 0.061976 0.034314
v -0.039394 0.092469 0.033572
v -0.041573 0.125373 0.032192
v -0.042104 0.151084 0.030771
v -0.043228 0.179192 0.028900
v -0.043228 0.179192 0.000708
v -0.042104 0.151084 0.002623
v -0.041573 0.125373 0.004008
v -0.039394 0.092469 0.005441
v -0.038636 0.061976 0.006243
v -0.038602 0.032610 0.006469
v -0.037613 -0.005927 0.006511
v -0.034987 -0.031351 0.006469
v -0.020415 -0.066583 0.006110
v -0.013740 -0.137674 0.002817
v -0.013740 -0.137674 0.030987
v -0.020415 -0.066583 0.034287
v -0.023667 -0.031588 0.034923
v -0.026021 -0.006225 0.035035
v -0.026686 0.032219 0.034979
v -0.026449 0.061516 0.034743
v -0.026855 0.091936 0.033985
v -0.028624 0.124762 0.032631
v -0.029083 0.150411 0.031229
v -0.033961 0.173681 0.029573
v -0.033961 0.173681 0.001435
v -0.029083 0.150411 0.003086
v -0.028624 0.124762 0.004506
v -0.026855 0.091936 0.005876
v -0.026449 0.061516 0.006567
v -0.026686 0.032219 0.006848
v -0.026021 -0.006225 0.006882
v -0.023667 -0.031588 0.006793
v 0.017000 -0.067101 0.006623
v 0.021597 -0.139982 0.003086
v 0.021597 -0.139982 0.031229
v 0.017000 -0.067101 0.034799
v 0.014554 -0.032390 0.035531
v 0.013114 -0.007232 0.035706
v 0.013543 0.030902 0.035706
v 0.014696 0.059962 0.035425
v 0.015477 0.090137 0.034799
v 0.015092 0.122697 0.033439
v 0.014878 0.148139 0.032104
v 0.014774 0.173148 0.030470
v 0.014774 0.173148 0.002313
v 0.014878 0.148139 0.003919
v 0.015093 0.122697 0.005284
v 0.015477 0.090137 0.006623
v 0.014696 0.059962 0.007322
v 0.013543 0.030902 0.007591
v 0.013114 -0.007232 0.007591
v 0.014554 -0.032390 0.007393
v 0.060960 -0.067711 0.006331
v 0.063113 -0.138162 0.002817
v 0.063113 -0.138162 0.030987
v 0.060960 -0.067711 0.034415
v 0.059458 -0.033332 0.035260
v 0.059094 -0.008414 0.035425
v 0.060807 0.029355 0.035425
v 0.063037 0.058136 0.035205
v 0.065212 0.088022 0.034474
v 0.066455 0.120271 0.033203
v 0.066528 0.145469 0.031870
v 0.065960 0.168740 0.030470
v 0.065960 0.168740 0.002313
v 0.066528 0.145469 0.003732
v 0.066455 0.120271 0.005027
v 0.065212 0.088022 0.006331
v 0.063037 0.058136 0.007013
v 0.060807 0.029355 0.007294
v 0.059094 -0.008414 0.007294
v 0.059459 -0.033332 0.007119
v 0.048635 -0.139164 0.002984
v 0.045629 -0.067498 0.006511
v 0.043798 -0.033003 0.007322
v 0.043058 -0.008002 0.007511
v 0.044324 0.029895 0.007511
v 0.046178 0.058773 0.007294
v 0.047867 0.088759 0.006567
v 0.048543 0.121117 0.005284
v 0.048515 0.146400 0.003994
v 0.048110 0.172998 0.002242
v 0.048110 0.172998 0.030420
v 0.048515 0.146400 0.032144
v 0.048543 0.121117 0.033439
v 0.047867 0.088759 0.034743
v 0.046178 0.058773 0.035416
v 0.044324 0.029895 0.035660
v 0.043058 -0.008002 0.035660
v 0.043798 -0.033003 0.035497
v 0.045629 -0.067498 0.034687
v 0.048635 -0.139164 0.031125
v 0.033069 -0.139847 0.003086
v 0.029148 -0.067270 0.006623
v 0.026962 -0.032650 0.007423
v 0.025819 -0.007558 0.007591
v 0.026603 0.030475 0.007591
v 0.028054 0.059458 0.007393
v 0.029220 0.089552 0.006675
v 0.029285 0.122027 0.005424
v 0.029150 0.147401 0.004008
v 0.028918 0.174842 0.002242
v 0.028918 0.174842 0.030420
v 0.029150 0.147401 0.032192
v 0.029285 0.122027 0.033518
v 0.029220 0.089552 0.034799
v 0.028054 0.059458 0.035497
v 0.026603 0.030475 0.035733
v 0.025819 -0.007558 0.035733
v 0.026962 -0.032650 0.035531
v 0.029148 -0.067270 0.034799
v 0.033069 -0.139847 0.031229
v 0.014935 -0.140274 0.003030
v 0.009947 -0.067004 0.006567
v 0.007349 -0.032239 0.007322
v 0.005737 -0.007042 0.007511
v 0.005959 0.031151 0.007511
v 0.006940 0.060255 0.007249
v 0.007497 0.090476 0.006511
v 0.006852 0.123086 0.005248
v 0.006591 0.148567 0.003884
v 0.006562 0.171237 0.002426
v 0.006562 0.171237 0.030582
v 0.006591 0.148567 0.032058
v 0.006852 0.123086 0.033389
v 0.007497 0.090476 0.034687
v 0.006940 0.060255 0.035416
v 0.005959 0.031151 0.035611
v 0.005737 -0.007042 0.035660
v 0.007349 -0.032239 0.035497
v 0.009947 -0.067004 0.034743
v 0.014935 -0.140274 0.031151
v 0.074663 -0.067901 0.006003
v 0.076055 -0.134406 0.002817
v 0.076055 -0.134406 0.030987
v 0.074663 -0.067901 0.034147
v 0.073457 -0.033625 0.034923
v 0.073427 -0.008783 0.035161
v 0.075541 0.028872 0.035087
v 0.078106 0.057567 0.034830
v 0.080716 0.087363 0.034147
v 0.082466 0.119515 0.032860
v 0.082628 0.144637 0.031588
v 0.081917 0.167348 0.030172
v 0.081917 0.167348 0.002008
v 0.082628 0.144637 0.003441
v 0.082466 0.119515 0.004671
v 0.080716 0.087363 0.005948
v 0.078106 0.057567 0.006675
v 0.075541 0.028872 0.006912
v 0.073427 -0.008783 0.007004
v 0.073457 -0.033625 0.006848
v 0.087259 -0.068075 0.005684
v 0.087400 -0.128932 0.002817
v 0.087400 -0.128932 0.030987
v 0.087259 -0.068075 0.033777
v 0.086323 -0.033895 0.034604
v 0.086601 -0.009122 0.034743
v 0.089084 0.028429 0.034687
v 0.091958 0.057044 0.034415
v 0.094967 0.086757 0.033660
v 0.097184 0.118819 0.032406
v 0.097428 0.143872 0.031124
v 0.096583 0.166067 0.029780
v 0.096583 0.166067 0.001659
v 0.097428 0.143872 0.002984
v 0.097184 0.118819 0.004220
v 0.094967 0.086757 0.005517
v 0.091958 0.057044 0.006276
v 0.089084 0.028429 0.006567
v 0.086602 -0.009122 0.006623
v 0.086323 -0.033895 0.006418
v 0.089469 0.296162 0.003350
v 0.089868 0.296052 0.004070
v 0.090489 0.295881 0.004642
v 0.091272 0.295666 0.005009
v 0.092139 0.295427 0.005135
v 0.093007 0.295188 0.005009
v 0.093790 0.294973 0.004642
v 0.094411 0.294802 0.004070
v 0.094810 0.294692 0.003350
v 0.094947 0.294654 0.002551
v 0.094810 0.294692 0.001752
v 0.094411 0.294802 0.001032
v 0.093790 0.294973 0.000460
v 0.093007 0.295188 0.000093
v 0.092139 0.295427 -0.000033
v 0.091272 0.295666 0.000093
v 0.090489 0.295881 0.000460
v 0.089868 0.296052 0.001032
v 0.089469 0.296162 0.001752
v 0.089331 0.296200 0.002551
v 0.104174 0.351681 -0.003288
v 0.104523 0.351585 -0.002657
v 0.105067 0.351435 -0.002157
v 0.105752 0.351246 -0.001836
v 0.106512 0.351037 -0.001725
v 0.107271 0.350828 -0.001836
v 0.107957 0.350640 -0.002157
v 0.108501 0.350490 -0.002657
v 0.108850 0.350394 -0.003288
v 0.108970 0.350361 -0.003969
v 0.108850 0.350394 -0.004669
v 0.108501 0.350490 -0.005299
v 0.107957 0.350640 -0.005800
v 0.107271 0.350828 -0.006121
v 0.106512 0.351037 -0.006232
v 0.105752 0.351246 -0.006121
v 0.105067 0.351435 -0.005818
v 0.104523 0.351585 -0.005317
v 0.104174 0.351681 -0.004687
v 0.104053 0.351714 -0.003987
v 0.080905 0.268409 0.006479
v 0.081304 0.268299 0.007199
v 0.081926 0.268128 0.007771
v 0.082708 0.267913 0.008138
v 0.083576 0.267674 0.008265
v 0.084444 0.267435 0.008138
v 0.085227 0.267219 0.007771
v 0.085848 0.267048 0.007199
v 0.086247 0.266938 0.006479
v 0.086384 0.266901 0.005696
v 0.086247 0.266938 0.004898
v 0.085848 0.267048 0.004177
v 0.085227 0.267219 0.003606
v 0.084444 0.267435 0.003238
v 0.083576 0.267674 0.003112
v 0.082708 0.267913 0.003238
v 0.081926 0.268128 0.003606
v 0.081304 0.268299 0.004161
v 0.080905 0.268409 0.004882
v 0.080768 0.268447 0.005680
v 0.072936 0.239839 0.009446
v 0.073335 0.239729 0.010166
v 0.073956 0.239558 0.010738
v 0.074739 0.239343 0.011105
v 0.075606 0.239104 0.011232
v 0.076474 0.238865 0.011105
v 0.077257 0.238649 0.010738
v 0.077878 0.238479 0.010166
v 0.078277 0.238369 0.009446
v 0.078415 0.238331 0.008647
v 0.078277 0.238369 0.007849
v 0.077878 0.238479 0.007128
v 0.077257 0.238649 0.006645
v 0.076474 0.238865 0.006278
v 0.075606 0.239104 0.006063
v 0.074739 0.239343 0.006189
v 0.073956 0.239558 0.006556
v 0.073335 0.239729 0.007128
v 0.072936 0.239839 0.007849
v 0.072798 0.239877 0.008647
v 0.063616 0.205425 0.012728
v 0.064015 0.205316 0.013405
v 0.064636 0.205145 0.013976
v 0.065419 0.204929 0.014343
v 0.066286 0.204690 0.014470
v 0.067154 0.204451 0.014387
v 0.067937 0.204236 0.014020
v 0.068558 0.204065 0.013448
v 0.068957 0.203955 0.012728
v 0.069094 0.203917 0.011929
v 0.068957 0.203955 0.011131
v 0.068558 0.204065 0.010410
v 0.067937 0.204236 0.009838
v 0.067154 0.204451 0.009471
v 0.066286 0.204690 0.009345
v 0.065419 0.204929 0.009471
v 0.064636 0.205145 0.009838
v 0.064015 0.205316 0.010410
v 0.063616 0.205425 0.011131
v 0.063478 0.205463 0.011929
v 0.054445 0.170575 0.015524
v 0.054844 0.170465 0.016244
v 0.055465 0.170294 0.016816
v 0.056248 0.170079 0.017183
v 0.057116 0.169840 0.017310
v 0.057984 0.169601 0.017183
v 0.058766 0.169386 0.016816
v 0.059388 0.169215 0.016244
v 0.059786 0.169105 0.015524
v 0.059924 0.169067 0.014725
v 0.059786 0.169105 0.013927
v 0.059388 0.169215 0.013206
v 0.058766 0.169386 0.012681
v 0.057984 0.169601 0.012314
v 0.057116 0.169840 0.012141
v 0.056248 0.170079 0.012268
v 0.055465 0.170294 0.012635
v 0.054844 0.170465 0.013206
v 0.054445 0.170575 0.013927
v 0.054308 0.170613 0.014725
v 0.045660 0.164394 0.016028
v 0.046059 0.164284 0.016749
v 0.048330 0.163658 0.015268
v 0.046680 0.164113 0.017320
v 0.047463 0.163897 0.017687
v 0.048330 0.163658 0.017814
v 0.049198 0.163420 0.017687
v 0.049981 0.163204 0.017320
v 0.050602 0.163033 0.016787
v 0.051001 0.162923 0.016066
v 0.051138 0.162886 0.015268
v 0.051001 0.162923 0.014469
v 0.050602 0.163033 0.013749
v 0.049981 0.163204 0.013177
v 0.049198 0.163420 0.012810
v 0.048330 0.163658 0.012683
v 0.047463 0.163897 0.012810
v 0.046680 0.164113 0.013177
v 0.046059 0.164284 0.013711
v 0.045660 0.164394 0.014431
v 0.045522 0.164431 0.015230
v 0.107059 0.363026 -0.004762
v 0.107351 0.362946 -0.004235
v 0.107806 0.362821 -0.003816
v 0.108379 0.362663 -0.003548
v 0.109014 0.362488 -0.003455
v 0.109650 0.362313 -0.003548
v 0.110223 0.362155 -0.003812
v 0.110678 0.362030 -0.004230
v 0.110970 0.361950 -0.004758
v 0.111071 0.361922 -0.005343
v 0.110970 0.361950 -0.005927
v 0.110678 0.362030 -0.006455
v 0.110223 0.362155 -0.006873
v 0.109650 0.362313 -0.007142
v 0.109014 0.362488 -0.007235
v 0.108379 0.362663 -0.007142
v 0.107806 0.362821 -0.006873
v 0.107351 0.362946 -0.006455
v 0.107059 0.363026 -0.005927
v 0.106958 0.363054 -0.005347
v 0.115509 0.394344 -0.008624
v 0.115749 0.394278 -0.008191
v 0.116123 0.394175 -0.007847
v 0.116595 0.394045 -0.007626
v 0.117117 0.393901 -0.007548
v 0.117640 0.393757 -0.007625
v 0.118111 0.393627 -0.007846
v 0.118486 0.393524 -0.008190
v 0.118726 0.393458 -0.008624
v 0.118809 0.393436 -0.009105
v 0.118726 0.393458 -0.009586
v 0.118486 0.393524 -0.010020
v 0.118111 0.393627 -0.010364
v 0.117640 0.393757 -0.010585
v 0.117117 0.393901 -0.010661
v 0.116595 0.394045 -0.010585
v 0.116123 0.394175 -0.010364
v 0.115749 0.394278 -0.010020
v 0.115509 0.394344 -0.009586
v 0.115426 0.394367 -0.009105
v 0.120862 0.415467 -0.011459
v 0.120927 0.415449 -0.011342
v 0.121295 0.415348 -0.011589
v 0.121027 0.415422 -0.011250
v 0.121154 0.415387 -0.011190
v 0.121295 0.415348 -0.011169
v 0.121436 0.415309 -0.011190
v 0.121563 0.415274 -0.011250
v 0.121664 0.415247 -0.011342
v 0.121728 0.415229 -0.011459
v 0.121751 0.415223 -0.011589
v 0.121728 0.415229 -0.011718
v 0.121664 0.415247 -0.011835
v 0.121563 0.415274 -0.011928
v 0.121436 0.415309 -0.011987
v 0.121295 0.415348 -0.012008
v 0.121154 0.415387 -0.011987
v 0.121027 0.415422 -0.011928
v 0.120927 0.415449 -0.011835
v 0.120862 0.415467 -0.011718
v 0.120840 0.415473 -0.011589
v -0.108910 0.261881 0.002297
v -0.109280 0.261697 0.001576
v -0.109855 0.261409 0.001005
v -0.110580 0.261048 0.000638
v -0.111384 0.260646 0.000511
v -0.112187 0.260245 0.000638
v -0.112912 0.259883 0.001005
v -0.113488 0.259596 0.001576
v -0.113857 0.259412 0.002297
v -0.113984 0.259348 0.003043
v -0.113857 0.259412 0.003841
v -0.113488 0.259596 0.004562
v -0.112912 0.259883 0.005133
v -0.112187 0.260245 0.005500
v -0.111384 0.260646 0.005680
v -0.110580 0.261048 0.005553
v -0.109855 0.261409 0.005186
v -0.109280 0.261697 0.004615
v -0.108910 0.261881 0.003894
v -0.108783 0.261945 0.003095
v -0.131684 0.298834 -0.002495
v -0.132007 0.298672 -0.003126
v -0.132511 0.298421 -0.003626
v -0.133146 0.298104 -0.003948
v -0.133849 0.297753 -0.004058
v -0.134553 0.297402 -0.003948
v -0.135188 0.297085 -0.003626
v -0.135691 0.296833 -0.003126
v -0.136015 0.296672 -0.002538
v -0.136126 0.296616 -0.001839
v -0.136015 0.296672 -0.001140
v -0.135691 0.296833 -0.000509
v -0.135188 0.297085 -0.000009
v -0.134553 0.297402 0.000313
v -0.133849 0.297753 0.000467
v -0.133146 0.298104 0.000356
v -0.132511 0.298421 0.000035
v -0.132007 0.298672 -0.000466
v -0.131684 0.298834 -0.001097
v -0.131572 0.298889 -0.001796
v -0.096320 0.243440 0.004688
v -0.096689 0.243255 0.003969
v -0.097264 0.242968 0.003398
v -0.097989 0.242606 0.003029
v -0.098793 0.242205 0.002902
v -0.099597 0.241804 0.003029
v -0.100322 0.241442 0.003396
v -0.100897 0.241155 0.003967
v -0.101266 0.240970 0.004688
v -0.101394 0.240907 0.005487
v -0.101266 0.240970 0.006233
v -0.100897 0.241155 0.006953
v -0.100322 0.241442 0.007525
v -0.099597 0.241804 0.007944
v -0.098793 0.242205 0.008071
v -0.097989 0.242606 0.007944
v -0.097264 0.242968 0.007577
v -0.096689 0.243255 0.007006
v -0.096320 0.243440 0.006285
v -0.096192 0.243503 0.005487
v -0.081098 0.224649 0.007115
v -0.081467 0.224465 0.006394
v -0.082043 0.224177 0.005822
v -0.082768 0.223816 0.005455
v -0.083571 0.223414 0.005329
v -0.084375 0.223013 0.005455
v -0.085100 0.222651 0.005822
v -0.085675 0.222364 0.006394
v -0.086044 0.222180 0.007115
v -0.086172 0.222116 0.007913
v -0.086044 0.222180 0.008712
v -0.085675 0.222364 0.009377
v -0.085100 0.222651 0.009949
v -0.084375 0.223013 0.010371
v -0.083571 0.223414 0.010498
v -0.082768 0.223816 0.010371
v -0.082043 0.224177 0.010004
v -0.081467 0.224465 0.009432
v -0.081098 0.224649 0.008712
v -0.080971 0.224712 0.007913
v -0.065718 0.202395 0.009718
v -0.066088 0.202211 0.008998
v -0.066663 0.201923 0.008426
v -0.067388 0.201562 0.008059
v -0.068192 0.201160 0.007933
v -0.068995 0.200759 0.008059
v -0.069720 0.200397 0.008377
v -0.070296 0.200110 0.008949
v -0.070665 0.199926 0.009669
v -0.070792 0.199862 0.010468
v -0.070665 0.199926 0.011266
v -0.070296 0.200110 0.011987
v -0.069720 0.200397 0.012558
v -0.068995 0.200759 0.012926
v -0.068192 0.201160 0.013052
v -0.067388 0.201562 0.012926
v -0.066663 0.201923 0.012558
v -0.066088 0.202211 0.011987
v -0.065718 0.202395 0.011266
v -0.065591 0.202459 0.010468
v -0.048636 0.180267 0.012017
v -0.049006 0.180083 0.011296
v -0.049581 0.179796 0.010725
v -0.050306 0.179434 0.010358
v -0.051110 0.179033 0.010231
v -0.051913 0.178632 0.010358
v -0.052638 0.178270 0.010725
v -0.053214 0.177983 0.011296
v -0.053583 0.177798 0.012017
v -0.053710 0.177735 0.012815
v -0.053583 0.177798 0.013614
v -0.053214 0.177983 0.014335
v -0.052638 0.178270 0.014869
v -0.051913 0.178632 0.015236
v -0.051110 0.179033 0.015362
v -0.050306 0.179434 0.015236
v -0.049581 0.179796 0.014906
v -0.049006 0.180083 0.014335
v -0.048636 0.180267 0.013614
v -0.048509 0.180331 0.012815
v -0.043974 0.176785 0.012446
v -0.044343 0.176601 0.011726
v -0.046447 0.175550 0.013245
v -0.044918 0.176313 0.011154
v -0.045643 0.175952 0.010787
v -0.046447 0.175550 0.010660
v -0.047251 0.175149 0.010787
v -0.047975 0.174787 0.011154
v -0.048551 0.174500 0.011726
v -0.048920 0.174316 0.012446
v -0.049047 0.174252 0.013245
v -0.048920 0.174316 0.014043
v -0.048551 0.174500 0.014764
v -0.047975 0.174787 0.015336
v -0.047251 0.175149 0.015703
v -0.046447 0.175550 0.015829
v -0.045643 0.175952 0.015703
v -0.044918 0.176313 0.015336
v -0.044343 0.176601 0.014764
v -0.043974 0.176785 0.014043
v -0.043846 0.176849 0.013245
v -0.135167 0.306514 -0.003349
v -0.135437 0.306379 -0.003876
v -0.135858 0.306168 -0.004295
v -0.136389 0.305903 -0.004564
v -0.136978 0.305610 -0.004656
v -0.137566 0.305316 -0.004564
v -0.138097 0.305051 -0.004295
v -0.138518 0.304841 -0.003876
v -0.138788 0.304706 -0.003349
v -0.138882 0.304659 -0.002803
v -0.138788 0.304706 -0.002218
v -0.138518 0.304841 -0.001690
v -0.138097 0.305051 -0.001272
v -0.137566 0.305316 -0.000965
v -0.136978 0.305610 -0.000872
v -0.136389 0.305903 -0.000965
v -0.135858 0.306168 -0.001233
v -0.135437 0.306379 -0.001652
v -0.135167 0.306514 -0.002179
v -0.135073 0.306560 -0.002764
v -0.141958 0.327850 -0.005824
v -0.142180 0.327739 -0.006257
v -0.142527 0.327566 -0.006602
v -0.142963 0.327348 -0.006823
v -0.143447 0.327107 -0.006899
v -0.143931 0.326865 -0.006823
v -0.144368 0.326647 -0.006602
v -0.144715 0.326474 -0.006257
v -0.144937 0.326363 -0.005824
v -0.145014 0.326325 -0.005343
v -0.144937 0.326363 -0.004862
v -0.144715 0.326474 -0.004428
v -0.144368 0.326647 -0.004083
v -0.143931 0.326865 -0.003862
v -0.143447 0.327107 -0.003786
v -0.142963 0.327348 -0.003862
v -0.142527 0.327566 -0.004083
v -0.142180 0.327739 -0.004428
v -0.141958 0.327850 -0.004862
v -0.141881 0.327888 -0.005343
v -0.145927 0.341922 -0.007088
v -0.145987 0.341893 -0.007205
v -0.146328 0.341722 -0.006959
v -0.146080 0.341846 -0.007298
v -0.146198 0.341787 -0.007357
v -0.146328 0.341722 -0.007378
v -0.146458 0.341657 -0.007357
v -0.146576 0.341598 -0.007298
v -0.146669 0.341552 -0.007205
v -0.146729 0.341522 -0.007088
v -0.146750 0.341512 -0.006959
v -0.146729 0.341522 -0.006829
v -0.146669 0.341552 -0.006712
v -0.146576 0.341598 -0.006619
v -0.146458 0.341657 -0.006560
v -0.146328 0.341722 -0.006539
v -0.146198 0.341787 -0.006560
v -0.146080 0.341846 -0.006619
v -0.145987 0.341893 -0.006712
v -0.145927 0.341922 -0.006829
v -0.145906 0.341933 -0.006959
v -0.015982 0.321857 -0.000640
v -0.016394 0.321814 -0.001361
v -0.017036 0.321746 -0.001933
v -0.017844 0.321661 -0.002300
v -0.018740 0.321567 -0.002426
v -0.019636 0.321472 -0.002310
v -0.020444 0.321387 -0.001943
v -0.021086 0.321320 -0.001371
v -0.021498 0.321276 -0.000651
v -0.021640 0.321261 0.000148
v -0.021498 0.321276 0.000946
v -0.021086 0.321320 0.001667
v -0.020444 0.321387 0.002238
v -0.019636 0.321472 0.002605
v -0.018740 0.321567 0.002732
v -0.017844 0.321661 0.002605
v -0.017036 0.321746 0.002238
v -0.016394 0.321814 0.001667
v -0.015982 0.321857 0.000957
v -0.015840 0.321872 0.000158
v -0.021149 0.385575 -0.007917
v -0.021510 0.385537 -0.008547
v -0.022071 0.385478 -0.009048
v -0.022779 0.385404 -0.009369
v -0.023563 0.385321 -0.009480
v -0.024348 0.385238 -0.009369
v -0.025056 0.385164 -0.009058
v -0.025617 0.385105 -0.008558
v -0.025978 0.385067 -0.007927
v -0.026102 0.385054 -0.007228
v -0.025978 0.385067 -0.006529
v -0.025617 0.385105 -0.005898
v -0.025056 0.385164 -0.005397
v -0.024348 0.385238 -0.005076
v -0.023563 0.385321 -0.004965
v -0.022779 0.385404 -0.005076
v -0.022071 0.385478 -0.005397
v -0.021510 0.385537 -0.005898
v -0.021149 0.385575 -0.006518
v -0.021025 0.385588 -0.007217
v -0.013281 0.289981 0.002909
v -0.013693 0.289938 0.002188
v -0.014334 0.289870 0.001617
v -0.015143 0.289785 0.001248
v -0.016039 0.289691 0.001122
v -0.016935 0.289597 0.001248
v -0.017743 0.289511 0.001616
v -0.018384 0.289444 0.002187
v -0.018796 0.289400 0.002908
v -0.018938 0.289385 0.003706
v -0.018796 0.289400 0.004505
v -0.018384 0.289444 0.005225
v -0.017743 0.289511 0.005797
v -0.016935 0.289597 0.006164
v -0.016039 0.289691 0.006291
v -0.015143 0.289785 0.006164
v -0.014334 0.289870 0.005797
v -0.013693 0.289938 0.005225
v -0.013281 0.289981 0.004505
v -0.013139 0.289996 0.003706
v -0.009769 0.257025 0.006382
v -0.010181 0.256982 0.005661
v -0.010823 0.256914 0.005090
v -0.011631 0.256829 0.004722
v -0.012527 0.256735 0.004596
v -0.013423 0.256640 0.004722
v -0.014231 0.256555 0.005069
v -0.014873 0.256488 0.005640
v -0.015285 0.256444 0.006361
v -0.015426 0.256429 0.007159
v -0.015285 0.256444 0.007958
v -0.014873 0.256488 0.008678
v -0.014231 0.256555 0.009250
v -0.013423 0.256640 0.009617
v -0.012527 0.256735 0.009744
v -0.011631 0.256829 0.009617
v -0.010823 0.256914 0.009250
v -0.010181 0.256982 0.008678
v -0.009769 0.257025 0.007979
v -0.009627 0.257040 0.007180
v -0.004096 0.217045 0.010196
v -0.004508 0.217002 0.009475
v -0.005150 0.216934 0.008904
v -0.005958 0.216849 0.008537
v -0.006854 0.216755 0.008410
v -0.007750 0.216660 0.008537
v -0.008558 0.216575 0.008904
v -0.009200 0.216508 0.009475
v -0.009612 0.216464 0.010196
v -0.009754 0.216450 0.010971
v -0.009612 0.216464 0.011770
v -0.009200 0.216508 0.012490
v -0.008558 0.216575 0.013062
v -0.007750 0.216660 0.013429
v -0.006854 0.216755 0.013556
v -0.005958 0.216849 0.013452
v -0.005150 0.216934 0.013085
v -0.004508 0.217002 0.012514
v -0.004096 0.217045 0.011793
v -0.003955 0.217060 0.010994
v 0.003197 0.176255 0.013543
v 0.002785 0.176212 0.012823
v 0.002144 0.176144 0.012251
v 0.001336 0.176059 0.011884
v 0.000439 0.175965 0.011758
v -0.000457 0.175870 0.011884
v -0.001265 0.175785 0.012251
v -0.001906 0.175718 0.012823
v -0.002318 0.175674 0.013543
v -0.002460 0.175659 0.014300
v -0.002318 0.175674 0.015098
v -0.001906 0.175718 0.015819
v -0.001265 0.175785 0.016390
v -0.000457 0.175870 0.016758
v 0.000439 0.175965 0.016884
v 0.001336 0.176059 0.016800
v 0.002144 0.176144 0.016433
v 0.002785 0.176212 0.015861
v 0.003197 0.176255 0.015141
v 0.003339 0.176270 0.014342
v 0.006169 0.168692 0.014114
v 0.005757 0.168648 0.013394
v 0.003411 0.168401 0.014913
v 0.005115 0.168581 0.012822
v 0.004307 0.168496 0.012455
v 0.003411 0.168401 0.012328
v 0.002515 0.168307 0.012455
v 0.001707 0.168222 0.012822
v 0.001065 0.168154 0.013394
v 0.000653 0.168111 0.014114
v 0.000511 0.168096 0.014913
v 0.000653 0.168111 0.015711
v 0.001065 0.168154 0.016432
v 0.001707 0.168222 0.016967
v 0.002515 0.168307 0.017334
v 0.003411 0.168401 0.017497
v 0.004307 0.168496 0.017370
v 0.005115 0.168581 0.017003
v 0.005757 0.168648 0.016432
v 0.006169 0.168692 0.015711
v 0.006311 0.168706 0.014913
v -0.021717 0.398501 -0.009294
v -0.022019 0.398469 -0.009822
v -0.022488 0.398419 -0.010240
v -0.023080 0.398357 -0.010509
v -0.023736 0.398288 -0.010601
v -0.024392 0.398219 -0.010509
v -0.024984 0.398156 -0.010240
v -0.025454 0.398107 -0.009822
v -0.025755 0.398075 -0.009294
v -0.025859 0.398064 -0.008709
v -0.025755 0.398075 -0.008125
v -0.025454 0.398107 -0.007597
v -0.024984 0.398156 -0.007178
v -0.024392 0.398219 -0.006910
v -0.023736 0.398288 -0.006817
v -0.023080 0.398357 -0.006910
v -0.022488 0.398419 -0.007178
v -0.022019 0.398469 -0.007597
v -0.021717 0.398501 -0.008125
v -0.021613 0.398511 -0.008709
v -0.022767 0.434078 -0.013216
v -0.023015 0.434052 -0.013650
v -0.023401 0.434012 -0.013995
v -0.023888 0.433960 -0.014216
v -0.024428 0.433904 -0.014292
v -0.024968 0.433847 -0.014216
v -0.025454 0.433795 -0.013995
v -0.025841 0.433755 -0.013650
v -0.026089 0.433729 -0.013216
v -0.026174 0.433720 -0.012735
v -0.026089 0.433729 -0.012254
v -0.025841 0.433755 -0.011821
v -0.025454 0.433796 -0.011476
v -0.024968 0.433847 -0.011255
v -0.024428 0.433904 -0.011179
v -0.023888 0.433960 -0.011255
v -0.023401 0.434012 -0.011476
v -0.023015 0.434052 -0.011821
v -0.022767 0.434078 -0.012254
v -0.022682 0.434087 -0.012735
v -0.024685 0.458312 -0.015522
v -0.024752 0.458305 -0.015639
v -0.025132 0.458265 -0.015392
v -0.024856 0.458294 -0.015731
v -0.024987 0.458281 -0.015791
v -0.025132 0.458265 -0.015811
v -0.025278 0.458250 -0.015791
v -0.025409 0.458236 -0.015731
v -0.025513 0.458225 -0.015639
v -0.025580 0.458218 -0.015522
v -0.025603 0.458216 -0.015392
v -0.025580 0.458218 -0.015263
v -0.025513 0.458225 -0.015146
v -0.025409 0.458236 -0.015053
v -0.025278 0.458250 -0.014994
v -0.025132 0.458265 -0.014973
v -0.024987 0.458281 -0.014994
v -0.024856 0.458294 -0.015053
v -0.024752 0.458305 -0.015146
v -0.024685 0.458312 -0.015263
v -0.024662 0.458315 -0.015392
v -0.013828 0.157842 0.016097
v 0.008496 0.158329 0.016421
v -0.028743 0.521808 -0.020895
v -0.028743 0.521808 -0.020895
v -0.028743 0.521808 -0.022468
v -0.028743 0.521808 -0.022468
v -0.013828 0.157842 0.014524
v 0.008496 0.158329 0.014848
v -0.015176 0.164405 0.015662
v 0.008819 0.165504 0.015938
v 0.008819 0.165503 0.014365
v -0.015176 0.164405 0.014126
v -0.018691 0.174970 0.013333
v 0.009980 0.177649 0.013556
v 0.009980 0.177648 0.015086
v -0.018691 0.174970 0.014858
v -0.020257 0.181702 0.012753
v 0.010000 0.184970 0.012995
v 0.010000 0.184970 0.014568
v -0.020257 0.181702 0.014326
v -0.020374 0.187102 0.012334
v 0.010197 0.190554 0.012578
v 0.010197 0.190553 0.014151
v -0.020374 0.187101 0.013907
v -0.022058 0.194949 0.011765
v 0.010567 0.199149 0.011881
v 0.010567 0.199149 0.013454
v -0.022058 0.194949 0.013338
v -0.027958 0.208458 0.010449
v 0.015841 0.216226 0.010449
v 0.015841 0.216226 0.012022
v -0.027958 0.208458 0.012022
v -0.031192 0.220847 0.009331
v 0.019627 0.230919 0.009217
v 0.019627 0.230919 0.010790
v -0.031192 0.220847 0.010904
v -0.035782 0.235640 0.007861
v 0.020888 0.247716 0.007576
v 0.020888 0.247715 0.009149
v -0.035782 0.235639 0.009434
v -0.037892 0.245968 0.006845
v 0.028931 0.261237 0.006260
v 0.028931 0.261237 0.007833
v -0.037892 0.245968 0.008360
v -0.044843 0.257425 0.005529
v 0.023737 0.273440 0.004966
v 0.023737 0.273440 0.006539
v -0.044843 0.257425 0.007102
v -0.048900 0.265044 0.004648
v 0.026030 0.283090 0.003989
v 0.026030 0.283089 0.005552
v -0.048900 0.265044 0.006221
v -0.050298 0.274561 0.003637
v 0.025793 0.293116 0.002920
v 0.025793 0.293115 0.004493
v -0.050298 0.274561 0.005200
v -0.052917 0.285761 0.002394
v 0.034755 0.307950 0.001250
v 0.034755 0.307949 0.002823
v -0.052917 0.285761 0.003967
v -0.057320 0.300787 0.000661
v 0.021127 0.320511 -0.000132
v 0.021127 0.320511 0.001441
v -0.057320 0.300787 0.002234
v -0.056845 0.317319 -0.001112
v 0.031447 0.340236 -0.002379
v 0.031447 0.340236 -0.000806
v -0.056845 0.317318 0.000461
v 0.029616 0.335003 -0.000212
v 0.029616 0.335003 -0.001785
v -0.056658 0.312761 -0.000628
v -0.056658 0.312761 0.000945
v 0.017802 0.326560 0.000738
v 0.017802 0.326560 -0.000835
v -0.057600 0.307623 -0.000083
v -0.057600 0.307623 0.001490
v -0.057967 0.332093 -0.002776
v 0.033857 0.356309 -0.004241
v 0.033857 0.356309 -0.002676
v -0.057967 0.332093 -0.001203
v -0.058670 0.349255 -0.004756
v 0.030133 0.372864 -0.006134
v 0.030133 0.372864 -0.004561
v -0.058670 0.349254 -0.003183
v -0.058042 0.368655 -0.006878
v 0.023925 0.390557 -0.008212
v 0.023925 0.390556 -0.006647
v -0.058042 0.368654 -0.005305
v -0.058592 0.382074 -0.008407
v 0.022552 0.403958 -0.009762
v 0.022552 0.403958 -0.008189
v -0.058592 0.382074 -0.006834
v -0.054971 0.397881 -0.010090
v 0.018601 0.417765 -0.011351
v 0.018601 0.417764 -0.009778
v -0.054971 0.397881 -0.008525
v -0.052889 0.427083 -0.013285
v 0.017374 0.424796 -0.012153
v 0.017374 0.424796 -0.010580
v -0.052889 0.427083 -0.011712
v -0.031190 0.430244 -0.013221
v 0.011221 0.430396 -0.012805
v 0.011221 0.430395 -0.011232
v -0.031190 0.430244 -0.011648
v -0.039565 0.434511 -0.013833
v 0.010566 0.436795 -0.013522
v 0.010566 0.436795 -0.011949
v -0.039565 0.434510 -0.012260
v -0.042978 0.437356 -0.014206
v 0.006279 0.443988 -0.014341
v 0.006279 0.443987 -0.012768
v -0.042978 0.437356 -0.012633
v -0.045463 0.440387 -0.014581
v 0.004164 0.452258 -0.015257
v 0.004164 0.452258 -0.013684
v -0.045463 0.440387 -0.013008
v -0.050917 0.446483 -0.015343
v 0.001323 0.460830 -0.016179
v 0.001323 0.460830 -0.014630
v -0.050917 0.446483 -0.013770
v -0.047036 0.454499 -0.016120
v -0.001128 0.467082 -0.016877
v -0.001128 0.467082 -0.015304
v -0.047036 0.454499 -0.014547
v -0.037220 0.466843 -0.017247
v -0.005982 0.475233 -0.017762
v -0.005982 0.475233 -0.016189
v -0.037220 0.466843 -0.015674
v -0.038748 0.474311 -0.018038
v -0.014821 0.480665 -0.018394
v -0.014821 0.480665 -0.016821
v -0.038748 0.474311 -0.016465
v -0.038887 0.477689 -0.018383
v -0.013408 0.484560 -0.018775
v -0.013408 0.484560 -0.017202
v -0.038887 0.477689 -0.016821
v -0.035111 0.484971 -0.019060
v -0.012775 0.491012 -0.019414
v -0.012775 0.491012 -0.017841
v -0.035111 0.484971 -0.017487
v -0.032948 0.491841 -0.019709
v -0.013491 0.497132 -0.020021
v -0.013491 0.497132 -0.018448
v -0.032948 0.491841 -0.018136
v -0.033349 0.498321 -0.020342
v -0.016251 0.503023 -0.020613
v -0.016251 0.503023 -0.019040
v -0.033349 0.498321 -0.018769
v 0.046775 0.169025 0.015699
v 0.068316 0.164030 0.015699
v 0.135955 0.469025 -0.016821
v 0.135955 0.469024 -0.016821
v 0.135955 0.469025 -0.018383
v 0.135955 0.469024 -0.018383
v 0.046775 0.169025 0.014126
v 0.068316 0.164030 0.014126
v 0.047349 0.174695 0.015309
v 0.070666 0.169795 0.015257
v 0.070666 0.169795 0.013684
v 0.047349 0.174695 0.013736
v 0.046983 0.184147 0.012995
v 0.075232 0.179405 0.012906
v 0.075232 0.179405 0.014479
v 0.046983 0.184147 0.014568
v 0.047394 0.190008 0.012609
v 0.077332 0.185362 0.012408
v 0.077332 0.185362 0.013981
v 0.047394 0.190008 0.014151
v 0.048818 0.194433 0.012201
v 0.079109 0.189862 0.012029
v 0.079109 0.189861 0.013564
v 0.048818 0.194433 0.013774
v 0.049434 0.201230 0.011703
v 0.081908 0.196772 0.011452
v 0.081907 0.196772 0.012970
v 0.049434 0.201230 0.013201
v 0.047618 0.213657 0.010639
v 0.091819 0.209405 0.010135
v 0.091819 0.209405 0.011708
v 0.047618 0.213656 0.012212
v 0.048041 0.224527 0.009681
v 0.099626 0.220456 0.008903
v 0.099626 0.220456 0.010476
v 0.048041 0.224526 0.011254
v 0.047846 0.237682 0.008495
v 0.105611 0.233830 0.007541
v 0.105611 0.233830 0.009114
v 0.047846 0.237681 0.010016
v 0.048759 0.246602 0.007641
v 0.117166 0.242899 0.006260
v 0.117166 0.242899 0.007833
v 0.048759 0.246602 0.009149
v 0.045353 0.257610 0.006579
v 0.115655 0.254091 0.005243
v 0.115655 0.254091 0.006816
v 0.045353 0.257610 0.008152
v 0.043629 0.264795 0.005836
v 0.120598 0.261395 0.004339
v 0.120597 0.261395 0.005912
v 0.043629 0.264795 0.007409
v 0.044995 0.272883 0.004966
v 0.123221 0.269617 0.003421
v 0.123221 0.269617 0.004994
v 0.044994 0.272883 0.006539
v 0.045667 0.282636 0.003979
v 0.136030 0.279533 0.001883
v 0.136030 0.279533 0.003456
v 0.045667 0.282636 0.005552
v 0.045719 0.295936 0.002529
v 0.126536 0.293054 0.000894
v 0.126536 0.293054 0.002457
v 0.045719 0.295936 0.004103
v 0.050874 0.309284 0.001016
v 0.142038 0.306624 -0.001177
v 0.142038 0.306624 0.000396
v 0.050874 0.309284 0.002589
v 0.138795 0.302805 0.000934
v 0.138795 0.302805 -0.000628
v 0.049758 0.305527 0.001443
v 0.049758 0.305527 0.003016
v 0.125068 0.298782 0.001906
v 0.125068 0.298782 0.000333
v 0.047394 0.301570 0.001883
v 0.047394 0.301570 0.003456
v 0.053999 0.321586 -0.000393
v 0.148919 0.319132 -0.002776
v 0.148919 0.319131 -0.001203
v 0.053999 0.321586 0.001180
v 0.058204 0.335732 -0.002045
v 0.150055 0.333513 -0.004392
v 0.150055 0.333512 -0.002819
v 0.058204 0.335732 -0.000472
v 0.064322 0.351379 -0.003916
v 0.149133 0.349420 -0.006071
v 0.149133 0.349420 -0.004556
v 0.064322 0.351379 -0.002343
v 0.067610 0.362439 -0.005236
v 0.151627 0.360665 -0.007396
v 0.151627 0.360665 -0.005831
v 0.067610 0.362439 -0.003663
v 0.075576 0.374438 -0.006741
v 0.151765 0.372863 -0.008728
v 0.151765 0.372862 -0.007155
v 0.075576 0.374437 -0.005168
v 0.085874 0.397716 -0.009588
v 0.152587 0.378885 -0.009415
v 0.152587 0.378885 -0.007842
v 0.085874 0.397716 -0.008015
v 0.107577 0.395050 -0.009762
v 0.148281 0.384931 -0.009893
v 0.148280 0.384931 -0.008320
v 0.107577 0.395050 -0.008189
v 0.100760 0.400547 -0.010214
v 0.149471 0.390301 -0.010535
v 0.149471 0.390300 -0.008962
v 0.100760 0.400547 -0.008641
v 0.098297 0.403688 -0.010535
v 0.147406 0.397193 -0.011207
v 0.147406 0.397193 -0.009634
v 0.098297 0.403688 -0.008962
v 0.096777 0.406756 -0.010826
v 0.147730 0.404439 -0.012001
v 0.147730 0.404439 -0.010428
v 0.096777 0.406756 -0.009253
v 0.093280 0.413038 -0.011461
v 0.147443 0.412106 -0.012805
v 0.147443 0.412106 -0.011232
v 0.093280 0.413038 -0.009888
v 0.099281 0.418629 -0.012206
v 0.146871 0.417790 -0.013403
v 0.146871 0.417789 -0.011830
v 0.099281 0.418629 -0.010633
v 0.112201 0.426311 -0.013339
v 0.144536 0.425599 -0.014157
v 0.144536 0.425599 -0.012633
v 0.112201 0.426311 -0.011766
v 0.112859 0.432761 -0.014056
v 0.137605 0.432157 -0.014641
v 0.137605 0.432157 -0.013068
v 0.112859 0.432761 -0.012489
v 0.113687 0.435546 -0.014375
v 0.140067 0.434988 -0.015011
v 0.140067 0.434988 -0.013438
v 0.113687 0.435546 -0.012802
v 0.119377 0.440564 -0.015047
v 0.142509 0.440090 -0.015617
v 0.142509 0.440090 -0.014044
v 0.119377 0.440564 -0.013474
v 0.123404 0.445636 -0.015681
v 0.143562 0.445247 -0.016179
v 0.143562 0.445246 -0.014606
v 0.123404 0.445636 -0.014108
v 0.124862 0.451010 -0.016279
v 0.142591 0.450710 -0.016714
v 0.142591 0.450710 -0.015141
v 0.124862 0.451010 -0.014706
v -0.037011 0.172206 0.012995
v -0.049643 0.162469 0.013214
v -0.144365 0.357779 -0.009274
v -0.144365 0.357779 -0.009274
v -0.144365 0.357779 -0.007701
v -0.144365 0.357779 -0.007701
v -0.037011 0.172206 0.014568
v -0.049643 0.162469 0.014787
v -0.039134 0.175996 0.012637
v -0.052963 0.165810 0.012840
v -0.052963 0.165810 0.014413
v -0.039134 0.175996 0.014210
v -0.041804 0.182701 0.013688
v -0.058925 0.171193 0.013807
v -0.058925 0.171193 0.012305
v -0.041804 0.182701 0.012115
v -0.043879 0.186672 0.013338
v -0.062141 0.174742 0.013454
v -0.062141 0.174742 0.011881
v -0.043879 0.186671 0.011765
v -0.046178 0.189347 0.013025
v -0.064696 0.177367 0.013179
v -0.064696 0.177367 0.011606
v -0.046178 0.189347 0.011481
v -0.048677 0.193913 0.012586
v -0.068664 0.181378 0.012716
v -0.068664 0.181378 0.011143
v -0.048677 0.193913 0.011013
v -0.051308 0.203114 0.011758
v -0.079047 0.187320 0.011781
v -0.079047 0.187320 0.010208
v -0.051308 0.203113 0.010208
v -0.054743 0.210578 0.011025
v -0.087373 0.192768 0.010970
v -0.087373 0.192768 0.009397
v -0.054743 0.210578 0.009452
v -0.058209 0.219817 0.010123
v -0.094905 0.200367 0.009977
v -0.094905 0.200367 0.008404
v -0.058209 0.219817 0.008550
v -0.061087 0.225778 0.009434
v -0.104816 0.203344 0.009214
v -0.104815 0.203344 0.007641
v -0.061087 0.225778 0.007949
v -0.061583 0.234451 0.008700
v -0.106468 0.211594 0.008418
v -0.106468 0.211594 0.006845
v -0.061583 0.234451 0.007127
v -0.062161 0.239966 0.008152
v -0.111396 0.215259 0.007833
v -0.111396 0.215258 0.006260
v -0.062161 0.239966 0.006610
v -0.064841 0.245215 0.007555
v -0.114924 0.220236 0.007215
v -0.114924 0.220236 0.005642
v -0.064841 0.245215 0.005982
v -0.067363 0.251827 0.006816
v -0.125611 0.223441 0.006275
v -0.125610 0.223441 0.004702
v -0.067362 0.251827 0.005266
v -0.070130 0.261095 0.005820
v -0.121867 0.235633 0.005485
v -0.121867 0.235633 0.003912
v -0.070130 0.261095 0.004247
v -0.075950 0.268916 0.004807
v -0.135040 0.240607 0.004205
v -0.135040 0.240607 0.002632
v -0.075950 0.268916 0.003234
v -0.132081 0.238882 0.002987
v -0.132081 0.238882 0.004560
v -0.074530 0.266618 0.005095
v -0.074530 0.266618 0.003532
v -0.121967 0.240057 0.003532
v -0.121967 0.240058 0.005095
v -0.072292 0.264542 0.005393
v -0.072291 0.264542 0.003820
v -0.080230 0.276597 0.003882
v -0.142197 0.247340 0.003139
v -0.142197 0.247340 0.001566
v -0.080230 0.276597 0.002309
v -0.085501 0.285250 0.002748
v -0.145737 0.257049 0.002042
v -0.145737 0.257049 0.000468
v -0.085501 0.285250 0.001175
v -0.092279 0.294396 0.001503
v -0.148363 0.268415 0.000837
v -0.148363 0.268415 -0.000736
v -0.092279 0.294396 -0.000070
v -0.096530 0.301022 0.000620
v -0.152966 0.275672 -0.000141
v -0.152966 0.275672 -0.001704
v -0.096530 0.301022 -0.000943
v -0.103937 0.305756 -0.000212
v -0.156063 0.284593 -0.001179
v -0.156063 0.284593 -0.002752
v -0.103937 0.305756 -0.001785
v -0.113674 0.315299 -0.001702
v -0.157924 0.288969 -0.001714
v -0.157924 0.288968 -0.003275
v -0.113674 0.315299 -0.003275
v -0.127874 0.308400 -0.001714
v -0.155880 0.294459 -0.002098
v -0.155880 0.294459 -0.003671
v -0.127874 0.308400 -0.003287
v -0.123509 0.312989 -0.001978
v -0.157439 0.298348 -0.002571
v -0.157439 0.298348 -0.004144
v -0.123509 0.312989 -0.003551
v -0.121962 0.315318 -0.002137
v -0.156493 0.303936 -0.003046
v -0.156493 0.303936 -0.004619
v -0.121962 0.315318 -0.003710
v -0.121011 0.317403 -0.002301
v -0.156907 0.309410 -0.003602
v -0.156907 0.309410 -0.005175
v -0.121011 0.317403 -0.003874
v -0.118759 0.321801 -0.002668
v -0.156467 0.315229 -0.004141
v -0.156467 0.315229 -0.005714
v -0.118759 0.321801 -0.004241
v -0.122335 0.323764 -0.003027
v -0.155652 0.319513 -0.004556
v -0.155652 0.319513 -0.006071
v -0.122335 0.323764 -0.004600
v -0.130143 0.326770 -0.003754
v -0.153173 0.325346 -0.004935
v -0.153173 0.325346 -0.006508
v -0.130143 0.326770 -0.005328
v -0.129957 0.330936 -0.004173
v -0.147505 0.330182 -0.005081
v -0.147505 0.330182 -0.006654
v -0.129957 0.330936 -0.005746
v -0.130236 0.332760 -0.004376
v -0.148928 0.332218 -0.005369
v -0.148927 0.332217 -0.006942
v -0.130236 0.332760 -0.005949
v -0.133599 0.336063 -0.004898
v -0.150170 0.335983 -0.005823
v -0.150170 0.335983 -0.007396
v -0.133599 0.336063 -0.006471
v -0.136017 0.339740 -0.005407
v -0.150512 0.339848 -0.006228
v -0.150512 0.339848 -0.007801
v -0.136017 0.339740 -0.006980
v -0.136817 0.343796 -0.005831
v -0.149565 0.343961 -0.006589
v -0.149565 0.343961 -0.008162
v -0.136817 0.343796 -0.007404
v 0.093577 0.167753 0.014787
v 0.104576 0.156700 0.015086
v 0.245666 0.278566 -0.003262
v 0.245666 0.278566 -0.003262
v 0.245666 0.278566 -0.004835
v 0.245666 0.278566 -0.004835
v 0.093577 0.167753 0.013214
v 0.104576 0.156700 0.013513
v 0.095799 0.170292 0.014531
v 0.107872 0.158575 0.014858
v 0.107872 0.158575 0.013285
v 0.095799 0.170292 0.012958
v 0.098725 0.175054 0.012484
v 0.113748 0.161441 0.012840
v 0.113748 0.161441 0.014413
v 0.098725 0.175054 0.014057
v 0.100914 0.177750 0.012234
v 0.116962 0.163510 0.012609
v 0.116962 0.163510 0.014151
v 0.100914 0.177750 0.013807
v 0.103221 0.179342 0.012029
v 0.119501 0.164996 0.012408
v 0.119501 0.164996 0.013907
v 0.103221 0.179342 0.013602
v 0.105842 0.182414 0.011765
v 0.123442 0.167251 0.012029
v 0.123442 0.167251 0.013602
v 0.105841 0.182414 0.013338
v 0.108904 0.189208 0.011143
v 0.133463 0.169456 0.011452
v 0.133463 0.169456 0.012970
v 0.108903 0.189207 0.012716
v 0.112764 0.194346 0.010592
v 0.141723 0.171729 0.010830
v 0.141723 0.171729 0.012403
v 0.112764 0.194346 0.012165
v 0.117020 0.200847 0.009892
v 0.149684 0.175866 0.010135
v 0.149684 0.175866 0.011708
v 0.117020 0.200847 0.011440
v 0.120521 0.204837 0.009397
v 0.159487 0.175673 0.009548
v 0.159487 0.175673 0.011079
v 0.120521 0.204837 0.010970
v 0.122178 0.211574 0.008778
v 0.162318 0.181741 0.008969
v 0.162318 0.181741 0.010542
v 0.122177 0.211574 0.010351
v 0.123552 0.215771 0.008404
v 0.167650 0.183332 0.008495
v 0.167650 0.183331 0.010068
v 0.123552 0.215771 0.009977
v 0.127042 0.219174 0.007949
v 0.171923 0.186297 0.008046
v 0.171923 0.186297 0.009547
v 0.127042 0.219174 0.009522
v 0.130678 0.223667 0.007390
v 0.182745 0.186016 0.007297
v 0.182745 0.186016 0.008859
v 0.130678 0.223667 0.008963
v 0.135128 0.230140 0.006610
v 0.181659 0.196414 0.006610
v 0.181659 0.196414 0.008183
v 0.135128 0.230140 0.008183
v 0.142593 0.234596 0.005836
v 0.195277 0.196841 0.005642
v 0.195277 0.196841 0.007215
v 0.142592 0.234596 0.007409
v 0.192103 0.196273 0.007467
v 0.192103 0.196273 0.005894
v 0.140688 0.233208 0.006072
v 0.140688 0.233208 0.007645
v 0.182700 0.199798 0.007870
v 0.182700 0.199798 0.006297
v 0.137984 0.232222 0.006297
v 0.137984 0.232222 0.007870
v 0.148517 0.239353 0.005122
v 0.203477 0.200196 0.004780
v 0.203476 0.200196 0.006353
v 0.148517 0.239353 0.006695
v 0.155688 0.244578 0.004247
v 0.208923 0.206763 0.003883
v 0.208922 0.206763 0.005456
v 0.155688 0.244578 0.005820
v 0.164482 0.249771 0.003301
v 0.213667 0.214899 0.002920
v 0.213667 0.214899 0.004493
v 0.164482 0.249771 0.004874
v 0.170090 0.253857 0.002601
v 0.218869 0.219392 0.002157
v 0.218869 0.219392 0.003730
v 0.170089 0.253857 0.004174
v 0.178757 0.256529 0.001833
v 0.223003 0.225292 0.001375
v 0.223003 0.225292 0.002948
v 0.178757 0.256529 0.003406
v 0.192543 0.263777 0.000296
v 0.225487 0.227904 0.000974
v 0.225487 0.227904 0.002547
v 0.192543 0.263776 0.001869
v 0.204410 0.253796 0.000379
v 0.224966 0.232578 0.000661
v 0.224966 0.232578 0.002234
v 0.204410 0.253796 0.001952
v 0.202231 0.259206 0.000061
v 0.227450 0.234723 0.000296
v 0.227450 0.234723 0.001841
v 0.202231 0.259206 0.001634
v 0.201828 0.261725 -0.000132
v 0.228527 0.238915 -0.000132
v 0.228527 0.238915 0.001441
v 0.201828 0.261725 0.001441
v 0.201954 0.263831 -0.000336
v 0.231125 0.242323 -0.000628
v 0.231125 0.242323 0.000945
v 0.201954 0.263831 0.001237
v 0.201987 0.268296 -0.000744
v 0.233504 0.246181 -0.001112
v 0.233504 0.246181 0.000461
v 0.201987 0.268296 0.000829
v 0.207370 0.268626 -0.001112
v 0.235056 0.249185 -0.001501
v 0.235056 0.249185 0.000063
v 0.207370 0.268626 0.000396
v 0.217515 0.267210 -0.001714
v 0.236279 0.253932 -0.001992
v 0.236279 0.253932 -0.000419
v 0.217515 0.267210 -0.000141
v 0.220045 0.270096 -0.002191
v 0.234386 0.259906 -0.002349
v 0.234385 0.259906 -0.000776
v 0.220045 0.270096 -0.000618
v 0.221457 0.271125 -0.002349
v 0.236773 0.260303 -0.002567
v 0.236773 0.260303 -0.001009
v 0.221457 0.271125 -0.000806
v 0.226468 0.271299 -0.002752
v 0.239903 0.261818 -0.002940
v 0.239903 0.261818 -0.001367
v 0.226468 0.271299 -0.001179
v 0.230520 0.272165 -0.003119
v 0.242235 0.263914 -0.003287
v 0.242235 0.263914 -0.001714
v 0.230520 0.272165 -0.001546
v 0.233162 0.274207 -0.003496
v 0.243480 0.266970 -0.003671
v 0.243480 0.266970 -0.002098
v 0.233162 0.274207 -0.001923
v 0.016703 -0.031257 0.039585
v 0.035209 -0.030392 0.039585
v 0.021603 0.038759 0.041595
v 0.030438 0.038759 0.041595
v 0.021603 0.038759 0.034590
v 0.030438 0.038759 0.034590
v 0.016703 -0.031257 0.034765
v 0.035209 -0.030392 0.034765
v 0.025632 -0.036012 0.045019
v 0.025632 -0.036012 0.034331
v 0.025632 0.044172 0.034590
v 0.025632 0.044172 0.041595
v 0.007625 0.000002 0.041595
v 0.025632 0.000002 0.061879
v 0.044043 0.000002 0.041595
v 0.044043 0.000002 0.034590
v 0.025632 0.000002 0.036242
v 0.007625 0.000002 0.034590
v 0.012857 0.015105 0.034590
v 0.025632 0.015105 0.036242
v 0.040739 0.015105 0.034590
v 0.040739 0.015105 0.041595
v 0.025632 0.015105 0.058276
v 0.012857 0.015105 0.041595
v 0.018688 0.033388 0.034590
v 0.025632 0.033388 0.036242
v 0.034909 0.033388 0.034590
v 0.034909 0.033388 0.041595
v 0.025632 0.033388 0.055236
v 0.018688 0.033388 0.041595
v -0.009883 -0.022027 0.042720
v 0.025632 -0.021858 0.067555
v 0.061147 -0.021858 0.042720
v 0.061147 -0.021858 0.034708
v 0.025632 -0.021858 0.036242
v -0.009883 -0.022027 0.034708
v 0.005896 -0.026628 0.042720
v 0.025632 -0.026628 0.064555
v 0.048826 -0.026628 0.042720
v 0.048826 -0.026628 0.034708
v 0.025632 -0.026628 0.036242
v 0.005896 -0.026628 0.034708
v 0.025632 -0.003101 0.062539
v -0.000040 -0.003125 0.042720
v -0.000040 -0.003125 0.034708
v 0.025632 -0.003101 0.036242
v 0.048147 -0.003101 0.034708
v 0.048147 -0.003101 0.042720
v -0.005664 -0.006154 0.042720
v 0.025632 -0.008223 0.063694
v 0.056724 -0.006852 0.042720
v 0.056724 -0.006852 0.034708
v 0.025632 -0.008223 0.036242
v -0.005664 -0.006154 0.034708
v -0.008539 -0.011712 0.042720
v 0.025632 -0.011622 0.064654
v 0.061059 -0.011622 0.042720
v 0.061059 -0.011622 0.034708
v 0.025632 -0.011622 0.036242
v -0.008539 -0.011712 0.034708
v -0.009501 -0.016181 0.042720
v 0.025632 -0.016056 0.066170
v 0.062091 -0.016056 0.042720
v 0.062091 -0.016056 0.034708
v 0.025632 -0.016056 0.036242
v -0.009501 -0.016181 0.034708
v 0.013531 -0.029898 0.042720
v 0.014171 -0.026628 0.053161
v 0.015278 -0.021907 0.057158
v 0.015156 -0.016093 0.057158
v 0.014663 -0.011651 0.057158
v 0.011342 -0.007278 0.057159
v 0.004962 -0.003121 0.052327
v 0.003036 -0.001871 0.041595
v 0.002972 -0.001897 0.034590
v 0.039112 -0.029313 0.042720
v 0.038851 -0.026628 0.053161
v 0.038482 -0.021858 0.057159
v 0.039219 -0.016056 0.057159
v 0.039833 -0.011622 0.057159
v 0.041779 -0.007511 0.057159
v 0.044744 -0.003101 0.052327
v 0.046064 -0.001526 0.041595
v 0.046141 -0.001584 0.034590
vn -0.4547 0.8568 0.2431
vn -0.3704 0.7629 0.5299
vn -0.4593 0.8606 0.2202
vn -0.2585 0.6081 0.7506
vn -0.3717 0.7642 0.5271
vn -0.1258 0.4057 0.9053
vn -0.2501 0.5960 0.7630
vn 0.0108 0.1820 0.9832
vn -0.1130 0.3853 0.9158
vn 0.1366 -0.0359 0.9900
vn 0.0302 0.1491 0.9884
vn 0.2683 -0.2770 0.9226
vn 0.1546 -0.0680 0.9856
vn 0.4015 -0.5430 0.7375
vn 0.2967 -0.3313 0.8957
vn 0.4846 -0.7372 0.4709
vn 0.4197 -0.5825 0.6961
vn 0.5123 -0.8483 0.1339
vn 0.4932 -0.7614 0.4207
vn 0.4761 -0.8516 -0.2195
vn 0.5112 -0.8547 0.0900
vn 0.3867 -0.7545 -0.5303
vn 0.4714 -0.8478 -0.2431
vn 0.2802 -0.6091 -0.7419
vn 0.3852 -0.7528 -0.5338
vn 0.2637 -0.5861 -0.7661
vn 0.1527 -0.4172 -0.8959
vn 0.1424 -0.4009 -0.9050
vn 0.0019 -0.1712 -0.9852
vn -0.0031 -0.1612 -0.9869
vn -0.1366 0.0716 -0.9880
vn -0.1596 0.1130 -0.9807
vn -0.2701 0.3195 -0.9083
vn -0.2890 0.3567 -0.8884
vn -0.3871 0.5567 -0.7350
vn -0.4030 0.5917 -0.6982
vn -0.4685 0.7491 -0.4684
vn -0.4770 0.7733 -0.4177
vn -0.4954 0.8586 -0.1318
vn -0.4944 0.8648 -0.0882
vn -0.7257 -0.6835 -0.0790
vn -0.7256 -0.6837 -0.0778
vn -0.7257 -0.6836 -0.0779
vn -0.7246 -0.6848 -0.0772
vn -0.7252 -0.6843 -0.0764
vn -0.7269 -0.6824 -0.0779
vn -0.7260 -0.6833 -0.0781
vn -0.7260 -0.6833 -0.0777
vn -0.7265 -0.6828 -0.0773
vn -0.7258 -0.6833 -0.0794
vn -0.7254 -0.6837 -0.0794
vn -0.7257 -0.6836 -0.0777
vn -0.7255 -0.6839 -0.0770
vn -0.7257 -0.6837 -0.0767
vn -0.7267 -0.6825 -0.0783
vn -0.7260 -0.6833 -0.0783
vn -0.7263 -0.6830 -0.0777
vn -0.7245 -0.6847 -0.0800
vn -0.7245 -0.6848 -0.0786
vn -0.7259 -0.6835 -0.0769
vn -0.7257 -0.6836 -0.0773
vn 0.7269 0.6824 0.0775
vn 0.7271 0.6822 0.0777
vn 0.7270 0.6822 0.0773
vn 0.7273 0.6819 0.0780
vn 0.7268 0.6824 0.0776
vn 0.7268 0.6825 0.0776
vn 0.7268 0.6825 0.0778
vn 0.7269 0.6824 0.0777
vn 0.7270 0.6822 0.0775
vn 0.7270 0.6823 0.0777
vn 0.7269 0.6823 0.0776
vn 0.7270 0.6822 0.0778
vn 0.7269 0.6823 0.0781
vn 0.7269 0.6823 0.0778
vn 0.7268 0.6825 0.0777
vn 0.7268 0.6824 0.0778
vn 0.7272 0.6821 0.0777
vn 0.7270 0.6822 0.0777
vn -0.4954 0.7765 0.3895
vn -0.4957 0.7768 0.3883
vn -0.3795 0.6560 0.6525
vn -0.3747 0.6497 0.6614
vn -0.3745 0.6495 0.6617
vn -0.2276 0.4718 0.8518
vn -0.2280 0.4722 0.8515
vn -0.0702 0.2651 0.9616
vn -0.0766 0.2600 0.9626
vn 0.0901 0.0462 0.9949
vn 0.0521 0.0927 0.9943
vn 0.0912 0.0448 0.9948
vn 0.2137 -0.1404 0.9668
vn 0.2528 -0.1815 0.9503
vn 0.2128 -0.1392 0.9671
vn 0.3892 -0.4167 0.8215
vn 0.3896 -0.4173 0.8210
vn 0.5054 -0.6212 0.5989
vn 0.5051 -0.6209 0.5995
vn 0.5707 -0.7668 0.2939
vn 0.5707 -0.7669 0.2935
vn 0.5670 -0.8217 -0.0567
vn 0.4952 -0.7760 -0.3908
vn 0.4954 -0.7763 -0.3898
vn 0.4952 -0.7759 -0.3908
vn 0.3750 -0.6502 -0.6608
vn 0.3746 -0.6496 -0.6616
vn 0.3750 -0.6502 -0.6607
vn 0.2277 -0.4719 -0.8517
vn 0.2282 -0.4724 -0.8513
vn 0.1037 -0.3103 -0.9450
vn 0.0769 -0.2595 -0.9627
vn 0.0691 -0.2684 -0.9608
vn -0.0902 -0.0461 -0.9949
vn -0.0522 -0.0926 -0.9943
vn -0.0517 -0.0928 -0.9943
vn -0.2460 0.1897 -0.9505
vn -0.2528 0.1807 -0.9505
vn -0.2457 0.1881 -0.9509
vn -0.3826 0.4059 -0.8300
vn -0.3901 0.4170 -0.8210
vn -0.3903 0.4172 -0.8207
vn -0.5057 0.6208 -0.5991
vn -0.5044 0.6186 -0.6024
vn -0.5044 0.6185 -0.6025
vn -0.5708 0.7670 -0.2931
vn -0.5708 0.7669 -0.2934
vn -0.5708 0.7669 -0.2935
vn -0.5670 0.8217 0.0567
vn -0.5671 0.8218 0.0557
vn -0.5671 0.8218 0.0556
vn -0.5237 0.7583 0.3881
vn -0.5234 0.7580 0.3892
vn -0.5234 0.7580 0.3893
vn -0.3971 0.6346 0.6630
vn -0.3969 0.6343 0.6634
vn -0.2426 0.4621 0.8530
vn -0.2539 0.4848 0.8370
vn -0.2422 0.4616 0.8534
vn -0.0706 0.2651 0.9616
vn -0.0768 0.2599 0.9626
vn 0.0519 0.0926 0.9944
vn 0.0895 0.0444 0.9950
vn 0.2472 -0.1848 0.9512
vn 0.2201 -0.1380 0.9657
vn 0.4043 -0.4023 0.8214
vn 0.4041 -0.4020 0.8216
vn 0.4043 -0.4024 0.8214
vn 0.5266 -0.6008 0.6014
vn 0.5269 -0.6012 0.6009
vn 0.5266 -0.6008 0.6015
vn 0.5976 -0.7450 0.2965
vn 0.5975 -0.7449 0.2968
vn 0.5965 -0.8008 -0.0541
vn 0.5965 -0.8008 -0.0531
vn 0.5230 -0.7582 -0.3893
vn 0.5226 -0.7578 -0.3907
vn 0.5230 -0.7583 -0.3893
vn 0.3963 -0.6348 -0.6633
vn 0.3965 -0.6350 -0.6630
vn 0.2421 -0.4613 -0.8536
vn 0.2425 -0.4617 -0.8532
vn 0.1108 -0.2999 -0.9475
vn 0.1108 -0.3001 -0.9474
vn -0.0895 -0.0444 -0.9950
vn -0.0905 -0.0431 -0.9950
vn -0.2537 0.1809 -0.9502
vn -0.4040 0.4016 -0.8219
vn -0.3892 0.3812 -0.8386
vn -0.3888 0.3808 -0.8390
vn -0.5247 0.5990 -0.6048
vn -0.5262 0.6012 -0.6015
vn -0.5262 0.6012 -0.6014
vn -0.5973 0.7450 -0.2968
vn -0.5973 0.7450 -0.2972
vn -0.5973 0.7449 -0.2972
vn -0.5965 0.8008 0.0531
vn -0.5964 0.8008 0.0549
vn -0.4876 0.7813 0.3897
vn -0.4881 0.7819 0.3878
vn -0.4881 0.7819 0.3877
vn -0.3727 0.6508 0.6615
vn -0.3729 0.6510 0.6612
vn -0.2538 0.4850 0.8369
vn -0.2317 0.4695 0.8520
vn -0.0787 0.2596 0.9625
vn -0.1069 0.2964 0.9491
vn -0.0781 0.2588 0.9628
vn 0.0781 0.0318 0.9964
vn 0.0718 0.0258 0.9971
vn 0.2003 -0.1575 0.9670
vn 0.2328 -0.1961 0.9525
vn 0.1997 -0.1566 0.9672
vn 0.3731 -0.4321 0.8210
vn 0.3480 -0.3935 0.8509
vn 0.3735 -0.4328 0.8205
vn 0.4885 -0.6367 0.5966
vn 0.4881 -0.6360 0.5978
vn 0.5542 -0.7798 0.2912
vn 0.5544 -0.7801 0.2900
vn 0.5537 -0.8307 -0.0572
vn 0.5537 -0.8307 -0.0573
vn 0.4869 -0.7811 -0.3909
vn 0.4871 -0.7814 -0.3900
vn 0.3724 -0.6513 -0.6611
vn 0.3721 -0.6509 -0.6617
vn 0.2317 -0.4705 -0.8514
vn 0.2590 -0.5039 -0.8240
vn 0.2596 -0.5046 -0.8234
vn 0.0789 -0.2598 -0.9624
vn 0.0782 -0.2589 -0.9627
vn -0.0783 -0.0316 -0.9964
vn -0.0776 -0.0325 -0.9965
vn -0.2312 0.2022 -0.9516
vn -0.2056 0.1591 -0.9656
vn -0.2029 0.1617 -0.9657
vn -0.3590 0.4116 -0.8377
vn -0.3729 0.4330 -0.8206
vn -0.3732 0.4334 -0.8203
vn -0.4880 0.6367 -0.5971
vn -0.5540 0.7798 -0.2915
vn -0.5539 0.7794 -0.2929
vn -0.5537 0.8307 0.0585
vn -0.5538 0.8307 0.0569
vn -0.5244 0.7581 0.3877
vn -0.5237 0.7573 0.3902
vn -0.5237 0.7573 0.3903
vn -0.4044 0.6295 0.6634
vn -0.4041 0.6291 0.6640
vn -0.2546 0.4522 0.8548
vn -0.2737 0.4740 0.8369
vn -0.2542 0.4517 0.8552
vn -0.1227 0.2831 0.9512
vn -0.0929 0.2470 0.9645
vn -0.1233 0.2838 0.9509
vn 0.0779 0.0315 0.9965
vn 0.0729 0.0265 0.9970
vn 0.2340 -0.2045 0.9505
vn 0.1941 -0.1436 0.9704
vn 0.3593 -0.3814 0.8517
vn 0.3866 -0.4193 0.8214
vn 0.3588 -0.3808 0.8522
vn 0.5104 -0.6157 0.6004
vn 0.5022 -0.6035 0.6193
vn 0.5105 -0.6159 0.6000
vn 0.5853 -0.7554 0.2947
vn 0.5851 -0.7551 0.2958
vn 0.5853 -0.7554 0.2946
vn 0.5900 -0.8056 -0.0537
vn 0.5900 -0.8056 -0.0547
vn 0.5235 -0.7576 -0.3899
vn 0.5233 -0.7575 -0.3903
vn 0.5235 -0.7576 -0.3898
vn 0.4044 -0.6293 -0.6636
vn 0.4148 -0.6424 -0.6444
vn 0.4042 -0.6291 -0.6640
vn 0.2836 -0.4860 -0.8267
vn 0.2544 -0.4528 -0.8546
vn 0.2538 -0.4520 -0.8551
vn 0.0919 -0.2468 -0.9647
vn 0.0919 -0.2467 -0.9647
vn -0.0724 -0.0283 -0.9970
vn -0.0290 -0.0831 -0.9961
vn -0.0281 -0.0842 -0.9960
vn -0.2347 0.1982 -0.9517
vn -0.2352 0.1989 -0.9514
vn -0.3861 0.4195 -0.8216
vn -0.3696 0.3965 -0.8404
vn -0.3693 0.3961 -0.8407
vn -0.5101 0.6165 -0.5998
vn -0.5847 0.7548 -0.2975
vn -0.5850 0.7553 -0.2954
vn -0.5850 0.7554 -0.2954
vn -0.5900 0.8056 0.0543
vn -0.6076 0.6939 0.3863
vn -0.6077 0.6940 0.3861
vn -0.4739 0.5773 0.6650
vn -0.4739 0.5774 0.6648
vn -0.4740 0.5774 0.6648
vn -0.3262 0.4358 0.8389
vn -0.3406 0.4557 0.8224
vn -0.3420 0.4577 0.8207
vn -0.1140 0.2275 0.9671
vn 0.0730 0.0266 0.9970
vn 0.0742 0.0277 0.9969
vn 0.2106 -0.1305 0.9688
vn 0.2368 -0.1526 0.9595
vn 0.2079 -0.1282 0.9697
vn 0.4264 -0.3786 0.8215
vn 0.5600 -0.5470 0.6223
vn 0.5701 -0.5554 0.6054
vn 0.5591 -0.5462 0.6238
vn 0.6624 -0.6842 0.3050
vn 0.6588 -0.6816 0.3185
vn 0.6627 -0.6844 0.3039
vn 0.6767 -0.7348 -0.0465
vn 0.6767 -0.7348 -0.0457
vn 0.6767 -0.7348 -0.0466
vn 0.6071 -0.6941 -0.3868
vn 0.6072 -0.6943 -0.3864
vn 0.4866 -0.5891 -0.6451
vn 0.4884 -0.5917 -0.6413
vn 0.4864 -0.5889 -0.6455
vn 0.3034 -0.4126 -0.8589
vn 0.1184 -0.2237 -0.9674
vn -0.0227 -0.0751 -0.9969
vn -0.0503 -0.0527 -0.9973
vn -0.0533 -0.0503 -0.9973
vn -0.2580 0.1758 -0.9500
vn -0.2582 0.1759 -0.9499
vn -0.2582 0.1760 -0.9499
vn -0.4092 0.3512 -0.8421
vn -0.3869 0.3318 -0.8603
vn -0.3848 0.3300 -0.8620
vn -0.5706 0.5560 -0.6044
vn -0.6625 0.6846 -0.3039
vn -0.6767 0.7348 0.0458
vn -0.6767 0.7348 0.0465
vn -0.5793 0.7162 0.3893
vn -0.5852 0.7125 0.3870
vn -0.5803 0.7164 0.3873
vn -0.4270 0.6133 0.6645
vn -0.4353 0.6069 0.6649
vn -0.4273 0.6129 0.6646
vn -0.2420 0.4618 0.8534
vn -0.2417 0.4615 0.8536
vn -0.0469 0.2853 0.9573
vn -0.0467 0.2851 0.9574
vn 0.1468 0.0971 0.9844
vn 0.1467 0.0973 0.9844
vn 0.2969 -0.0563 0.9532
vn 0.3346 -0.0899 0.9381
vn 0.2948 -0.0544 0.9540
vn 0.5069 -0.2829 0.8143
vn 0.4736 -0.2511 0.8442
vn 0.5085 -0.2845 0.8127
vn 0.6477 -0.4653 0.6032
vn 0.6479 -0.4655 0.6029
vn 0.6477 -0.4653 0.6033
vn 0.7347 -0.6040 0.3090
vn 0.7345 -0.6037 0.3098
vn 0.7347 -0.6040 0.3089
vn 0.7392 -0.6723 -0.0394
vn 0.6545 -0.6529 -0.3812
vn 0.6618 -0.6585 -0.3582
vn 0.6541 -0.6526 -0.3823
vn 0.4977 -0.5574 -0.6645
vn 0.4979 -0.5575 -0.6643
vn 0.4977 -0.5573 -0.6645
vn 0.3416 -0.4364 -0.8324
vn 0.3131 -0.4072 -0.8580
vn 0.3431 -0.4378 -0.8310
vn 0.1119 -0.2293 -0.9669
vn 0.1126 -0.2299 -0.9667
vn 0.1119 -0.2292 -0.9669
vn -0.0856 -0.0388 -0.9956
vn -0.0855 -0.0389 -0.9956
vn -0.0856 -0.0387 -0.9956
vn -0.2745 0.1586 -0.9484
vn -0.2748 0.1589 -0.9483
vn -0.4476 0.3565 -0.8201
vn -0.4558 0.3458 -0.8202
vn -0.4472 0.3554 -0.8208
vn -0.5870 0.5378 -0.6051
vn -0.5929 0.5316 -0.6048
vn -0.5875 0.5377 -0.6048
vn -0.6693 0.6777 -0.3044
vn -0.6732 0.6737 -0.3048
vn -0.6695 0.6775 -0.3046
vn -0.6682 0.7425 0.0463
vn -0.6719 0.7392 0.0470
vn -0.6685 0.7422 0.0473
vn -0.5850 0.7118 0.3888
vn -0.4358 0.6067 0.6648
vn -0.2550 0.4520 0.8548
vn -0.2542 0.4512 0.8554
vn -0.0632 0.2700 0.9608
vn -0.0643 0.2711 0.9604
vn 0.1243 0.0767 0.9893
vn 0.0922 0.1122 0.9894
vn 0.0917 0.1128 0.9894
vn 0.3073 -0.1238 0.9435
vn 0.3082 -0.1249 0.9431
vn 0.3072 -0.1238 0.9435
vn 0.4435 -0.2836 0.8502
vn 0.4759 -0.3213 0.8187
vn 0.4430 -0.2831 0.8507
vn 0.6148 -0.5071 0.6040
vn 0.6143 -0.5066 0.6050
vn 0.6148 -0.5072 0.6040
vn 0.6963 -0.6487 0.3071
vn 0.6965 -0.6490 0.3062
vn 0.6967 -0.7160 -0.0442
vn 0.6968 -0.7160 -0.0434
vn 0.6203 -0.6966 -0.3605
vn 0.6113 -0.6910 -0.3859
vn 0.6204 -0.6967 -0.3602
vn 0.4616 -0.5871 -0.6650
vn 0.4611 -0.5868 -0.6656
vn 0.4616 -0.5872 -0.6650
vn 0.2794 -0.4329 -0.8571
vn 0.3055 -0.4577 -0.8350
vn 0.2790 -0.4325 -0.8574
vn 0.0861 -0.2524 -0.9638
vn 0.0862 -0.2525 -0.9638
vn -0.1047 -0.0577 -0.9928
vn -0.1014 -0.0531 -0.9934
vn -0.1046 -0.0577 -0.9928
vn -0.2887 0.1447 -0.9464
vn -0.2862 0.1454 -0.9471
vn -0.2860 0.1454 -0.9471
vn -0.4563 0.3465 -0.8196
vn -0.4563 0.3467 -0.8195
vn -0.5928 0.5320 -0.6047
vn -0.5926 0.5320 -0.6048
vn -0.6692 0.6779 -0.3044
vn -0.6732 0.6738 -0.3047
vn -0.6722 0.7389 0.0461
vn -0.5641 0.7281 0.3894
vn -0.5651 0.7286 0.3871
vn -0.4057 0.6292 0.6630
vn -0.4030 0.6273 0.6664
vn -0.2163 0.4803 0.8500
vn -0.2170 0.4810 0.8494
vn -0.0204 0.3072 0.9514
vn -0.0205 0.3073 0.9514
vn 0.1392 0.1559 0.9779
vn 0.1707 0.1237 0.9775
vn 0.1712 0.1232 0.9775
vn 0.3579 -0.0684 0.9313
vn 0.3589 -0.0694 0.9308
vn 0.5276 -0.2606 0.8085
vn 0.5263 -0.2590 0.8099
vn 0.6664 -0.4401 0.6019
vn 0.6662 -0.4398 0.6023
vn 0.7497 -0.5842 0.3109
vn 0.7504 -0.5859 0.3060
vn 0.7497 -0.6607 -0.0374
vn 0.7495 -0.6608 -0.0384
vn 0.6580 -0.6489 -0.3820
vn 0.6580 -0.6489 -0.3821
vn 0.4978 -0.5573 -0.6646
vn 0.4995 -0.5585 -0.6622
vn 0.4977 -0.5573 -0.6646
vn 0.3327 -0.4355 -0.8364
vn 0.3050 -0.4126 -0.8584
vn 0.3328 -0.4356 -0.8364
vn 0.1021 -0.2388 -0.9657
vn 0.1009 -0.2377 -0.9661
vn -0.1013 -0.0530 -0.9934
vn -0.0946 -0.0520 -0.9942
vn -0.2875 0.1502 -0.9459
vn -0.2875 0.1503 -0.9459
vn -0.4539 0.3447 -0.8217
vn -0.4539 0.3446 -0.8217
vn -0.5927 0.5337 -0.6032
vn -0.6687 0.6776 -0.3060
vn -0.6687 0.6776 -0.3061
vn -0.6606 0.7492 0.0477
vn -0.6604 0.7493 0.0491
vn -0.7548 0.6559 -0.0000
vn -0.8027 0.5964 -0.0000
vn -0.5777 0.8163 -0.0000
vn -0.7522 0.6589 -0.0000
vn -0.3032 0.9529 -0.0000
vn -0.5712 0.8208 -0.0000
vn -0.0027 1.0000 -0.0000
vn -0.2961 0.9552 -0.0000
vn 0.2979 0.9546 -0.0000
vn 0.0027 1.0000 -0.0000
vn 0.5740 0.8188 -0.0000
vn 0.3011 0.9536 -0.0000
vn 0.7324 0.6809 -0.0000
vn 0.5750 0.8181 -0.0000
vn 0.7634 0.6459 -0.0000
vn 0.9319 0.3627 -0.0000
vn 0.9773 0.2119 -0.0000
vn 0.9781 0.2080 -0.0000
vn 0.9963 -0.0862 -0.0000
vn 0.9957 -0.0923 -0.0000
vn 0.9127 -0.4086 -0.0000
vn 0.9097 -0.4153 -0.0000
vn 0.7175 -0.6965 -0.0000
vn 0.7118 -0.7024 -0.0000
vn 0.3603 -0.9328 -0.0000
vn 0.3483 -0.9374 -0.0000
vn 0.0092 -1.0000 -0.0000
vn 0.0051 -1.0000 -0.0000
vn -0.2284 -0.9736 -0.0000
vn -0.2317 -0.9728 -0.0000
vn -0.5739 -0.8189 -0.0000
vn -0.9006 -0.4347 -0.0000
vn -0.5752 -0.8180 -0.0000
vn -0.9878 -0.1559 -0.0000
vn -0.9018 -0.4322 -0.0000
vn -0.9958 0.0911 -0.0000
vn -0.9883 -0.1524 -0.0000
vn -0.9808 0.1948 -0.0000
vn -0.9955 0.0946 -0.0000
vn 0.0184 0.0355 0.9992
vn 0.0169 0.0333 0.9993
vn 0.0284 0.0296 0.9992
vn 0.0213 0.0388 0.9990
vn 0.0244 0.0404 0.9989
vn 0.0281 0.0410 0.9988
vn 0.0319 0.0404 0.9987
vn 0.0351 0.0387 0.9986
vn 0.0381 0.0353 0.9987
vn 0.0399 0.0319 0.9987
vn 0.0403 0.0292 0.9988
vn 0.0398 0.0262 0.9989
vn 0.0384 0.0233 0.9990
vn 0.0365 0.0210 0.9991
vn 0.0333 0.0194 0.9993
vn 0.0284 0.0187 0.9994
vn 0.0239 0.0193 0.9995
vn 0.0210 0.0206 0.9996
vn 0.0190 0.0228 0.9996
vn 0.0175 0.0262 0.9995
vn 0.0169 0.0307 0.9994
vn -0.0185 -0.0332 -0.9993
vn -0.0187 -0.0354 -0.9992
vn -0.0285 -0.0288 -0.9992
vn -0.0216 -0.0386 -0.9990
vn -0.0246 -0.0402 -0.9989
vn -0.0279 -0.0408 -0.9988
vn -0.0318 -0.0400 -0.9987
vn -0.0352 -0.0384 -0.9986
vn -0.0390 -0.0337 -0.9987
vn -0.0375 -0.0320 -0.9988
vn -0.0395 -0.0332 -0.9987
vn -0.0428 -0.0281 -0.9987
vn -0.0383 -0.0235 -0.9990
vn -0.0364 -0.0213 -0.9991
vn -0.0344 -0.0203 -0.9992
vn -0.0267 -0.0201 -0.9994
vn -0.0240 -0.0197 -0.9995
vn -0.0174 -0.0242 -0.9996
vn -0.0192 -0.0165 -0.9997
vn -0.0061 -0.0268 -0.9996
vn -0.0161 -0.0337 -0.9993
vn -0.8998 -0.1650 0.4039
vn -0.7124 -0.0070 0.7017
vn -0.9266 -0.2019 0.3174
vn -0.0483 -0.0271 -0.9985
vn -0.9926 0.1210 -0.0000
vn -0.6463 0.0863 0.7581
vn -0.6055 0.1035 0.7891
vn -0.6609 0.0799 0.7462
vn -0.0519 -0.0187 -0.9985
vn -0.5566 0.2688 0.7861
vn -0.5179 0.2732 0.8107
vn -0.5731 0.2667 0.7749
vn -0.0516 -0.0139 -0.9986
vn -0.0541 -0.0173 -0.9984
vn -0.4251 0.3161 0.8481
vn -0.3529 0.3178 0.8800
vn -0.4852 0.3131 0.8164
vn -0.0430 -0.0083 -0.9990
vn -0.0478 -0.0124 -0.9988
vn -0.2206 0.4667 0.8564
vn -0.1678 0.4298 0.8872
vn -0.2384 0.4788 0.8449
vn -0.0411 -0.0087 -0.9991
vn -0.0403 -0.0094 -0.9991
vn -0.0390 0.4725 0.8805
vn -0.0359 0.4686 0.8827
vn -0.0407 0.4746 0.8792
vn -0.0335 -0.0073 -0.9994
vn 0.0358 0.4676 0.8832
vn 0.0350 0.4664 0.8839
vn 0.0344 0.4655 0.8844
vn -0.0178 -0.0066 -0.9998
vn -0.0243 -0.0062 -0.9997
vn 0.1751 0.4385 0.8815
vn 0.1634 0.4295 0.8882
vn 0.1551 0.4230 0.8927
vn -0.0164 -0.0060 -0.9998
vn -0.0159 -0.0055 -0.9999
vn 0.3321 0.2831 0.8998
vn 0.3444 0.3154 0.8843
vn 0.3239 0.2620 0.9091
vn -0.0057 -0.0174 -0.9998
vn 0.5754 0.1551 0.8030
vn 0.6479 0.2166 0.7303
vn 0.5544 0.1381 0.8207
vn -0.0056 -0.0191 -0.9998
vn 0.7507 0.0541 0.6584
vn 0.7017 0.0800 0.7079
vn 0.6828 0.0893 0.7251
vn -0.0047 -0.0300 -0.9995
vn 0.7842 -0.0371 0.6194
vn 0.7718 -0.0285 0.6353
vn 0.7672 -0.0254 0.6409
vn 0.1907 0.9816 -0.0000
vn -0.0065 -0.0335 -0.9994
vn 0.8555 0.3135 0.4122
vn 0.8124 0.2254 0.5378
vn 0.8655 0.3429 0.3651
vn 0.1049 0.0235 -0.9942
vn 0.0478 -0.0112 -0.9988
vn 0.0424 -0.0144 -0.9990
vn -0.9965 -0.0836 -0.0000
vn 0.8365 0.0431 0.5463
vn 0.7557 -0.0145 0.6547
vn 0.8620 0.0643 0.5028
vn 0.0488 -0.0219 -0.9986
vn 0.0199 -0.0296 -0.9994
vn 0.0150 -0.0310 -0.9994
vn 0.6749 -0.1817 0.7152
vn 0.6232 -0.1972 0.7568
vn 0.7087 -0.1705 0.6846
vn 0.0129 -0.0398 -0.9991
vn 0.0021 -0.0466 -0.9989
vn 0.0058 -0.0394 -0.9992
vn 0.5713 -0.3312 0.7510
vn 0.5638 -0.3107 0.7652
vn 0.5552 -0.2878 0.7804
vn 0.0042 -0.0482 -0.9988
vn 0.0048 -0.0490 -0.9988
vn 0.3796 -0.4793 0.7913
vn 0.3177 -0.4454 0.8371
vn 0.4129 -0.4968 0.7634
vn -0.0092 -0.0530 -0.9986
vn -0.0195 -0.0454 -0.9988
vn -0.0224 -0.0433 -0.9988
vn 0.1004 -0.5962 0.7965
vn 0.1120 -0.6116 0.7832
vn 0.0961 -0.5904 0.8014
vn -0.0298 -0.0529 -0.9982
vn -0.0273 -0.0662 -0.9974
vn -0.0259 -0.0528 -0.9983
vn -0.0487 -0.7090 0.7036
vn -0.0169 -0.6617 0.7495
vn -0.0012 -0.6370 0.7708
vn -0.0310 -0.0733 -0.9968
vn -0.0319 -0.0756 -0.9966
vn -0.2627 -0.6504 0.7127
vn -0.2389 -0.6331 0.7363
vn -0.2286 -0.6255 0.7460
vn -0.0457 -0.0749 -0.9961
vn -0.0408 -0.0692 -0.9968
vn -0.0472 -0.0768 -0.9959
vn -0.5435 -0.4851 0.6850
vn -0.5337 -0.4427 0.7205
vn -0.5479 -0.5066 0.6657
vn -0.0709 -0.0648 -0.9954
vn -0.0677 -0.0590 -0.9960
vn -0.0669 -0.0577 -0.9961
vn -0.7718 -0.1884 0.6073
vn -0.7362 -0.1560 0.6586
vn -0.7794 -0.1956 0.5953
vn -0.0977 -0.0431 -0.9943
vn -0.0837 -0.0284 -0.9961
vn -0.0789 -0.0383 -0.9961
vn -0.7836 0.0163 0.6211
vn -0.7625 0.0014 0.6470
vn -0.7476 -0.0087 0.6641
vn -0.0980 -0.0270 -0.9948
vn -0.1014 -0.0260 -0.9945
vn -0.8535 0.1577 0.4966
vn -0.8101 0.1088 0.5761
vn -0.7832 0.0821 0.6163
vn 0.0905 0.9959 -0.0000
vn -0.1454 -0.0074 -0.9893
vn -0.1075 -0.0234 -0.9939
vn -0.1563 -0.0029 -0.9877
vn -0.7535 0.6575 -0.0000
vn -0.5741 0.8188 -0.0000
vn -0.7534 0.6575 -0.0000
vn -0.3017 0.9534 -0.0000
vn -0.5755 0.8178 -0.0000
vn -0.2982 0.9545 -0.0000
vn 0.0026 1.0000 -0.0000
vn 0.2960 0.9552 -0.0000
vn 0.3028 0.9531 -0.0000
vn 0.5714 0.8207 -0.0000
vn 0.5779 0.8161 -0.0000
vn 0.7315 0.6818 -0.0000
vn 0.7332 0.6801 -0.0000
vn 0.9865 0.1636 -0.0000
vn 0.9956 0.0941 -0.0000
vn 0.9958 0.0912 -0.0000
vn 0.9946 -0.1042 -0.0000
vn 0.9940 -0.1090 -0.0000
vn 0.8955 -0.4451 -0.0000
vn 0.8939 -0.4484 -0.0000
vn 0.6087 -0.7934 -0.0000
vn 0.3440 -0.9390 -0.0000
vn 0.6092 -0.7930 -0.0004
vn 0.0399 -0.9992 -0.0000
vn 0.3409 -0.9401 -0.0000
vn -0.2650 -0.9642 -0.0000
vn 0.0345 -0.9994 -0.0000
vn -0.6289 -0.7775 -0.0000
vn -0.2733 -0.9619 -0.0000
vn -0.8773 -0.4800 -0.0000
vn -0.6377 -0.7703 -0.0000
vn -0.9839 -0.1786 -0.0000
vn -0.8816 -0.4720 -0.0000
vn -0.9959 0.0904 -0.0000
vn -0.9847 -0.1740 -0.0000
vn -0.9636 0.2672 -0.0000
vn -0.9955 0.0952 -0.0000
vn -0.0390 0.0339 0.9987
vn -0.0409 0.0322 0.9986
vn -0.0287 0.0298 0.9991
vn -0.0346 0.0391 0.9986
vn -0.0320 0.0407 0.9987
vn -0.0271 0.0410 0.9988
vn -0.0242 0.0414 0.9989
vn -0.0226 0.0397 0.9990
vn -0.0179 0.0348 0.9992
vn -0.0165 0.0334 0.9993
vn -0.0168 0.0318 0.9994
vn -0.0170 0.0281 0.9995
vn -0.0195 0.0240 0.9995
vn -0.0220 0.0202 0.9996
vn -0.0243 0.0193 0.9995
vn -0.0286 0.0186 0.9994
vn -0.0350 0.0200 0.9992
vn -0.0374 0.0204 0.9991
vn -0.0384 0.0227 0.9990
vn -0.0404 0.0259 0.9988
vn -0.0405 0.0300 0.9987
vn 0.0385 -0.0337 -0.9987
vn 0.0387 -0.0362 -0.9986
vn 0.0288 -0.0300 -0.9991
vn 0.0374 -0.0382 -0.9986
vn 0.0332 -0.0395 -0.9987
vn 0.0279 -0.0411 -0.9988
vn 0.0251 -0.0404 -0.9989
vn 0.0216 -0.0386 -0.9990
vn 0.0182 -0.0347 -0.9992
vn 0.0161 -0.0337 -0.9993
vn 0.0129 -0.0378 -0.9992
vn 0.0172 -0.0262 -0.9995
vn 0.0175 -0.0215 -0.9996
vn 0.0182 -0.0237 -0.9996
vn 0.0182 -0.0169 -0.9997
vn 0.0290 -0.0198 -0.9994
vn 0.0328 -0.0196 -0.9993
vn 0.0370 -0.0220 -0.9991
vn 0.0385 -0.0230 -0.9990
vn 0.0393 -0.0260 -0.9989
vn 0.0455 -0.0326 -0.9984
vn -0.8060 -0.0591 0.5890
vn -0.7110 0.0120 0.7031
vn -0.8306 -0.0804 0.5510
vn 0.0020 -0.0287 -0.9996
vn -0.8679 0.4967 -0.0000
vn -0.6486 0.0506 0.7594
vn -0.5804 0.0844 0.8099
vn -0.6782 0.0349 0.7341
vn 0.0008 -0.0283 -0.9996
vn 0.0005 -0.0284 -0.9996
vn -0.5315 0.2684 0.8034
vn -0.5301 0.2686 0.8043
vn -0.5322 0.2684 0.8030
vn 0.0182 -0.0217 -0.9996
vn -0.4519 0.3078 0.8373
vn -0.3835 0.3099 0.8700
vn -0.5160 0.3041 0.8008
vn 0.0173 -0.0124 -0.9998
vn -0.2301 0.4846 0.8439
vn -0.2012 0.4617 0.8639
vn -0.2401 0.4924 0.8366
vn 0.0247 -0.0058 -0.9997
vn -0.0609 0.5209 0.8515
vn -0.0513 0.5063 0.8608
vn -0.0655 0.5278 0.8468
vn 0.0299 -0.0078 -0.9995
vn 0.0204 0.4861 0.8737
vn 0.0251 0.4924 0.8700
vn 0.0288 0.4972 0.8672
vn 0.0389 -0.0061 -0.9992
vn 0.0333 -0.0070 -0.9994
vn 0.2353 0.5584 0.7955
vn 0.1426 0.4946 0.8574
vn 0.0899 0.4554 0.8857
vn 0.0503 -0.0096 -0.9987
vn 0.0419 -0.0048 -0.9991
vn 0.4072 0.4813 0.7762
vn 0.4089 0.4819 0.7749
vn 0.4095 0.4821 0.7745
vn 0.0548 -0.0149 -0.9984
vn 0.0485 -0.0118 -0.9988
vn 0.6318 0.2845 0.7210
vn 0.5300 0.2946 0.7952
vn 0.4905 0.2971 0.8192
vn 0.0640 -0.0247 -0.9976
vn 0.0620 -0.0166 -0.9979
vn 0.6520 0.0951 0.7522
vn 0.6590 0.0919 0.7465
vn 0.6618 0.0906 0.7442
vn 0.0575 -0.0260 -0.9980
vn 0.0565 -0.0258 -0.9981
vn 0.7452 -0.0823 0.6617
vn 0.6738 -0.0339 0.7382
vn 0.6453 -0.0161 0.7637
vn 0.0546 -0.0344 -0.9979
vn 0.0509 -0.0330 -0.9982
vn 0.8048 0.1483 0.5747
vn 0.7890 0.1282 0.6009
vn 0.8111 0.1567 0.5635
vn 0.1103 -0.0198 -0.9937
vn 0.1031 -0.0266 -0.9943
vn 0.1112 -0.0213 -0.9936
vn -0.9506 0.3105 -0.0000
vn 0.8122 0.0324 0.5825
vn 0.7780 0.0087 0.6282
vn 0.8230 0.0403 0.5667
vn 0.0950 -0.0294 -0.9950
vn 0.0925 -0.0301 -0.9953
vn 0.6998 -0.2087 0.6832
vn 0.6005 -0.2329 0.7649
vn 0.7532 -0.1927 0.6290
vn 0.0859 -0.0457 -0.9953
vn 0.0567 -0.0549 -0.9969
vn 0.0628 -0.0456 -0.9970
vn 0.5305 -0.3875 0.7539
vn 0.5987 -0.3829 0.7035
vn 0.4779 -0.3891 0.7875
vn 0.0747 -0.0583 -0.9955
vn 0.0830 -0.0600 -0.9947
vn 0.3640 -0.6840 0.6322
vn 0.3034 -0.6406 0.7054
vn 0.3806 -0.6951 0.6098
vn 0.0597 -0.0883 -0.9943
vn 0.0490 -0.0756 -0.9959
vn 0.0475 -0.0738 -0.9961
vn 0.1021 -0.6999 0.7069
vn 0.0559 -0.6403 0.7661
vn 0.1197 -0.7211 0.6824
vn 0.0368 -0.0796 -0.9961
vn 0.0268 -0.0649 -0.9975
vn 0.0324 -0.0697 -0.9970
vn -0.0938 -0.6307 0.7703
vn -0.0887 -0.6234 0.7769
vn -0.0857 -0.6190 0.7807
vn 0.0275 -0.0678 -0.9973
vn 0.0274 -0.0680 -0.9973
vn -0.2989 -0.5015 0.8119
vn -0.3116 -0.5076 0.8033
vn -0.3230 -0.5130 0.7953
vn 0.0114 -0.0503 -0.9987
vn 0.0141 -0.0569 -0.9983
vn 0.0191 -0.0532 -0.9984
vn -0.5091 -0.3968 0.7638
vn -0.4374 -0.3820 0.8141
vn -0.3971 -0.3727 0.8387
vn -0.0019 -0.0551 -0.9985
vn -0.0072 -0.0572 -0.9983
vn -0.6803 -0.1943 0.7067
vn -0.7024 -0.2243 0.6755
vn -0.6678 -0.1779 0.7228
vn -0.0183 -0.0421 -0.9989
vn -0.0257 -0.0476 -0.9985
vn -0.0285 -0.0497 -0.9984
vn -0.7979 -0.0344 0.6018
vn -0.7740 -0.0499 0.6312
vn -0.7571 -0.0604 0.6505
vn -0.0462 -0.0323 -0.9984
vn -0.0353 -0.0347 -0.9988
vn -0.0489 -0.0317 -0.9983
vn -0.8483 0.2141 0.4844
vn -0.8082 0.1598 0.5669
vn -0.7814 0.1282 0.6108
vn 0.0906 0.9959 -0.0000
vn -0.0896 0.0038 -0.9960
vn -0.0498 -0.0158 -0.9986
vn -0.1015 0.0097 -0.9948
vn 0.0114 0.0461 0.9989
vn 0.0193 0.0455 0.9988
vn 0.0166 0.0465 0.9988
vn -0.1126 0.9936 -0.0000
vn -0.0185 0.9998 -0.0000
vn -0.0170 0.9999 -0.0000
vn -0.0111 -0.0445 -0.9989
vn -0.0183 -0.0444 -0.9988
vn -0.0119 -0.0448 -0.9989
vn 0.1025 -0.9246 0.3669
vn 0.0230 -0.9369 0.3489
vn 0.0020 -0.9368 0.3498
vn 0.9948 -0.1020 -0.0000
vn -0.9921 -0.0631 0.1087
vn -0.9950 -0.0951 0.0292
vn -0.9897 -0.0532 0.1327
vn 0.0779 -0.9323 0.3533
vn 0.0918 -0.9340 0.3453
vn 0.0247 -0.9523 0.3041
vn -0.0075 -0.0444 -0.9990
vn -0.0104 -0.0453 -0.9989
vn -0.1134 0.9936 -0.0000
vn -0.1464 0.9892 -0.0000
vn 0.0110 0.0461 0.9989
vn 0.0057 0.0457 0.9989
vn 0.0065 0.0460 0.9989
vn 0.0236 0.0454 0.9987
vn 0.0220 0.9998 -0.0000
vn 0.0213 0.9998 -0.0000
vn -0.0239 -0.0445 -0.9987
vn -0.0247 -0.0444 -0.9987
vn -0.0627 -0.9425 0.3281
vn 0.0266 0.0448 0.9986
vn 0.0310 0.0449 0.9985
vn 0.0118 0.9999 -0.0000
vn 0.0125 0.9999 -0.0000
vn -0.0306 -0.0445 -0.9985
vn -0.0322 -0.0442 -0.9985
vn -0.0460 -0.9481 0.3146
vn -0.0756 -0.9487 0.3069
vn 0.0315 0.0448 0.9985
vn 0.0372 0.0445 0.9983
vn 0.0798 0.9968 -0.0000
vn 0.0814 0.9967 -0.0000
vn -0.0372 -0.0439 -0.9983
vn -0.0417 -0.0426 -0.9982
vn -0.0696 -0.9510 0.3011
vn -0.1375 -0.9446 0.2980
vn 0.0407 0.0433 0.9982
vn 0.0432 0.0431 0.9981
vn 0.1375 0.9905 -0.0000
vn 0.1387 0.9903 -0.0000
vn -0.0427 -0.0426 -0.9982
vn -0.0467 -0.0413 -0.9981
vn -0.1388 -0.9456 0.2941
vn -0.1958 -0.9378 0.2865
vn 0.0457 0.0422 0.9981
vn 0.0501 0.0414 0.9979
vn 0.1320 0.9912 -0.0000
vn 0.1298 0.9915 -0.0000
vn -0.0502 -0.0410 -0.9979
vn -0.0532 -0.0401 -0.9978
vn -0.1826 -0.9447 0.2722
vn -0.1127 -0.9597 0.2576
vn 0.0591 0.0402 0.9974
vn 0.0556 0.0402 0.9976
vn 0.1246 0.9922 -0.0000
vn 0.1270 0.9919 -0.0000
vn -0.0555 -0.0400 -0.9977
vn -0.0602 -0.0387 -0.9974
vn -0.1126 -0.9578 0.2644
vn -0.0933 -0.9534 0.2869
vn 0.0593 0.0395 0.9975
vn 0.2540 0.9672 -0.0000
vn 0.2587 0.9660 -0.0000
vn -0.0596 -0.0387 -0.9975
vn -0.0634 -0.0376 -0.9973
vn -0.1290 -0.9421 0.3094
vn -0.1505 -0.9370 0.3153
vn 0.0634 0.0382 0.9973
vn 0.0612 0.0388 0.9974
vn 0.3288 0.9444 -0.0000
vn -0.0597 -0.0379 -0.9975
vn 0.0128 -0.9752 0.2210
vn 0.0538 -0.9744 0.2181
vn -0.0590 0.0434 0.9973
vn -0.0639 0.0443 0.9970
vn -0.0569 0.0440 0.9974
vn -0.0764 0.9971 -0.0000
vn -0.0321 0.9995 -0.0000
vn -0.0819 0.9966 -0.0000
vn 0.0609 -0.0437 -0.9972
vn 0.0632 -0.0440 -0.9970
vn 0.0662 -0.0438 -0.9968
vn -0.0866 -0.9864 0.1396
vn 0.0094 -0.9898 0.1425
vn 0.0058 -0.9898 0.1421
vn 0.9875 -0.1190 0.1032
vn 0.9882 -0.1502 0.0286
vn 0.9868 -0.1618 -0.0000
vn -0.9771 0.2127 -0.0000
vn -0.1928 -0.9773 0.0876
vn -0.2920 -0.9520 0.0917
vn -0.4503 -0.8929 -0.0000
vn 0.0596 -0.0428 -0.9973
vn 0.0644 -0.0431 -0.9970
vn -0.1585 0.9874 -0.0000
vn -0.0651 0.0436 0.9969
vn -0.0595 0.0428 0.9973
vn -0.0655 0.0432 0.9969
vn -0.0595 0.0446 0.9972
vn -0.0516 0.0444 0.9977
vn -0.0342 0.9994 -0.0000
vn -0.1023 0.9948 -0.0000
vn 0.0558 -0.0436 -0.9975
vn 0.0562 -0.0436 -0.9975
vn 0.0002 -0.9901 0.1406
vn 0.0152 -0.9881 0.1530
vn -0.0577 0.0453 0.9973
vn -0.0466 0.0458 0.9979
vn -0.1041 0.9946 -0.0000
vn -0.0889 0.9960 -0.0000
vn 0.0507 -0.0436 -0.9978
vn 0.0556 -0.0444 -0.9975
vn 0.0213 -0.9855 0.1682
vn 0.1324 -0.9623 0.2378
vn -0.0545 0.0469 0.9974
vn -0.0448 0.0471 0.9979
vn -0.0865 0.9963 -0.0000
vn 0.0144 0.9999 -0.0000
vn 0.0498 -0.0446 -0.9978
vn 0.0528 -0.0451 -0.9976
vn 0.1369 -0.9477 0.2882
vn 0.2080 -0.9200 0.3322
vn -0.0464 0.0474 0.9978
vn -0.0427 0.0476 0.9980
vn 0.0175 0.9998 -0.0000
vn 0.0456 0.9990 -0.0000
vn 0.0453 -0.0452 -0.9980
vn 0.0472 -0.0455 -0.9979
vn 0.1079 -0.9371 0.3318
vn 0.1019 -0.9378 0.3318
vn -0.0403 0.0473 0.9981
vn -0.0349 0.0475 0.9983
vn 0.0445 0.9990 -0.0000
vn 0.0321 0.9995 -0.0000
vn 0.0397 -0.0459 -0.9982
vn 0.0404 -0.0461 -0.9981
vn 0.0653 -0.9387 0.3385
vn 0.0511 -0.9419 0.3319
vn -0.0336 0.0473 0.9983
vn -0.0287 0.0476 0.9985
vn 0.0322 0.9995 -0.0000
vn 0.0626 0.9980 -0.0000
vn 0.0356 -0.0464 -0.9983
vn 0.0345 -0.0463 -0.9983
vn 0.0254 -0.9463 0.3224
vn -0.0201 -0.9547 0.2970
vn -0.0292 0.0478 0.9984
vn -0.0244 0.0480 0.9985
vn 0.0636 0.9980 -0.0000
vn 0.0708 0.9975 -0.0000
vn 0.0300 -0.0464 -0.9985
vn 0.0314 -0.0468 -0.9984
vn -0.0219 -0.9594 0.2813
vn -0.0421 -0.9615 0.2714
vn -0.0214 0.0477 0.9986
vn -0.0195 0.0480 0.9987
vn 0.0704 0.9975 -0.0000
vn 0.0958 0.9954 -0.0000
vn 0.0253 -0.0474 -0.9986
vn 0.0217 -0.0471 -0.9987
vn -0.0518 -0.9555 0.2904
vn -0.0387 -0.9567 0.2886
vn -0.0150 0.0475 0.9988
vn -0.0164 0.0475 0.9987
vn 0.0968 0.9953 -0.0000
vn 0.1240 0.9923 -0.0000
vn 0.0189 -0.0473 -0.9987
vn 0.0144 -0.0466 -0.9988
vn -0.0429 -0.9516 0.3043
vn -0.0124 0.0476 0.9988
vn -0.0108 0.0465 0.9989
vn 0.1238 0.9923 -0.0000
vn 0.1921 0.9814 -0.0000
vn 0.0111 -0.0461 -0.9989
vn 0.0089 -0.0456 -0.9989
vn -0.0870 -0.9396 0.3310
vn -0.0740 -0.9326 0.3532
vn -0.0053 0.0460 0.9989
vn 0.1940 0.9810 -0.0000
vn 0.2753 0.9614 -0.0000
vn 0.0049 -0.0453 -0.9990
vn 0.0036 -0.0450 -0.9990
vn -0.1346 -0.9160 0.3780
vn -0.1573 -0.9124 0.3778
vn 0.1600 0.4769 0.8643
vn -0.1227 -0.1397 0.9826
vn -0.0328 0.0209 0.9992
vn -0.3317 0.9434 -0.0000
vn 0.1026 0.9947 -0.0000
vn -0.3323 0.9432 -0.0000
vn 0.0427 0.0697 -0.9967
vn 0.0189 0.0479 -0.9987
vn 0.0187 0.0813 -0.9965
vn -0.4733 -0.8809 0.0009
vn -0.0926 -0.9957 -0.0000
vn -0.0918 -0.9958 -0.0000
vn 0.9922 -0.1247 -0.0000
vn 0.9965 -0.0836 -0.0000
vn 0.9967 -0.0814 -0.0000
vn -0.9528 -0.3037 -0.0000
vn -0.9910 -0.1336 -0.0000
vn -0.9512 -0.3086 -0.0000
vn -0.5772 -0.8166 -0.0000
vn 0.0605 0.0850 -0.9945
vn 0.0658 0.0655 -0.9957
vn 0.0934 0.0617 -0.9937
vn -0.3438 0.9390 -0.0000
vn -0.6136 -0.2937 0.7330
vn -0.2638 -0.3116 0.9129
vn -0.8036 -0.1926 0.5631
vn -0.0884 0.4946 0.8646
vn -0.0152 0.0769 0.9969
vn 0.1104 0.9939 0.0003
vn 0.4258 0.9048 -0.0000
vn 0.0126 0.0519 -0.9986
vn 0.0093 0.0801 -0.9967
vn -0.0163 -0.9999 -0.0000
vn -0.0157 -0.9999 -0.0000
vn -0.0036 -0.0138 0.9999
vn -0.0094 0.6316 0.7753
vn 0.4257 0.9048 -0.0000
vn 0.3638 0.9315 -0.0000
vn 0.0068 0.0794 -0.9968
vn 0.0057 0.0557 -0.9984
vn -0.0313 -0.9995 -0.0001
vn -0.0314 -0.9995 -0.0000
vn -0.2301 0.5187 0.8234
vn -0.0076 -0.0398 0.9992
vn -0.1809 0.9835 -0.0000
vn -0.1808 0.9835 0.0012
vn 0.0021 0.0808 -0.9967
vn -0.0007 0.0586 -0.9983
vn -0.0491 -0.9988 -0.0000
vn 0.0161 -0.0253 0.9995
vn -0.0224 0.6319 0.7747
vn -0.4713 0.8820 -0.0001
vn -0.0061 0.0818 -0.9966
vn -0.0085 0.0547 -0.9985
vn -0.0489 -0.9988 -0.0001
vn 0.0595 -0.9982 -0.0000
vn 0.0098 -0.0237 0.9997
vn -0.0566 0.5376 0.8413
vn -0.3363 0.9417 -0.0000
vn -0.3306 0.9438 -0.0000
vn -0.0141 0.0804 -0.9967
vn -0.0152 0.0517 -0.9985
vn 0.0599 -0.9982 -0.0000
vn 0.1044 -0.9945 -0.0000
vn 0.0095 -0.0261 0.9996
vn -0.1994 0.4940 0.8463
vn 0.1678 0.9858 -0.0000
vn 0.1692 0.9856 -0.0000
vn -0.0249 0.0791 -0.9966
vn -0.0230 0.0480 -0.9986
vn 0.1040 -0.9946 -0.0001
vn 0.2034 -0.9791 -0.0000
vn 0.1404 -0.0883 0.9861
vn -0.1187 -0.0595 0.9911
vn 0.2665 0.9638 -0.0000
vn 0.2698 0.9629 -0.0000
vn -0.0443 0.0764 -0.9961
vn -0.0675 0.0948 -0.9932
vn 0.2048 -0.9788 -0.0001
vn 0.5972 -0.8021 -0.0000
vn 0.6170 -0.1797 0.7662
vn 0.7997 -0.1477 0.5819
vn 0.3542 0.9352 -0.0000
vn -0.0648 0.0494 -0.9967
vn -0.0952 0.0534 -0.9940
vn 0.6800 -0.7332 -0.0000
vn -0.5201 -0.3979 0.7558
vn -0.2706 -0.6635 0.6976
vn -0.0744 -0.6962 0.7140
vn -0.0086 -0.6867 0.7269
vn -0.0203 -0.6760 0.7366
vn -0.0297 -0.6641 0.7470
vn 0.0461 -0.6526 0.7563
vn 0.0610 -0.6585 0.7501
vn 0.1440 -0.6398 0.7550
vn 0.3465 -0.5810 0.7365
vn 0.5076 -0.2335 0.8293
vn 0.9914 -0.1308 -0.0000
vn 0.9921 -0.1252 -0.0000
vn -0.0559 0.0539 -0.9970
vn -0.0461 0.0880 -0.9951
vn -0.0276 0.0918 -0.9954
vn -0.0157 0.0941 -0.9954
vn -0.0095 0.0938 -0.9955
vn -0.0013 0.0943 -0.9955
vn 0.0058 0.0960 -0.9954
vn 0.0115 0.0994 -0.9950
vn 0.0190 0.1020 -0.9946
vn 0.0368 0.0995 -0.9944
vn 0.0578 0.0696 -0.9959
vn -0.9086 -0.4178 -0.0000
vn 0.0797 0.0829 -0.9934
vn 0.1090 0.0428 -0.9931
vn 0.0241 0.0457 -0.9987
vn 0.0157 0.0475 -0.9987
vn 0.0068 0.0487 -0.9988
vn -0.0009 0.0486 -0.9988
vn -0.0093 0.0474 -0.9988
vn -0.0190 0.0457 -0.9988
vn -0.0278 0.0447 -0.9986
vn -0.0651 0.0591 -0.9961
vn -0.1019 0.0348 -0.9942
vn 0.9977 0.0676 -0.0000
vn 0.9974 0.0722 -0.0000
vn 0.2786 -0.5027 0.8183
vn 0.8452 0.0299 0.5336
vn -0.3481 0.4220 0.8371
vn 0.0174 -0.0446 0.9989
vn 0.0068 -0.0494 0.9988
vn -0.0004 -0.0481 0.9988
vn -0.0024 -0.0505 0.9987
vn -0.0141 -0.0425 0.9990
vn 0.3491 0.3241 0.8793
vn -0.4266 -0.3959 0.8132
vn -0.8767 -0.0130 0.4808
vn -0.9917 -0.1285 -0.0000
vn -1.0000 0.0084 -0.0000
vn 0.0688 0.0445 -0.9966
vn 0.1098 0.0295 -0.9935
vn 0.0252 0.0430 -0.9988
vn 0.0149 0.0416 -0.9990
vn 0.0043 0.0441 -0.9990
vn -0.0011 0.0442 -0.9990
vn -0.0077 0.0438 -0.9990
vn -0.0204 0.0395 -0.9990
vn -0.0293 0.0403 -0.9988
vn -0.0634 0.0376 -0.9973
vn -0.0975 0.0216 -0.9950
vn 0.9826 0.1856 -0.0000
vn 0.9823 0.1875 -0.0000
vn 0.1702 -0.3029 0.9377
vn 0.8208 0.1565 0.5494
vn -0.4362 0.0687 0.8972
vn 0.0191 -0.0363 0.9992
vn 0.0069 -0.0417 0.9991
vn 0.0015 -0.0426 0.9991
vn -0.0042 -0.0421 0.9991
vn -0.0163 -0.0418 0.9990
vn 0.4566 -0.0159 0.8895
vn -0.1688 -0.1791 0.9692
vn -0.8718 0.0567 0.4865
vn -1.0000 0.0098 -0.0000
vn -0.9977 0.0675 -0.0000
vn 0.0636 0.0310 -0.9975
vn 0.0993 0.0259 -0.9947
vn 0.0258 0.0390 -0.9989
vn 0.0134 0.0355 -0.9993
vn 0.0161 0.0239 -0.9996
vn 0.0005 0.0323 -0.9995
vn -0.0085 0.0355 -0.9993
vn -0.0203 0.0345 -0.9992
vn -0.0281 0.0341 -0.9990
vn -0.0616 0.0276 -0.9977
vn -0.0930 0.0165 -0.9955
vn 0.9758 0.2189 -0.0000
vn 0.9758 0.2187 -0.0000
vn -0.0271 -0.1814 0.9830
vn 0.8017 0.1673 0.5738
vn -0.3390 -0.3182 0.8853
vn 0.0096 -0.0337 0.9994
vn 0.0165 -0.0327 0.9993
vn 0.0086 -0.0286 0.9996
vn -0.0136 -0.0399 0.9991
vn -0.0207 -0.0157 0.9997
vn 0.3940 -0.2302 0.8898
vn -0.1541 -0.1633 0.9745
vn -0.8584 0.0560 0.5099
vn -0.9976 0.0697 -0.0000
vn -0.9955 0.0949 -0.0000
vn 0.0939 0.0165 -0.9954
vn 0.0233 0.0317 -0.9992
vn 0.0181 0.0341 -0.9993
vn 0.0118 0.0286 -0.9995
vn -0.0011 0.0233 -0.9997
vn -0.0079 0.0290 -0.9995
vn -0.0174 0.0294 -0.9994
vn -0.0262 0.0263 -0.9993
vn -0.0586 0.0088 -0.9982
vn -0.0932 0.0070 -0.9956
vn 0.9681 0.2507 -0.0000
vn 0.9676 0.2523 -0.0000
vn 0.2435 -0.1038 0.9643
vn 0.7936 0.1694 0.5844
vn -0.2837 -0.3965 0.8731
vn 0.4708 -0.2141 0.8559
vn -0.0472 -0.6237 0.7802
vn 0.5717 -0.2485 0.7819
vn -0.3776 -0.5281 0.7606
vn -0.1411 -0.4474 0.8831
vn 0.2322 -0.4005 0.8864
vn -0.8061 0.1417 0.5746
vn -0.9955 0.0944 -0.0000
vn -0.9888 0.1493 -0.0000
vn 0.0765 0.0055 -0.9971
vn 0.0541 0.0326 -0.9980
vn 0.0569 0.0002 -0.9984
vn 0.0170 0.0020 -0.9999
vn 0.0028 0.0102 -0.9999
vn -0.0020 0.0123 -0.9999
vn 0.0010 0.0087 -1.0000
vn 0.0020 0.0090 -1.0000
vn -0.0050 0.0023 -1.0000
vn -0.0259 0.0036 -0.9997
vn -0.0365 -0.0022 -0.9993
vn -0.0743 0.0045 -0.9972
vn 0.9431 0.3324 -0.0000
vn 0.9425 0.3342 -0.0000
vn 0.6522 0.2906 0.7002
vn 0.1152 0.0669 0.9911
vn 0.0731 -0.1126 0.9910
vn -0.0324 -0.2773 0.9602
vn -0.0552 0.0699 0.9960
vn -0.1464 -0.2859 0.9470
vn -0.0287 -0.2096 0.9774
vn -0.1187 -0.2981 0.9471
vn -0.1066 0.0152 0.9942
vn -0.1755 0.2551 0.9509
vn -0.2861 -0.2571 0.9231
vn -0.6897 0.2705 0.6717
vn -0.9883 0.1523 -0.0000
vn -0.9757 0.2192 -0.0000
vn 0.0616 -0.0084 -0.9981
vn 0.0306 -0.0114 -0.9995
vn 0.0191 -0.0084 -0.9998
vn -0.0002 -0.0073 -1.0000
vn -0.0071 -0.0037 -1.0000
vn 0.0016 -0.0029 -1.0000
vn 0.0096 -0.0069 -0.9999
vn -0.0056 -0.0129 -0.9999
vn -0.0288 -0.0145 -0.9995
vn -0.0351 -0.0195 -0.9992
vn -0.0604 -0.0004 -0.9982
vn 0.9271 0.3748 -0.0000
vn 0.4799 0.4196 0.7705
vn 0.1404 0.6495 0.7473
vn 0.1108 0.5970 0.7945
vn -0.1651 0.5658 0.8079
vn -0.3165 0.5228 0.7915
vn -0.0979 0.5404 0.8357
vn 0.2216 0.5347 0.8154
vn 0.2554 0.5370 0.8040
vn -0.0115 0.5654 0.8248
vn -0.1677 0.5983 0.7835
vn -0.5408 0.4521 0.7093
vn -0.9757 0.2190 -0.0000
vn -0.9767 0.2147 -0.0000
vn -0.0220 -0.0335 0.9992
vn -0.0164 -0.0354 0.9992
vn -0.0155 -0.0358 0.9992
vn 0.0883 0.9961 0.0002
vn 0.1827 0.9832 -0.0000
vn 0.0857 0.9963 -0.0000
vn 0.0229 0.0364 -0.9991
vn 0.0219 0.0366 -0.9991
vn 0.0269 0.0360 -0.9990
vn -0.0097 -1.0000 -0.0000
vn -0.0026 -1.0000 -0.0000
vn -0.0029 -1.0000 -0.0000
vn 0.8768 0.4809 -0.0000
vn -0.8851 0.4654 -0.0000
vn -0.2118 -0.9773 -0.0000
vn -0.0105 -0.9999 -0.0000
vn 0.0241 0.0372 -0.9990
vn 0.0296 0.0369 -0.9989
vn -0.0310 0.9995 -0.0000
vn -0.0236 -0.0344 0.9991
vn -0.0266 -0.0328 0.9991
vn -0.2163 -0.9763 -0.0000
vn -0.3763 -0.9265 -0.0000
vn 0.0269 0.0377 -0.9989
vn 0.0298 0.0373 -0.9989
vn -0.0309 0.9995 -0.0000
vn -0.0287 -0.0349 0.9990
vn -0.0172 -0.0387 0.9991
vn -0.0284 -0.0372 0.9989
vn -0.0135 -0.0367 0.9992
vn -0.0134 -0.0366 0.9992
vn 0.1830 0.9831 -0.0000
vn 0.2559 0.9667 -0.0000
vn 0.0188 0.0363 -0.9992
vn 0.0149 0.0368 -0.9992
vn -0.0307 -0.9995 -0.0000
vn -0.0310 -0.9995 -0.0000
vn -0.0098 -0.0368 0.9993
vn -0.0091 -0.0367 0.9993
vn 0.3160 0.9488 -0.0000
vn 0.0127 0.0363 -0.9993
vn 0.0076 0.0373 -0.9993
vn -0.0246 -0.9997 -0.0000
vn -0.0243 -0.9997 -0.0000
vn -0.0041 -0.0381 0.9993
vn -0.0037 -0.0376 0.9993
vn 0.1677 0.9858 -0.0000
vn 0.1670 0.9860 -0.0000
vn 0.0092 0.0378 -0.9992
vn -0.0000 0.0403 -0.9992
vn 0.0264 -0.9997 -0.0000
vn 0.0023 -0.0367 0.9993
vn 0.0006 -0.0377 0.9993
vn -0.0944 0.9955 -0.0000
vn 0.0028 0.0416 -0.9991
vn 0.0001 0.0430 -0.9991
vn 0.0246 -0.9997 -0.0000
vn 0.0247 -0.9997 -0.0000
vn 0.0063 -0.0389 0.9992
vn 0.0051 -0.0393 0.9992
vn -0.0948 0.9955 0.0003
vn -0.3467 0.9380 -0.0000
vn -0.0034 0.0416 -0.9991
vn -0.0030 0.0405 -0.9992
vn 0.0466 -0.9989 -0.0000
vn 0.0030 -0.0387 0.9992
vn 0.0152 -0.0373 0.9992
vn 0.0150 -0.0371 0.9992
vn -0.4079 0.9130 -0.0000
vn -0.3653 0.9309 -0.0000
vn -0.0094 0.0360 -0.9993
vn -0.0118 0.0352 -0.9993
vn -0.0018 0.0389 -0.9992
vn 0.0508 -0.9987 -0.0000
vn 0.0348 -0.9994 -0.0000
vn 0.0193 -0.0359 0.9992
vn 0.0207 -0.0355 0.9992
vn -0.2730 0.9620 -0.0000
vn -0.2720 0.9623 -0.0000
vn -0.0165 0.0341 -0.9993
vn -0.0197 0.0352 -0.9992
vn 0.0352 -0.9994 -0.0000
vn 0.1086 -0.9941 -0.0000
vn 0.0203 -0.0350 0.9992
vn -0.1131 0.9936 -0.0000
vn -0.1119 0.9937 -0.0000
vn -0.0249 0.0353 -0.9991
vn -0.0264 0.0354 -0.9990
vn 0.1097 -0.9940 -0.0000
vn 0.1963 -0.9805 -0.0000
vn 0.0468 -0.9989 -0.0000
vn -0.0066 0.0387 -0.9992
vn -0.3473 0.9377 -0.0000
vn 0.0044 -0.0389 0.9992
vn 0.0228 -0.0356 0.9991
vn 0.0268 -0.0352 0.9990
vn -0.0554 0.9985 -0.0000
vn -0.0552 0.9985 -0.0000
vn -0.0235 0.0362 -0.9991
vn -0.0279 0.0349 -0.9990
vn 0.1969 -0.9804 -0.0000
vn 0.2253 -0.9743 -0.0000
vn 0.0272 -0.0364 0.9990
vn 0.0338 -0.0347 0.9988
vn -0.0390 0.9992 -0.0000
vn -0.0189 0.0376 -0.9991
vn -0.0310 0.0357 -0.9989
vn 0.2257 -0.9742 -0.0000
vn 0.2465 -0.9691 -0.0000
vn -0.0176 -0.0485 0.9987
vn -0.0189 -0.0487 0.9986
vn -0.0203 -0.0487 0.9986
vn -0.2467 0.9691 -0.0000
vn -0.1427 0.9898 -0.0000
vn -0.2485 0.9686 -0.0000
vn 0.0178 0.0491 -0.9986
vn 0.0193 0.0499 -0.9986
vn 0.0145 0.0504 -0.9986
vn -0.1736 -0.9848 -0.0002
vn 0.0495 -0.9988 -0.0000
vn 0.8614 -0.5079 -0.0000
vn -0.8563 -0.5165 -0.0000
vn -0.1762 -0.9844 -0.0000
vn -0.3305 -0.9438 -0.0000
vn 0.0229 0.0475 -0.9986
vn 0.0192 0.0465 -0.9987
vn 0.0249 0.0450 -0.9987
vn -0.2854 0.9584 -0.0000
vn -0.0239 -0.0498 0.9985
vn -0.0232 -0.0500 0.9985
vn 0.0010 -0.0484 0.9988
vn -0.0087 -0.0491 0.9988
vn -0.0163 -0.0488 0.9987
vn -0.0712 0.9975 -0.0000
vn -0.0581 0.9983 -0.0000
vn 0.0190 0.0484 -0.9986
vn 0.0095 0.0474 -0.9988
vn 0.0076 0.0479 -0.9988
vn 0.0493 -0.9988 -0.0000
vn -0.0001 -0.0490 0.9988
vn -0.0079 -0.0502 0.9987
vn -0.0580 0.9983 -0.0000
vn -0.0556 0.9985 -0.0000
vn 0.0045 0.0477 -0.9989
vn 0.0040 0.0483 -0.9988
vn 0.0023 -0.0465 0.9989
vn 0.0021 -0.0465 0.9989
vn -0.0027 0.0482 -0.9988
vn -0.0025 0.0482 -0.9988
vn -0.0023 0.0483 -0.9988
vn 0.0102 -0.0491 0.9987
vn 0.0084 -0.0490 0.9988
vn 0.0101 -0.0486 0.9988
vn -0.0001 1.0000 -0.0000
vn 0.0060 1.0000 -0.0000
vn 0.0056 1.0000 -0.0000
vn -0.0094 0.0483 -0.9988
vn -0.0120 0.0484 -0.9988
vn -0.0081 0.0485 -0.9988
vn 0.0180 -0.0462 0.9988
vn 0.0186 -0.0463 0.9988
vn 0.0208 -0.0462 0.9987
vn -0.0053 1.0000 -0.0000
vn 0.0252 0.9997 -0.0000
vn 0.0265 0.9997 -0.0000
vn -0.0199 0.0495 -0.9986
vn -0.0188 0.0490 -0.9986
vn -0.0214 0.0504 -0.9985
vn 0.0209 -0.0462 0.9987
vn 0.0269 -0.0457 0.9986
vn 0.1028 0.9947 -0.0000
vn 0.1051 0.9945 -0.0000
vn -0.0267 0.0481 -0.9985
vn -0.0238 0.0473 -0.9986
vn 0.2807 -0.9598 -0.0000
vn -0.0137 0.0489 -0.9987
vn -0.0165 0.0487 -0.9987
vn -0.0287 0.9996 -0.0000
vn -0.0057 1.0000 -0.0000
vn 0.0133 -0.0454 0.9989
vn 0.0033 -0.0448 0.9990
vn 0.0144 -0.0454 0.9989
vn 0.0254 -0.0458 0.9986
vn 0.0305 -0.0454 0.9985
vn 0.1558 0.9878 -0.0000
vn -0.0293 0.0459 -0.9985
vn -0.0249 0.0450 -0.9987
vn 0.4598 -0.8880 -0.0000
vn 0.0008 -0.0491 0.9988
vn -0.0128 -0.0515 0.9986
vn 0.0104 -0.0496 0.9987
vn 0.0062 -0.0501 0.9987
vn -0.0005 1.0000 -0.0001
vn -0.0027 0.0481 -0.9988
vn -0.0127 0.0481 -0.9988
vn 0.0090 -0.0487 0.9988
vn 0.0119 -0.0482 0.9988
vn 0.0494 -0.9988 -0.0000
vn 0.0153 0.0495 -0.9987
vn 0.0110 0.0486 -0.9988
vn -0.0711 0.9975 -0.0000
vn -0.0096 -0.0496 0.9987
vn 0.0090 0.0497 -0.9987
vn -0.1407 0.9901 -0.0000
vn -0.0160 -0.0492 0.9987
vn -0.0212 -0.0500 0.9985
vn 1.0000 0.0070 0.0042
vn 0.9999 0.0072 -0.0141
vn 0.9999 0.0072 -0.0144
vn -0.0369 0.8244 0.5648
vn -0.0399 0.8121 0.5821
vn -0.0402 0.8105 0.5843
vn -0.9993 0.0332 0.0190
vn -0.9971 0.0341 -0.0685
vn -0.9992 0.0332 0.0226
vn 0.0226 -0.4447 0.8954
vn 0.0239 -0.4408 0.8973
vn 0.0244 -0.4394 0.8979
vn 0.9738 -0.2131 -0.0791
vn 0.8935 -0.1971 0.4034
vn 0.8906 -0.1965 0.4102
vn -0.0399 0.9054 0.4227
vn -0.0390 0.9071 0.4192
vn -0.0388 0.9074 0.4184
vn -0.9671 0.2379 0.0901
vn -0.8519 0.2114 -0.4791
vn -0.9651 0.2373 0.1111
vn 0.0297 -0.4207 0.9067
vn 0.0370 -0.4084 0.9120
vn 0.0438 -0.3969 0.9168
vn 0.9719 0.1889 0.1401
vn 0.9155 0.1827 -0.3585
vn 0.9129 0.1823 -0.3652
vn -0.0423 0.7671 0.6401
vn -0.0454 0.7587 0.6499
vn -0.0462 0.7567 0.6522
vn -0.9801 -0.1618 -0.1148
vn -0.9323 -0.1582 0.3252
vn -0.9779 -0.1612 -0.1331
vn 0.0191 -0.4423 0.8967
vn 0.0223 -0.4345 0.9004
vn 0.0241 -0.4303 0.9024
vn 0.0531 -0.2502 0.9667
vn 0.0642 -0.2635 0.9625
vn 0.0516 -0.2642 0.9631
vn -0.0000 1.0000 -0.0000
vn -0.0528 0.2502 -0.9668
vn -0.0660 0.2549 -0.9647
vn -0.0482 0.2397 -0.9697
vn 0.9239 -0.1464 0.3535
vn 0.9239 -0.0000 0.3827
vn 1.0000 -0.0000 -0.0000
vn 0.9548 -0.2972 -0.0000
vn 0.9250 -0.3800 -0.0000
vn 0.9185 -0.3954 -0.0000
vn -0.5894 -0.8078 -0.0000
vn -0.6313 -0.7755 -0.0000
vn -0.5870 -0.8096 -0.0000
vn -0.8875 -0.1115 0.4471
vn 0.0745 -0.2646 0.9615
vn 0.9514 -0.3079 -0.0000
vn 0.9538 -0.3004 -0.0000
vn -0.9332 0.0880 -0.3483
vn -1.0000 -0.0000 -0.0000
vn -0.5803 -0.8144 -0.0000
vn -0.0604 0.2724 -0.9603
vn -0.0567 0.2612 -0.9636
vn 0.9291 -0.3698 -0.0000
vn 0.9360 -0.3521 -0.0000
vn 0.0612 -0.2731 0.9600
vn 0.0701 -0.2569 0.9639
vn -0.6365 -0.7713 -0.0000
vn -0.6416 -0.7670 -0.0000
vn -0.0855 0.2554 -0.9630
vn -0.0734 0.2568 -0.9637
vn 0.9325 -0.3613 -0.0000
vn 0.9232 -0.3844 -0.0000
vn 0.0813 -0.2548 0.9636
vn 0.0564 -0.2847 0.9570
vn -0.6404 -0.7681 -0.0000
vn -0.6368 -0.7710 -0.0000
vn -0.0558 0.2829 -0.9575
vn -0.0941 0.2572 -0.9618
vn -0.0554 0.2860 -0.9566
vn 0.8870 -0.4617 -0.0000
vn 0.8978 -0.4404 -0.0000
vn 0.8974 -0.4412 -0.0000
vn 0.0527 -0.2850 0.9571
vn 0.0911 -0.2578 0.9619
vn 0.0995 -0.2430 0.9649
vn -0.6976 -0.7165 -0.0000
vn -0.7599 -0.6501 -0.0000
vn -0.6834 -0.7300 -0.0000
vn -0.0584 0.2793 -0.9584
vn -0.1092 0.2462 -0.9631
vn -0.0536 0.2875 -0.9563
vn 0.9405 -0.3398 -0.0000
vn 0.9811 -0.1934 -0.0000
vn 0.9858 -0.1681 -0.0000
vn 0.0610 -0.2820 0.9575
vn 0.1091 -0.2439 0.9636
vn 0.1129 -0.2440 0.9632
vn -0.8680 -0.4965 -0.0000
vn -0.9198 -0.3923 -0.0000
vn -0.8435 -0.5372 -0.0000
vn -0.0564 0.2736 -0.9602
vn -0.1207 0.2204 -0.9679
vn -0.1150 0.2360 -0.9649
vn 0.9969 -0.0788 -0.0000
vn 0.9983 -0.0590 -0.0000
vn 0.9986 -0.0529 -0.0000
vn 0.0572 -0.2692 0.9614
vn 0.1201 -0.2259 0.9667
vn 0.0553 -0.2587 0.9644
vn -0.9239 -0.3827 -0.0000
vn -0.9773 -0.2120 -0.0000
vn -0.9187 -0.3950 -0.0000
vn -0.0606 0.2364 -0.9698
vn -0.1323 0.2034 -0.9701
vn -0.1275 0.2114 -0.9691
vn 1.0000 0.0028 -0.0000
vn 0.9951 0.0985 -0.0000
vn 0.9919 0.1268 -0.0000
vn 0.0597 -0.2379 0.9695
vn 0.1319 -0.2016 0.9705
vn 0.0596 -0.2203 0.9736
vn -0.9972 -0.0743 -0.0000
vn -0.9990 -0.0447 -0.0000
vn -0.9974 -0.0714 -0.0000
vn -0.0566 0.1927 -0.9796
vn -0.1338 0.1903 -0.9726
vn -0.1345 0.1896 -0.9726
vn 0.9291 0.3699 -0.0000
vn 0.8879 0.4601 -0.0000
vn 0.8851 0.4654 -0.0000
vn 0.0570 -0.1911 0.9799
vn 0.1350 -0.1839 0.9736
vn 0.0576 -0.1643 0.9847
vn -0.9718 0.2356 -0.0000
vn -0.9132 0.4074 -0.0000
vn -0.9811 0.1935 -0.0000
vn -0.0628 0.1412 -0.9880
vn -0.1248 0.1519 -0.9805
vn -0.1304 0.1716 -0.9765
vn 0.7823 0.6228 -0.0000
vn 0.6653 0.7466 -0.0000
vn 0.6488 0.7609 -0.0000
vn 0.0616 -0.1420 0.9879
vn 0.1252 -0.1551 0.9799
vn 0.0547 -0.1183 0.9915
vn -0.8651 0.5015 -0.0000
vn -0.8525 0.5228 -0.0000
vn -0.8677 0.4972 -0.0000
vn -0.0555 0.1206 -0.9911
vn -0.1142 0.1330 -0.9845
vn 0.5963 0.8027 -0.0000
vn 0.1128 -0.1390 0.9838
vn 0.0377 -0.1023 0.9940
vn -0.8519 0.5237 -0.0000
vn -0.8486 0.5290 -0.0000
vn 0.8020 0.5973 -0.0000
vn -0.0577 0.1708 -0.9836
vn -0.9070 0.4212 -0.0000
vn 0.1306 -0.1739 0.9761
vn 0.9401 0.3408 -0.0000
vn -0.0599 0.2149 -0.9748
vn -0.9995 -0.0304 -0.0000
vn 0.1355 -0.1909 0.9722
vn 1.0000 -0.0060 -0.0000
vn -0.0550 0.2568 -0.9649
vn -0.9857 -0.1686 -0.0000
vn 0.1263 -0.2122 0.9690
vn 0.9969 -0.0782 -0.0000
vn -0.1125 0.2425 -0.9636
vn -0.9156 -0.4021 -0.0000
vn 0.1157 -0.2359 0.9649
vn 0.9320 -0.3625 -0.0000
vn -0.1002 0.2513 -0.9627
vn -0.7616 -0.6481 -0.0000
vn 0.0537 -0.2891 0.9558
vn 0.8839 -0.4677 -0.0000
vn -0.0574 0.2913 -0.9549
vn -0.6378 -0.7702 -0.0000
vn 0.0542 -0.2892 0.9557
vn -0.0505 0.2577 -0.9649
vn -1.0000 -0.0001 0.0002
vn -0.0457 0.2685 -0.9622
vn -0.0359 0.2781 -0.9599
vn -0.0225 0.2732 -0.9617
vn -0.0158 0.2673 -0.9635
vn -0.0092 0.2671 -0.9636
vn -0.0021 0.2633 -0.9647
vn 0.0045 0.2511 -0.9679
vn 0.0117 0.2488 -0.9685
vn 0.0145 0.2457 -0.9692
vn 0.0164 0.2306 -0.9729
vn 0.0193 0.2076 -0.9780
vn 0.0212 0.1997 -0.9796
vn 0.0197 0.2097 -0.9776
vn 0.0130 0.1841 -0.9828
vn 0.0064 0.1471 -0.9891
vn 0.0037 0.1277 -0.9918
vn -0.0024 -0.1349 0.9909
vn -0.0073 -0.1536 0.9881
vn -0.0133 -0.1817 0.9833
vn -0.0207 -0.2047 0.9786
vn -0.0232 -0.1995 0.9796
vn -0.0203 -0.2084 0.9778
vn -0.0166 -0.2310 0.9728
vn -0.0140 -0.2463 0.9691
vn -0.0104 -0.2432 0.9699
vn -0.0032 -0.2484 0.9687
vn 0.0039 -0.2705 0.9627
vn 0.0103 -0.2660 0.9639
vn 0.0167 -0.2679 0.9633
vn 0.0244 -0.2699 0.9626
vn 0.0378 -0.2753 0.9606
vn 0.0516 -0.2722 0.9609
vn 0.0486 -0.2511 0.9667
vn -0.9606 -0.0722 0.2685
vn -0.2159 0.0312 -0.9759
vn -0.2301 0.0256 -0.9728
vn -0.2312 0.0252 -0.9726
vn -1.0000 -0.0082 -0.0000
vn 0.2122 -0.0291 0.9768
vn 0.2196 -0.0287 0.9752
vn 0.2181 -0.0240 0.9756
vn 0.9239 0.1464 -0.3535
vn 0.9239 -0.0000 -0.3827
vn 0.3547 -0.9350 -0.0000
vn 0.4456 -0.8952 -0.0000
vn 0.3578 -0.9338 -0.0000
vn 0.8479 0.5302 -0.0000
vn 0.8196 0.5730 -0.0000
vn 0.8171 0.5766 -0.0000
vn -0.8921 0.0100 -0.4517
vn -0.2170 0.0216 -0.9759
vn 0.3662 -0.9305 -0.0000
vn -0.9045 -0.0121 0.4262
vn 0.8532 0.5216 -0.0000
vn 0.8489 0.5285 -0.0000
vn 0.2216 -0.0245 0.9748
vn 0.2188 -0.0308 0.9753
vn 0.4605 -0.8877 -0.0000
vn 0.4336 -0.9011 -0.0000
vn -0.2251 0.0204 -0.9741
vn -0.2153 0.0273 -0.9762
vn 0.8129 0.5824 -0.0000
vn 0.8137 0.5813 -0.0000
vn 0.2277 -0.0311 0.9732
vn 0.2170 -0.0329 0.9756
vn 0.4170 -0.9089 -0.0000
vn 0.4268 -0.9043 -0.0000
vn -0.2181 0.0300 -0.9755
vn -0.2214 0.0147 -0.9751
vn 0.8161 0.5779 -0.0000
vn 0.8157 0.5785 -0.0000
vn 0.2212 -0.0019 0.9752
vn 0.2254 -0.0282 0.9739
vn 0.2172 -0.0073 0.9761
vn 0.5327 -0.8463 -0.0000
vn 0.5104 -0.8599 -0.0000
vn 0.5386 -0.8425 -0.0000
vn -0.2247 0.0035 -0.9744
vn -0.2245 0.0292 -0.9740
vn -0.2243 0.0290 -0.9741
vn 0.7715 0.6362 -0.0000
vn 0.7063 0.7079 -0.0000
vn 0.7054 0.7088 -0.0000
vn 0.2000 0.0060 0.9798
vn 0.2003 -0.0322 0.9792
vn 0.2195 0.0031 0.9756
vn 0.4028 -0.9153 -0.0000
vn 0.2350 -0.9720 -0.0000
vn 0.4257 -0.9048 -0.0000
vn -0.2049 -0.0066 -0.9788
vn -0.2064 0.0307 -0.9780
vn -0.2177 0.0311 -0.9755
vn 0.5670 0.8237 -0.0000
vn 0.4468 0.8946 -0.0000
vn 0.4524 0.8918 -0.0000
vn 0.2028 0.0133 0.9791
vn 0.2018 -0.0269 0.9790
vn 0.2156 -0.0292 0.9761
vn 0.1015 -0.9948 -0.0000
vn 0.0779 -0.9970 -0.0000
vn 0.1011 -0.9949 -0.0000
vn -0.2128 -0.0124 -0.9770
vn -0.1956 0.0269 -0.9803
vn -0.2000 -0.0180 -0.9796
vn 0.4368 0.8996 -0.0000
vn 0.2291 0.9734 -0.0000
vn 0.2025 0.9793 -0.0000
vn 0.1824 0.0199 0.9830
vn 0.1669 -0.0263 0.9856
vn 0.1886 -0.0274 0.9817
vn 0.0053 -1.0000 -0.0000
vn -0.1095 -0.9940 -0.0000
vn 0.0145 -0.9999 -0.0000
vn -0.1790 -0.0205 -0.9836
vn -0.1873 0.0271 -0.9819
vn -0.1675 -0.0261 -0.9855
vn 0.0792 0.9969 -0.0000
vn 0.0424 0.9991 -0.0000
vn 0.0317 0.9995 -0.0000
vn 0.1550 0.0325 0.9874
vn 0.1745 -0.0231 0.9844
vn 0.1641 -0.0248 0.9861
vn -0.4148 -0.9099 -0.0000
vn -0.5182 -0.8553 -0.0000
vn -0.3904 -0.9206 -0.0000
vn -0.1513 -0.0349 -0.9879
vn -0.1643 0.0181 -0.9862
vn -0.1350 -0.0389 -0.9901
vn -0.2781 0.9606 -0.0000
vn -0.4771 0.8789 -0.0000
vn -0.4891 0.8722 -0.0000
vn 0.1142 0.0364 0.9928
vn 0.1532 -0.0096 0.9882
vn 0.1613 -0.0169 0.9868
vn -0.6769 -0.7361 -0.0000
vn -0.7978 -0.6029 -0.0000
vn -0.6622 -0.7494 -0.0000
vn -0.1216 -0.0379 -0.9919
vn -0.1524 0.0097 -0.9883
vn -0.1050 -0.0480 -0.9933
vn -0.5737 0.8191 -0.0000
vn -0.5951 0.8036 -0.0000
vn -0.5962 0.8028 -0.0000
vn 0.1028 0.0455 0.9937
vn 0.1284 0.0034 0.9917
vn -0.8041 -0.5945 -0.0000
vn -0.8434 -0.5372 -0.0000
vn -0.1329 -0.0009 -0.9911
vn -0.0796 -0.0642 -0.9948
vn -0.6015 0.7989 -0.0000
vn -0.5219 -0.8530 -0.0000
vn 0.1343 0.0367 0.9903
vn -0.5694 0.8221 -0.0000
vn -0.1444 0.0141 -0.9894
vn -0.1373 -0.9905 -0.0000
vn 0.1643 0.0256 0.9861
vn -0.2445 0.9697 -0.0000
vn -0.1908 0.0236 -0.9813
vn 0.0714 -0.9974 -0.0000
vn 0.2066 0.0183 0.9782
vn 0.0772 0.9970 -0.0000
vn -0.1846 0.0269 -0.9824
vn 0.2078 -0.9782 -0.0000
vn 0.2188 -0.0330 0.9752
vn 0.4439 0.8961 -0.0000
vn -0.2138 0.0284 -0.9765
vn 0.5113 -0.8594 -0.0000
vn 0.2164 -0.0291 0.9759
vn 0.5871 0.8095 -0.0000
vn -0.2184 -0.0033 -0.9759
vn 0.4498 -0.8931 -0.0000
vn 0.2243 -0.0159 0.9744
vn 0.7773 0.6291 -0.0000
vn -0.2197 0.0068 -0.9755
vn 0.2053 -0.0317 0.9782
vn -1.0000 0.0001 -0.0003
vn 0.2192 -0.0189 0.9755
vn 0.2115 0.0010 0.9774
vn 0.1886 0.0171 0.9819
vn 0.1761 0.0259 0.9840
vn 0.1844 0.0356 0.9822
vn 0.1599 0.0465 0.9860
vn 0.1654 0.0522 0.9848
vn 0.1557 0.0612 0.9859
vn 0.1517 0.0708 0.9859
vn 0.1465 0.0777 0.9862
vn 0.1311 0.0833 0.9879
vn 0.1257 0.0878 0.9882
vn 0.1388 0.0886 0.9864
vn 0.1341 0.0886 0.9870
vn 0.1147 0.0861 0.9897
vn 0.0996 0.0855 0.9914
vn -0.1013 -0.0906 -0.9907
vn -0.1149 -0.0890 -0.9894
vn -0.1310 -0.0897 -0.9873
vn -0.1284 -0.0878 -0.9878
vn -0.1197 -0.0862 -0.9891
vn -0.1389 -0.0823 -0.9869
vn -0.1487 -0.0772 -0.9859
vn -0.1466 -0.0711 -0.9866
vn -0.1591 -0.0623 -0.9853
vn -0.1654 -0.0522 -0.9848
vn -0.1672 -0.0459 -0.9848
vn -0.1810 -0.0366 -0.9828
vn -0.1801 -0.0259 -0.9833
vn -0.1945 -0.0178 -0.9807
vn -0.2113 -0.0024 -0.9774
vn -0.2299 0.0144 -0.9731
vn -0.2027 0.0280 -0.9788
vn -0.9658 0.0105 -0.2591
vn 0.0670 -0.2491 0.9662
vn 0.0813 -0.2161 0.9730
vn 0.0616 -0.2174 0.9741
vn -0.0574 0.2559 -0.9650
vn -0.0773 0.2135 -0.9739
vn -0.0682 0.2509 -0.9656
vn 0.9379 -0.3469 -0.0000
vn 0.8982 -0.4397 -0.0000
vn 0.8912 -0.4535 -0.0000
vn -0.5234 -0.8521 -0.0000
vn -0.5661 -0.8244 -0.0000
vn -0.5213 -0.8534 -0.0000
vn -0.8529 -0.1271 0.5063
vn 0.0934 -0.2549 0.9624
vn 0.9335 -0.3586 -0.0000
vn 0.9366 -0.3503 -0.0000
vn -0.9210 0.0969 -0.3772
vn -0.5147 -0.8574 -0.0000
vn -0.0547 0.1960 -0.9791
vn -0.0409 0.2470 -0.9681
vn 0.9060 -0.4232 -0.0000
vn 0.9118 -0.4106 -0.0000
vn 0.0495 -0.1965 0.9793
vn 0.0798 -0.1880 0.9789
vn -0.5700 -0.8217 -0.0000
vn -0.5756 -0.8177 -0.0000
vn -0.0844 0.1498 -0.9851
vn -0.0835 0.1793 -0.9802
vn 0.9056 -0.4241 -0.0000
vn 0.8997 -0.4366 -0.0000
vn 0.0819 -0.1476 0.9856
vn 0.0302 -0.1813 0.9830
vn -0.5746 -0.8184 -0.0000
vn -0.5714 -0.8207 -0.0000
vn -0.0156 0.1316 -0.9912
vn -0.0889 0.1129 -0.9896
vn -0.0194 0.1586 -0.9872
vn 0.8491 -0.5283 -0.0000
vn 0.8642 -0.5031 -0.0000
vn 0.8639 -0.5037 -0.0000
vn 0.0133 -0.1295 0.9915
vn 0.0879 -0.0970 0.9914
vn 0.0938 -0.0824 0.9922
vn -0.6271 -0.7789 -0.0000
vn -0.7025 -0.7117 -0.0000
vn -0.6266 -0.7793 -0.0000
vn -0.0097 0.0760 -0.9971
vn -0.0970 0.0636 -0.9933
vn -0.0061 0.1021 -0.9948
vn 0.9148 -0.4039 -0.0000
vn 0.9766 -0.2150 -0.0000
vn 0.9777 -0.2100 -0.0000
vn 0.0126 -0.0810 0.9966
vn 0.0974 -0.0762 0.9923
vn 0.0979 -0.0636 0.9932
vn -0.8126 -0.5828 -0.0000
vn -0.8895 -0.4570 -0.0000
vn -0.8118 -0.5839 -0.0000
vn -0.0030 0.0792 -0.9969
vn -0.0990 0.0311 -0.9946
vn -0.0984 0.0490 -0.9939
vn 0.9957 -0.0931 -0.0000
vn 0.9978 -0.0669 -0.0000
vn 0.9978 -0.0660 -0.0000
vn 0.0038 -0.0660 0.9978
vn 0.0981 -0.0331 0.9946
vn -0.0024 -0.0428 0.9991
vn -0.8944 -0.4473 -0.0000
vn -0.9747 -0.2236 -0.0000
vn -0.9744 -0.2250 -0.0000
vn -0.0010 0.0062 -1.0000
vn -0.0980 0.0066 -0.9952
vn -0.0991 0.0161 -0.9950
vn 1.0000 -0.0014 -0.0000
vn 0.9913 0.1314 -0.0000
vn 0.9909 0.1345 -0.0001
vn 0.0003 -0.0096 1.0000
vn 0.0970 -0.0043 0.9953
vn -0.0033 0.0173 0.9998
vn -0.9963 -0.0862 -0.0000
vn -0.9990 -0.0452 -0.0000
vn -0.9990 -0.0443 0.0001
vn 0.0088 -0.0451 -0.9989
vn -0.0850 -0.0100 -0.9963
vn -0.0924 -0.0025 -0.9957
vn 0.9103 0.4140 -0.0000
vn 0.8502 0.5264 -0.0000
vn 0.8497 0.5273 -0.0000
vn -0.0084 0.0491 0.9988
vn 0.0848 0.0155 0.9963
vn -0.0089 0.0747 0.9972
vn -0.9673 0.2537 -0.0000
vn -0.8803 0.4744 -0.0000
vn -0.9677 0.2521 -0.0000
vn 0.0047 -0.0968 -0.9953
vn -0.0673 -0.0497 -0.9965
vn -0.0765 -0.0374 -0.9964
vn 0.7361 0.6769 -0.0000
vn 0.5928 0.8054 -0.0000
vn 0.5908 0.8068 -0.0000
vn -0.0050 0.0871 0.9962
vn 0.0652 0.0411 0.9970
vn -0.0150 0.1067 0.9942
vn -0.8250 0.5652 -0.0000
vn -0.8080 0.5891 -0.0000
vn -0.8254 0.5646 -0.0000
vn 0.0147 -0.1177 -0.9929
vn -0.0485 -0.0679 -0.9965
vn 0.5303 0.8478 -0.0000
vn 0.0484 0.0665 0.9966
vn -0.0350 0.1279 0.9912
vn -0.8038 0.5949 -0.0000
vn 0.7387 0.6740 -0.0000
vn 0.0090 -0.0621 -0.9980
vn -0.8792 0.4765 -0.0000
vn 0.0748 0.0268 0.9968
vn 0.9125 0.4090 -0.0000
vn 0.0030 -0.0206 -0.9998
vn 0.0922 0.0021 0.9957
vn 1.0000 -0.0023 -0.0000
vn 0.0067 0.0482 -0.9988
vn 0.0979 -0.0165 0.9951
vn 0.9957 -0.0929 -0.0000
vn -0.0989 0.0537 -0.9937
vn -0.8940 -0.4480 0.0001
vn 0.0980 -0.0417 0.9943
vn 0.9133 -0.4074 -0.0000
vn -0.0927 0.0939 -0.9913
vn 0.0076 -0.1086 0.9941
vn 0.8481 -0.5299 -0.0000
vn -0.0354 0.1788 -0.9832
vn -0.5716 -0.8205 -0.0000
vn 0.0177 -0.1513 0.9883
vn -0.0424 0.2596 -0.9648
vn -0.0217 0.2241 -0.9743
vn 0.0145 0.1763 -0.9842
vn 0.0464 0.1054 -0.9933
vn 0.0644 0.0831 -0.9945
vn 0.0789 0.0688 -0.9945
vn 0.0852 0.0679 -0.9940
vn 0.0905 0.0495 -0.9947
vn 0.1001 0.0366 -0.9943
vn 0.1021 0.0292 -0.9943
vn 0.1000 0.0173 -0.9948
vn 0.0997 -0.0079 -0.9950
vn 0.0989 -0.0188 -0.9949
vn 0.0973 -0.0164 -0.9951
vn 0.0909 -0.0400 -0.9951
vn 0.0829 -0.0592 -0.9948
vn 0.0742 -0.0881 -0.9934
vn -0.0734 0.0903 0.9932
vn -0.0804 0.0526 0.9954
vn -0.0883 0.0313 0.9956
vn -0.0962 0.0227 0.9951
vn -0.0984 0.0155 0.9950
vn -0.0992 0.0043 0.9951
vn -0.0997 -0.0122 0.9949
vn -0.0999 -0.0273 0.9946
vn -0.0972 -0.0351 0.9946
vn -0.0899 -0.0556 0.9944
vn -0.0848 -0.0715 0.9938
vn -0.0779 -0.0631 0.9950
vn -0.0617 -0.0898 0.9940
vn -0.0466 -0.1129 0.9925
vn -0.0151 -0.1734 0.9847
vn 0.0267 -0.2139 0.9765
vn 0.0462 -0.2474 0.9678
vn -0.9596 -0.0762 0.2707
vn -0.2059 -0.1552 0.9662
vn -0.1999 -0.1390 0.9699
vn -0.2015 -0.1385 0.9696
vn 0.7329 0.6804 -0.0000
vn 0.2029 0.1576 -0.9664
vn 0.2011 0.1411 -0.9694
vn 0.2051 0.1507 -0.9671
vn 0.3841 -0.9233 -0.0000
vn 0.2926 -0.9562 -0.0000
vn 0.2718 -0.9623 -0.0000
vn -0.9804 -0.1969 -0.0000
vn -0.9895 -0.1448 -0.0000
vn -0.9802 -0.1981 -0.0000
vn -0.8882 -0.0612 0.4553
vn -0.2080 -0.1509 0.9664
vn 0.3722 -0.9281 -0.0000
vn 0.3803 -0.9249 -0.0000
vn -0.8435 0.0781 -0.5314
vn -0.9785 -0.2061 -0.0000
vn 0.2113 0.1313 -0.9686
vn 0.2069 0.1447 -0.9676
vn 0.3003 -0.9538 -0.0000
vn 0.3235 -0.9462 -0.0000
vn -0.2095 -0.1328 0.9688
vn -0.2124 -0.1433 0.9666
vn -0.9899 -0.1419 -0.0000
vn -0.9909 -0.1347 -0.0000
vn 0.2156 0.1375 -0.9668
vn 0.2139 0.1434 -0.9663
vn 0.3152 -0.9490 -0.0000
vn 0.2822 -0.9594 -0.0000
vn -0.2130 -0.1373 0.9673
vn -0.2112 -0.1186 0.9702
vn -0.9908 -0.1354 -0.0000
vn -0.9902 -0.1397 -0.0000
vn 0.2157 0.1002 -0.9713
vn 0.2109 0.1270 -0.9692
vn 0.2165 0.1072 -0.9704
vn 0.1943 -0.9809 -0.0000
vn 0.2193 -0.9757 -0.0000
vn 0.2179 -0.9760 -0.0000
vn -0.2156 -0.0977 0.9716
vn -0.2079 -0.1278 0.9698
vn -0.1965 -0.1153 0.9737
vn -0.9976 -0.0689 -0.0000
vn -0.9995 0.0304 -0.0000
vn -0.9973 -0.0732 -0.0000
vn 0.2093 0.0789 -0.9747
vn 0.1997 0.1157 -0.9730
vn 0.2174 0.0925 -0.9717
vn 0.3395 -0.9406 -0.0000
vn 0.4951 -0.8688 -0.0000
vn 0.5220 -0.8529 -0.0000
vn -0.2074 -0.0794 0.9750
vn -0.2016 -0.1170 0.9724
vn -0.2002 -0.1144 0.9730
vn -0.9788 0.2049 -0.0000
vn -0.9393 0.3430 -0.0000
vn -0.9818 0.1899 -0.0000
vn 0.2019 0.0604 -0.9775
vn 0.1742 0.0832 -0.9812
vn 0.1902 0.1021 -0.9764
vn 0.6089 -0.7933 -0.0000
vn 0.6278 -0.7784 -0.0000
vn 0.6326 -0.7745 -0.0000
vn -0.2040 -0.0623 0.9770
vn -0.1774 -0.0833 0.9806
vn -0.1952 -0.0461 0.9797
vn -0.9356 0.3530 -0.0000
vn -0.8326 0.5539 -0.0000
vn -0.9372 0.3487 -0.0000
vn 0.1833 0.0317 -0.9825
vn 0.1549 0.0604 -0.9861
vn 0.1620 0.0713 -0.9842
vn 0.6820 -0.7314 -0.0000
vn 0.7650 -0.6441 -0.0000
vn 0.7791 -0.6269 -0.0000
vn -0.1843 -0.0325 0.9823
vn -0.1574 -0.0614 0.9856
vn -0.1746 -0.0149 0.9845
vn -0.7417 0.6707 -0.0000
vn -0.7156 0.6985 -0.0000
vn -0.7405 0.6720 -0.0000
vn 0.1635 -0.0083 -0.9865
vn 0.1570 0.0488 -0.9864
vn 0.1519 0.0503 -0.9871
vn 0.9254 -0.3790 -0.0000
vn 0.9640 -0.2658 -0.0000
vn 0.9646 -0.2637 -0.0000
vn -0.1584 0.0137 0.9873
vn -0.1507 -0.0417 0.9877
vn -0.1516 0.0276 0.9881
vn -0.4603 0.8878 -0.0000
vn -0.2560 0.9667 -0.0000
vn -0.4879 0.8729 -0.0000
vn 0.1361 -0.0449 -0.9897
vn 0.1316 0.0040 -0.9913
vn 0.1430 0.0246 -0.9894
vn 0.9969 -0.0789 -0.0000
vn 0.9933 0.1157 -0.0000
vn 0.9935 0.1140 -0.0000
vn -0.1396 0.0415 0.9893
vn -0.1344 -0.0077 0.9909
vn -0.1244 0.0689 0.9898
vn -0.1449 0.9894 -0.0000
vn -0.1184 0.9930 -0.0000
vn -0.1498 0.9887 -0.0000
vn 0.1229 -0.0711 -0.9899
vn 0.1181 -0.0278 -0.9926
vn 0.9821 0.1882 -0.0000
vn -0.1196 0.0252 0.9925
vn -0.1267 0.0874 0.9881
vn -0.1175 0.9931 -0.0000
vn -0.1109 0.9938 -0.0000
vn 0.9964 -0.0847 0.0004
vn 0.1564 -0.0227 -0.9874
vn -0.2441 0.9698 -0.0000
vn -0.1379 -0.0187 0.9903
vn 0.9186 -0.3952 -0.0000
vn 0.1692 0.0081 -0.9856
vn -0.7097 0.7045 -0.0000
vn -0.1577 -0.0578 0.9858
vn 0.6759 -0.7370 -0.0000
vn 0.2034 0.0523 -0.9777
vn -0.8209 0.5710 -0.0000
vn -0.1635 -0.0668 0.9843
vn 0.6097 -0.7926 -0.0000
vn 0.2007 0.1165 -0.9727
vn -0.9407 0.3391 -0.0000
vn -0.1892 -0.1007 0.9768
vn 0.3089 -0.9511 -0.0000
vn 0.1945 0.1116 -0.9745
vn -0.9995 0.0310 -0.0000
vn -0.2124 -0.0884 0.9732
vn 0.1854 -0.9827 -0.0000
vn 0.2094 0.1156 -0.9710
vn -0.9902 -0.1394 -0.0000
vn -0.2186 -0.1102 0.9696
vn -0.7347 -0.6784 -0.0000
vn -0.5575 -0.8302 -0.0000
vn 0.0479 0.1829 -0.9820
vn 0.2076 0.1384 -0.9684
vn 0.2095 0.1170 -0.9708
vn 0.2195 0.1020 -0.9703
vn 0.2133 0.0765 -0.9740
vn 0.2019 0.0509 -0.9781
vn 0.2013 0.0356 -0.9789
vn 0.2093 0.0300 -0.9774
vn 0.2010 0.0124 -0.9795
vn 0.1975 -0.0022 -0.9803
vn 0.1955 -0.0170 -0.9806
vn 0.1887 -0.0339 -0.9814
vn 0.1854 -0.0427 -0.9817
vn 0.1777 -0.0531 -0.9826
vn 0.1676 -0.0646 -0.9837
vn 0.1572 -0.0798 -0.9843
vn 0.1509 -0.0885 -0.9846
vn 0.1469 -0.0926 -0.9848
vn -0.1329 0.1027 0.9858
vn -0.1526 0.0846 0.9847
vn -0.1659 0.0708 0.9836
vn -0.1636 0.0689 0.9841
vn -0.1744 0.0566 0.9830
vn -0.1863 0.0419 0.9816
vn -0.1891 0.0312 0.9815
vn -0.1962 0.0130 0.9805
vn -0.2014 -0.0015 0.9795
vn -0.1989 -0.0096 0.9800
vn -0.2048 -0.0260 0.9785
vn -0.1998 -0.0338 0.9792
vn -0.2097 -0.0577 0.9761
vn -0.2095 -0.0713 0.9752
vn -0.2129 -0.1001 0.9719
vn -0.2110 -0.1218 0.9699
vn -0.2206 -0.1429 0.9648
vn -0.0482 -0.1686 0.9845
vn -0.0831 -0.2668 0.9602
vn -0.0798 -0.2690 0.9598
vn -0.0889 -0.2731 0.9579
vn 0.5500 0.8352 -0.0000
vn 0.0800 0.2655 -0.9608
vn 0.0807 0.2639 -0.9612
vn 0.0889 0.2545 -0.9630
vn 0.5926 -0.8055 -0.0000
vn 0.5101 -0.8601 -0.0000
vn 0.4942 -0.8694 -0.0000
vn -0.9058 -0.4236 -0.0000
vn -0.9260 -0.3776 -0.0000
vn -0.9046 -0.4262 -0.0000
vn -0.8756 -0.1190 0.4681
vn -0.0840 -0.2513 0.9642
vn 0.5826 -0.8128 -0.0000
vn 0.5896 -0.8077 -0.0000
vn -0.9132 0.1036 -0.3941
vn -0.9014 -0.4330 -0.0000
vn 0.0947 0.2640 -0.9599
vn 0.0883 0.2702 -0.9588
vn 0.5205 -0.8539 -0.0000
vn 0.5381 -0.8429 -0.0000
vn -0.0929 -0.2664 0.9594
vn -0.0752 -0.2670 0.9607
vn -0.9283 -0.3719 -0.0000
vn -0.9306 -0.3659 -0.0000
vn 0.0708 0.2647 -0.9617
vn 0.0772 0.2613 -0.9622
vn 0.5286 -0.8488 -0.0000
vn 0.5055 -0.8628 -0.0000
vn -0.0693 -0.2646 0.9619
vn -0.1040 -0.2621 0.9594
vn -0.9299 -0.3679 -0.0000
vn -0.9284 -0.3715 -0.0000
vn 0.1086 0.2552 -0.9608
vn 0.0631 0.2631 -0.9627
vn 0.1122 0.2643 -0.9579
vn 0.4209 -0.9071 -0.0000
vn 0.4447 -0.8957 -0.0000
vn 0.4439 -0.8961 -0.0000
vn -0.1148 -0.2630 0.9579
vn -0.0603 -0.2615 0.9633
vn -0.0516 -0.2583 0.9647
vn -0.9543 -0.2989 -0.0000
vn -0.9779 -0.2090 -0.0000
vn -0.9497 -0.3131 -0.0000
vn 0.1061 0.2480 -0.9629
vn 0.0459 0.2580 -0.9651
vn 0.1136 0.2548 -0.9603
vn 0.5501 -0.8351 -0.0000
vn 0.6876 -0.7261 -0.0000
vn 0.7089 -0.7053 -0.0000
vn -0.1067 -0.2500 0.9624
vn -0.0435 -0.2540 0.9662
vn -0.0458 -0.2601 0.9645
vn -0.9998 -0.0202 -0.0000
vn -0.9936 0.1127 -0.0000
vn -0.9981 -0.0619 -0.0000
vn 0.1089 0.2421 -0.9641
vn 0.0353 0.2481 -0.9681
vn 0.0455 0.2602 -0.9645
vn 0.7801 -0.6257 -0.0000
vn 0.7945 -0.6073 -0.0000
vn 0.7989 -0.6015 -0.0000
vn -0.1103 -0.2462 0.9629
vn -0.0342 -0.2481 0.9681
vn -0.1031 -0.2263 0.9686
vn -0.9923 0.1241 -0.0000
vn -0.9446 0.3283 -0.0000
vn -0.9938 0.1116 -0.0000
vn 0.0955 0.2190 -0.9710
vn 0.0201 0.2358 -0.9716
vn 0.0281 0.2428 -0.9697
vn 0.8370 -0.5472 -0.0000
vn 0.8939 -0.4483 -0.0000
vn 0.9090 -0.4169 -0.0000
vn -0.0942 -0.2175 0.9715
vn -0.0236 -0.2420 0.9700
vn -0.0864 -0.2003 0.9759
vn -0.8802 0.4745 -0.0000
vn -0.8632 0.5048 -0.0000
vn -0.8788 0.4771 -0.0000
vn 0.0771 0.1786 -0.9809
vn 0.0245 0.2421 -0.9699
vn 0.0122 0.2278 -0.9736
vn 0.9902 -0.1394 -0.0000
vn 0.9995 -0.0311 -0.0000
vn 0.9997 -0.0243 -0.0000
vn -0.0765 -0.1775 0.9811
vn -0.0191 -0.2288 0.9733
vn -0.0739 -0.1735 0.9821
vn -0.6494 0.7604 -0.0000
vn -0.4805 0.8770 -0.0000
vn -0.6884 0.7254 -0.0000
vn 0.0539 0.1475 -0.9876
vn 0.0185 0.2070 -0.9782
vn 0.0226 0.2264 -0.9738
vn 0.9847 0.1742 -0.0000
vn 0.9412 0.3378 -0.0000
vn 0.9340 0.3573 -0.0000
vn -0.0550 -0.1499 0.9872
vn -0.0195 -0.2132 0.9768
vn -0.0470 -0.1228 0.9913
vn -0.3759 0.9267 -0.0000
vn -0.3513 0.9363 -0.0000
vn -0.3814 0.9244 -0.0000
vn 0.0494 0.1235 -0.9911
vn 0.0264 0.1921 -0.9810
vn 0.9092 0.4165 -0.0000
vn -0.0236 -0.1871 0.9821
vn -0.0642 -0.1174 0.9910
vn -0.3502 0.9367 -0.0000
vn -0.3440 0.9390 -0.0000
vn 0.9901 0.1406 -0.0000
vn 0.0689 0.1641 -0.9840
vn -0.4655 0.8850 -0.0000
vn -0.0186 -0.2218 0.9749
vn 0.9845 -0.1753 -0.0000
vn 0.0885 0.2053 -0.9747
vn -0.8544 0.5197 -0.0000
vn -0.0186 -0.2346 0.9719
vn 0.8311 -0.5561 -0.0000
vn 0.1056 0.2300 -0.9674
vn -0.9290 0.3700 -0.0000
vn -0.0272 -0.2421 0.9699
vn 0.7807 -0.6249 -0.0000
vn 0.0479 0.2643 -0.9633
vn -0.9947 0.1026 -0.0000
vn -0.0452 -0.2610 0.9643
vn 0.5285 -0.8489 -0.0000
vn 0.0470 0.2496 -0.9672
vn -0.9783 -0.2070 -0.0000
vn -0.1087 -0.2479 0.9627
vn 0.4149 -0.9099 -0.0000
vn 0.1073 0.2701 -0.9568
vn -0.9288 -0.3705 -0.0000
vn -0.1138 -0.2663 0.9571
vn 0.0851 0.2557 -0.9630
vn 0.1076 0.2489 -0.9625
vn 0.1243 0.2476 -0.9609
vn 0.1221 0.2118 -0.9697
vn 0.1290 0.2017 -0.9709
vn 0.1361 0.1971 -0.9709
vn 0.1446 0.1961 -0.9699
vn 0.1433 0.1828 -0.9726
vn 0.1455 0.1702 -0.9746
vn 0.1483 0.1631 -0.9754
vn 0.1511 0.1587 -0.9757
vn 0.1506 0.1516 -0.9769
vn 0.1488 0.1472 -0.9778
vn 0.1468 0.1459 -0.9784
vn 0.1370 0.1383 -0.9809
vn 0.1234 0.1265 -0.9843
vn 0.1125 0.1205 -0.9863
vn -0.1125 -0.1247 0.9858
vn -0.1223 -0.1272 0.9843
vn -0.1358 -0.1395 0.9809
vn -0.1449 -0.1486 0.9782
vn -0.1480 -0.1514 0.9773
vn -0.1509 -0.1557 0.9762
vn -0.1501 -0.1585 0.9759
vn -0.1499 -0.1662 0.9746
vn -0.1486 -0.1735 0.9736
vn -0.1400 -0.1750 0.9746
vn -0.1419 -0.1929 0.9709
vn -0.1357 -0.1937 0.9716
vn -0.1292 -0.2034 0.9705
vn -0.1265 -0.2206 0.9671
vn -0.1266 -0.2447 0.9613
vn -0.1050 -0.2541 0.9615
vn -0.0967 -0.2730 0.9572
vn -0.9627 -0.0667 0.2623
vn -0.1843 0.2069 -0.9608
vn -0.1704 0.2027 -0.9643
vn -0.1772 0.1991 -0.9638
vn -0.7160 0.6981 -0.0000
vn 0.1856 -0.2144 0.9590
vn 0.1706 -0.2059 0.9636
vn 0.1699 -0.2150 0.9617
vn 0.6874 -0.7263 -0.0000
vn 0.7004 -0.7138 -0.0000
vn -0.4067 -0.9136 -0.0000
vn -0.3149 -0.9491 -0.0000
vn -0.4028 -0.9153 -0.0000
vn 0.9755 -0.2202 -0.0000
vn 0.9854 -0.1700 -0.0000
vn 0.9862 -0.1653 -0.0000
vn -0.2538 0.0657 -0.9650
vn -0.1736 0.2034 -0.9636
vn -0.3950 -0.9187 -0.0000
vn -0.2262 -0.0925 0.9697
vn 0.2894 -0.0002 0.9572
vn 0.9732 -0.2300 -0.0000
vn 0.9750 -0.2224 -0.0000
vn 0.1835 -0.1941 0.9637
vn 0.1780 -0.1976 0.9640
vn -0.2957 -0.9553 -0.0000
vn -0.3240 -0.9461 -0.0000
vn -0.1851 0.1944 -0.9633
vn -0.1797 0.2094 -0.9612
vn 0.9874 -0.1583 -0.0000
vn 0.9871 -0.1601 -0.0000
vn 0.1736 -0.2008 0.9641
vn 0.1782 -0.2074 0.9619
vn -0.3463 -0.9381 -0.0000
vn -0.3371 -0.9415 -0.0000
vn -0.1735 0.1981 -0.9647
vn -0.1934 0.1865 -0.9632
vn 0.9865 -0.1639 -0.0000
vn 0.9866 -0.1633 -0.0000
vn 0.1993 -0.1783 0.9636
vn 0.1816 -0.2070 0.9613
vn 0.2048 -0.1893 0.9603
vn -0.2181 -0.9759 -0.0000
vn -0.2430 -0.9700 -0.0000
vn -0.2100 -0.9777 -0.0000
vn -0.2022 0.1795 -0.9628
vn -0.1660 0.1939 -0.9669
vn -0.1612 0.1915 -0.9682
vn 0.9960 -0.0898 -0.0000
vn 1.0000 0.0054 -0.0000
vn 1.0000 0.0070 -0.0000
vn 0.2020 -0.1719 0.9642
vn 0.1676 -0.1958 0.9662
vn 0.1978 -0.1688 0.9656
vn -0.3616 -0.9323 -0.0000
vn -0.3308 -0.9437 -0.0000
vn -0.1951 0.1652 -0.9668
vn -0.1728 0.2021 -0.9640
vn -0.1737 0.2035 -0.9635
vn 0.9819 0.1895 -0.0000
vn 0.9468 0.3218 -0.0000
vn 0.9495 0.3138 -0.0000
vn 0.2053 -0.1648 0.9647
vn 0.1613 -0.1878 0.9689
vn 0.1681 -0.1953 0.9662
vn -0.6280 -0.7782 -0.0000
vn -0.6459 -0.7634 -0.0000
vn -0.6288 -0.7775 -0.0000
vn -0.1938 0.1529 -0.9691
vn -0.1593 0.1848 -0.9698
vn -0.2003 0.1529 -0.9677
vn 0.9432 0.3323 -0.0000
vn 0.8505 0.5260 -0.0000
vn 0.8297 0.5582 -0.0000
vn 0.1860 -0.1371 0.9729
vn 0.1503 -0.1763 0.9728
vn 0.1490 -0.1752 0.9732
vn -0.7007 -0.7135 -0.0000
vn -0.7762 -0.6305 -0.0000
vn -0.6924 -0.7215 -0.0000
vn -0.1902 0.1400 -0.9717
vn -0.1504 0.1766 -0.9727
vn -0.1806 0.1222 -0.9759
vn 0.7582 0.6520 -0.0000
vn 0.7350 0.6781 -0.0000
vn 0.7243 0.6895 -0.0000
vn 0.1787 -0.1073 0.9780
vn 0.1577 -0.1693 0.9729
vn 0.1611 -0.1813 0.9702
vn -0.9374 -0.3481 -0.0000
vn -0.9699 -0.2436 -0.0000
vn -0.9247 -0.3807 -0.0000
vn -0.1753 0.1061 -0.9788
vn -0.1544 0.1687 -0.9735
vn -0.1725 0.0982 -0.9801
vn 0.4727 0.8812 -0.0000
vn 0.2823 0.9593 -0.0000
vn 0.2644 0.9644 -0.0000
vn 0.1475 -0.0734 0.9863
vn 0.1462 -0.1362 0.9798
vn 0.1483 -0.1505 0.9774
vn -0.9990 -0.0454 -0.0000
vn -0.9912 0.1322 -0.0000
vn -0.9974 -0.0717 -0.0000
vn -0.1588 0.0820 -0.9839
vn -0.1492 0.1432 -0.9784
vn -0.1440 0.0544 -0.9881
vn 0.1681 0.9858 -0.0000
vn 0.1430 0.9897 -0.0000
vn 0.1415 0.9899 -0.0000
vn 0.1487 -0.0606 0.9870
vn 0.1502 -0.1195 0.9814
vn -0.9894 0.1450 -0.0000
vn -0.9772 0.2122 -0.0000
vn -0.1423 0.1128 -0.9834
vn -0.1458 0.0376 -0.9886
vn 0.1353 0.9908 -0.0000
vn -0.9713 -0.2379 -0.0000
vn 0.1699 -0.0942 0.9810
vn 0.1750 0.9846 -0.0000
vn -0.1571 0.1619 -0.9742
vn -0.7986 -0.6018 -0.0000
vn 0.1770 -0.1181 0.9771
vn 0.5187 0.8550 -0.0000
vn -0.1537 0.1755 -0.9724
vn -0.6520 -0.7582 -0.0000
vn 0.1993 -0.1482 0.9687
vn 0.7564 0.6541 -0.0000
vn -0.1532 0.1797 -0.9717
vn -0.5440 -0.8391 -0.0000
vn 0.1730 -0.1996 0.9645
vn 0.9466 0.3224 -0.0000
vn -0.1617 0.1884 -0.9687
vn -0.2421 -0.9702 -0.0000
vn 0.1636 -0.1919 0.9677
vn 0.9874 0.1582 -0.0000
vn -0.2015 0.1730 -0.9641
vn -0.3067 -0.9518 -0.0000
vn 0.1964 -0.1919 0.9616
vn 0.9950 -0.1002 -0.0000
vn -0.2053 0.1898 -0.9601
vn 0.1933 -0.1962 0.9613
vn -1.0000 0.0001 0.0003
vn 0.1916 -0.1853 0.9638
vn 0.1968 -0.1663 0.9662
vn 0.1914 -0.1331 0.9724
vn 0.2086 -0.1366 0.9684
vn 0.1996 -0.1135 0.9733
vn 0.2066 -0.1102 0.9722
vn 0.2065 -0.0986 0.9735
vn 0.2070 -0.0863 0.9745
vn 0.2134 -0.0838 0.9734
vn 0.2074 -0.0677 0.9759
vn 0.2057 -0.0592 0.9768
vn 0.2080 -0.0598 0.9763
vn 0.2086 -0.0580 0.9763
vn 0.2112 -0.0601 0.9756
vn 0.1884 -0.0436 0.9811
vn 0.1939 -0.0522 0.9796
vn -0.1884 0.0423 -0.9812
vn -0.1920 0.0420 -0.9805
vn -0.2007 0.0504 -0.9784
vn -0.2074 0.0579 -0.9765
vn -0.2137 0.0645 -0.9748
vn -0.2094 0.0621 -0.9758
vn -0.2060 0.0656 -0.9764
vn -0.2059 0.0777 -0.9755
vn -0.2065 0.0912 -0.9742
vn -0.2093 0.1039 -0.9723
vn -0.2051 0.1072 -0.9728
vn -0.2043 0.1199 -0.9715
vn -0.1915 0.1179 -0.9744
vn -0.1915 0.1383 -0.9717
vn -0.2045 0.1703 -0.9639
vn -0.1891 0.1807 -0.9652
vn -0.1943 0.2027 -0.9598
vn -0.9652 0.0551 -0.2557
vn -0.0329 -0.0342 0.9989
vn -0.0318 -0.0151 0.9994
vn -0.0399 -0.0143 0.9991
vn -0.0900 0.9959 -0.0000
vn 0.1889 0.9820 -0.0000
vn -0.0911 0.9958 -0.0000
vn 0.0374 0.0375 -0.9986
vn 0.0320 0.0144 -0.9994
vn 0.0282 0.0385 -0.9989
vn -0.2010 -0.9796 -0.0000
vn -0.1786 -0.9839 -0.0000
vn -0.1785 -0.9839 -0.0000
vn 1.0000 -0.0045 -0.0000
vn 1.0000 -0.0094 -0.0000
vn 1.0000 -0.0098 -0.0000
vn -0.9919 -0.1271 -0.0000
vn -0.9928 -0.1197 -0.0000
vn -0.9919 -0.1273 -0.0000
vn -0.0282 -0.0468 0.9985
vn -0.0275 -0.0348 0.9990
vn 0.9999 -0.0142 -0.0000
vn 1.0000 -0.0050 -0.0000
vn 0.0284 0.0473 -0.9985
vn 0.0218 0.0478 -0.9986
vn -0.9910 -0.1342 -0.0000
vn 0.0379 0.0131 -0.9992
vn 0.0349 0.0016 -0.9994
vn 0.9977 -0.0674 -0.0000
vn -0.0349 -0.0018 0.9994
vn -0.0405 -0.0021 0.9992
vn -0.9928 -0.1198 -0.0000
vn -0.9970 -0.0780 -0.0000
vn 0.0400 0.0020 -0.9992
vn 0.0359 -0.0041 -0.9993
vn 0.9947 -0.1025 -0.0000
vn -0.0341 0.0047 0.9994
vn -0.0432 0.0052 0.9991
vn -0.9994 -0.0359 -0.0000
vn -0.9994 -0.0358 -0.0000
vn 0.0412 -0.0043 -0.9991
vn 0.0327 -0.0158 -0.9993
vn 0.9947 -0.1026 -0.0000
vn 0.9920 -0.1261 -0.0000
vn -0.0339 0.0171 0.9993
vn -0.0415 0.0165 0.9990
vn -0.9993 -0.0379 -0.0000
vn -0.9993 -0.0378 -0.0000
vn 0.0423 -0.0165 -0.9990
vn 0.0356 -0.0330 -0.9988
vn 0.9920 -0.1262 -0.0000
vn 0.9934 -0.1143 -0.0000
vn -0.0334 0.0319 0.9989
vn -0.0414 0.0320 0.9986
vn -0.9973 -0.0739 -0.0000
vn -0.9972 -0.0748 -0.0000
vn 0.0420 -0.0327 -0.9986
vn 0.0354 -0.0466 -0.9983
vn 0.9935 -0.1138 -0.0000
vn 0.9979 -0.0647 -0.0000
vn -0.0347 0.0463 0.9983
vn -0.0414 0.0464 0.9981
vn -0.9978 -0.0664 -0.0000
vn -0.9979 -0.0643 -0.0000
vn 0.0410 -0.0465 -0.9981
vn 0.0348 -0.0595 -0.9976
vn 0.9981 -0.0624 -0.0000
vn 0.9999 0.0142 -0.0000
vn -0.0345 0.0593 0.9976
vn -0.0406 0.0595 0.9974
vn -1.0000 -0.0014 -0.0000
vn -1.0000 0.0007 -0.0000
vn 0.0418 -0.0603 -0.9973
vn 0.0380 -0.0669 -0.9970
vn 0.9999 0.0166 -0.0000
vn 0.9986 0.0532 -0.0000
vn -0.0365 0.0659 0.9972
vn -0.0392 0.0671 0.9970
vn -0.9996 0.0288 -0.0000
vn -0.2013 -0.9795 -0.0000
vn -0.2119 -0.9773 -0.0000
vn 0.0318 0.0469 -0.9984
vn 0.0413 0.0361 -0.9985
vn 0.0423 0.0133 -0.9990
vn 0.0414 0.0011 -0.9991
vn 0.0431 -0.0043 -0.9991
vn 0.0472 -0.0175 -0.9987
vn 0.0471 -0.0333 -0.9983
vn 0.0476 -0.0469 -0.9978
vn 0.0471 -0.0599 -0.9971
vn 0.0447 -0.0663 -0.9968
vn -0.1144 0.9934 -0.0000
vn -0.0411 0.0656 0.9970
vn -0.0461 0.0587 0.9972
vn -0.0457 0.0465 0.9979
vn -0.0463 0.0323 0.9984
vn -0.0498 0.0171 0.9986
vn -0.0487 0.0053 0.9988
vn -0.0422 -0.0017 0.9991
vn -0.0418 -0.0132 0.9990
vn -0.0371 -0.0358 0.9987
vn -0.0294 -0.0458 0.9985
vn 0.0181 0.0388 -0.9991
vn 0.0132 0.0485 -0.9987
vn -0.1105 -0.9939 0.0001
vn -0.1102 -0.9939 -0.0000
vn -0.0226 -0.0478 0.9986
vn -0.0192 -0.0386 0.9991
vn -0.0197 -0.0148 0.9997
vn -0.0227 -0.0014 0.9997
vn -0.0210 0.0038 0.9998
vn -0.0236 0.0171 0.9996
vn -0.0224 0.0325 0.9992
vn -0.0228 0.0461 0.9987
vn -0.0229 0.0599 0.9979
vn -0.0254 0.0658 0.9975
vn 0.2078 0.9782 -0.0000
vn 0.1606 0.9870 -0.0000
vn 0.0268 -0.0662 -0.9974
vn 0.0223 -0.0598 -0.9980
vn 0.0237 -0.0469 -0.9986
vn 0.0218 -0.0321 -0.9992
vn 0.0207 -0.0164 -0.9997
vn 0.0236 -0.0047 -0.9997
vn 0.0233 0.0019 -0.9997
vn 0.0207 0.0149 -0.9997
vn 0.0110 0.0488 -0.9987
vn 0.0034 0.0400 -0.9992
vn 0.0018 0.0487 -0.9988
vn -0.0648 -0.9979 -0.0002
vn 0.0236 -0.9997 -0.0000
vn 0.0235 -0.9997 -0.0000
vn -0.0111 -0.0493 0.9987
vn -0.0036 -0.0397 0.9992
vn -0.0132 -0.0403 0.9991
vn -0.0022 -0.0154 0.9999
vn -0.0152 -0.0157 0.9998
vn -0.0037 -0.0027 1.0000
vn -0.0169 -0.0022 0.9999
vn -0.0058 0.0040 1.0000
vn -0.0195 0.0038 0.9998
vn -0.0149 0.0150 0.9998
vn -0.0017 0.0156 0.9999
vn -0.0046 0.0321 0.9995
vn -0.0191 0.0328 0.9993
vn -0.0034 0.0459 0.9989
vn -0.0157 0.0450 0.9989
vn -0.0028 0.0587 0.9983
vn -0.0166 0.0587 0.9981
vn -0.0165 0.0656 0.9977
vn -0.0028 0.0649 0.9979
vn 0.0116 0.9999 -0.0000
vn -0.1595 0.9872 -0.0000
vn -0.1589 0.9873 -0.0000
vn 0.0159 -0.0650 -0.9978
vn 0.0022 -0.0588 -0.9983
vn 0.0157 -0.0589 -0.9981
vn 0.0146 -0.0467 -0.9988
vn 0.0051 -0.0464 -0.9989
vn 0.0175 -0.0327 -0.9993
vn 0.0073 -0.0322 -0.9995
vn 0.0171 -0.0178 -0.9997
vn 0.0054 -0.0162 -0.9999
vn 0.0038 -0.0040 -1.0000
vn 0.0183 -0.0044 -0.9998
vn 0.0176 0.0023 -0.9998
vn 0.0041 0.0031 -1.0000
vn 0.0159 0.0157 -0.9997
vn 0.0051 0.0160 -0.9999
vn 0.0074 0.0378 -0.9993
vn -0.0115 0.0490 -0.9987
vn -0.0165 0.0398 -0.9991
vn -0.0147 0.0494 -0.9987
vn 0.0559 -0.9984 -0.0000
vn 0.1707 -0.9853 -0.0000
vn 0.0564 -0.9984 -0.0000
vn 0.0106 -0.0488 0.9988
vn 0.0176 -0.0397 0.9991
vn 0.0116 -0.0405 0.9991
vn 0.0189 -0.0166 0.9997
vn 0.0083 -0.0155 0.9998
vn 0.0163 -0.0026 0.9999
vn 0.0090 -0.0030 1.0000
vn 0.0093 0.0037 0.9999
vn 0.0182 0.0032 0.9998
vn 0.0091 0.0149 0.9998
vn 0.0190 0.0148 0.9997
vn 0.0099 0.0314 0.9995
vn 0.0196 0.0311 0.9993
vn 0.0191 0.0449 0.9988
vn 0.0107 0.0453 0.9989
vn 0.0194 0.0568 0.9982
vn 0.0113 0.0575 0.9983
vn 0.0185 0.0621 0.9979
vn 0.0090 0.0647 0.9979
vn 0.1626 0.9867 -0.0000
vn 0.1645 0.9864 -0.0000
vn 0.1624 0.9867 -0.0000
vn -0.0107 -0.0584 -0.9982
vn -0.0186 -0.0630 -0.9978
vn -0.0195 -0.0566 -0.9982
vn -0.0124 -0.0446 -0.9989
vn -0.0200 -0.0441 -0.9988
vn -0.0115 -0.0318 -0.9994
vn -0.0202 -0.0310 -0.9993
vn -0.0201 -0.0147 -0.9997
vn -0.0114 -0.0155 -0.9998
vn -0.0192 -0.0032 -0.9998
vn -0.0089 -0.0029 -1.0000
vn -0.0166 0.0031 -0.9999
vn -0.0089 0.0029 -1.0000
vn -0.0085 0.0160 -0.9998
vn -0.0156 0.0157 -0.9998
vn -0.0129 0.0372 -0.9992
vn -0.0182 0.0485 -0.9987
vn 0.1714 -0.9852 -0.0000
vn 0.3553 -0.9348 -0.0000
vn 0.0176 -0.0476 0.9987
vn 0.0228 -0.0382 0.9990
vn 0.0242 -0.0163 0.9996
vn 0.0255 -0.0035 0.9997
vn 0.0263 0.0028 0.9996
vn 0.0276 0.0139 0.9995
vn 0.0285 0.0300 0.9991
vn 0.0284 0.0438 0.9986
vn 0.0273 0.0566 0.9980
vn 0.0271 0.0623 0.9977
vn 0.0870 0.9962 -0.0000
vn -0.0261 -0.0630 -0.9977
vn -0.0273 -0.0561 -0.9980
vn -0.0285 -0.0432 -0.9987
vn -0.0284 -0.0307 -0.9991
vn -0.0261 -0.0141 -0.9996
vn -0.0256 -0.0033 -0.9997
vn -0.0245 0.0025 -0.9997
vn -0.0258 0.0161 -0.9995
vn -0.0208 0.0339 -0.9992
vn -0.0045 0.0487 -0.9988
vn -0.0070 0.0366 -0.9993
vn -0.0026 0.0150 -0.9999
vn -0.0015 0.0028 -1.0000
vn -0.0011 -0.0150 -0.9999
vn -0.0024 -0.0041 -1.0000
vn -0.0032 -0.0307 -0.9995
vn -0.0019 -0.0471 -0.9989
vn -0.0005 -0.0602 -0.9982
vn -0.0082 -0.0653 -0.9978
vn 0.0043 1.0000 -0.0000
vn 0.0047 1.0000 -0.0000
vn 0.0013 0.0591 0.9983
vn 0.0018 0.0644 0.9979
vn 0.0026 0.0461 0.9989
vn 0.0026 0.0313 0.9995
vn 0.0005 0.0154 0.9999
vn 0.0005 -0.0032 1.0000
vn 0.0005 0.0039 1.0000
vn 0.0020 -0.0145 0.9999
vn 0.0071 -0.0364 0.9993
vn 0.0046 -0.0492 0.9988
vn 0.0302 -0.9995 -0.0000
vn 0.0021 -0.0641 -0.9979
vn -0.0033 -0.0492 0.9988
vn 0.1544 0.9880 -0.0000
vn -0.0122 -0.0490 0.9987
vn -0.0654 -0.9979 -0.0000
vn -0.0300 0.0469 -0.9984
vn 0.2795 -0.9602 -0.0000
vn 0.0304 -0.0462 0.9985
vn 0.0349 -0.0369 0.9987
vn 0.0341 -0.0152 0.9993
vn 0.0364 -0.0033 0.9993
vn 0.0360 0.0020 0.9993
vn 0.0380 0.0139 0.9992
vn 0.0403 0.0294 0.9988
vn 0.0396 0.0424 0.9983
vn 0.0397 0.0555 0.9977
vn 0.0382 0.0620 0.9973
vn -0.0381 -0.0619 -0.9974
vn -0.0395 -0.0545 -0.9977
vn -0.0390 -0.0424 -0.9983
vn -0.0388 -0.0302 -0.9988
vn -0.0371 -0.0143 -0.9992
vn -0.0352 -0.0022 -0.9994
vn -0.0357 0.0030 -0.9994
vn -0.0355 0.0161 -0.9992
vn -0.0287 0.0353 -0.9990
vn -0.0361 0.0464 -0.9983
vn 0.2780 -0.9606 -0.0000
vn 0.2010 -0.9796 -0.0000
vn 0.0364 -0.0456 0.9983
vn 0.0372 -0.0363 0.9986
vn 0.0389 -0.0158 0.9991
vn 0.0388 -0.0036 0.9992
vn 0.0398 0.0030 0.9992
vn 0.0420 0.0148 0.9990
vn 0.0425 0.0290 0.9987
vn 0.0432 0.0421 0.9982
vn 0.0429 0.0545 0.9976
vn 0.0422 0.0605 0.9973
vn 0.0869 0.9962 -0.0000
vn -0.0423 -0.0613 -0.9972
vn -0.0421 -0.0547 -0.9976
vn -0.0417 -0.0418 -0.9983
vn -0.0421 -0.0305 -0.9986
vn -0.0409 -0.0151 -0.9990
vn -0.0401 -0.0027 -0.9992
vn -0.0399 0.0027 -0.9992
vn -0.0380 0.0154 -0.9992
vn -0.0398 0.0372 -0.9985
vn -0.8923 0.2788 0.3552
vn -0.7332 0.2691 0.6245
vn -0.9012 0.2784 0.3321
vn -0.7204 0.2676 0.6398
vn -0.5011 0.2334 0.8333
vn -0.4900 0.2315 0.8404
vn -0.2403 0.1801 0.9538
vn -0.2322 0.1783 0.9562
vn 0.0302 0.1147 0.9929
vn 0.0328 0.1140 0.9929
vn 0.2981 0.0409 0.9537
vn 0.5449 -0.0364 0.8377
vn 0.2953 0.0417 0.9545
vn 0.7621 -0.1158 0.6370
vn 0.5516 -0.0386 0.8332
vn 0.9158 -0.1886 0.3546
vn 0.7715 -0.1197 0.6248
vn 0.9700 -0.2428 0.0118
vn 0.9220 -0.1924 0.3359
vn 0.9048 -0.2664 -0.3323
vn 0.9694 -0.2454 -0.0113
vn 0.7370 -0.2575 -0.6249
vn 0.8960 -0.2668 -0.3551
vn 0.5054 -0.2223 -0.8338
vn 0.7242 -0.2560 -0.6403
vn 0.2435 -0.1691 -0.9551
vn 0.4931 -0.2202 -0.8416
vn -0.0272 -0.1038 -0.9942
vn 0.2359 -0.1673 -0.9573
vn -0.2830 -0.0334 -0.9585
vn -0.0297 -0.1032 -0.9942
vn -0.2950 -0.0301 -0.9550
vn -0.5337 0.0449 -0.8445
vn -0.5499 0.0500 -0.8338
vn -0.7596 0.1275 -0.6377
vn -0.7691 0.1315 -0.6254
vn -0.9135 0.2009 -0.3538
vn -0.9203 0.2051 -0.3331
vn -0.9669 0.2549 -0.0126
vn -0.9661 0.2577 0.0127
vn -0.2657 -0.9641 0.0001
vn -0.2654 -0.9641 0.0001
vn -0.2654 -0.9641 -0.0000
vn -0.2653 -0.9642 -0.0000
vn -0.2655 -0.9641 -0.0001
vn -0.2653 -0.9642 -0.0002
vn -0.2655 -0.9641 -0.0003
vn -0.2655 -0.9641 0.0002
vn -0.2657 -0.9640 -0.0000
vn -0.2655 -0.9641 0.0003
vn -0.2655 -0.9641 -0.0000
vn -0.2652 -0.9642 0.0001
vn 0.2653 0.9642 -0.0007
vn 0.2651 0.9642 -0.0003
vn 0.2651 0.9642 -0.0000
vn 0.2654 0.9641 -0.0003
vn 0.2655 0.9641 -0.0004
vn 0.2655 0.9641 -0.0000
vn 0.2652 0.9642 0.0004
vn 0.2649 0.9643 -0.0003
vn 0.2652 0.9642 -0.0006
vn 0.2653 0.9642 0.0001
vn 0.2653 0.9642 -0.0000
vn 0.2656 0.9641 0.0002
vn 0.2654 0.9641 0.0009
vn 0.2650 0.9642 0.0002
vn 0.2654 0.9641 -0.0004
vn 0.2656 0.9641 -0.0001
vn 0.2655 0.9641 0.0005
vn 0.2652 0.9642 0.0003
vn 0.2654 0.9641 0.0007
vn 0.2650 0.9642 -0.0000
vn -0.8122 0.3066 0.4964
vn -0.6103 0.2722 0.7439
vn -0.6098 0.2721 0.7444
vn -0.3655 0.2149 0.9057
vn -0.3659 0.2150 0.9055
vn -0.1036 0.1430 0.9843
vn -0.1061 0.1378 0.9848
vn 0.1600 0.0617 0.9852
vn 0.1605 0.0596 0.9852
vn 0.4185 -0.0267 0.9078
vn 0.4190 -0.0249 0.9077
vn 0.6547 -0.1178 0.7467
vn 0.6574 -0.1062 0.7460
vn 0.8430 -0.2040 0.4978
vn 0.9461 -0.2720 0.1757
vn 0.9457 -0.2716 0.1787
vn 0.9349 -0.3084 -0.1754
vn 0.9350 -0.3084 -0.1753
vn 0.9349 -0.3084 -0.1755
vn 0.8119 -0.3068 -0.4968
vn 0.8121 -0.3068 -0.4963
vn 0.6102 -0.2726 -0.7439
vn 0.6095 -0.2724 -0.7445
vn 0.3651 -0.2153 -0.9057
vn 0.3657 -0.2155 -0.9054
vn 0.3650 -0.2153 -0.9058
vn 0.1038 -0.1436 -0.9842
vn -0.1603 -0.0622 -0.9851
vn -0.1595 -0.0599 -0.9854
vn -0.1599 -0.0596 -0.9853
vn -0.4181 0.0261 -0.9080
vn -0.4195 0.0250 -0.9074
vn -0.4194 0.0249 -0.9075
vn -0.6549 0.1175 -0.7465
vn -0.6468 0.1026 -0.7557
vn -0.6444 0.1134 -0.7563
vn -0.8428 0.2039 -0.4982
vn -0.8430 0.2040 -0.4977
vn -0.9460 0.2720 -0.1763
vn -0.9461 0.2721 -0.1754
vn -0.9461 0.2722 -0.1754
vn -0.9349 0.3083 0.1761
vn -0.9351 0.3083 0.1750
vn -0.8207 0.2806 0.4977
vn -0.6174 0.2497 0.7460
vn -0.6215 0.2387 0.7462
vn -0.6180 0.2496 0.7455
vn -0.3714 0.1978 0.9072
vn -0.3743 0.1870 0.9083
vn -0.3710 0.1975 0.9074
vn -0.1087 0.1275 0.9859
vn -0.1087 0.1274 0.9859
vn 0.1602 0.0595 0.9853
vn 0.1597 0.0578 0.9855
vn 0.4187 -0.0246 0.9078
vn 0.6548 -0.1175 0.7466
vn 0.6574 -0.1064 0.7460
vn 0.8474 -0.1847 0.4978
vn 0.8478 -0.1836 0.4975
vn 0.9524 -0.2472 0.1783
vn 0.9543 -0.2419 0.1755
vn 0.9435 -0.2813 -0.1751
vn 0.9457 -0.2731 -0.1763
vn 0.9435 -0.2813 -0.1750
vn 0.8211 -0.2804 -0.4972
vn 0.8240 -0.2709 -0.4976
vn 0.6157 -0.2512 -0.7469
vn 0.5596 -0.2256 -0.7975
vn 0.6167 -0.2514 -0.7460
vn 0.3710 -0.2000 -0.9068
vn 0.3701 -0.1998 -0.9072
vn 0.1086 -0.1321 -0.9853
vn 0.1971 -0.1519 -0.9685
vn 0.1068 -0.1316 -0.9855
vn -0.1588 -0.0543 -0.9858
vn -0.1587 -0.0543 -0.9858
vn -0.4187 0.0249 -0.9078
vn -0.4186 0.0250 -0.9078
vn -0.6575 0.1064 -0.7459
vn -0.6552 0.1052 -0.7481
vn -0.8477 0.1848 -0.4973
vn -0.8478 0.1836 -0.4975
vn -0.8480 0.1835 -0.4972
vn -0.9529 0.2476 -0.1754
vn -0.9542 0.2418 -0.1760
vn -0.9528 0.2472 -0.1760
vn -0.9435 0.2814 0.1752
vn -0.9457 0.2732 0.1760
vn -0.9434 0.2811 0.1760
vn -0.8239 0.2706 0.4979
vn -0.8142 0.2565 0.5208
vn -0.8106 0.2682 0.5206
vn -0.6250 0.2257 0.7473
vn -0.6211 0.2381 0.7467
vn -0.3784 0.1739 0.9092
vn -0.3744 0.1867 0.9083
vn -0.1119 0.1166 0.9869
vn -0.1120 0.1164 0.9869
vn 0.1573 0.0514 0.9862
vn 0.1115 0.0573 0.9921
vn 0.1580 0.0512 0.9861
vn 0.4187 -0.0247 0.9078
vn 0.4171 -0.0315 0.9083
vn 0.6575 -0.1065 0.7459
vn 0.6569 -0.1098 0.7460
vn 0.8479 -0.1835 0.4974
vn 0.8479 -0.1826 0.4978
vn 0.9526 -0.2472 0.1772
vn 0.9555 -0.2375 0.1751
vn 0.9433 -0.2811 -0.1763
vn 0.9485 -0.2639 -0.1751
vn 0.8211 -0.2801 -0.4973
vn 0.8279 -0.2582 -0.4979
vn 0.5557 -0.2372 -0.7968
vn 0.6205 -0.2392 -0.7468
vn 0.3746 -0.1857 -0.9084
vn 0.3785 -0.1739 -0.9091
vn 0.1976 -0.1519 -0.9684
vn 0.1117 -0.1218 -0.9862
vn -0.1558 -0.0451 -0.9868
vn -0.1558 -0.0450 -0.9868
vn -0.4171 0.0315 -0.9083
vn -0.4170 0.0317 -0.9083
vn -0.6569 0.1098 -0.7460
vn -0.6568 0.1100 -0.7460
vn -0.8482 0.1828 -0.4971
vn -0.8481 0.1828 -0.4973
vn -0.9554 0.2374 -0.1759
vn -0.9543 0.2415 -0.1759
vn -0.9484 0.2639 0.1760
vn -0.9459 0.2727 0.1760
vn -0.8275 0.2584 0.4985
vn -0.8277 0.2584 0.4982
vn -0.6257 0.2255 0.7468
vn -0.6257 0.2255 0.7467
vn -0.3787 0.1738 0.9090
vn -0.1134 0.1102 0.9874
vn 0.1543 0.0386 0.9873
vn 0.1550 0.0384 0.9872
vn 0.4170 -0.0317 0.9083
vn 0.4163 -0.0366 0.9085
vn 0.6568 -0.1100 0.7460
vn 0.6557 -0.1126 0.7466
vn 0.8480 -0.1828 0.4975
vn 0.8482 -0.1833 0.4969
vn 0.9544 -0.2416 0.1751
vn 0.9553 -0.2373 0.1763
vn 0.9460 -0.2727 -0.1751
vn 0.9483 -0.2637 -0.1765
vn 0.8242 -0.2703 -0.4977
vn 0.8283 -0.2578 -0.4974
vn 0.6253 -0.2255 -0.7471
vn 0.5942 -0.2185 -0.7741
vn 0.6257 -0.2256 -0.7467
vn 0.3748 -0.1856 -0.9084
vn 0.1141 -0.1093 -0.9874
vn 0.1607 -0.1222 -0.9794
vn 0.1133 -0.1090 -0.9876
vn -0.1550 -0.0384 -0.9872
vn -0.4159 0.0365 -0.9087
vn -0.6556 0.1126 -0.7467
vn -0.8480 0.1833 -0.4972
vn -0.8480 0.1833 -0.4973
vn -0.9555 0.2374 -0.1750
vn -0.9486 0.2637 0.1752
vn -0.5120 0.7603 0.3998
vn -0.5121 0.7604 0.3994
vn -0.5119 0.7603 0.3998
vn -0.4155 0.6430 0.6434
vn -0.4152 0.6427 0.6439
vn -0.4155 0.6430 0.6433
vn -0.2721 0.4557 0.8475
vn -0.2718 0.4554 0.8478
vn -0.2721 0.4558 0.8475
vn -0.0865 0.2024 0.9755
vn -0.0865 0.2025 0.9755
vn 0.1195 -0.0892 0.9888
vn 0.1196 -0.0893 0.9888
vn 0.3098 -0.3689 0.8763
vn 0.3094 -0.3683 0.8767
vn 0.3099 -0.3689 0.8763
vn 0.4542 -0.5868 0.6704
vn 0.4406 -0.5694 0.6940
vn 0.4546 -0.5874 0.6696
vn 0.5414 -0.7333 0.4113
vn 0.5414 -0.7332 0.4114
vn 0.5756 -0.8061 0.1377
vn 0.5757 -0.8062 0.1363
vn 0.5643 -0.8142 -0.1366
vn 0.5646 -0.8142 -0.1349
vn 0.5647 -0.8142 -0.1349
vn 0.5113 -0.7615 -0.3984
vn 0.5109 -0.7612 -0.3994
vn 0.3978 -0.6242 -0.6724
vn 0.4152 -0.6419 -0.6446
vn 0.4158 -0.6426 -0.6436
vn 0.2726 -0.4553 -0.8476
vn 0.2721 -0.4548 -0.8480
vn 0.2720 -0.4547 -0.8481
vn 0.1212 -0.2496 -0.9608
vn 0.0869 -0.2087 -0.9741
vn 0.0857 -0.2073 -0.9745
vn -0.1208 0.0849 -0.9890
vn -0.1209 0.0850 -0.9890
vn -0.3110 0.3651 -0.8775
vn -0.3108 0.3647 -0.8777
vn -0.4539 0.5865 -0.6708
vn -0.4408 0.5698 -0.6936
vn -0.4404 0.5692 -0.6944
vn -0.5403 0.7343 -0.4110
vn -0.5401 0.7341 -0.4115
vn -0.5752 0.8064 -0.1371
vn -0.5753 0.8064 -0.1367
vn -0.5649 0.8139 0.1356
vn -0.5649 0.8140 0.1354
vn -0.8233 0.2740 0.4971
vn -0.8200 0.2823 0.4979
vn -0.8229 0.2743 0.4976
vn -0.6148 0.2566 0.7458
vn -0.6153 0.2577 0.7450
vn -0.6152 0.2579 0.7450
vn -0.3641 0.2195 0.9051
vn -0.3656 0.2136 0.9059
vn -0.3637 0.2193 0.9053
vn -0.0962 0.1693 0.9809
vn -0.0965 0.1693 0.9808
vn 0.1734 0.1100 0.9787
vn 0.4336 0.0440 0.9000
vn 0.4291 0.0455 0.9021
vn 0.4289 0.0456 0.9022
vn 0.6730 -0.0262 0.7391
vn 0.6729 -0.0262 0.7393
vn 0.8648 -0.0960 0.4929
vn 0.8648 -0.0960 0.4928
vn 0.9715 -0.1555 0.1786
vn 0.9721 -0.1558 0.1754
vn 0.9715 -0.1555 0.1787
vn 0.9649 -0.1961 -0.1747
vn 0.9646 -0.1961 -0.1762
vn 0.8417 -0.2086 -0.4980
vn 0.8421 -0.2087 -0.4973
vn 0.8417 -0.2086 -0.4981
vn 0.6349 -0.1947 -0.7477
vn 0.6341 -0.1945 -0.7484
vn 0.3821 -0.1600 -0.9102
vn 0.3829 -0.1602 -0.9098
vn 0.1134 -0.1112 -0.9873
vn -0.1578 -0.0519 -0.9861
vn -0.1582 -0.0517 -0.9861
vn -0.4025 0.0120 -0.9154
vn -0.4215 0.0134 -0.9068
vn -0.4219 0.0135 -0.9066
vn -0.6611 0.0900 -0.7449
vn -0.6603 0.0909 -0.7454
vn -0.6601 0.0909 -0.7457
vn -0.8524 0.1625 -0.4969
vn -0.8508 0.1713 -0.4969
vn -0.8526 0.1628 -0.4966
vn -0.9585 0.2245 -0.1757
vn -0.9553 0.2366 -0.1772
vn -0.9582 0.2248 -0.1771
vn -0.9483 0.2640 0.1760
vn -0.9449 0.2761 0.1758
vn -0.9482 0.2645 0.1758
vn -0.8220 0.2755 0.4983
vn -0.8200 0.2824 0.4978
vn -0.6140 0.2598 0.7453
vn -0.6139 0.2600 0.7453
vn -0.3662 0.2135 0.9057
vn -0.1008 0.1541 0.9829
vn -0.1034 0.1548 0.9825
vn 0.1663 0.0851 0.9824
vn 0.1672 0.0848 0.9823
vn 0.4209 0.0107 0.9070
vn 0.4267 0.0090 0.9043
vn 0.4209 0.0107 0.9071
vn 0.6650 -0.0714 0.7434
vn 0.6645 -0.0712 0.7439
vn 0.6651 -0.0714 0.7434
vn 0.8552 -0.1496 0.4962
vn 0.9606 -0.2149 0.1761
vn 0.9607 -0.2149 0.1756
vn 0.9509 -0.2545 -0.1762
vn 0.9511 -0.2545 -0.1753
vn 0.8271 -0.2614 -0.4976
vn 0.6215 -0.2385 -0.7462
vn 0.6210 -0.2384 -0.7467
vn 0.3725 -0.1940 -0.9075
vn 0.3723 -0.1940 -0.9076
vn 0.1069 -0.1350 -0.9851
vn 0.1061 -0.1348 -0.9852
vn -0.1618 -0.0656 -0.9846
vn -0.1611 -0.0658 -0.9847
vn -0.1610 -0.0658 -0.9847
vn -0.4216 0.0109 -0.9067
vn -0.4215 0.0109 -0.9067
vn -0.6597 0.0946 -0.7456
vn -0.6597 0.0948 -0.7456
vn -0.8518 0.1659 -0.4968
vn -0.8507 0.1713 -0.4970
vn -0.9583 0.2256 -0.1755
vn -0.9554 0.2368 -0.1763
vn -0.9482 0.2644 0.1761
vn -0.9448 0.2761 0.1762
vn -0.8216 0.2752 0.4993
vn -0.8215 0.2752 0.4993
vn -0.6145 0.2611 0.7445
vn -0.3607 0.2281 0.9044
vn -0.3636 0.2286 0.9031
vn -0.0943 0.1835 0.9785
vn -0.0937 0.1834 0.9786
vn 0.1777 0.1301 0.9755
vn 0.1793 0.1297 0.9752
vn 0.4391 0.0709 0.8956
vn 0.4412 0.0703 0.8947
vn 0.4412 0.0703 0.8946
vn 0.6788 0.0073 0.7343
vn 0.6763 0.0079 0.7366
vn 0.8694 -0.0560 0.4909
vn 0.8715 -0.0568 0.4872
vn 0.9785 -0.1124 0.1729
vn 0.9778 -0.1119 0.1770
vn 0.9731 -0.1512 -0.1735
vn 0.9721 -0.1516 -0.1788
vn 0.9732 -0.1512 -0.1735
vn 0.8514 -0.1661 -0.4975
vn 0.8535 -0.1661 -0.4939
vn 0.6445 -0.1569 -0.7483
vn 0.6466 -0.1571 -0.7465
vn 0.6445 -0.1568 -0.7483
vn 0.3928 -0.1284 -0.9106
vn 0.3895 -0.1279 -0.9121
vn 0.1202 -0.0855 -0.9891
vn 0.1234 -0.0861 -0.9886
vn -0.1522 -0.0324 -0.9878
vn -0.1552 -0.0317 -0.9874
vn -0.4183 0.0298 -0.9078
vn -0.4158 0.0291 -0.9090
vn -0.4183 0.0297 -0.9078
vn -0.6626 0.0983 -0.7425
vn -0.6627 0.0983 -0.7424
vn -0.8511 0.1654 -0.4983
vn -0.9586 0.2254 -0.1741
vn -0.9489 0.2637 0.1733
vn -0.9489 0.2637 0.1732
vn 0.7001 0.3513 -0.6216
vn 0.8153 0.4563 -0.3564
vn 0.8224 0.4641 -0.3291
vn 0.5127 0.2097 -0.8325
vn 0.6858 0.3397 -0.6436
vn 0.2906 0.0589 -0.9550
vn 0.4957 0.1976 -0.8457
vn 0.0531 -0.0903 -0.9945
vn 0.2743 0.0482 -0.9604
vn -0.1884 -0.2312 -0.9545
vn 0.0410 -0.0977 -0.9944
vn -0.4225 -0.3567 -0.8332
vn -0.1950 -0.2348 -0.9523
vn -0.6191 -0.4503 -0.6434
vn -0.4238 -0.3573 -0.8323
vn -0.6322 -0.4563 -0.6262
vn -0.7787 -0.5101 -0.3652
vn -0.7883 -0.5128 -0.3400
vn -0.8591 -0.5118 -0.0096
vn -0.8602 -0.5098 0.0098
vn -0.8302 -0.4497 0.3295
vn -0.8233 -0.4420 0.3562
vn -0.7070 -0.3369 0.6218
vn -0.6929 -0.3255 0.6434
vn -0.5194 -0.1961 0.8317
vn -0.5018 -0.1836 0.8452
vn -0.3166 -0.0584 0.9468
vn -0.3053 -0.0509 0.9509
vn -0.0840 0.0885 0.9925
vn -0.0711 0.0965 0.9928
vn 0.1810 0.2439 0.9528
vn 0.1883 0.2480 0.9503
vn 0.4150 0.3698 0.8313
vn 0.6204 0.4678 0.6294
vn 0.4159 0.3702 0.8307
vn 0.7762 0.5254 0.3484
vn 0.6251 0.4698 0.6234
vn 0.8503 0.5261 0.0122
vn 0.7820 0.5269 0.3329
vn 0.8518 0.5238 -0.0121
vn 0.4466 -0.8947 -0.0001
vn 0.4468 -0.8947 -0.0001
vn 0.4467 -0.8947 -0.0000
vn 0.4467 -0.8947 0.0001
vn 0.4466 -0.8947 -0.0000
vn 0.4465 -0.8948 -0.0000
vn 0.4467 -0.8947 -0.0002
vn 0.4466 -0.8947 0.0001
vn 0.4466 -0.8948 -0.0003
vn 0.4466 -0.8948 0.0003
vn 0.4467 -0.8947 -0.0001
vn 0.4467 -0.8947 0.0002
vn 0.4470 -0.8945 -0.0002
vn 0.4468 -0.8947 0.0001
vn 0.4468 -0.8946 -0.0000
vn -0.4467 0.8947 0.0001
vn -0.4468 0.8946 -0.0000
vn -0.4463 0.8949 0.0001
vn -0.4467 0.8947 -0.0003
vn -0.4466 0.8947 -0.0002
vn -0.4464 0.8948 -0.0000
vn -0.4463 0.8949 0.0002
vn -0.4462 0.8949 0.0001
vn -0.4466 0.8947 0.0005
vn -0.4467 0.8947 -0.0000
vn -0.4464 0.8949 -0.0000
vn -0.4465 0.8948 -0.0004
vn -0.4463 0.8949 -0.0002
vn -0.4465 0.8948 -0.0000
vn -0.4466 0.8947 0.0002
vn -0.4467 0.8947 0.0003
vn -0.4466 0.8947 -0.0000
vn 0.7457 0.4447 -0.4962
vn 0.7454 0.4445 -0.4969
vn 0.5898 0.3057 -0.7474
vn 0.5900 0.3059 -0.7472
vn 0.3877 0.1467 -0.9100
vn 0.3890 0.1476 -0.9093
vn 0.3876 0.1467 -0.9101
vn 0.1634 -0.0163 -0.9864
vn -0.0679 -0.1737 -0.9825
vn -0.0653 -0.1792 -0.9816
vn -0.2968 -0.3192 -0.9000
vn -0.5100 -0.4438 -0.7368
vn -0.5104 -0.4440 -0.7365
vn -0.6892 -0.5341 -0.4896
vn -0.6890 -0.5339 -0.4901
vn -0.8003 -0.5704 -0.1849
vn -0.8024 -0.5709 -0.1738
vn -0.8025 -0.5709 -0.1736
vn -0.8238 -0.5393 0.1746
vn -0.8225 -0.5374 0.1863
vn -0.8225 -0.5374 0.1865
vn -0.7459 -0.4449 0.4957
vn -0.7454 -0.4446 0.4966
vn -0.7454 -0.4446 0.4967
vn -0.5893 -0.3054 0.7479
vn -0.5902 -0.3061 0.7470
vn -0.5903 -0.3061 0.7469
vn -0.3885 -0.1472 0.9096
vn -0.4256 -0.1729 0.8883
vn -0.4264 -0.1735 0.8877
vn -0.2102 -0.0140 0.9776
vn -0.1647 0.0155 0.9862
vn -0.1635 0.0162 0.9864
vn 0.0678 0.1737 0.9825
vn 0.0652 0.1791 0.9817
vn 0.0677 0.1742 0.9824
vn 0.2966 0.3192 0.9001
vn 0.2964 0.3191 0.9002
vn 0.5102 0.4439 0.7366
vn 0.5106 0.4440 0.7363
vn 0.6891 0.5340 0.4899
vn 0.6892 0.5340 0.4897
vn 0.8028 0.5706 0.1728
vn 0.8027 0.5706 0.1733
vn 0.8236 0.5397 -0.1744
vn 0.8236 0.5397 -0.1745
vn 0.7059 0.5081 -0.4935
vn 0.7065 0.5087 -0.4920
vn 0.5617 0.3588 -0.7455
vn 0.5616 0.3587 -0.7456
vn 0.3716 0.1835 -0.9101
vn 0.3703 0.1824 -0.9108
vn 0.1564 -0.0009 -0.9877
vn 0.1581 -0.0059 -0.9874
vn 0.1564 -0.0008 -0.9877
vn -0.0680 -0.1742 -0.9824
vn -0.0646 -0.1791 -0.9817
vn -0.2817 -0.3439 -0.8958
vn -0.4824 -0.4850 -0.7295
vn -0.4829 -0.4853 -0.7289
vn -0.6488 -0.5880 -0.4829
vn -0.6492 -0.5882 -0.4823
vn -0.6488 -0.5880 -0.4830
vn -0.7548 -0.6335 -0.1703
vn -0.7546 -0.6334 -0.1712
vn -0.7546 -0.6334 -0.1713
vn -0.7753 -0.6044 0.1833
vn -0.7764 -0.6062 0.1726
vn -0.7764 -0.6062 0.1724
vn -0.7066 -0.5074 0.4932
vn -0.6946 -0.4953 0.5217
vn -0.6943 -0.4951 0.5223
vn -0.5617 -0.3588 0.7454
vn -0.4063 -0.2145 0.8882
vn -0.4082 -0.2162 0.8869
vn -0.4083 -0.2162 0.8869
vn -0.1561 0.0011 0.9877
vn -0.1577 0.0041 0.9875
vn -0.1563 0.0013 0.9877
vn 0.0648 0.1794 0.9816
vn 0.0648 0.1793 0.9816
vn 0.2817 0.3439 0.8957
vn 0.2820 0.3441 0.8956
vn 0.4826 0.4851 0.7293
vn 0.4824 0.4850 0.7294
vn 0.6489 0.5880 0.4829
vn 0.7547 0.6334 0.1710
vn 0.7549 0.6335 0.1699
vn 0.7547 0.6334 0.1711
vn 0.7761 0.6065 -0.1726
vn 0.7762 0.6066 -0.1719
vn 0.7408 0.4540 -0.4950
vn 0.7403 0.4536 -0.4963
vn 0.5842 0.3163 -0.7475
vn 0.5846 0.3166 -0.7470
vn 0.3823 0.1577 -0.9105
vn 0.3824 0.1577 -0.9105
vn 0.1561 -0.0016 -0.9877
vn 0.1582 -0.0062 -0.9874
vn -0.0722 -0.1650 -0.9836
vn -0.0747 -0.1603 -0.9842
vn -0.3000 -0.3109 -0.9018
vn -0.2565 -0.2960 -0.9201
vn -0.3008 -0.3114 -0.9014
vn -0.5136 -0.4396 -0.7369
vn -0.5132 -0.4394 -0.7373
vn -0.6899 -0.5330 -0.4899
vn -0.6897 -0.5328 -0.4904
vn -0.8007 -0.5733 -0.1737
vn -0.8009 -0.5733 -0.1726
vn -0.8193 -0.5462 0.1746
vn -0.8193 -0.5463 0.1739
vn -0.7268 -0.4420 0.5257
vn -0.7404 -0.4535 0.4961
vn -0.7406 -0.4537 0.4956
vn -0.5849 -0.3166 0.7468
vn -0.5839 -0.3159 0.7478
vn -0.4212 -0.1871 0.8874
vn -0.3827 -0.1600 0.9099
vn -0.3819 -0.1594 0.9104
vn -0.1573 0.0046 0.9875
vn 0.0736 0.1638 0.9838
vn 0.0743 0.1605 0.9842
vn 0.0730 0.1633 0.9839
vn 0.3006 0.3112 0.9015
vn 0.3014 0.3117 0.9011
vn 0.5133 0.4394 0.7372
vn 0.5132 0.4393 0.7373
vn 0.6899 0.5330 0.4898
vn 0.6898 0.5330 0.4900
vn 0.8009 0.5733 0.1730
vn 0.8007 0.5733 0.1739
vn 0.8195 0.5460 -0.1741
vn 0.8183 0.5442 -0.1851
vn 0.8196 0.5460 -0.1739
vn 0.7125 0.4987 -0.4936
vn 0.7127 0.4989 -0.4931
vn 0.5628 0.3570 -0.7455
vn 0.5625 0.3568 -0.7458
vn 0.3671 0.1887 -0.9108
vn 0.3669 0.1886 -0.9109
vn 0.1489 0.0122 -0.9888
vn 0.1497 0.0129 -0.9886
vn 0.1488 0.0122 -0.9888
vn -0.0723 -0.1647 -0.9837
vn -0.0755 -0.1605 -0.9841
vn -0.2611 -0.2878 -0.9214
vn -0.2944 -0.3208 -0.9002
vn -0.4984 -0.4626 -0.7333
vn -0.4978 -0.4623 -0.7338
vn -0.4984 -0.4626 -0.7332
vn -0.6661 -0.5658 -0.4860
vn -0.6661 -0.5658 -0.4861
vn -0.7709 -0.6133 -0.1717
vn -0.7710 -0.6134 -0.1711
vn -0.7884 -0.5903 0.1733
vn -0.7885 -0.5904 0.1724
vn -0.7133 -0.4984 0.4928
vn -0.7131 -0.4982 0.4933
vn -0.5628 -0.3554 0.7463
vn -0.5438 -0.3398 0.7673
vn -0.5435 -0.3395 0.7677
vn -0.3678 -0.1889 0.9105
vn -0.3671 -0.1883 0.9109
vn -0.1492 -0.0119 0.9887
vn 0.0747 0.1605 0.9842
vn 0.2948 0.3215 0.8998
vn 0.2657 0.3022 0.9154
vn 0.2652 0.3019 0.9157
vn 0.4979 0.4623 0.7337
vn 0.4983 0.4625 0.7334
vn 0.6660 0.5657 0.4862
vn 0.7709 0.6133 0.1719
vn 0.7709 0.6133 0.1717
vn 0.7873 0.5887 -0.1834
vn 0.7884 0.5903 -0.1730
vn 0.7873 0.5887 -0.1835
vn 0.5575 0.6895 -0.4624
vn 0.5575 0.6895 -0.4623
vn 0.4559 0.5215 -0.7212
vn 0.4560 0.5216 -0.7211
vn 0.3074 0.2999 -0.9031
vn 0.3076 0.3001 -0.9030
vn 0.1299 0.0519 -0.9902
vn 0.1298 0.0518 -0.9902
vn -0.0564 -0.1961 -0.9790
vn -0.0563 -0.1961 -0.9790
vn -0.2336 -0.4208 -0.8766
vn -0.2338 -0.4209 -0.8765
vn -0.3879 -0.6051 -0.6953
vn -0.3883 -0.6054 -0.6948
vn -0.3878 -0.6051 -0.6953
vn -0.5079 -0.7354 -0.4486
vn -0.5080 -0.7355 -0.4483
vn -0.5819 -0.7982 -0.1560
vn -0.5817 -0.7982 -0.1567
vn -0.6003 -0.7841 0.1577
vn -0.6001 -0.7840 0.1586
vn -0.6001 -0.7840 0.1587
vn -0.5574 -0.6894 0.4626
vn -0.5576 -0.6896 0.4620
vn -0.5577 -0.6897 0.4619
vn -0.4430 -0.5010 0.7434
vn -0.4578 -0.5165 0.7236
vn -0.4590 -0.5177 0.7220
vn -0.3105 -0.2945 0.9038
vn -0.3107 -0.2947 0.9037
vn -0.1331 -0.0456 0.9900
vn -0.1331 -0.0455 0.9901
vn -0.1330 -0.0455 0.9901
vn 0.0530 0.2021 0.9779
vn 0.0529 0.2020 0.9780
vn 0.2096 0.3995 0.8925
vn 0.2317 0.4191 0.8779
vn 0.2336 0.4208 0.8766
vn 0.3880 0.6053 0.6950
vn 0.3881 0.6053 0.6949
vn 0.3881 0.6054 0.6949
vn 0.5077 0.7353 0.4489
vn 0.5080 0.7354 0.4485
vn 0.5080 0.7354 0.4484
vn 0.5819 0.7982 0.1559
vn 0.5817 0.7982 0.1566
vn 0.5817 0.7982 0.1567
vn 0.6002 0.7841 -0.1580
vn 0.6001 0.7841 -0.1584
vn 0.6002 0.7841 -0.1579
vn 0.8105 0.3123 -0.4956
vn 0.8104 0.3123 -0.4957
vn 0.6340 0.2097 -0.7443
vn 0.6347 0.2100 -0.7436
vn 0.4100 0.0989 -0.9067
vn 0.4097 0.0987 -0.9068
vn 0.4097 0.0987 -0.9069
vn 0.1610 -0.0111 -0.9869
vn 0.1607 -0.0112 -0.9869
vn -0.0986 -0.1144 -0.9885
vn -0.0987 -0.1145 -0.9885
vn -0.3582 -0.2072 -0.9104
vn -0.3602 -0.2022 -0.9107
vn -0.3579 -0.2068 -0.9106
vn -0.6012 -0.2823 -0.7475
vn -0.6019 -0.2825 -0.7470
vn -0.6019 -0.2825 -0.7469
vn -0.7886 -0.3250 -0.5220
vn -0.8025 -0.3298 -0.4973
vn -0.8032 -0.3300 -0.4960
vn -0.9250 -0.3378 -0.1742
vn -0.9226 -0.3374 -0.1868
vn -0.9225 -0.3373 -0.1875
vn -0.9380 -0.3007 0.1727
vn -0.9377 -0.3005 0.1743
vn -0.8420 -0.2251 0.4902
vn -0.8426 -0.2253 0.4891
vn -0.8427 -0.2254 0.4890
vn -0.6665 -0.1269 0.7346
vn -0.6663 -0.1269 0.7348
vn -0.4461 -0.0213 0.8947
vn -0.4898 -0.0309 0.8713
vn -0.4442 -0.0202 0.8957
vn -0.2413 0.0648 0.9683
vn -0.2007 0.0861 0.9759
vn -0.2434 0.0636 0.9678
vn 0.0590 0.1905 0.9799
vn 0.0592 0.1906 0.9799
vn 0.3163 0.2848 0.9049
vn 0.3159 0.2846 0.9051
vn 0.5591 0.3635 0.7451
vn 0.5591 0.3635 0.7452
vn 0.7619 0.4155 0.4968
vn 0.7619 0.4155 0.4967
vn 0.8871 0.4270 0.1752
vn 0.8871 0.4270 0.1755
vn 0.9039 0.3904 -0.1749
vn 0.9038 0.3904 -0.1752
vn 0.8464 0.2128 -0.4882
vn 0.8463 0.2127 -0.4884
vn 0.6662 0.1285 -0.7346
vn 0.6656 0.1289 -0.7351
vn 0.6655 0.1290 -0.7351
vn 0.4360 0.0390 -0.8991
vn 0.4362 0.0390 -0.8990
vn 0.1786 -0.0488 -0.9827
vn 0.1793 -0.0486 -0.9826
vn -0.0901 -0.1301 -0.9874
vn -0.0905 -0.1302 -0.9873
vn -0.0905 -0.1303 -0.9873
vn -0.3600 -0.2018 -0.9109
vn -0.6135 -0.2579 -0.7464
vn -0.6132 -0.2578 -0.7467
vn -0.8199 -0.2893 -0.4941
vn -0.8197 -0.2892 -0.4944
vn -0.8197 -0.2892 -0.4945
vn -0.9397 -0.2877 -0.1851
vn -0.9422 -0.2872 -0.1725
vn -0.9422 -0.2872 -0.1723
vn -0.9530 -0.2496 0.1720
vn -0.9531 -0.2497 0.1711
vn -0.8549 -0.1835 0.4853
vn -0.8548 -0.1835 0.4854
vn -0.6752 -0.1009 0.7307
vn -0.6756 -0.1011 0.7303
vn -0.4825 -0.0403 0.8750
vn -0.4477 -0.0121 0.8941
vn -0.1921 0.0748 0.9785
vn -0.1913 0.0751 0.9787
vn -0.1922 0.0748 0.9785
vn 0.0775 0.1568 0.9846
vn 0.0767 0.1565 0.9847
vn 0.3457 0.2289 0.9100
vn 0.3470 0.2293 0.9094
vn 0.5999 0.2865 0.7470
vn 0.6013 0.2827 0.7473
vn 0.8075 0.3194 0.4959
vn 0.8078 0.3194 0.4953
vn 0.9318 0.3185 0.1741
vn 0.9319 0.3185 0.1737
vn 0.9441 0.2805 -0.1730
vn 0.9442 0.2805 -0.1725
vn 0.8512 0.1963 -0.4867
vn 0.8518 0.1966 -0.4855
vn 0.6667 0.1302 -0.7339
vn 0.6667 0.1302 -0.7338
vn 0.4269 0.0622 -0.9021
vn 0.4226 0.0610 -0.9043
vn 0.4225 0.0610 -0.9043
vn 0.1555 -0.0018 -0.9878
vn 0.1593 -0.0009 -0.9872
vn 0.1593 -0.0008 -0.9872
vn -0.1265 -0.0574 -0.9903
vn -0.1304 -0.0581 -0.9898
vn -0.1304 -0.0582 -0.9897
vn -0.4089 -0.1026 -0.9068
vn -0.4049 -0.1020 -0.9087
vn -0.4048 -0.1020 -0.9087
vn -0.6642 -0.1323 -0.7357
vn -0.6665 -0.1326 -0.7336
vn -0.6666 -0.1326 -0.7335
vn -0.8655 -0.1424 -0.4803
vn -0.8654 -0.1423 -0.4804
vn -0.9777 -0.1294 -0.1655
vn -0.9773 -0.1295 -0.1679
vn -0.9819 -0.0948 0.1638
vn -0.9817 -0.0947 0.1649
vn -0.9817 -0.0947 0.1650
vn -0.8844 -0.0442 0.4646
vn -0.8840 -0.0440 0.4655
vn -0.7083 0.0151 0.7058
vn -0.7101 0.0145 0.7040
vn -0.4814 0.0770 0.8731
vn -0.4779 0.0780 0.8749
vn -0.2203 0.1385 0.9656
vn -0.2240 0.1376 0.9648
vn -0.2202 0.1385 0.9656
vn 0.0558 0.1955 0.9791
vn 0.0593 0.1962 0.9788
vn 0.0558 0.1954 0.9791
vn 0.3386 0.2456 0.9083
vn 0.3340 0.2447 0.9103
vn 0.5996 0.2861 0.7474
vn 0.6026 0.2825 0.7463
vn 0.8157 0.2993 0.4950
vn 0.8163 0.2993 0.4940
vn 0.9414 0.2897 0.1727
vn 0.9409 0.2898 0.1753
vn 0.9414 0.2897 0.1726
vn 0.9522 0.2532 -0.1711
vn 0.9516 0.2527 -0.1751
vn 0.7800 -0.0080 -0.6257
vn 0.9347 0.0354 -0.3536
vn 0.9420 0.0383 -0.3334
vn 0.5495 -0.0497 -0.8340
vn 0.7708 -0.0100 -0.6370
vn 0.2855 -0.0838 -0.9547
vn 0.5436 -0.0506 -0.8378
vn 0.0142 -0.1089 -0.9940
vn 0.2851 -0.0838 -0.9548
vn 0.0144 -0.1088 -0.9940
vn -0.2527 -0.1250 -0.9594
vn -0.2634 -0.1254 -0.9565
vn -0.5166 -0.1316 -0.8460
vn -0.5362 -0.1317 -0.8337
vn -0.7565 -0.1260 -0.6417
vn -0.7708 -0.1251 -0.6247
vn -0.9284 -0.1058 -0.3562
vn -0.9375 -0.1037 -0.3321
vn -0.9974 -0.0713 -0.0129
vn -0.9976 -0.0683 0.0132
vn -0.9424 -0.0271 0.3333
vn -0.9353 -0.0243 0.3531
vn -0.7805 0.0186 0.6249
vn -0.7711 0.0207 0.6364
vn -0.5503 0.0599 0.8328
vn -0.5439 0.0609 0.8370
vn -0.2861 0.0937 0.9536
vn -0.0151 0.1187 0.9928
vn -0.2860 0.0938 0.9536
vn 0.2575 0.1352 0.9568
vn -0.0098 0.1191 0.9928
vn 0.5203 0.1420 0.8421
vn 0.2674 0.1357 0.9540
vn 0.7522 0.1369 0.6445
vn 0.5347 0.1421 0.8330
vn 0.9262 0.1172 0.3583
vn 0.7663 0.1361 0.6279
vn 0.9965 0.0826 0.0128
vn 0.9354 0.1151 0.3344
vn 0.9967 0.0796 -0.0127
vn 0.1047 -0.9945 0.0001
vn 0.1048 -0.9945 -0.0003
vn 0.1047 -0.9945 -0.0000
vn 0.1048 -0.9945 -0.0000
vn 0.1049 -0.9945 -0.0000
vn 0.1050 -0.9945 -0.0000
vn 0.1048 -0.9945 -0.0001
vn 0.1045 -0.9945 -0.0001
vn 0.1048 -0.9945 -0.0002
vn 0.1045 -0.9945 -0.0000
vn 0.1047 -0.9945 -0.0001
vn 0.1048 -0.9945 0.0003
vn 0.1046 -0.9945 -0.0000
vn -0.1048 0.9945 0.0001
vn -0.1051 0.9945 0.0005
vn -0.1046 0.9945 -0.0000
vn -0.1050 0.9945 -0.0003
vn -0.1043 0.9945 -0.0000
vn -0.1044 0.9945 -0.0000
vn -0.1043 0.9945 0.0001
vn -0.1046 0.9945 0.0001
vn -0.1048 0.9945 0.0004
vn -0.1049 0.9945 0.0004
vn -0.1049 0.9945 -0.0004
vn -0.1050 0.9945 -0.0004
vn -0.1045 0.9945 -0.0001
vn -0.1042 0.9946 -0.0001
vn -0.1045 0.9945 -0.0000
vn -0.1044 0.9945 0.0002
vn -0.1050 0.9945 0.0004
vn -0.1051 0.9945 -0.0006
vn -0.1049 0.9945 -0.0002
vn -0.1048 0.9945 -0.0000
vn 0.8675 0.0182 -0.4972
vn 0.6666 -0.0265 -0.7450
vn 0.6665 -0.0265 -0.7450
vn 0.4181 -0.0654 -0.9061
vn 0.4194 -0.0652 -0.9054
vn 0.1490 -0.0969 -0.9841
vn 0.1485 -0.0924 -0.9846
vn 0.1486 -0.0925 -0.9846
vn -0.1152 -0.1195 -0.9861
vn -0.1259 -0.1189 -0.9849
vn -0.1260 -0.1189 -0.9849
vn -0.3975 -0.1350 -0.9076
vn -0.3927 -0.1375 -0.9093
vn -0.4027 -0.1355 -0.9052
vn -0.6510 -0.1385 -0.7464
vn -0.6495 -0.1472 -0.7460
vn -0.6509 -0.1387 -0.7464
vn -0.8574 -0.1283 -0.4984
vn -0.8577 -0.1283 -0.4979
vn -0.9790 -0.1026 -0.1759
vn -0.9790 -0.1026 -0.1761
vn -0.9823 -0.0636 0.1760
vn -0.9824 -0.0636 0.1758
vn -0.8678 -0.0180 0.4966
vn -0.8675 -0.0179 0.4971
vn -0.6659 0.0268 0.7455
vn -0.6671 0.0266 0.7445
vn -0.4184 0.0657 0.9059
vn -0.1493 0.0972 0.9840
vn -0.1488 0.0923 0.9846
vn 0.1264 0.1206 0.9846
vn 0.1267 0.1187 0.9848
vn 0.3982 0.1350 0.9073
vn 0.3974 0.1362 0.9075
vn 0.3983 0.1350 0.9073
vn 0.6503 0.1385 0.7469
vn 0.6499 0.1471 0.7457
vn 0.8544 0.1284 0.5035
vn 0.8574 0.1283 0.4984
vn 0.8544 0.1284 0.5036
vn 0.9790 0.1025 0.1759
vn 0.9823 0.0636 -0.1760
vn 0.9823 0.0636 -0.1762
vn 0.8665 0.0399 -0.4975
vn 0.6661 -0.0077 -0.7458
vn 0.6655 -0.0077 -0.7463
vn 0.4181 -0.0511 -0.9070
vn 0.4176 -0.0511 -0.9072
vn 0.1483 -0.0880 -0.9850
vn -0.1264 -0.1146 -0.9853
vn -0.1264 -0.1147 -0.9853
vn -0.3778 -0.1385 -0.9155
vn -0.3779 -0.1386 -0.9154
vn -0.6492 -0.1474 -0.7462
vn -0.8555 -0.1433 -0.4976
vn -0.9767 -0.1225 -0.1764
vn -0.9769 -0.1225 -0.1753
vn -0.9806 -0.0861 0.1764
vn -0.9808 -0.0862 0.1752
vn -0.8662 -0.0401 0.4981
vn -0.6659 0.0071 0.7460
vn -0.6654 0.0072 0.7465
vn -0.4175 0.0506 0.9073
vn -0.4174 0.0506 0.9073
vn -0.1484 0.0874 0.9851
vn 0.1266 0.1186 0.9848
vn 0.1269 0.1143 0.9853
vn 0.3972 0.1403 0.9070
vn 0.6512 0.1387 0.7461
vn 0.6492 0.1473 0.7462
vn 0.8551 0.1436 0.4981
vn 0.8487 0.1438 0.5089
vn 0.8552 0.1436 0.4980
vn 0.9767 0.1226 0.1759
vn 0.9806 0.0859 -0.1763
vn 0.9806 0.0859 -0.1761
vn 0.8636 0.0749 -0.4985
vn 0.6639 0.0229 -0.7475
vn 0.4163 -0.0276 -0.9088
vn 0.4154 -0.0278 -0.9092
vn 0.1464 -0.0733 -0.9865
vn 0.1475 -0.0732 -0.9864
vn -0.1287 -0.1041 -0.9862
vn -0.3962 -0.1442 -0.9068
vn -0.3966 -0.1443 -0.9066
vn -0.6468 -0.1632 -0.7450
vn -0.6454 -0.1697 -0.7448
vn -0.6453 -0.1699 -0.7448
vn -0.8514 -0.1685 -0.4968
vn -0.9724 -0.1547 -0.1748
vn -0.9712 -0.1550 -0.1807
vn -0.9712 -0.1550 -0.1808
vn -0.9770 -0.1219 0.1750
vn -0.9768 -0.1218 0.1761
vn -0.8638 -0.0750 0.4983
vn -0.6640 -0.0229 0.7474
vn -0.4158 0.0277 0.9090
vn -0.1472 0.0732 0.9864
vn 0.1030 0.1094 0.9886
vn 0.1027 0.1094 0.9887
vn 0.3972 0.1404 0.9069
vn 0.3966 0.1443 0.9066
vn 0.6471 0.1632 0.7447
vn 0.6449 0.1696 0.7452
vn 0.8447 0.1683 0.5080
vn 0.8514 0.1685 0.4967
vn 0.8446 0.1683 0.5082
vn 0.9722 0.1547 0.1760
vn 0.9724 0.1547 0.1749
vn 0.9768 0.1218 -0.1761
vn 0.9770 0.1219 -0.1749
vn 0.8598 0.1128 -0.4980
vn 0.8595 0.1128 -0.4985
vn 0.6602 0.0566 -0.7490
vn 0.6613 0.0569 -0.7479
vn 0.4136 -0.0007 -0.9105
vn 0.1458 -0.0550 -0.9878
vn 0.1446 -0.0552 -0.9880
vn -0.1278 -0.1121 -0.9854
vn -0.1277 -0.1038 -0.9864
vn -0.3965 -0.1453 -0.9065
vn -0.6450 -0.1763 -0.7435
vn -0.8470 -0.1921 -0.4957
vn -0.8467 -0.1921 -0.4962
vn -0.9656 -0.1875 -0.1804
vn -0.9647 -0.1876 -0.1846
vn -0.9647 -0.1876 -0.1847
vn -0.9715 -0.1594 0.1755
vn -0.9714 -0.1594 0.1759
vn -0.8594 -0.1130 0.4987
vn -0.8597 -0.1131 0.4982
vn -0.8597 -0.1131 0.4981
vn -0.6611 -0.0571 0.7481
vn -0.6610 -0.0571 0.7482
vn -0.4132 0.0005 0.9107
vn -0.4141 0.0003 0.9102
vn -0.1458 0.0546 0.9878
vn -0.1447 0.0547 0.9880
vn 0.1041 0.0994 0.9896
vn 0.0831 0.0963 0.9919
vn 0.0828 0.0962 0.9919
vn 0.3964 0.1453 0.9065
vn 0.6448 0.1698 0.7452
vn 0.6449 0.1764 0.7437
vn 0.8471 0.1921 0.4955
vn 0.8468 0.1921 0.4960
vn 0.9667 0.1872 0.1745
vn 0.9665 0.1872 0.1756
vn 0.9716 0.1593 -0.1752
vn 0.9714 0.1593 -0.1761
vn 0.9716 0.1593 -0.1751
vn 0.8243 0.2870 -0.4881
vn 0.8241 0.2869 -0.4883
vn 0.8243 0.2870 -0.4880
vn 0.6412 0.1959 -0.7419
vn 0.6409 0.1958 -0.7422
vn 0.6413 0.1959 -0.7419
vn 0.4040 0.0900 -0.9103
vn 0.1411 -0.0192 -0.9898
vn 0.1422 -0.0188 -0.9897
vn 0.1410 -0.0192 -0.9898
vn -0.1254 -0.1236 -0.9844
vn -0.1264 -0.1239 -0.9842
vn -0.1253 -0.1236 -0.9844
vn -0.3844 -0.2188 -0.8969
vn -0.6181 -0.2977 -0.7276
vn -0.6174 -0.2976 -0.7282
vn -0.6181 -0.2977 -0.7275
vn -0.8033 -0.3518 -0.4806
vn -0.8035 -0.3518 -0.4803
vn -0.9113 -0.3715 -0.1777
vn -0.9125 -0.3722 -0.1697
vn -0.9126 -0.3722 -0.1692
vn -0.9217 -0.3483 0.1706
vn -0.8248 -0.2844 0.4887
vn -0.8250 -0.2845 0.4884
vn -0.6402 -0.1914 0.7440
vn -0.6190 -0.1848 0.7633
vn -0.6176 -0.1844 0.7646
vn -0.4044 -0.0895 0.9102
vn -0.4036 -0.0893 0.9106
vn -0.1436 0.0192 0.9894
vn -0.1776 0.0097 0.9841
vn -0.1799 0.0090 0.9836
vn 0.0837 0.1128 0.9901
vn 0.1236 0.1231 0.9847
vn 0.1264 0.1238 0.9842
vn 0.3844 0.2186 0.8969
vn 0.6178 0.2976 0.7278
vn 0.6170 0.2974 0.7286
vn 0.8032 0.3519 0.4806
vn 0.8033 0.3519 0.4805
vn 0.9129 0.3712 0.1696
vn 0.9130 0.3712 0.1694
vn 0.9214 0.3492 -0.1703
vn 0.9215 0.3492 -0.1699
vn 0.8682 -0.0146 -0.4960
vn 0.8686 -0.0146 -0.4954
vn 0.8682 -0.0147 -0.4960
vn 0.6681 -0.0469 -0.7426
vn 0.6674 -0.0470 -0.7432
vn 0.4180 -0.0700 -0.9057
vn 0.4187 -0.0699 -0.9054
vn 0.1483 -0.0832 -0.9854
vn 0.1470 -0.0833 -0.9856
vn -0.1304 -0.0872 -0.9876
vn -0.1294 -0.0871 -0.9878
vn -0.3941 -0.0811 -0.9155
vn -0.4047 -0.0813 -0.9108
vn -0.4051 -0.0813 -0.9106
vn -0.6605 -0.0644 -0.7480
vn -0.6598 -0.0644 -0.7487
vn -0.8662 -0.0376 -0.4983
vn -0.8669 -0.0375 -0.4971
vn -0.8669 -0.0375 -0.4970
vn -0.9846 -0.0015 -0.1747
vn -0.9846 -0.0015 -0.1751
vn -0.9840 0.0382 0.1739
vn -0.9839 0.0382 0.1745
vn -0.8673 0.0751 0.4921
vn -0.8680 0.0751 0.4909
vn -0.8680 0.0751 0.4908
vn -0.6685 0.1046 0.7363
vn -0.6679 0.1047 0.7369
vn -0.6678 0.1047 0.7369
vn -0.4213 0.1255 0.8982
vn -0.4210 0.1255 0.8983
vn -0.1526 0.1377 0.9786
vn -0.1529 0.1377 0.9786
vn 0.1240 0.1419 0.9821
vn 0.1243 0.1419 0.9820
vn 0.3976 0.1377 0.9072
vn 0.3971 0.1377 0.9074
vn 0.6530 0.1239 0.7472
vn 0.6530 0.1239 0.7471
vn 0.8575 0.1000 0.5046
vn 0.8612 0.0998 0.4984
vn 0.8574 0.1000 0.5048
vn 0.9823 0.0650 0.1755
vn 0.9822 0.0650 0.1760
vn 0.9843 0.0246 -0.1748
vn 0.9842 0.0246 -0.1754
vn 0.8684 -0.0289 -0.4950
vn 0.8686 -0.0289 -0.4946
vn 0.6674 -0.0611 -0.7422
vn 0.6683 -0.0610 -0.7414
vn 0.4195 -0.0846 -0.9038
vn 0.4192 -0.0846 -0.9039
vn 0.1492 -0.0990 -0.9838
vn 0.1495 -0.0990 -0.9838
vn -0.1279 -0.1047 -0.9862
vn -0.1283 -0.1047 -0.9862
vn -0.4023 -0.1012 -0.9099
vn -0.4025 -0.1012 -0.9098
vn -0.6573 -0.0875 -0.7486
vn -0.6582 -0.0875 -0.7478
vn -0.8650 -0.0629 -0.4979
vn -0.8645 -0.0629 -0.4987
vn -0.9840 -0.0285 -0.1758
vn -0.9842 -0.0284 -0.1748
vn -0.9845 0.0111 0.1751
vn -0.9847 0.0109 0.1738
vn -0.8688 0.0489 0.4927
vn -0.8678 0.0491 0.4945
vn -0.6679 0.0804 0.7399
vn -0.6680 0.0804 0.7398
vn -0.4198 0.1033 0.9017
vn -0.4211 0.1031 0.9011
vn -0.4197 0.1033 0.9017
vn -0.1512 0.1173 0.9815
vn -0.1502 0.1174 0.9817
vn 0.1266 0.1230 0.9843
vn 0.1258 0.1230 0.9844
vn 0.3998 0.1200 0.9087
vn 0.4004 0.1200 0.9085
vn 0.6551 0.1071 0.7480
vn 0.6554 0.1071 0.7476
vn 0.8631 0.0833 0.4981
vn 0.8629 0.0833 0.4985
vn 0.9831 0.0495 0.1763
vn 0.9833 0.0493 0.1750
vn 0.9845 0.0098 -0.1752
vn 0.9847 0.0099 -0.1742
vn 0.8675 0.0214 -0.4970
vn 0.8671 0.0213 -0.4978
vn 0.6671 -0.0133 -0.7449
vn 0.6634 -0.0137 -0.7481
vn 0.6671 -0.0133 -0.7448
vn 0.4160 -0.0401 -0.9085
vn 0.4189 -0.0398 -0.9072
vn 0.1459 -0.0574 -0.9876
vn 0.1436 -0.0575 -0.9880
vn -0.1334 -0.0655 -0.9889
vn -0.1300 -0.0654 -0.9894
vn -0.1299 -0.0654 -0.9894
vn -0.4064 -0.0640 -0.9115
vn -0.4088 -0.0640 -0.9104
vn -0.4089 -0.0640 -0.9104
vn -0.6620 -0.0519 -0.7477
vn -0.6591 -0.0520 -0.7502
vn -0.6591 -0.0520 -0.7503
vn -0.8671 -0.0288 -0.4972
vn -0.8667 -0.0289 -0.4980
vn -0.9846 0.0040 -0.1749
vn -0.9845 0.0040 -0.1751
vn -0.9839 0.0418 0.1737
vn -0.9836 0.0419 0.1753
vn -0.8675 0.0784 0.4912
vn -0.8675 0.0784 0.4911
vn -0.6676 0.1090 0.7365
vn -0.6687 0.1089 0.7355
vn -0.4218 0.1321 0.8970
vn -0.4188 0.1323 0.8984
vn -0.1526 0.1477 0.9772
vn -0.1552 0.1475 0.9768
vn 0.1212 0.1562 0.9803
vn 0.1241 0.1563 0.9799
vn 0.3949 0.1570 0.9052
vn 0.3933 0.1570 0.9059
vn 0.6491 0.1488 0.7460
vn 0.6492 0.1488 0.7460
vn 0.8574 0.1297 0.4981
vn 0.8574 0.1297 0.4980
vn 0.9795 0.0993 0.1754
vn 0.9791 0.0995 0.1773
vn 0.9826 0.0610 -0.1755
vn 0.9825 0.0610 -0.1759
vn -0.0144 0.0685 0.9975
vn -0.0146 0.0709 0.9974
vn -0.0153 0.0729 0.9972
vn 0.9239 -0.0000 -0.3826
vn 0.0140 -0.0719 -0.9973
vn 0.0133 -0.0654 -0.9978
vn 0.0154 -0.0755 -0.9970
vn 0.0218 -0.9998 -0.0000
vn 0.9970 -0.0774 -0.0000
vn 0.9980 -0.0625 -0.0000
vn 0.9972 -0.0754 -0.0000
vn -0.9615 -0.2749 -0.0000
vn -0.9589 -0.2836 -0.0000
vn -0.9601 -0.2795 -0.0000
vn -0.0146 0.0640 0.9978
vn -0.0151 0.0702 0.9974
vn 0.9990 -0.0450 -0.0000
vn 0.0140 -0.0678 -0.9976
vn 0.0132 -0.0597 -0.9981
vn -0.9796 -0.2012 -0.0000
vn -0.9628 -0.2702 -0.0000
vn 0.0159 -0.0762 -0.9970
vn 0.0166 -0.0794 -0.9967
vn 0.9983 -0.0585 -0.0000
vn 0.9999 -0.0162 -0.0000
vn -0.0157 0.0734 0.9972
vn -0.0162 0.0760 0.9970
vn -0.9899 -0.1416 -0.0000
vn -0.9913 -0.1315 -0.0000
vn 0.0160 -0.0729 -0.9972
vn 0.9998 -0.0178 -0.0000
vn 0.9992 -0.0398 -0.0000
vn -0.0160 0.0729 0.9972
vn -0.9915 -0.1303 -0.0000
vn -0.9903 -0.1389 -0.0000
vn 0.0154 -0.0844 -0.9963
vn 0.0149 -0.0775 -0.9969
vn 0.9992 -0.0402 -0.0000
vn 0.9780 -0.2087 -0.0000
vn -0.0152 0.0776 0.9969
vn -0.0154 0.0844 0.9963
vn -0.9440 -0.3301 -0.0000
vn -0.9408 -0.3389 -0.0000
vn 0.0153 -0.0876 -0.9960
vn 0.0150 -0.0881 -0.9960
vn 0.9755 -0.2200 -0.0000
vn 0.9613 -0.2754 -0.0001
vn -0.0150 0.0881 0.9960
vn -0.0153 0.0876 0.9960
vn -0.9416 -0.3367 -0.0001
vn -0.9445 -0.3284 -0.0001
vn 0.0159 -0.0908 -0.9957
vn 0.9620 -0.2731 -0.0001
vn 0.9866 -0.1633 -0.0001
vn -0.0158 0.0908 0.9957
vn -0.9614 -0.2753 -0.0000
vn -0.9606 -0.2778 -0.0000
vn 0.0157 -0.0948 -0.9954
vn 0.0157 -0.0945 -0.9954
vn 0.9882 -0.1534 -0.0001
vn 0.9598 -0.2806 -0.0002
vn -0.0157 0.0944 0.9954
vn -0.0163 0.0975 0.9951
vn -0.9653 -0.2610 -0.0001
vn -0.9669 -0.2553 -0.0001
vn 0.0156 -0.1004 -0.9948
vn 0.0157 -0.1027 -0.9946
vn 0.9519 -0.3065 -0.0002
vn -0.0163 0.1033 0.9945
vn -0.0157 0.1004 0.9948
vn -0.9274 -0.3740 -0.0000
vn -0.9193 -0.3936 -0.0001
vn 0.0154 -0.1022 -0.9946
vn 0.0165 -0.1054 -0.9943
vn 0.9966 -0.0819 -0.0000
vn 0.9885 0.1511 -0.0000
vn -0.0156 0.1021 0.9947
vn -0.0160 0.1036 0.9945
vn -0.8654 -0.5010 -0.0001
vn -0.8671 -0.4981 -0.0001
vn 0.0164 -0.1045 -0.9944
vn 0.9938 0.1113 -0.0000
vn 0.9937 -0.1123 -0.0000
vn -0.0164 0.1051 0.9943
vn -0.9492 -0.3145 -0.0000
vn -0.9562 -0.2927 -0.0000
vn 0.0164 -0.1055 -0.9943
vn 0.0164 -0.1051 -0.9943
vn 0.9954 -0.0955 -0.0000
vn 0.9494 -0.3139 -0.0001
vn -0.0164 0.1050 0.9943
vn -0.0164 0.1054 0.9943
vn -0.9822 -0.1876 -0.0000
vn -0.9812 -0.1931 -0.0000
vn 0.0166 -0.1073 -0.9941
vn 0.0175 -0.1164 -0.9930
vn 0.9380 -0.3466 -0.0001
vn 0.9922 0.1249 0.0002
vn -0.0174 0.1160 0.9931
vn -0.0166 0.1068 0.9941
vn -0.9665 -0.2568 -0.0000
vn -0.9655 -0.2605 -0.0000
vn 0.0135 -0.1007 -0.9948
vn 0.0168 -0.1078 -0.9940
vn 0.9773 0.2121 0.0002
vn 0.7349 0.6782 -0.0000
vn -0.0133 0.1005 0.9948
vn -0.0168 0.1077 0.9940
vn -0.9763 -0.2165 -0.0000
vn -0.9793 -0.2024 -0.0000
vn 0.0140 -0.1084 -0.9940
vn 0.0176 -0.1221 -0.9924
vn 0.0160 -0.1079 -0.9940
vn 0.7165 -0.6976 -0.0001
vn 0.9797 -0.2003 -0.0000
vn 0.6972 -0.7168 -0.0001
vn -0.0176 0.1221 0.9924
vn -0.0140 0.1083 0.9940
vn -0.0160 0.1079 0.9940
vn -0.9975 0.0702 -0.0000
vn -0.9978 -0.0666 -0.0000
vn -0.9977 -0.0684 -0.0000
vn 0.0144 -0.1126 -0.9935
vn 0.0155 -0.1177 -0.9929
vn 0.9817 -0.1905 -0.0000
vn 0.9996 0.0268 -0.0000
vn -0.0156 0.1176 0.9929
vn -0.0144 0.1126 0.9935
vn -0.9983 -0.0583 -0.0000
vn -0.9984 -0.0559 -0.0000
vn 0.8507 -0.5256 -0.0001
vn 0.8880 -0.4598 -0.0000
vn 0.0209 -0.1281 -0.9915
vn 0.0169 -0.1067 -0.9941
vn -0.9980 0.0626 -0.0000
vn -0.9964 0.0850 -0.0000
vn -0.0208 0.1280 0.9915
vn -0.0169 0.1067 0.9941
vn 0.7446 0.6676 -0.0000
vn -0.9989 0.0477 -0.0000
vn 0.0139 -0.1118 -0.9936
vn 0.0144 -0.1136 -0.9934
vn 0.9986 0.0536 -0.0000
vn 0.9616 0.2746 -0.0000
vn -0.0144 0.1136 0.9934
vn -0.0139 0.1118 0.9936
vn -1.0000 -0.0047 -0.0000
vn -1.0000 0.0005 -0.0000
vn 0.0137 -0.1108 -0.9937
vn 0.0138 -0.1110 -0.9937
vn 0.9593 0.2825 -0.0000
vn 0.9696 0.2447 0.0001
vn -0.0138 0.1109 0.9937
vn -0.0137 0.1108 0.9937
vn -1.0000 0.0049 -0.0000
vn -1.0000 -0.0002 -0.0000
vn 0.0135 -0.1112 -0.9937
vn 0.0139 -0.1127 -0.9935
vn 0.9735 0.2287 0.0001
vn 0.9826 0.1859 -0.0001
vn -0.0138 0.1126 0.9935
vn -0.0135 0.1114 0.9937
vn -0.9955 0.0953 -0.0000
vn -0.9935 0.1134 -0.0000
vn 0.0127 -0.1092 -0.9939
vn 0.0134 -0.1119 -0.9936
vn 0.9801 0.1983 -0.0001
vn 0.9697 0.2443 0.0001
vn -0.0134 0.1116 0.9937
vn -0.0128 0.1094 0.9939
vn -0.9914 0.1306 -0.0000
vn -0.9926 0.1212 -0.0000
vn 0.0127 -0.1078 -0.9941
vn 0.0127 -0.1108 -0.9938
vn 0.9713 0.2377 0.0001
vn 0.8734 0.4870 -0.0000
vn -0.0127 0.1107 0.9938
vn -0.0128 0.1076 0.9941
vn -0.8228 0.5684 0.0001
vn -0.7887 0.6148 0.0001
vn 0.0126 -0.0957 -0.9953
vn 0.0120 -0.1129 -0.9935
vn 0.8526 0.5225 -0.0000
vn 0.8588 0.5123 0.0002
vn -0.0119 0.1128 0.9935
vn -0.0126 0.0957 0.9953
vn -0.6347 0.7727 -0.0004
vn 0.0106 -0.1092 -0.9940
vn 0.0125 -0.1153 -0.9933
vn 0.8811 0.4729 0.0002
vn 0.9446 0.3283 -0.0001
vn -0.0106 0.1092 0.9940
vn -0.0124 0.1153 0.9933
vn -0.5125 -0.8587 -0.0003
vn -0.5204 -0.8539 -0.0003
vn 0.0113 -0.1070 -0.9942
vn 0.0130 -0.1126 -0.9936
vn 0.9347 0.3554 -0.0001
vn 0.9203 0.3912 0.0001
vn -0.0113 0.1070 0.9942
vn -0.0130 0.1126 0.9936
vn -0.7020 -0.7122 -0.0000
vn -0.7096 -0.7046 -0.0000
vn 0.0115 -0.1054 -0.9944
vn 0.0139 -0.1110 -0.9937
vn 0.9275 0.3739 0.0001
vn 0.9600 0.2799 -0.0000
vn -0.0118 0.1066 0.9942
vn -0.0138 0.1114 0.9937
vn -0.7553 -0.6554 -0.0000
vn -0.7538 -0.6571 -0.0000
vn 0.0120 -0.1048 -0.9944
vn 0.0136 -0.1073 -0.9941
vn 0.9588 0.2842 -0.0000
vn 0.9424 0.3346 -0.0000
vn -0.0119 0.1045 0.9944
vn -0.0131 0.1074 0.9941
vn -0.9889 -0.1483 -0.0000
vn -0.9974 -0.0722 -0.0000
vn 0.0119 -0.1019 -0.9947
vn 0.8939 0.4483 -0.0000
vn -0.0115 0.1015 0.9948
vn -0.8268 0.5625 -0.0000
vn 0.0113 -0.1006 -0.9949
vn 0.0119 -0.1039 -0.9945
vn 0.8895 0.4569 -0.0000
vn 0.7126 0.7016 -0.0000
vn -0.0114 0.1020 0.9947
vn -0.0113 0.1006 0.9949
vn -0.9154 0.4026 -0.0000
vn -0.9324 0.3614 -0.0000
vn 0.0123 -0.1020 -0.9947
vn 0.6955 0.7185 -0.0000
vn 0.7732 0.6342 -0.0001
vn -0.0115 0.1008 0.9948
vn -0.0122 0.1028 0.9946
vn -0.9877 -0.1565 -0.0000
vn -0.9891 -0.1476 -0.0000
vn 0.0118 -0.1003 -0.9949
vn 0.8078 0.5895 -0.0001
vn 0.9796 -0.2011 -0.0000
vn -0.0122 0.1012 0.9948
vn -0.9503 0.3114 -0.0000
vn -0.9420 0.3357 -0.0000
vn 0.0110 -0.0981 -0.9951
vn 0.0115 -0.1002 -0.9949
vn 0.9824 -0.1869 -0.0000
vn 1.0000 -0.0001 -0.0000
vn -0.0115 0.0997 0.9950
vn -0.0110 0.0972 0.9952
vn -0.9203 0.3912 -0.0000
vn -0.9240 0.3825 -0.0000
vn 0.0105 -0.0971 -0.9952
vn 0.0108 -0.0984 -0.9951
vn 0.9999 0.0132 -0.0000
vn 0.9632 0.2687 -0.0000
vn -0.0108 0.0984 0.9951
vn -0.0105 0.0971 0.9952
vn -0.9899 0.1416 -0.0000
vn -0.9928 0.1198 -0.0000
vn 0.0100 -0.0947 -0.9955
vn 0.0105 -0.0965 -0.9953
vn 0.9578 0.2874 -0.0000
vn 0.8521 0.5234 -0.0000
vn -0.0105 0.0965 0.9953
vn -0.0099 0.0942 0.9955
vn -0.9910 0.1341 -0.0000
vn -0.9896 0.1441 -0.0000
vn -0.8954 -0.0410 -0.4434
vn 0.0100 -0.0938 -0.9955
vn 0.8491 0.5282 -0.0000
vn 0.8327 0.5537 -0.0000
vn -0.8970 0.0407 0.4401
vn -0.9813 0.1924 -0.0000
vn 0.0165 0.0733 0.9972
vn 0.0162 0.0733 0.9972
vn 0.0175 0.0749 0.9970
vn 0.3177 0.9482 -0.0000
vn -0.0157 -0.0704 -0.9974
vn -0.0165 -0.0735 -0.9972
vn -0.0175 -0.0747 -0.9970
vn -0.2259 -0.9742 -0.0000
vn 0.9115 -0.4113 -0.0000
vn 0.9183 -0.3958 -0.0000
vn 0.9125 -0.4091 -0.0000
vn -0.9999 0.0108 -0.0000
vn -1.0000 0.0002 -0.0000
vn -1.0000 0.0051 -0.0000
vn 0.0167 0.0692 0.9975
vn 0.0155 0.0670 0.9976
vn 0.9260 -0.3775 -0.0000
vn -0.0167 -0.0692 -0.9975
vn -0.0155 -0.0670 -0.9976
vn -0.9949 0.1007 -0.0000
vn -0.9999 0.0170 -0.0000
vn -0.0172 -0.0752 -0.9970
vn -0.0170 -0.0749 -0.9970
vn 0.9202 -0.3914 -0.0000
vn 0.9380 -0.3467 0.0001
vn 0.0165 0.0751 0.9970
vn 0.0166 0.0749 0.9971
vn -0.9855 0.1699 -0.0000
vn -0.9834 0.1814 -0.0000
vn -0.0180 -0.0774 -0.9968
vn 0.9373 -0.3484 -0.0000
vn 0.9283 -0.3717 -0.0002
vn 0.0186 0.0805 0.9966
vn 0.0187 0.0809 0.9965
vn -0.9827 0.1853 -0.0000
vn -0.9847 0.1743 -0.0000
vn -0.0189 -0.0835 -0.9963
vn -0.0176 -0.0755 -0.9970
vn 0.9281 -0.3723 -0.0002
vn 0.8415 -0.5403 0.0002
vn 0.0187 0.0813 0.9965
vn 0.0188 0.0824 0.9964
vn -0.9984 -0.0565 -0.0000
vn -0.9977 -0.0674 -0.0000
vn -0.0198 -0.0875 -0.9960
vn -0.0196 -0.0859 -0.9961
vn 0.8348 -0.5506 0.0002
vn 0.8001 -0.5999 -0.0002
vn 0.0188 0.0823 0.9964
vn 0.0192 0.0850 0.9962
vn -0.9980 -0.0635 -0.0000
vn -0.9986 -0.0535 -0.0000
vn -0.0212 -0.0893 -0.9958
vn -0.0214 -0.0922 -0.9955
vn 0.8017 -0.5977 -0.0002
vn 0.8679 -0.4967 -0.0001
vn 0.0213 0.0909 0.9956
vn 0.0214 0.0913 0.9956
vn -0.9999 0.0112 -0.0001
vn -1.0000 0.0082 -0.0001
vn -0.0224 -0.0917 -0.9955
vn -0.0225 -0.0925 -0.9955
vn 0.8735 -0.4868 -0.0001
vn 0.7967 -0.6044 -0.0000
vn 0.0220 0.0931 0.9954
vn 0.0221 0.0941 0.9953
vn -0.9996 0.0285 -0.0000
vn -0.9994 0.0353 -0.0000
vn -0.0237 -0.0985 -0.9949
vn -0.0246 -0.1009 -0.9946
vn 0.7793 -0.6266 -0.0000
vn 0.8810 -0.4731 -0.0000
vn 0.0237 0.1023 0.9945
vn 0.0231 0.0966 0.9951
vn -0.9935 -0.1139 -0.0001
vn -0.9905 -0.1372 -0.0001
vn -0.0245 -0.1007 -0.9946
vn -0.0243 -0.1060 -0.9941
vn 0.9091 -0.4167 -0.0000
vn 0.9870 -0.1607 -0.0001
vn 0.0241 0.1000 0.9947
vn 0.0241 0.1032 0.9944
vn -0.9621 -0.2728 -0.0001
vn -0.9631 -0.2692 -0.0001
vn -0.0241 -0.1055 -0.9941
vn 0.9786 -0.2059 -0.0001
vn 0.8948 -0.4466 0.0003
vn 0.0241 0.1055 0.9941
vn -0.9993 -0.0368 0.0002
vn -0.9999 -0.0102 0.0001
vn -0.0239 -0.1017 -0.9945
vn -0.0240 -0.1046 -0.9942
vn 0.9031 -0.4295 0.0002
vn 0.7743 -0.6329 -0.0002
vn 0.0240 0.1046 0.9942
vn 0.0238 0.1011 0.9946
vn -0.9932 0.1167 -0.0003
vn -0.9939 0.1104 -0.0003
vn -0.0241 -0.1030 -0.9944
vn -0.0260 -0.1132 -0.9932
vn 0.7510 -0.6603 -0.0002
vn 0.9823 -0.1874 -0.0000
vn 0.0260 0.1132 0.9932
vn 0.0242 0.1030 0.9944
vn -0.9994 0.0336 0.0001
vn -0.9996 0.0293 0.0001
vn -0.0255 -0.0955 -0.9951
vn -0.0241 -0.1063 -0.9940
vn 0.9956 -0.0942 -0.0000
vn 0.8660 0.5000 0.0001
vn 0.0256 0.0954 0.9951
vn 0.0241 0.1066 0.9940
vn -0.9966 0.0823 -0.0000
vn -0.9951 0.0992 -0.0000
vn -0.0268 -0.1053 -0.9941
vn -0.0273 -0.1221 -0.9921
vn -0.0246 -0.1008 -0.9946
vn 0.4298 -0.9029 -0.0001
vn 0.8471 -0.5314 -0.0000
vn 0.4069 -0.9135 -0.0001
vn 0.0273 0.1200 0.9924
vn 0.0268 0.1058 0.9940
vn 0.0246 0.1008 0.9946
vn -0.9148 0.4038 -0.0000
vn -0.9666 0.2564 -0.0000
vn -0.9671 0.2544 -0.0000
vn -0.0274 -0.1075 -0.9938
vn -0.0278 -0.1131 -0.9932
vn 0.8528 -0.5223 -0.0000
vn 0.9539 -0.3002 -0.0001
vn 0.0276 0.1130 0.9932
vn 0.0274 0.1075 0.9938
vn -0.9641 0.2657 -0.0000
vn -0.9633 0.2684 -0.0000
vn 0.6095 -0.7928 -0.0001
vn 0.6644 -0.7474 -0.0000
vn -0.0259 -0.1260 -0.9917
vn -0.0234 -0.1024 -0.9945
vn -0.9185 0.3955 -0.0000
vn -0.9082 0.4185 -0.0000
vn 0.0259 0.1264 0.9916
vn 0.0235 0.1022 0.9945
vn 0.8728 0.4880 0.0001
vn -0.9247 0.3807 -0.0000
vn -0.0279 -0.1079 -0.9938
vn -0.0279 -0.1102 -0.9935
vn 0.9626 -0.2710 -0.0001
vn 0.9999 -0.0125 -0.0000
vn 0.0279 0.1102 0.9935
vn 0.0279 0.1079 0.9938
vn -0.9458 0.3246 -0.0000
vn -0.9439 0.3302 -0.0000
vn -0.0279 -0.1088 -0.9937
vn -0.0279 -0.1081 -0.9938
vn 1.0000 -0.0030 -0.0000
vn 0.9988 -0.0485 -0.0000
vn 0.0282 0.1096 0.9936
vn 0.0282 0.1089 0.9937
vn -0.9423 0.3349 -0.0000
vn -0.9442 0.3294 -0.0000
vn -0.0278 -0.1089 -0.9937
vn -0.0279 -0.1083 -0.9937
vn 0.9930 -0.1178 -0.0000
vn 0.0282 0.1084 0.9937
vn 0.0282 0.1085 0.9937
vn -0.9031 0.4294 -0.0001
vn -0.8941 0.4478 -0.0001
vn -0.0279 -0.1073 -0.9938
vn -0.0280 -0.1093 -0.9936
vn 0.9947 -0.1033 -0.0000
vn 0.9988 -0.0489 -0.0000
vn 0.0280 0.1070 0.9939
vn 0.0280 0.1073 0.9938
vn -0.8854 0.4648 0.0002
vn -0.8904 0.4552 0.0002
vn -0.0276 -0.1074 -0.9938
vn -0.0282 -0.1088 -0.9937
vn 0.9984 -0.0568 -0.0000
vn 0.9665 0.2568 -0.0001
vn 0.0276 0.1074 0.9938
vn -0.5650 0.8251 -0.0000
vn -0.5179 0.8554 -0.0000
vn -0.0239 -0.0927 -0.9954
vn -0.0292 -0.1112 -0.9934
vn 0.9542 0.2993 -0.0000
vn 0.9582 0.2860 0.0004
vn 0.0292 0.1112 0.9934
vn 0.0239 0.0927 0.9954
vn -0.2552 0.9669 0.0001
vn -0.2823 0.9593 0.0001
vn -0.0301 -0.1096 -0.9935
vn -0.0304 -0.1235 -0.9919
vn 0.9713 0.2380 0.0004
vn 0.9985 0.0544 -0.0001
vn 0.0301 0.1096 0.9935
vn 0.0304 0.1235 0.9919
vn -0.6782 -0.7348 -0.0000
vn -0.6843 -0.7292 -0.0000
vn -0.0284 -0.1068 -0.9939
vn -0.0284 -0.1125 -0.9932
vn 0.9961 0.0884 -0.0001
vn 0.9911 0.1330 -0.0000
vn 0.0284 0.1068 0.9939
vn 0.0284 0.1125 0.9932
vn -0.8388 -0.5444 -0.0001
vn -0.8446 -0.5354 -0.0001
vn -0.0278 -0.1065 -0.9939
vn -0.0271 -0.1123 -0.9933
vn 0.9937 0.1116 -0.0000
vn 1.0000 -0.0053 -0.0000
vn 0.0278 0.1065 0.9939
vn 0.0271 0.1123 0.9933
vn -0.8818 -0.4717 -0.0001
vn -0.8806 -0.4738 -0.0001
vn -0.0273 -0.1068 -0.9939
vn -0.0266 -0.1105 -0.9935
vn 1.0000 0.0001 -0.0000
vn 0.9981 0.0622 -0.0000
vn 0.0273 0.1065 0.9939
vn 0.0266 0.1105 0.9935
vn -0.9865 0.1637 -0.0000
vn -0.9682 0.2502 -0.0000
vn -0.0265 -0.1037 -0.9943
vn 0.9978 0.0663 -0.0000
vn 0.9789 0.2041 0.0001
vn 0.0265 0.1037 0.9943
vn -0.5784 0.8158 0.0001
vn -0.5700 0.8217 0.0001
vn -0.0267 -0.1037 -0.9943
vn -0.0271 -0.1058 -0.9940
vn 0.9765 0.2157 -0.0000
vn 0.8467 0.5321 -0.0000
vn 0.0277 0.1081 0.9938
vn 0.0268 0.1040 0.9942
vn -0.7076 0.7066 -0.0000
vn -0.7409 0.6716 -0.0000
vn -0.0270 -0.1045 -0.9942
vn -0.0261 -0.1071 -0.9939
vn 0.8336 0.5524 -0.0000
vn 0.9000 0.4358 -0.0000
vn 0.0277 0.1014 0.9945
vn 0.0262 0.1059 0.9940
vn -0.9882 0.1534 -0.0000
vn -0.9864 0.1644 -0.0000
vn -0.0261 -0.1054 -0.9941
vn 0.9247 0.3806 -0.0000
vn 0.8461 -0.5330 -0.0000
vn 0.0259 0.1040 0.9942
vn -0.7758 0.6309 -0.0000
vn -0.7575 0.6529 -0.0000
vn -0.0263 -0.1035 -0.9943
vn -0.0265 -0.1057 -0.9940
vn 0.8550 -0.5186 -0.0000
vn 0.9438 -0.3304 -0.0000
vn 0.0265 0.1057 0.9940
vn 0.0263 0.1035 0.9943
vn -0.7167 0.6974 -0.0000
vn -0.7239 0.6899 -0.0000
vn -0.0266 -0.1032 -0.9943
vn -0.0266 -0.1039 -0.9942
vn 0.9492 -0.3147 -0.0000
vn 0.9998 -0.0200 -0.0000
vn 0.0266 0.1039 0.9942
vn 0.0266 0.1032 0.9943
vn -0.8916 0.4529 -0.0000
vn -0.0264 -0.1021 -0.9944
vn -0.0264 -0.1026 -0.9944
vn 1.0000 0.0046 -0.0000
vn 0.9535 0.3013 -0.0000
vn 0.0264 0.1026 0.9944
vn 0.0264 0.1023 0.9944
vn -0.8841 0.4674 -0.0000
vn -0.8781 0.4784 -0.0000
vn -0.1575 -0.0259 -0.9872
vn -0.2023 -0.0000 -0.9793
vn 0.9514 0.3079 -0.0000
vn 0.9402 0.3407 -0.0000
vn 0.1558 0.0260 0.9874
vn 0.2000 -0.0000 0.9798
vn -0.8515 0.5243 -0.0000
vn 0.0342 -0.0668 -0.9972
vn 0.0380 -0.0706 -0.9968
vn 0.0334 -0.0663 -0.9972
vn -0.0370 0.0673 0.9970
vn -0.0369 0.0675 0.9970
vn -0.0373 0.0658 0.9971
vn 0.6105 -0.7920 -0.0000
vn -0.6842 -0.7293 -0.0000
vn -0.6959 -0.7182 -0.0000
vn -0.6990 -0.7151 -0.0000
vn 0.9109 0.4127 -0.0000
vn 0.9147 0.4041 0.0001
vn 0.9083 0.4182 -0.0000
vn 0.0388 -0.0725 -0.9966
vn 0.0343 -0.0665 -0.9972
vn -0.7093 -0.7049 -0.0000
vn -0.6860 -0.7276 -0.0000
vn -0.0377 0.0709 0.9968
vn -0.0388 0.0725 0.9966
vn 0.8724 0.4887 -0.0000
vn -0.0415 0.0727 0.9965
vn -0.7310 -0.6824 -0.0000
vn -0.7298 -0.6836 -0.0000
vn 0.0385 -0.0710 -0.9967
vn 0.9129 0.4083 -0.0000
vn 0.8389 0.5443 -0.0001
vn -0.0418 0.0757 0.9963
vn -0.0367 0.0677 0.9970
vn -0.7133 -0.7009 -0.0000
vn 0.0408 -0.0728 -0.9965
vn 0.0421 -0.0751 -0.9963
vn 0.8325 0.5541 -0.0001
vn 0.8306 0.5569 0.0001
vn -0.0417 0.0768 0.9962
vn -0.0386 0.0723 0.9966
vn -0.5752 -0.8180 0.0001
vn -0.5653 -0.8249 0.0001
vn 0.0397 -0.0730 -0.9965
vn 0.0424 -0.0768 -0.9961
vn 0.8366 0.5479 0.0001
vn 0.9350 0.3545 -0.0000
vn -0.0432 0.0779 0.9960
vn -0.0431 0.0781 0.9960
vn -0.5187 -0.8549 0.0001
vn -0.5213 -0.8534 0.0001
vn 0.0427 -0.0768 -0.9961
vn 0.0439 -0.0783 -0.9960
vn 0.9389 0.3441 -0.0000
vn 0.9411 0.3381 -0.0001
vn -0.0446 0.0792 0.9959
vn -0.0447 0.0792 0.9959
vn -0.6308 -0.7759 -0.0000
vn -0.6398 -0.7685 -0.0000
vn 0.0450 -0.0792 -0.9958
vn 0.0454 -0.0800 -0.9958
vn 0.9382 0.3460 -0.0001
vn 0.9235 0.3836 0.0001
vn -0.0488 0.0853 0.9952
vn -0.0466 0.0813 0.9956
vn -0.5298 -0.8481 0.0001
vn -0.5068 -0.8621 0.0001
vn 0.0466 -0.0813 -0.9956
vn 0.0457 -0.0795 -0.9958
vn 0.9251 0.3798 0.0001
vn 0.9241 0.3822 -0.0000
vn -0.0495 0.0854 0.9951
vn -0.0492 0.0860 0.9951
vn -0.6729 -0.7398 -0.0002
vn -0.7181 -0.6959 -0.0002
vn 0.0496 -0.0843 -0.9952
vn 0.0499 -0.0860 -0.9950
vn 0.9221 0.3870 -0.0000
vn 0.9717 0.2364 -0.0000
vn -0.0501 0.0875 0.9949
vn -0.0512 0.0882 0.9948
vn -0.8854 -0.4648 -0.0000
vn -0.8636 -0.5042 0.0001
vn 0.0515 -0.0877 -0.9948
vn 0.0517 -0.0892 -0.9947
vn 0.9769 0.2138 -0.0000
vn 0.9972 0.0744 0.0001
vn -0.0517 0.0898 0.9946
vn -0.7076 -0.7066 0.0001
vn -0.7215 -0.6924 0.0002
vn 0.0522 -0.0902 -0.9946
vn 0.9970 0.0770 0.0001
vn 0.9605 0.2783 -0.0000
vn -0.0516 0.0899 0.9946
vn -0.0509 0.0885 0.9948
vn -0.5164 -0.8564 -0.0000
vn -0.4846 -0.8747 0.0001
vn 0.0511 -0.0884 -0.9948
vn 0.0521 -0.0902 -0.9946
vn 0.9537 0.3009 -0.0000
vn 0.9144 0.4048 -0.0001
vn -0.0515 0.0903 0.9946
vn -0.0550 0.0950 0.9940
vn -0.8924 -0.4513 -0.0003
vn -0.9303 -0.3669 -0.0003
vn 0.0548 -0.0943 -0.9940
vn 0.0515 -0.0904 -0.9946
vn 0.9172 0.3984 -0.0001
vn 0.9480 0.3183 0.0003
vn -0.0483 0.0816 0.9955
vn -0.0511 0.0904 0.9946
vn -0.9757 0.2193 -0.0000
vn -0.9781 0.2080 -0.0000
vn 0.0484 -0.0817 -0.9955
vn 0.0516 -0.0923 -0.9944
vn 0.9495 0.3138 0.0003
vn 0.9349 0.3549 -0.0003
vn -0.0532 0.0899 0.9945
vn -0.0601 0.1045 0.9927
vn -0.0517 0.0907 0.9945
vn -0.0531 -0.9986 -0.0001
vn -0.6369 -0.7709 -0.0000
vn 0.0603 -0.1049 -0.9927
vn 0.0538 -0.0911 -0.9944
vn 0.0515 -0.0905 -0.9946
vn 0.7727 0.6348 -0.0001
vn 0.8678 0.4969 -0.0000
vn 0.7615 0.6482 -0.0000
vn -0.0552 0.0929 0.9941
vn -0.0577 0.0975 0.9936
vn -0.8293 -0.5587 -0.0000
vn -0.8469 -0.5317 -0.0000
vn 0.0575 -0.0971 -0.9936
vn 0.0552 -0.0929 -0.9941
vn 0.8689 0.4951 -0.0000
vn 0.8639 0.5036 -0.0000
vn -0.2917 -0.9565 0.0002
vn -0.0286 -0.9996 -0.0001
vn -0.0585 0.1040 0.9929
vn -0.0502 0.0897 0.9947
vn 0.7772 0.6293 0.0002
vn 0.7874 0.6164 0.0002
vn 0.0587 -0.1043 -0.9928
vn 0.0492 -0.0882 -0.9949
vn -0.3560 -0.9345 0.0003
vn 0.9295 0.3688 -0.0002
vn -0.0562 0.0947 0.9939
vn -0.0561 0.0943 0.9940
vn -0.9586 -0.2847 -0.0001
vn -0.9609 -0.2769 -0.0001
vn 0.0561 -0.0943 -0.9940
vn 0.0562 -0.0947 -0.9939
vn 0.8626 0.5059 -0.0000
vn 0.8299 0.5579 -0.0000
vn -0.0559 0.0947 0.9939
vn -0.0559 0.0951 0.9939
vn -0.9363 -0.3512 -0.0000
vn -0.9280 -0.3725 -0.0000
vn 0.0559 -0.0946 -0.9940
vn 0.0556 -0.0946 -0.9940
vn 0.8263 0.5632 -0.0000
vn 0.8182 0.5750 -0.0000
vn -0.0556 0.0942 0.9940
vn -0.8994 -0.4371 -0.0000
vn -0.9064 -0.4224 -0.0000
vn 0.0554 -0.0939 -0.9940
vn 0.8208 0.5712 -0.0000
vn 0.7080 0.7062 -0.0000
vn -0.0554 0.0927 0.9942
vn -0.0571 0.0964 0.9937
vn -0.9377 -0.3475 -0.0001
vn -0.9362 -0.3515 -0.0000
vn 0.0571 -0.0964 -0.9937
vn 0.0557 -0.0935 -0.9941
vn 0.6875 0.7262 -0.0000
vn 0.6349 0.7726 -0.0000
vn -0.0559 0.0937 0.9940
vn -0.0576 0.0963 0.9937
vn -1.0000 -0.0030 -0.0000
vn -0.9991 0.0414 -0.0000
vn 0.0571 -0.0959 -0.9938
vn 0.6448 0.7643 -0.0000
vn 0.1320 0.9912 -0.0001
vn -0.0371 0.0642 0.9972
vn -0.0612 0.1014 0.9930
vn -0.9975 0.0711 -0.0000
vn -0.9996 0.0285 0.0001
vn 0.0601 -0.1001 -0.9932
vn 0.0377 -0.0655 -0.9971
vn 0.0836 0.9965 -0.0000
vn -0.1536 0.9881 -0.0002
vn -0.0605 0.0963 0.9935
vn -0.0631 0.1104 0.9919
vn -0.9967 -0.0812 -0.0000
vn -0.9989 -0.0470 -0.0000
vn 0.0605 -0.0963 -0.9935
vn 0.0631 -0.1104 -0.9919
vn -0.1489 0.9889 -0.0002
vn 0.7586 -0.6515 0.0001
vn -0.0581 0.0954 0.9937
vn -0.0599 0.1056 0.9926
vn -0.9985 0.0552 -0.0000
vn -0.9992 0.0408 -0.0000
vn 0.0581 -0.0954 -0.9937
vn 0.0599 -0.1056 -0.9926
vn 0.7617 -0.6479 0.0001
vn 0.8687 -0.4953 -0.0000
vn -0.0578 0.0966 0.9936
vn -0.0586 0.1097 0.9922
vn -1.0000 -0.0023 -0.0000
vn -1.0000 0.0069 -0.0000
vn 0.0578 -0.0966 -0.9936
vn 0.0586 -0.1097 -0.9922
vn 0.8719 -0.4897 -0.0000
vn 0.8969 -0.4422 -0.0000
vn -0.0581 0.1009 0.9932
vn -0.0564 0.1008 0.9933
vn -0.9928 0.1196 -0.0000
vn -0.9920 0.1259 -0.0000
vn 0.0571 -0.0968 -0.9937
vn 0.0567 -0.1022 -0.9932
vn 0.8961 -0.4438 -0.0000
vn 0.9881 0.1537 -0.0000
vn -0.0544 0.0861 0.9948
vn -0.9524 0.3048 -0.0000
vn -0.9493 0.3143 -0.0000
vn 0.0541 -0.0865 -0.9948
vn 0.9682 0.2500 -0.0000
vn 0.4031 0.9152 -0.0000
vn -0.0568 0.0943 0.9939
vn -0.0583 0.1008 0.9932
vn -0.7969 0.6042 -0.0000
vn -0.7893 0.6141 -0.0000
vn 0.0562 -0.0951 -0.9939
vn 0.0560 -0.0977 -0.9936
vn 0.3970 0.9178 -0.0000
vn 0.6654 0.7465 -0.0000
vn -0.0564 0.0989 0.9935
vn -0.0559 0.1017 0.9932
vn -0.8477 0.5305 -0.0000
vn -0.8693 0.4943 -0.0000
vn 0.0563 -0.0993 -0.9935
vn 0.0559 -0.1018 -0.9932
vn 0.7169 0.6972 -0.0000
vn 1.0000 0.0100 -0.0000
vn -0.0558 0.1011 0.9933
vn -0.9044 -0.4266 -0.0001
vn -0.9129 -0.4082 -0.0001
vn 0.0558 -0.1011 -0.9933
vn 0.9998 0.0213 -0.0000
vn 0.8259 0.5638 -0.0000
vn -0.0558 0.1005 0.9934
vn -0.0558 0.1013 0.9933
vn -0.9774 -0.2112 0.0001
vn -0.9807 -0.1954 0.0001
vn 0.0558 -0.1013 -0.9933
vn 0.0558 -0.1005 -0.9934
vn 0.8039 0.5947 -0.0000
vn 0.7653 0.6437 -0.0000
vn -0.0565 0.0980 0.9936
vn -0.0557 0.1002 0.9934
vn -0.9978 0.0661 -0.0000
vn -0.9964 0.0853 -0.0000
vn 0.0557 -0.1002 -0.9934
vn 0.0565 -0.0980 -0.9936
vn 0.7750 0.6319 -0.0000
vn 0.9180 0.3965 -0.0000
vn -0.0568 0.1004 0.9933
vn -0.0579 0.0964 0.9937
vn -0.9467 0.3221 -0.0000
vn -0.9452 0.3266 -0.0000
vn 0.0568 -0.1004 -0.9933
vn 0.0580 -0.0965 -0.9936
vn 0.9284 0.3716 -0.0000
vn 0.9104 0.4138 -0.0000
vn -0.8854 0.0473 0.4623
vn -0.9359 0.3522 -0.0000
vn -0.8730 -0.0497 -0.4853
vn 0.9046 0.4263 -0.0000
vn 0.8800 0.4750 -0.0000
vn 0.0390 0.0688 0.9969
vn 0.0390 0.0686 0.9969
vn 0.0420 0.0705 0.9966
vn -0.0391 -0.0687 -0.9969
vn -0.0389 -0.0687 -0.9969
vn -0.0420 -0.0705 -0.9966
vn -0.7088 -0.7054 -0.0000
vn 0.4581 -0.8889 -0.0000
vn 0.4748 -0.8801 -0.0000
vn 0.4602 -0.8878 -0.0000
vn -0.8195 0.5730 -0.0000
vn -0.8264 0.5631 -0.0000
vn -0.8229 0.5682 -0.0000
vn 0.0342 0.0628 0.9974
vn 0.0393 0.0661 0.9970
vn 0.4945 -0.8692 -0.0000
vn -0.0342 -0.0628 -0.9974
vn -0.0393 -0.0661 -0.9970
vn -0.7525 0.6586 -0.0000
vn -0.8149 0.5797 -0.0000
vn -0.0368 -0.0673 -0.9971
vn -0.0362 -0.0665 -0.9971
vn 0.4789 -0.8779 -0.0000
vn 0.5268 -0.8500 -0.0000
vn 0.0392 0.0688 0.9969
vn 0.0372 0.0666 0.9971
vn -0.6948 0.7192 -0.0000
vn -0.6854 0.7281 -0.0000
vn -0.0350 -0.0659 -0.9972
vn -0.0354 -0.0664 -0.9972
vn 0.5251 -0.8510 -0.0000
vn 0.5003 -0.8659 -0.0000
vn 0.0442 0.0727 0.9964
vn 0.0362 0.0632 0.9973
vn -0.6833 0.7302 0.0001
vn -0.6913 0.7226 0.0001
vn -0.0398 -0.0668 -0.9970
vn -0.0450 -0.0732 -0.9963
vn 0.4999 -0.8661 -0.0000
vn 0.3094 -0.9509 -0.0000
vn 0.0429 0.0681 0.9968
vn 0.0420 0.0671 0.9969
vn -0.8633 0.5047 -0.0001
vn -0.8693 0.4942 -0.0002
vn -0.0457 -0.0716 -0.9964
vn -0.0464 -0.0716 -0.9964
vn 0.2989 -0.9543 -0.0000
vn 0.2369 -0.9715 -0.0000
vn 0.0463 0.0704 0.9964
vn 0.0467 0.0711 0.9964
vn -0.8620 0.5069 -0.0000
vn -0.0483 -0.0736 -0.9961
vn -0.0496 -0.0753 -0.9959
vn 0.2390 -0.9710 -0.0000
vn 0.3639 -0.9314 -0.0000
vn 0.0480 0.0721 0.9962
vn 0.0500 0.0748 0.9959
vn -0.8191 0.5736 -0.0000
vn -0.8212 0.5706 -0.0000
vn -0.0508 -0.0758 -0.9958
vn -0.0503 -0.0752 -0.9959
vn 0.3730 -0.9278 -0.0000
vn 0.2296 -0.9733 -0.0000
vn 0.0489 0.0742 0.9960
vn 0.0497 0.0751 0.9959
vn -0.8063 0.5915 -0.0000
vn -0.8017 0.5978 -0.0000
vn -0.0527 -0.0777 -0.9956
vn -0.0566 -0.0820 -0.9950
vn 0.2076 -0.9782 -0.0000
vn 0.3938 -0.9192 -0.0000
vn 0.0592 0.0849 0.9946
vn 0.0512 0.0761 0.9958
vn -0.8955 0.4450 0.0002
vn -0.9074 0.4204 0.0001
vn -0.0564 -0.0801 -0.9952
vn -0.0505 -0.0743 -0.9960
vn 0.4455 -0.8953 -0.0000
vn 0.6983 -0.7158 0.0001
vn 0.0548 0.0774 0.9955
vn 0.0503 0.0741 0.9960
vn -0.9642 0.2652 -0.0003
vn -0.9631 0.2692 -0.0002
vn -0.0525 -0.0755 -0.9958
vn 0.6634 -0.7483 0.0001
vn 0.4184 -0.9083 -0.0002
vn 0.0525 0.0755 0.9958
vn -0.8497 0.5273 0.0001
vn -0.8347 0.5506 0.0001
vn -0.0558 -0.0787 -0.9953
vn -0.0559 -0.0791 -0.9953
vn 0.4347 -0.9006 -0.0002
vn 0.1920 -0.9814 0.0001
vn 0.0619 0.0858 0.9944
vn 0.0558 0.0778 0.9954
vn -0.7400 0.6726 -0.0000
vn -0.7447 0.6674 -0.0000
vn -0.0565 -0.0787 -0.9953
vn -0.0653 -0.0893 -0.9939
vn 0.1638 -0.9865 0.0001
vn 0.6971 -0.7170 -0.0000
vn 0.0641 0.0867 0.9942
vn 0.0570 0.0783 0.9953
vn -0.8034 0.5954 -0.0000
vn -0.8062 0.5916 -0.0000
vn -0.0540 -0.0731 -0.9959
vn -0.0564 -0.0778 -0.9954
vn 0.7622 -0.6474 -0.0000
vn 1.0000 0.0093 0.0001
vn 0.0536 0.0724 0.9959
vn 0.0564 0.0778 0.9954
vn -0.7662 0.6427 -0.0000
vn -0.0611 -0.0802 -0.9949
vn -0.0661 -0.0871 -0.9940
vn -0.0585 -0.0794 -0.9951
vn -0.2226 -0.9749 -0.0001
vn 0.3216 -0.9469 -0.0001
vn -0.2375 -0.9714 -0.0001
vn 0.0661 0.0871 0.9940
vn 0.0611 0.0803 0.9949
vn 0.0584 0.0790 0.9952
vn -0.4651 0.8853 -0.0000
vn -0.6166 0.7873 -0.0001
vn -0.6181 0.7861 -0.0002
vn -0.0608 -0.0783 -0.9951
vn -0.0669 -0.0862 -0.9940
vn 0.3305 -0.9438 -0.0001
vn 0.5750 -0.8182 -0.0000
vn 0.0669 0.0862 0.9940
vn 0.0608 0.0783 0.9951
vn -0.6075 0.7943 0.0001
vn -0.6052 0.7961 0.0001
vn -0.0151 -0.9999 -0.0001
vn 0.0343 -0.9994 -0.0001
vn -0.0716 -0.0968 -0.9927
vn -0.0538 -0.0743 -0.9958
vn -0.4766 0.8791 -0.0000
vn -0.4511 0.8925 0.0001
vn 0.0716 0.0968 0.9927
vn 0.0538 0.0743 0.9958
vn 1.0000 -0.0056 0.0001
vn -0.4895 0.8720 -0.0000
vn -0.0626 -0.0789 -0.9949
vn -0.0663 -0.0840 -0.9943
vn 0.6010 -0.7993 -0.0000
vn 0.8188 -0.5741 0.0001
vn 0.0663 0.0840 0.9943
vn 0.0626 0.0789 0.9949
vn -0.5490 0.8358 -0.0000
vn -0.5441 0.8390 -0.0000
vn -0.0629 -0.0785 -0.9949
vn -0.0646 -0.0809 -0.9946
vn 0.8249 -0.5652 0.0001
vn 0.7922 -0.6103 -0.0001
vn 0.0646 0.0809 0.9946
vn 0.0629 0.0785 0.9949
vn -0.5392 0.8422 0.0001
vn -0.5440 0.8391 0.0001
vn -0.0650 -0.0803 -0.9947
vn -0.0669 -0.0829 -0.9943
vn 0.7786 -0.6276 -0.0001
vn 0.7381 -0.6747 -0.0000
vn 0.0672 0.0832 0.9943
vn 0.0650 0.0803 0.9947
vn -0.4365 0.8997 -0.0001
vn -0.4190 0.9080 -0.0001
vn -0.0656 -0.0794 -0.9947
vn -0.0696 -0.0848 -0.9940
vn 0.7497 -0.6618 -0.0000
vn 0.7921 -0.6103 -0.0000
vn 0.0696 0.0848 0.9940
vn 0.0656 0.0794 0.9947
vn -0.3993 0.9168 -0.0001
vn -0.4085 0.9127 -0.0001
vn -0.0672 -0.0810 -0.9944
vn -0.0701 -0.0837 -0.9940
vn 0.7865 -0.6176 -0.0000
vn 0.9588 -0.2839 -0.0000
vn 0.0701 0.0837 0.9940
vn 0.0671 0.0809 0.9945
vn 0.0867 0.9962 0.0003
vn 0.1265 0.9920 0.0003
vn -0.0578 -0.0715 -0.9958
vn -0.0723 -0.0849 -0.9938
vn 0.9722 -0.2343 0.0001
vn 0.9689 -0.2476 -0.0000
vn 0.0724 0.0849 0.9938
vn 0.0587 0.0720 0.9957
vn 0.2778 0.9606 0.0007
vn -0.0727 -0.0839 -0.9938
vn -0.0755 -0.0882 -0.9932
vn 0.9528 -0.3036 -0.0000
vn 0.8617 -0.5075 -0.0000
vn 0.0740 0.0848 0.9936
vn 0.0756 0.0881 0.9932
vn -0.9496 -0.3136 -0.0000
vn -0.9520 -0.3060 -0.0000
vn -0.0729 -0.0851 -0.9937
vn -0.0768 -0.0905 -0.9929
vn 0.8817 -0.4718 -0.0000
vn 0.0706 0.0820 0.9941
vn 0.0768 0.0905 0.9929
vn -0.9978 -0.0658 -0.0000
vn -0.9985 -0.0539 -0.0000
vn -0.0723 -0.0844 -0.9938
vn -0.0752 -0.0901 -0.9931
vn 0.8938 -0.4485 -0.0000
vn 0.8230 -0.5681 -0.0000
vn 0.0723 0.0844 0.9938
vn 0.0755 0.0903 0.9931
vn -0.9997 0.0256 -0.0000
vn -0.9997 0.0229 -0.0000
vn -0.0728 -0.0849 -0.9937
vn -0.0702 -0.0835 -0.9940
vn 0.8269 -0.5623 -0.0000
vn 0.8664 -0.4994 -0.0000
vn 0.0732 0.0866 0.9935
vn 0.0747 0.0899 0.9931
vn -0.7055 0.7087 -0.0000
vn -0.6333 0.7739 -0.0000
vn -0.0650 -0.0754 -0.9950
vn 0.8689 -0.4949 -0.0000
vn 0.9390 -0.3440 -0.0000
vn 0.0726 0.0868 0.9936
vn 0.0660 0.9978 0.0001
vn 0.0735 0.9973 0.0001
vn -0.0725 -0.0842 -0.9938
vn -0.0752 -0.0866 -0.9934
vn 0.9440 -0.3301 -0.0000
vn 0.9988 0.0494 -0.0002
vn 0.0742 0.0868 0.9935
vn 0.0675 0.0789 0.9946
vn -0.1030 0.9947 0.0001
vn -0.1489 0.9889 -0.0000
vn -0.0759 -0.0871 -0.9933
vn -0.0722 -0.0861 -0.9937
vn 0.9970 0.0774 -0.0001
vn 0.9979 -0.0648 0.0001
vn 0.0768 0.0889 0.9931
vn 0.0752 0.0902 0.9931
vn -0.7099 0.7043 -0.0000
vn -0.7003 0.7139 -0.0000
vn -0.0662 -0.0763 -0.9949
vn 0.9922 -0.1245 0.0001
vn 0.3191 -0.9477 -0.0000
vn 0.0708 0.0833 0.9940
vn -0.1970 0.9804 -0.0000
vn -0.1707 0.9853 -0.0000
vn -0.0756 -0.0872 -0.9933
vn -0.0767 -0.0887 -0.9931
vn 0.3356 -0.9420 -0.0000
vn 0.5437 -0.8393 -0.0000
vn 0.0747 0.0862 0.9935
vn 0.0716 0.0823 0.9940
vn -0.1101 0.9939 -0.0000
vn -0.1192 0.9929 -0.0000
vn -0.0733 -0.0841 -0.9938
vn -0.0740 -0.0850 -0.9936
vn 0.5598 -0.8286 -0.0000
vn 0.8119 -0.5838 -0.0000
vn 0.0730 0.0835 0.9938
vn 0.0733 0.0841 0.9938
vn -0.3854 0.9228 -0.0000
vn -0.4117 0.9113 -0.0000
vn -0.0760 -0.0861 -0.9934
vn -0.0765 -0.0870 -0.9933
vn 0.8307 -0.5567 -0.0000
vn 0.9726 -0.2326 -0.0000
vn 0.0765 0.0870 0.9933
vn 0.0761 0.0864 0.9933
vn -0.3955 0.9185 -0.0000
vn -0.3825 0.9240 -0.0000
vn -0.8460 -0.0456 -0.5312
vn -0.0795 -0.0888 -0.9929
vn 0.9747 -0.2234 -0.0000
vn 0.9827 -0.1853 -0.0000
vn -0.8201 0.0489 0.5701
vn -0.3292 0.9443 -0.0000
vn -0.0284 0.2798 0.9596
vn 0.7110 0.3212 0.6255
vn 0.7270 0.1910 0.6595
vn 0.7478 0.6639 -0.0000
vn 0.0104 0.0043 -0.9999
vn -0.1013 -0.0205 -0.9946
vn -0.0859 -0.0449 -0.9953
vn 0.0480 -0.9988 -0.0000
vn 0.5061 -0.8625 -0.0000
vn 0.0563 -0.9984 -0.0000
vn 0.9506 0.3105 -0.0000
vn 0.9645 0.2639 -0.0000
vn 0.9646 0.2639 -0.0000
vn -0.8639 0.5037 -0.0000
vn -0.9492 0.3146 -0.0000
vn -0.4700 -0.8826 -0.0000
vn 0.1128 -0.0263 -0.9933
vn 0.1002 -0.1334 -0.9860
vn -0.8022 0.5971 -0.0000
vn 0.2056 0.3148 0.9266
vn -0.7543 0.2302 0.6149
vn -0.6176 0.6320 0.4680
vn -0.6065 0.3990 0.6877
vn -0.4990 0.6543 0.5682
vn -0.5150 0.7812 0.3528
vn 0.5428 0.1033 0.8335
vn -0.0098 0.3496 0.9369
vn -0.0091 0.2569 0.9664
vn 0.5507 0.8347 -0.0000
vn 0.4449 0.8956 -0.0000
vn 0.4346 0.9006 -0.0000
vn -0.0007 -0.0050 -1.0000
vn -0.0485 -0.1061 -0.9932
vn -0.0437 -0.0483 -0.9979
vn 0.0491 -0.0914 -0.9946
vn 0.0445 -0.0341 -0.9984
vn -0.7107 0.7035 -0.0000
vn -0.4428 0.8966 -0.0000
vn 0.1956 -0.0277 -0.9803
vn 0.0209 -0.0146 -0.9997
vn -0.1480 -0.0286 -0.9886
vn 0.9171 0.3987 -0.0000
vn 0.7658 0.2393 0.5969
vn -0.8365 0.2039 0.5086
vn -0.9380 0.3466 -0.0000
vn 0.2110 -0.1393 -0.9675
vn 0.0635 -0.0534 -0.9966
vn -0.1706 -0.1470 -0.9743
vn 0.9168 0.3993 -0.0000
vn 0.7686 0.6398 -0.0000
vn -0.0517 0.5507 0.8331
vn 0.6713 0.5779 0.4641
vn 0.0398 0.7852 0.6180
vn -0.7616 0.4940 0.4195
vn -0.9379 0.3468 -0.0000
vn -0.8789 0.4770 -0.0000
vn -0.3361 -0.8207 0.4620
vn -0.5961 -0.2597 0.7597
vn -0.4821 -0.2344 0.8442
vn 0.5683 -0.3146 0.7603
vn 0.0155 -0.8095 0.5870
vn 0.5059 -0.7422 0.4396
vn 0.3139 -0.9495 -0.0000
vn 0.6213 -0.7836 -0.0000
vn 0.3141 -0.9494 -0.0000
vn -0.0459 0.1091 -0.9930
vn 0.0014 0.0005 -1.0000
vn -0.0418 0.0215 -0.9989
vn 0.0485 0.1333 -0.9899
vn 0.0425 0.0162 -0.9990
vn -0.3263 -0.9453 0.0001
vn -0.5593 -0.8290 -0.0001
vn -0.5615 -0.8275 -0.0000
vn -0.4493 -0.8658 0.2202
vn -0.5831 -0.6053 0.5419
vn 0.0251 -0.9553 0.2945
vn 0.4123 -0.9004 0.1390
vn 0.2664 -0.9639 -0.0000
vn -0.0094 0.1041 -0.9945
vn -0.0666 0.2131 -0.9748
vn -0.0064 0.1997 -0.9798
vn 0.0710 0.1763 -0.9818
vn -0.3937 -0.9192 -0.0000
vn -0.3262 -0.9453 -0.0000
vn -0.3501 0.9022 0.2518
vn -0.3777 0.9259 -0.0000
vn 0.0952 -0.3150 -0.9443
vn -0.0095 0.0030 -1.0000
vn -0.0684 -0.1493 -0.9864
vn 0.6031 0.7977 -0.0000
vn 0.9536 0.3011 -0.0001
vn 0.5145 0.7135 0.4756
vn 0.4087 0.8343 0.3700
vn -0.5471 0.1413 0.8251
vn -0.4902 -0.0308 0.8711
vn 0.5051 -0.0947 0.8578
vn -0.0126 0.2749 0.9614
vn 0.5508 0.8346 -0.0000
vn 0.0007 -0.0019 -1.0000
vn -0.0425 -0.0187 -0.9989
vn 0.0442 -0.0142 -0.9989
vn -0.9340 0.3573 -0.0000
vn -0.9340 0.3574 -0.0000
vn -0.5513 0.0084 0.8343
vn -0.4998 0.0633 0.8638
vn 0.5478 -0.0523 0.8350
vn 0.0037 0.2427 0.9701
vn 1.0000 0.0088 -0.0000
vn 0.8640 0.5034 -0.0000
vn 0.0008 0.0002 -1.0000
vn -0.0420 -0.0008 -0.9991
vn 0.0434 -0.0056 -0.9990
vn -0.9916 0.1292 -0.0000
vn -0.0450 -0.0823 0.9956
vn 0.6244 -0.7811 -0.0000
vn -0.5046 -0.1829 0.8437
vn 0.3579 -0.7952 0.4894
vn 0.1865 -0.9462 0.2643
vn 0.5094 -0.2998 0.8066
vn 0.5329 0.0089 0.8461
vn 0.5287 0.2302 0.8170
vn 0.5460 0.5104 0.6644
vn 0.4859 0.8333 0.2636
vn -0.3796 0.6561 0.6522
vn 0.3896 -0.4174 0.8210
vn 0.4955 -0.7763 -0.3898
vn 0.3745 -0.6496 -0.6617
vn 0.1047 -0.3115 -0.9445
vn -0.0912 -0.0447 -0.9948
vn -0.2461 0.1897 -0.9505
vn -0.3824 0.4056 -0.8302
vn -0.5058 0.6208 -0.5990
vn 0.0905 0.0431 0.9950
vn 0.2193 -0.1369 0.9660
vn 0.5269 -0.6012 0.6008
vn 0.5975 -0.7449 0.2969
vn 0.3965 -0.6351 -0.6630
vn -0.4043 0.4021 -0.8215
vn -0.5247 0.5990 -0.6049
vn -0.5973 0.7451 -0.2968
vn -0.5966 0.8008 0.0531
vn -0.4876 0.7812 0.3898
vn -0.2314 0.4691 0.8523
vn -0.1075 0.2972 0.9487
vn 0.3475 -0.3928 0.8515
vn 0.5544 -0.7801 0.2899
vn 0.4872 -0.7814 -0.3900
vn 0.2311 -0.4698 -0.8520
vn -0.2318 0.2030 -0.9514
vn -0.3587 0.4112 -0.8380
vn -0.2741 0.4744 0.8365
vn -0.0923 0.2463 0.9648
vn 0.1933 -0.1426 0.9707
vn 0.3870 -0.4199 0.8209
vn 0.5021 -0.6033 0.6196
vn 0.5851 -0.7551 0.2959
vn 0.4150 -0.6427 -0.6440
vn 0.2842 -0.4867 -0.8261
vn -0.0732 -0.0272 -0.9969
vn -0.3864 0.4199 -0.8212
vn -0.6076 0.6939 0.3864
vn -0.3247 0.4337 0.8405
vn 0.2395 -0.1548 0.9585
vn 0.5710 -0.5562 0.6039
vn 0.6585 -0.6813 0.3196
vn 0.4886 -0.5919 -0.6410
vn -0.0198 -0.0775 -0.9968
vn -0.4113 0.3529 -0.8404
vn -0.6767 0.7349 0.0457
vn -0.5793 0.7161 0.3894
vn 0.3370 -0.0921 0.9370
vn 0.4715 -0.2491 0.8459
vn 0.7345 -0.6037 0.3099
vn 0.6622 -0.6588 -0.3570
vn 0.3113 -0.4054 -0.8595
vn 0.1126 -0.2300 -0.9667
vn -0.4477 0.3565 -0.8201
vn -0.6682 0.7425 0.0462
vn 0.1248 0.0761 0.9893
vn 0.4765 -0.3220 0.8181
vn 0.6143 -0.5065 0.6050
vn 0.6968 -0.7160 -0.0433
vn 0.6111 -0.6909 -0.3863
vn 0.3060 -0.4581 -0.8346
vn -0.2887 0.1448 -0.9464
vn 0.1391 0.1560 0.9779
vn 0.7504 -0.5859 0.3059
vn 0.4995 -0.5586 -0.6622
vn 0.3046 -0.4122 -0.8587
vn 0.1009 -0.2376 -0.9661
vn -0.0945 -0.0520 -0.9942
vn -0.6503 0.0319 0.7590
vn -0.0340 -0.0317 -0.9989
vn -0.5886 0.1103 0.8009
vn -0.4998 0.2750 0.8213
vn -0.3032 0.3179 0.8984
vn -0.1464 0.4145 0.8982
vn -0.0336 0.4657 0.8843
vn -0.0345 -0.0054 -0.9994
vn 0.0363 0.4683 0.8828
vn 0.1817 0.4436 0.8776
vn 0.3517 0.3350 0.8741
vn -0.0109 -0.0128 -0.9999
vn 0.6864 0.2515 0.6824
vn 0.7705 0.0429 0.6360
vn 0.7885 -0.0402 0.6137
vn 0.7911 0.1912 0.5810
vn 0.1123 0.0281 -0.9933
vn 0.7151 -0.0397 0.6979
vn 0.0537 -0.0206 -0.9983
vn 0.5851 -0.2076 0.7839
vn 0.0154 -0.0397 -0.9991
vn 0.5775 -0.3491 0.7380
vn 0.2906 -0.4300 0.8548
vn -0.0049 -0.0561 -0.9984
vn 0.1179 -0.6194 0.7762
vn -0.0304 -0.0517 -0.9982
vn -0.0601 -0.7250 0.6861
vn -0.2752 -0.6592 0.6998
vn -0.0397 -0.0678 -0.9969
vn -0.5285 -0.4222 0.7365
vn -0.0718 -0.0664 -0.9952
vn -0.7245 -0.1459 0.6736
vn -0.0995 -0.0440 -0.9941
vn -0.7947 0.0245 0.6065
vn -0.8773 0.1892 0.4410
vn -0.1014 -0.0259 -0.9945
vn -0.6780 0.0338 0.7343
vn 0.0023 -0.0351 -0.9994
vn -0.5473 0.0997 0.8309
vn -0.5293 0.2687 0.8047
vn 0.0003 -0.0181 -0.9998
vn -0.3292 0.3103 0.8918
vn -0.1893 0.4522 0.8716
vn -0.0452 0.4971 0.8665
vn 0.0175 0.4823 0.8758
vn 0.2906 0.5932 0.7508
vn 0.4068 0.4811 0.7766
vn 0.6660 0.2798 0.6915
vn 0.6490 0.0965 0.7546
vn 0.7710 -0.1013 0.6288
vn 0.7815 0.1190 0.6125
vn 0.1110 -0.0194 -0.9936
vn 0.7621 -0.0017 0.6474
vn 0.5401 -0.2448 0.8052
vn 0.0934 -0.0457 -0.9946
vn 0.6617 -0.3757 0.6488
vn 0.2862 -0.6275 0.7241
vn 0.0614 -0.0904 -0.9940
vn 0.0359 -0.6130 0.7893
vn 0.0379 -0.0821 -0.9959
vn -0.0960 -0.6339 0.7674
vn -0.2896 -0.4970 0.8180
vn 0.0122 -0.0582 -0.9982
vn -0.5510 -0.4044 0.7300
vn -0.7161 -0.2438 0.6540
vn -0.0163 -0.0407 -0.9990
vn -0.8109 -0.0255 0.5846
vn -0.0320 -0.0355 -0.9989
vn -0.8705 0.2505 0.4236
vn -0.0435 -0.0190 -0.9989
vn -0.0172 -0.0449 -0.9988
vn -0.9943 -0.1067 -0.0000
vn 0.0527 0.0417 0.9977
vn 0.0655 0.0374 0.9971
vn -0.0605 -0.0380 -0.9974
vn 0.3724 -0.9281 -0.0000
vn 0.9860 -0.1095 0.1254
vn 0.0156 -0.0467 -0.9988
vn -0.0123 0.0480 0.9988
vn -0.2000 -0.8996 0.3882
vn -0.4726 -0.8813 -0.0000
vn 0.3642 0.9313 -0.0002
vn -0.4715 0.8819 -0.0000
vn 0.5958 -0.8031 0.0014
vn 0.2561 0.9667 -0.0000
vn -0.3652 0.9309 -0.0001
vn -0.0167 0.0355 -0.9992
vn 0.0272 -0.0357 0.9990
vn -0.0009 -0.0487 0.9988
vn 0.0187 -0.0461 0.9988
vn 0.2834 -0.9590 -0.0000
vn 0.0020 -0.0448 0.9990
vn -0.0299 0.0446 -0.9986
vn 0.0025 -0.0513 0.9987
vn -0.0171 -0.0504 0.9986
vn 1.0000 0.0070 0.0050
vn -0.0365 0.8259 0.5626
vn -0.9970 0.0341 -0.0697
vn 0.0221 -0.4461 0.8947
vn 0.9722 -0.2126 -0.0980
vn -0.0401 0.9050 0.4236
vn -0.8481 0.2105 -0.4862
vn 0.0230 -0.4319 0.9016
vn 0.9687 0.1881 0.1620
vn -0.0416 0.7691 0.6378
vn -0.9303 -0.1579 0.3311
vn 0.0173 -0.4465 0.8946
vn -0.0361 0.1084 -0.9935
vn 0.0989 0.0627 0.9931
vn -0.7024 -0.7118 -0.0000
vn -0.8893 -0.4573 -0.0001
vn -0.8081 0.5891 -0.0000
vn 0.0351 -0.1266 -0.9913
vn -0.6535 -0.1368 0.7444
vn 0.1246 -0.0870 -0.9884
vn 0.0077 0.1931 -0.9812
vn 0.0587 0.1057 -0.9927
vn -0.2778 0.0002 -0.9606
vn 0.1610 -0.0544 0.9855
vn -1.0000 0.0025 -0.0092
vn -0.9969 -0.0782 -0.0000
vn 0.0402 -0.0669 -0.9969
vn 0.0106 0.9999 -0.0013
vn 0.0134 -0.0482 0.9987
vn 0.1652 0.9863 -0.0000
vn -0.0025 -0.0644 -0.9979
vn 0.9457 -0.2716 0.1788
vn -0.6551 0.1175 -0.7463
vn -0.9348 0.3083 0.1761
vn -0.8241 0.2706 0.4976
vn 0.1107 0.0575 0.9922
vn 0.6213 -0.2394 -0.7461
vn 0.1103 -0.1214 -0.9865
vn 0.6556 -0.1126 0.7466
vn 0.9483 -0.2637 -0.1766
vn 0.5937 -0.2184 -0.7745
vn 0.1615 -0.1224 -0.9793
vn -0.4151 0.6426 0.6439
vn 0.3094 -0.3682 0.8768
vn 0.4401 -0.5688 0.6948
vn 0.5414 -0.7332 0.4115
vn 0.5757 -0.8062 0.1362
vn 0.5643 -0.8142 -0.1367
vn 0.3971 -0.6235 -0.6735
vn 0.2726 -0.4554 -0.8476
vn 0.1223 -0.2509 -0.9603
vn -0.4544 0.5871 -0.6700
vn -0.5752 0.8064 -0.1372
vn 0.4338 0.0439 0.8999
vn 0.9721 -0.1558 0.1753
vn -0.4018 0.0118 -0.9157
vn -0.6612 0.0900 -0.7448
vn -0.8524 0.1624 -0.4970
vn 0.4268 0.0089 0.9043
vn 0.4391 0.0709 0.8957
vn 0.6762 0.0079 0.7367
vn 0.8715 -0.0568 0.4871
vn 0.9778 -0.1119 0.1771
vn 0.9721 -0.1516 -0.1789
vn 0.8535 -0.1661 -0.4938
vn 0.3894 -0.1279 -0.9121
vn -0.1552 -0.0316 -0.9874
vn -0.4157 0.0291 -0.9090
vn 0.3891 0.1477 -0.9093
vn -0.5104 -0.4440 -0.7364
vn -0.6893 -0.5341 -0.4896
vn -0.8002 -0.5704 -0.1852
vn -0.8238 -0.5393 0.1744
vn -0.7459 -0.4450 0.4956
vn -0.5893 -0.3054 0.7480
vn -0.3876 -0.1465 0.9101
vn -0.2113 -0.0148 0.9773
vn 0.2967 0.3192 0.9000
vn 0.5102 0.4439 0.7367
vn 0.3702 0.1824 -0.9108
vn -0.0645 -0.1791 -0.9817
vn -0.7753 -0.6043 0.1835
vn -0.7068 -0.5076 0.4927
vn -0.4062 -0.2145 0.8882
vn 0.6489 0.5880 0.4830
vn 0.7403 0.4535 -0.4963
vn -0.5132 -0.4393 -0.7373
vn -0.8193 -0.5462 0.1747
vn -0.7266 -0.4418 0.5262
vn -0.4220 -0.1877 0.8870
vn 0.0736 0.1638 0.9837
vn 0.8183 0.5442 -0.1853
vn -0.2951 -0.3213 -0.8998
vn -0.4978 -0.4622 -0.7338
vn -0.5632 -0.3557 0.7459
vn 0.2954 0.3219 0.8995
vn 0.7884 0.5903 -0.1728
vn -0.2338 -0.4209 -0.8764
vn -0.6003 -0.7841 0.1576
vn -0.5574 -0.6894 0.4627
vn -0.4418 -0.4997 0.7451
vn -0.1332 -0.0456 0.9900
vn 0.2076 0.3977 0.8937
vn 0.5077 0.7353 0.4490
vn 0.5819 0.7982 0.1558
vn 0.6001 0.7840 -0.1584
vn 0.6348 0.2100 -0.7436
vn -0.3582 -0.2073 -0.9104
vn -0.6012 -0.2823 -0.7476
vn -0.7880 -0.3248 -0.5231
vn -0.9251 -0.3378 -0.1737
vn -0.9380 -0.3007 0.1726
vn -0.8420 -0.2251 0.4903
vn -0.1981 0.0875 0.9763
vn 0.0593 0.1906 0.9799
vn 0.5590 0.3635 0.7452
vn 0.8871 0.4270 0.1756
vn 0.9038 0.3904 -0.1753
vn -0.9396 -0.2877 -0.1853
vn -0.4469 -0.0118 0.8945
vn -0.1912 0.0751 0.9787
vn 0.4269 0.0623 -0.9021
vn -0.1265 -0.0573 -0.9903
vn -0.8839 -0.0440 0.4655
vn -0.7101 0.0145 0.7039
vn -0.4778 0.0780 0.8750
vn -0.2241 0.1376 0.9648
vn 0.0594 0.1962 0.9788
vn 0.3339 0.2447 0.9103
vn 0.8163 0.2994 0.4940
vn 0.9516 0.2527 -0.1752
vn 0.4195 -0.0652 -0.9054
vn -0.1150 -0.1195 -0.9861
vn -0.8574 -0.1283 -0.4985
vn -0.6659 0.0268 0.7456
vn -0.1487 0.0923 0.9846
vn 0.8575 0.1283 0.4983
vn -0.6660 0.0071 0.7460
vn 0.1271 0.1144 0.9853
vn 0.8486 0.1438 0.5090
vn -0.9724 -0.1547 -0.1747
vn 0.8515 0.1685 0.4966
vn 0.9724 0.1547 0.1748
vn 0.8595 0.1128 -0.4986
vn 0.6614 0.0569 -0.7479
vn -0.9656 -0.1875 -0.1803
vn -0.9715 -0.1594 0.1754
vn 0.1044 0.0994 0.9896
vn 0.6449 0.1764 0.7436
vn 0.6409 0.1958 -0.7423
vn 0.1423 -0.0188 -0.9896
vn -0.1265 -0.1239 -0.9842
vn -0.6173 -0.2976 -0.7283
vn -0.8035 -0.3518 -0.4802
vn -0.9112 -0.3714 -0.1783
vn -0.6416 -0.1918 0.7427
vn -0.4045 -0.0895 0.9102
vn -0.1413 0.0199 0.9898
vn 0.0810 0.1121 0.9904
vn 0.6179 0.2976 0.7278
vn 0.4180 -0.0700 -0.9058
vn -0.3937 -0.0811 -0.9156
vn -0.9840 0.0382 0.1738
vn -0.8672 0.0751 0.4922
vn 0.8613 0.0998 0.4982
vn 0.4004 0.1200 0.9084
vn 0.8628 0.0833 0.4986
vn 0.6633 -0.0137 -0.7482
vn -0.6621 -0.0519 -0.7477
vn -0.4187 0.1323 0.8984
vn 0.3932 0.1570 0.9059
vn 0.9791 0.0995 0.1774
vn -0.0160 0.0679 0.9976
vn 0.0160 -0.0679 -0.9976
vn 0.0146 -0.1019 -0.9947
vn -0.0154 0.1019 0.9947
vn 0.0142 -0.1074 -0.9941
vn -0.0142 0.1074 0.9941
vn 0.0101 -0.1068 -0.9942
vn -0.0101 0.1068 0.9942
vn -0.4690 0.8832 -0.0008
vn 0.0107 -0.1008 -0.9948
vn -0.0107 0.1008 0.9948
vn -0.0099 0.0935 0.9956
vn -0.0254 -0.0985 -0.9948
vn 0.0245 0.0982 0.9949
vn -0.0266 -0.1025 -0.9944
vn 0.0266 0.1028 0.9943
vn -0.0290 -0.1036 -0.9942
vn 0.0290 0.1036 0.9942
vn -0.0274 -0.1037 -0.9942
vn 0.0290 0.1068 0.9939
vn -0.0261 -0.1012 -0.9945
vn 0.0261 0.1015 0.9945
vn 0.0389 -0.0729 -0.9966
vn -0.0389 0.0729 0.9966
vn -0.0494 0.0866 0.9950
vn 0.0510 -0.0857 -0.9950
vn -0.0523 0.0883 0.9947
vn 0.0527 -0.0883 -0.9947
vn -0.0550 0.0925 0.9942
vn 0.0550 -0.0925 -0.9942
vn -0.0609 0.0948 0.9936
vn 0.0617 -0.0964 -0.9934
vn -0.0566 0.0899 0.9943
vn 0.0570 -0.0982 -0.9935
vn -0.0555 0.0996 0.9935
vn 0.0555 -0.0996 -0.9935
vn -0.0531 -0.0761 -0.9957
vn 0.0523 0.0736 0.9959
vn -0.0604 -0.0810 -0.9949
vn 0.0577 0.0770 0.9954
vn -0.0667 -0.0778 -0.9947
vn 0.0691 0.0801 0.9944
vn 0.4367 0.8996 0.0016
vn -0.0734 -0.0829 -0.9939
vn 0.0721 0.0812 0.9941
vn 0.0792 0.0889 0.9929
vn -0.8650 0.5017 -0.0000
vn -0.4479 0.8941 -0.0000
vn -0.0168 -0.1519 -0.9883
vn 0.2665 -0.9638 -0.0000
vn -0.3937 -0.9192 0.0001
vn 1.0000 0.0086 -0.0000
vn -0.9916 0.1291 -0.0000
vn -0.4413 -0.8954 -0.0584
vt 0.462374 0.006999
vt 0.467475 0.022869
vt 0.465348 0.023552
vt 0.467180 0.005292
vt 0.464803 0.006219
vt 0.469518 0.004272
vt 0.469555 0.022058
vt 0.471844 0.003224
vt 0.471603 0.021165
vt 0.474190 0.002222
vt 0.473639 0.020248
vt 0.476584 0.001339
vt 0.475693 0.019370
vt 0.479038 0.000641
vt 0.477789 0.018597
vt 0.481548 0.000183
vt 0.479937 0.017986
vt 0.484092 0.000000
vt 0.482134 0.017585
vt 0.486641 0.000104
vt 0.484362 0.017425
vt 0.489164 0.000484
vt 0.486594 0.017516
vt 0.490969 0.018393
vt 0.488802 0.017849
vt 0.491638 0.001106
vt 0.493087 0.019101
vt 0.494058 0.001914
vt 0.495167 0.019914
vt 0.496434 0.002843
vt 0.497231 0.020768
vt 0.498792 0.003818
vt 0.499305 0.021597
vt 0.501160 0.004766
vt 0.501410 0.022344
vt 0.503565 0.005618
vt 0.503557 0.022960
vt 0.506017 0.006323
vt 0.505743 0.023416
vt 0.508515 0.006843
vt 0.507959 0.023697
vt 0.037635 0.425771
vt 0.037827 0.427962
vt 0.029100 0.430223
vt 0.036807 0.423895
vt 0.035423 0.422670
vt 0.033836 0.422145
vt 0.031820 0.422129
vt 0.029331 0.423069
vt 0.026751 0.424679
vt 0.024610 0.427085
vt 0.023536 0.430177
vt 0.024540 0.433285
vt 0.026630 0.435723
vt 0.029177 0.437369
vt 0.031649 0.438337
vt 0.033673 0.438353
vt 0.035278 0.437857
vt 0.036689 0.436632
vt 0.037546 0.434748
vt 0.037781 0.432549
vt 0.037276 0.430248
vt 0.781316 0.071289
vt 0.781220 0.070978
vt 0.782459 0.071232
vt 0.781234 0.070683
vt 0.781358 0.070428
vt 0.781578 0.070235
vt 0.781880 0.070121
vt 0.782239 0.070094
vt 0.782630 0.070162
vt 0.783020 0.070324
vt 0.783374 0.070574
vt 0.783468 0.071004
vt 0.783454 0.071451
vt 0.783326 0.071871
vt 0.783096 0.072220
vt 0.782785 0.072462
vt 0.782426 0.072565
vt 0.782066 0.072513
vt 0.781762 0.072304
vt 0.781575 0.071978
vt 0.781511 0.071605
vt 0.052081 0.415016
vt 0.046182 0.424159
vt 0.043178 0.418411
vt 0.046506 0.408691
vt 0.038581 0.413963
vt 0.032906 0.411238
vt 0.039175 0.404257
vt 0.026772 0.410445
vt 0.030695 0.402217
vt 0.020804 0.411572
vt 0.021837 0.402900
vt 0.015565 0.414425
vt 0.013498 0.406382
vt 0.011516 0.418678
vt 0.006602 0.412414
vt 0.009023 0.423916
vt 0.001946 0.420394
vt 0.008370 0.429645
vt 0.000000 0.429435
vt 0.008735 0.435400
vt 0.001492 0.438563
vt 0.010964 0.440757
vt 0.005743 0.446765
vt 0.014796 0.445207
vt 0.012328 0.453135
vt 0.020483 0.457030
vt 0.019887 0.448318
vt 0.029296 0.458154
vt 0.025791 0.449742
vt 0.037868 0.456540
vt 0.031958 0.449256
vt 0.045411 0.452478
vt 0.037762 0.446817
vt 0.051295 0.446440
vt 0.042575 0.442602
vt 0.055056 0.439011
vt 0.045862 0.437010
vt 0.056376 0.430845
vt 0.047286 0.430616
vt 0.055466 0.422623
vt 0.043388 0.425189
vt 0.040889 0.420463
vt 0.037075 0.416888
vt 0.032462 0.414746
vt 0.027538 0.414136
vt 0.022746 0.415043
vt 0.018505 0.417341
vt 0.015177 0.420787
vt 0.013022 0.425047
vt 0.012167 0.429742
vt 0.012786 0.434474
vt 0.014727 0.438837
vt 0.017880 0.442447
vt 0.022003 0.444955
vt 0.026748 0.446101
vt 0.031700 0.445736
vt 0.036417 0.443821
vt 0.040404 0.440434
vt 0.043131 0.435832
vt 0.044134 0.430531
vt 0.042881 0.425812
vt 0.040526 0.421829
vt 0.037141 0.419030
vt 0.033334 0.417444
vt 0.029427 0.416953
vt 0.025593 0.417474
vt 0.021978 0.419079
vt 0.018900 0.421816
vt 0.016774 0.425530
vt 0.015965 0.429846
vt 0.016558 0.434201
vt 0.018501 0.438025
vt 0.021450 0.440920
vt 0.024996 0.442707
vt 0.028815 0.443412
vt 0.032753 0.443100
vt 0.036639 0.441682
vt 0.040152 0.439029
vt 0.042680 0.435146
vt 0.043563 0.430493
vt 0.041661 0.426449
vt 0.039679 0.423134
vt 0.036668 0.421120
vt 0.033535 0.420366
vt 0.030808 0.420470
vt 0.028303 0.421214
vt 0.025459 0.422140
vt 0.022701 0.423873
vt 0.020578 0.426598
vt 0.019469 0.430003
vt 0.020409 0.433473
vt 0.022421 0.436308
vt 0.025131 0.438164
vt 0.027974 0.439189
vt 0.030492 0.439989
vt 0.033241 0.440152
vt 0.036411 0.439473
vt 0.039479 0.437530
vt 0.041552 0.434264
vt 0.042037 0.430362
vt 0.774761 0.077972
vt 0.775690 0.073385
vt 0.777599 0.075893
vt 0.771693 0.073231
vt 0.774690 0.070528
vt 0.770623 0.068260
vt 0.774481 0.067634
vt 0.770877 0.063736
vt 0.774955 0.064835
vt 0.772000 0.059680
vt 0.776118 0.062185
vt 0.776748 0.053115
vt 0.773950 0.056077
vt 0.780271 0.051061
vt 0.778035 0.059852
vt 0.784252 0.050137
vt 0.780676 0.058144
vt 0.788332 0.050465
vt 0.783819 0.057379
vt 0.792208 0.051964
vt 0.787099 0.057747
vt 0.795502 0.054605
vt 0.790165 0.059169
vt 0.797885 0.058184
vt 0.792526 0.061540
vt 0.799105 0.062396
vt 0.793904 0.064535
vt 0.799063 0.066880
vt 0.794207 0.067757
vt 0.797798 0.071355
vt 0.793521 0.070864
vt 0.789758 0.075974
vt 0.792002 0.073652
vt 0.795284 0.075649
vt 0.786888 0.077594
vt 0.791278 0.079357
vt 0.783609 0.078196
vt 0.785794 0.081512
vt 0.780345 0.077563
vt 0.779765 0.081196
vt 0.777108 0.070675
vt 0.777681 0.072199
vt 0.777190 0.069174
vt 0.777707 0.067885
vt 0.778544 0.066826
vt 0.779656 0.065947
vt 0.781074 0.065309
vt 0.782759 0.065016
vt 0.784586 0.065190
vt 0.786372 0.065875
vt 0.787376 0.067521
vt 0.787873 0.069367
vt 0.787798 0.071214
vt 0.787213 0.072870
vt 0.786249 0.074219
vt 0.783433 0.075744
vt 0.784984 0.075209
vt 0.781698 0.075639
vt 0.780081 0.074789
vt 0.778987 0.073282
vt 0.568254 0.100359
vt 0.565563 0.124439
vt 0.554848 0.111248
vt 0.580547 0.090374
vt 0.578969 0.113550
vt 0.592965 0.080288
vt 0.591262 0.103565
vt 0.605458 0.070138
vt 0.603679 0.093479
vt 0.617953 0.059985
vt 0.616173 0.083331
vt 0.630374 0.049879
vt 0.628666 0.073186
vt 0.642706 0.039809
vt 0.641073 0.063113
vt 0.657141 0.027963
vt 0.653295 0.053174
vt 0.661960 0.030461
vt 0.673798 0.038868
vt 0.666490 0.037171
vt 0.671080 0.024227
vt 0.690511 0.037184
vt 0.688749 0.021580
vt 0.706822 0.035548
vt 0.705751 0.020315
vt 0.723018 0.034474
vt 0.722457 0.019903
vt 0.744003 0.033797
vt 0.743890 0.019817
vt 0.767657 0.035180
vt 0.768388 0.019968
vt 0.790803 0.036085
vt 0.791775 0.021368
vt 0.807398 0.037085
vt 0.825098 0.024795
vt 0.808654 0.023115
vt 0.850764 0.028836
vt 0.823241 0.038994
vt 0.865898 0.032257
vt 0.848393 0.044097
vt 0.877355 0.035065
vt 0.864861 0.046963
vt 0.865904 0.418834
vt 0.876309 0.432691
vt 0.824260 0.448372
vt 0.854420 0.407854
vt 0.839984 0.400840
vt 0.824008 0.398478
vt 0.808058 0.401001
vt 0.793693 0.408160
vt 0.782320 0.419256
vt 0.770623 0.433224
vt 0.770899 0.448641
vt 0.773164 0.464048
vt 0.779890 0.477924
vt 0.790355 0.489625
vt 0.808546 0.497694
vt 0.824520 0.499783
vt 0.840481 0.499292
vt 0.856072 0.493999
vt 0.870762 0.478317
vt 0.875833 0.463530
vt 0.877337 0.448104
vt 0.735880 0.115637
vt 0.725400 0.129437
vt 0.683917 0.099673
vt 0.713857 0.140355
vt 0.699382 0.147290
vt 0.683394 0.149565
vt 0.667458 0.146956
vt 0.653132 0.139718
vt 0.641820 0.128561
vt 0.630198 0.114529
vt 0.630558 0.099114
vt 0.632907 0.083719
vt 0.639708 0.069881
vt 0.650237 0.058237
vt 0.668471 0.050266
vt 0.684456 0.048264
vt 0.700414 0.048842
vt 0.715977 0.054219
vt 0.730581 0.069981
vt 0.735572 0.084796
vt 0.736993 0.100230
vt 0.668524 0.017168
vt 0.658765 0.026429
vt 0.666825 0.041852
vt 0.676435 0.042567
vt 0.676122 0.046876
vt 0.666404 0.040259
vt 0.666207 0.011740
vt 0.687376 0.012434
vt 0.691491 0.043230
vt 0.692196 0.048255
vt 0.686765 0.005561
vt 0.705732 0.010104
vt 0.708091 0.043247
vt 0.709377 0.048927
vt 0.706380 0.002565
vt 0.720989 0.010047
vt 0.722157 0.041602
vt 0.727708 0.048610
vt 0.726509 0.001406
vt 0.748168 0.009089
vt 0.748013 0.042474
vt 0.750105 0.050363
vt 0.750654 0.000000
vt 0.769810 0.010199
vt 0.768518 0.042366
vt 0.767945 0.050124
vt 0.788539 0.002566
vt 0.769753 0.001159
vt 0.785506 0.050046
vt 0.787255 0.041934
vt 0.808738 0.004589
vt 0.789316 0.012052
vt 0.804269 0.050866
vt 0.808076 0.042543
vt 0.830513 0.017132
vt 0.810802 0.014788
vt 0.826855 0.044588
vt 0.829142 0.051714
vt 0.835097 0.009584
vt 0.853161 0.020417
vt 0.848318 0.049412
vt 0.845714 0.053213
vt 0.870604 0.019097
vt 0.852709 0.013930
vt 0.864003 0.054805
vt 0.863838 0.051451
vt 0.883215 0.031229
vt 0.867592 0.023877
vt 0.880611 0.047358
vt 0.879431 0.030081
vt 0.882887 0.049015
vt 0.878329 0.045833
vt 0.532399 0.621307
vt 0.524950 0.644194
vt 0.517174 0.629216
vt 0.546362 0.614073
vt 0.540172 0.636294
vt 0.568259 0.621724
vt 0.554141 0.629058
vt 0.560442 0.606757
vt 0.582456 0.614283
vt 0.574562 0.599355
vt 0.596627 0.606738
vt 0.588612 0.591872
vt 0.610658 0.599104
vt 0.602481 0.584299
vt 0.624456 0.591456
vt 0.616110 0.576542
vt 0.640055 0.583355
vt 0.637955 0.569933
vt 0.650432 0.578598
vt 0.642000 0.577153
vt 0.648538 0.563788
vt 0.668738 0.575686
vt 0.666744 0.560451
vt 0.685271 0.573009
vt 0.683602 0.558651
vt 0.699452 0.571813
vt 0.721791 0.556105
vt 0.698338 0.557360
vt 0.744251 0.555631
vt 0.722336 0.570645
vt 0.766410 0.555776
vt 0.744391 0.570313
vt 0.784540 0.556204
vt 0.766307 0.570247
vt 0.804208 0.556954
vt 0.784229 0.570448
vt 0.821758 0.557793
vt 0.803697 0.571497
vt 0.836947 0.559340
vt 0.821371 0.573028
vt 0.848900 0.560353
vt 0.837864 0.573571
vt 0.475423 0.583845
vt 0.485860 0.597678
vt 0.433847 0.613480
vt 0.463913 0.572892
vt 0.449460 0.565911
vt 0.433479 0.563586
vt 0.417534 0.566146
vt 0.403186 0.573339
vt 0.391839 0.584461
vt 0.380174 0.598457
vt 0.380486 0.613873
vt 0.382787 0.629275
vt 0.389545 0.643135
vt 0.400032 0.654096
vt 0.418234 0.661049
vt 0.434202 0.661670
vt 0.450152 0.659710
vt 0.464522 0.655514
vt 0.478221 0.642481
vt 0.485456 0.628519
vt 0.486924 0.613089
vt 0.191311 0.557054
vt 0.180875 0.570888
vt 0.139297 0.541257
vt 0.169367 0.581843
vt 0.154915 0.588825
vt 0.138934 0.591151
vt 0.122989 0.588593
vt 0.108639 0.581402
vt 0.097291 0.570280
vt 0.085625 0.556286
vt 0.085935 0.540869
vt 0.088234 0.525467
vt 0.094991 0.511607
vt 0.105478 0.500644
vt 0.123678 0.493689
vt 0.139647 0.493067
vt 0.155597 0.495026
vt 0.169967 0.499220
vt 0.183668 0.512251
vt 0.190904 0.526214
vt 0.192374 0.541643
vt 0.631750 0.566612
vt 0.647694 0.555913
vt 0.634640 0.564830
vt 0.653997 0.582559
vt 0.655106 0.587055
vt 0.640320 0.581054
vt 0.645923 0.549914
vt 0.665756 0.552015
vt 0.670215 0.580475
vt 0.672005 0.586389
vt 0.665562 0.544306
vt 0.683798 0.548556
vt 0.687316 0.580353
vt 0.689394 0.585657
vt 0.684764 0.541185
vt 0.698785 0.549298
vt 0.700895 0.576281
vt 0.706699 0.583096
vt 0.703825 0.540420
vt 0.723649 0.547221
vt 0.724697 0.576331
vt 0.727650 0.583501
vt 0.726374 0.538547
vt 0.744831 0.545844
vt 0.745091 0.577581
vt 0.745044 0.584701
vt 0.763236 0.536883
vt 0.744736 0.537367
vt 0.762803 0.585207
vt 0.764203 0.577444
vt 0.781206 0.538437
vt 0.764553 0.545962
vt 0.780120 0.583876
vt 0.781538 0.579188
vt 0.803453 0.540171
vt 0.782371 0.545145
vt 0.801523 0.583384
vt 0.803412 0.578112
vt 0.821785 0.542801
vt 0.804677 0.547382
vt 0.819494 0.582258
vt 0.821754 0.578214
vt 0.839919 0.545372
vt 0.822953 0.549273
vt 0.838267 0.582124
vt 0.837376 0.577934
vt 0.854106 0.555633
vt 0.837453 0.551019
vt 0.853762 0.572144
vt 0.850173 0.555005
vt 0.856207 0.573547
vt 0.851279 0.570960
vt 0.378412 0.839364
vt 0.398130 0.794706
vt 0.392669 0.840868
vt 0.376413 0.873052
vt 0.390615 0.873399
vt 0.390413 0.926709
vt 0.376415 0.926435
vt 0.375433 0.960068
vt 0.389088 0.960750
vt 0.537897 0.801665
vt 0.499707 0.846336
vt 0.504963 0.797693
vt 0.372861 0.791291
vt 0.332224 0.831656
vt 0.340949 0.780946
vt 0.364058 0.959365
vt 0.363261 0.925814
vt 0.362373 0.873134
vt 0.364696 0.837404
vt 0.384130 0.793381
vt 0.405634 0.841403
vt 0.403544 0.874505
vt 0.403287 0.927477
vt 0.401656 0.961305
vt 0.411172 0.794861
vt 0.420389 0.842562
vt 0.418219 0.875093
vt 0.418051 0.928547
vt 0.416122 0.962160
vt 0.426189 0.794962
vt 0.432231 0.843439
vt 0.430006 0.875571
vt 0.429902 0.929379
vt 0.427806 0.963030
vt 0.438268 0.795394
vt 0.449744 0.844265
vt 0.447440 0.876702
vt 0.447305 0.931060
vt 0.445337 0.964229
vt 0.456219 0.794748
vt 0.464023 0.844800
vt 0.461706 0.877839
vt 0.461072 0.932216
vt 0.459775 0.964989
vt 0.485085 0.796610
vt 0.478886 0.846084
vt 0.476611 0.878476
vt 0.475214 0.932640
vt 0.474559 0.965617
vt 0.488704 0.846638
vt 0.486488 0.879358
vt 0.484483 0.933319
vt 0.484373 0.965404
vt 0.494755 0.796899
vt 0.497397 0.881427
vt 0.494604 0.930910
vt 0.494562 0.965098
vt 0.595131 0.875669
vt 0.593635 0.820834
vt 0.603285 0.875822
vt 0.602261 0.909380
vt 0.594050 0.909073
vt 0.590173 0.965387
vt 0.581506 0.964896
vt 0.578664 0.997156
vt 0.587784 0.997989
vt 0.717116 0.834464
vt 0.751595 0.878367
vt 0.718623 0.879381
vt 0.544573 0.828962
vt 0.587694 0.874852
vt 0.555375 0.881566
vt 0.570903 0.996331
vt 0.573694 0.962315
vt 0.586453 0.909539
vt 0.584687 0.820463
vt 0.577028 0.822110
vt 0.601215 0.820723
vt 0.610369 0.876199
vt 0.609369 0.909459
vt 0.597502 0.965744
vt 0.595542 0.998564
vt 0.612386 0.821768
vt 0.620771 0.877160
vt 0.619765 0.909289
vt 0.608336 0.966305
vt 0.607016 0.999066
vt 0.622425 0.824972
vt 0.630021 0.877647
vt 0.629034 0.909587
vt 0.618131 0.966596
vt 0.617749 0.999527
vt 0.633655 0.827225
vt 0.640272 0.877725
vt 0.639274 0.910413
vt 0.629221 0.965851
vt 0.629132 0.999499
vt 0.647656 0.829182
vt 0.653001 0.878239
vt 0.651962 0.911012
vt 0.643102 0.965544
vt 0.643029 0.999284
vt 0.657898 0.830088
vt 0.662280 0.878619
vt 0.661198 0.911414
vt 0.653299 0.965194
vt 0.653030 0.999076
vt 0.667844 0.830260
vt 0.671271 0.878801
vt 0.670150 0.911953
vt 0.663185 0.965076
vt 0.662679 0.998827
vt 0.683185 0.831816
vt 0.685246 0.879402
vt 0.684059 0.912359
vt 0.678591 0.965108
vt 0.677554 0.998851
vt 0.701343 0.832884
vt 0.701855 0.879698
vt 0.700670 0.913134
vt 0.696775 0.965744
vt 0.695043 0.999234
vt 0.711376 0.834439
vt 0.710711 0.879908
vt 0.709534 0.913478
vt 0.706901 0.966054
vt 0.704860 0.999793
vt 0.717458 0.914461
vt 0.713907 0.966648
vt 0.710499 1.000000
vt 0.602361 0.327884
vt 0.591629 0.354513
vt 0.579933 0.349587
vt 0.704077 0.293916
vt 0.722957 0.261146
vt 0.728882 0.266119
vt 0.824947 0.206739
vt 0.812154 0.207533
vt 0.820895 0.195897
vt 0.869304 0.172085
vt 0.835226 0.182709
vt 0.866091 0.165427
vt 0.534769 0.256512
vt 0.522043 0.217701
vt 0.545872 0.243674
vt 0.613340 0.386072
vt 0.643839 0.413358
vt 0.628028 0.419238
vt 0.838195 0.215101
vt 0.880201 0.201051
vt 0.820394 0.216552
vt 0.826294 0.223774
vt 0.811545 0.233138
vt 0.708575 0.320751
vt 0.744678 0.278362
vt 0.604524 0.355526
vt 0.631041 0.381039
vt 0.596132 0.321463
vt 0.573532 0.343554
vt 0.700968 0.282825
vt 0.719775 0.249373
vt 0.803684 0.196349
vt 0.815175 0.189532
vt 0.831683 0.176983
vt 0.862287 0.158390
vt 0.568173 0.337079
vt 0.593063 0.316803
vt 0.693321 0.269857
vt 0.716532 0.236721
vt 0.810088 0.183316
vt 0.798585 0.189401
vt 0.828076 0.171494
vt 0.858318 0.151950
vt 0.591089 0.314436
vt 0.565076 0.333638
vt 0.681147 0.252806
vt 0.714405 0.230775
vt 0.807763 0.179583
vt 0.795934 0.185495
vt 0.856012 0.148394
vt 0.560246 0.325642
vt 0.588136 0.309092
vt 0.703801 0.221308
vt 0.802415 0.172436
vt 0.791137 0.177451
vt 0.826598 0.168107
vt 0.851119 0.141608
vt 0.555627 0.315116
vt 0.584844 0.302252
vt 0.659450 0.220084
vt 0.688372 0.209539
vt 0.796037 0.163383
vt 0.784810 0.167415
vt 0.822611 0.162200
vt 0.844149 0.133580
vt 0.553853 0.307571
vt 0.583128 0.297451
vt 0.652912 0.214433
vt 0.685552 0.203631
vt 0.791129 0.157721
vt 0.779956 0.161162
vt 0.816312 0.155588
vt 0.839778 0.129082
vt 0.553556 0.295295
vt 0.558693 0.278769
vt 0.640050 0.204809
vt 0.681386 0.192531
vt 0.782470 0.150180
vt 0.768385 0.146626
vt 0.812710 0.151611
vt 0.832942 0.122672
vt 0.626618 0.197405
vt 0.680140 0.182021
vt 0.762425 0.139174
vt 0.748163 0.147254
vt 0.773675 0.133024
vt 0.801504 0.098125
vt 0.599694 0.388894
vt 0.559158 0.382192
vt 0.551008 0.377127
vt 0.543350 0.370382
vt 0.536644 0.363205
vt 0.532849 0.359242
vt 0.526296 0.350819
vt 0.520527 0.338514
vt 0.517199 0.331191
vt 0.515106 0.319426
vt 0.527147 0.266421
vt 0.511069 0.228840
vt 0.806091 0.147053
vt 0.837051 0.188811
vt 0.617058 0.423644
vt 0.808061 0.228943
vt 0.800318 0.238816
vt 0.802963 0.222118
vt 0.792765 0.202302
vt 0.790416 0.193856
vt 0.789190 0.189122
vt 0.782215 0.181985
vt 0.770792 0.174604
vt 0.763872 0.156881
vt 0.755135 0.150484
vt 0.737747 0.153230
vt 0.531523 0.209123
vt 0.555361 0.234252
vt 0.565875 0.266589
vt 0.588686 0.285802
vt 0.595886 0.294944
vt 0.595706 0.304180
vt 0.597005 0.310510
vt 0.599974 0.312072
vt 0.605083 0.315098
vt 0.615915 0.326084
vt 0.622482 0.352674
vt 0.644404 0.375586
vt 0.656597 0.407938
vt 0.789061 0.238808
vt 0.787311 0.245669
vt 0.783679 0.233887
vt 0.774591 0.211863
vt 0.773946 0.202581
vt 0.773177 0.197605
vt 0.765117 0.191063
vt 0.751528 0.185288
vt 0.743436 0.165392
vt 0.740179 0.158568
vt 0.725432 0.161474
vt 0.544623 0.198689
vt 0.569180 0.223368
vt 0.576863 0.254128
vt 0.597729 0.273026
vt 0.609235 0.283718
vt 0.608878 0.294232
vt 0.609834 0.301209
vt 0.613047 0.302605
vt 0.618625 0.305512
vt 0.630127 0.316631
vt 0.641907 0.343360
vt 0.660637 0.366674
vt 0.672815 0.399603
vt 0.770492 0.249345
vt 0.774397 0.253568
vt 0.774849 0.237794
vt 0.768924 0.214951
vt 0.752499 0.214344
vt 0.752232 0.209075
vt 0.746544 0.201460
vt 0.731104 0.196745
vt 0.724408 0.179415
vt 0.722573 0.171367
vt 0.713620 0.168704
vt 0.558654 0.188890
vt 0.585037 0.213757
vt 0.595022 0.242065
vt 0.612327 0.264405
vt 0.621841 0.283943
vt 0.621574 0.271810
vt 0.626123 0.289667
vt 0.623152 0.302747
vt 0.629185 0.292149
vt 0.636541 0.313616
vt 0.660415 0.331177
vt 0.676672 0.355411
vt 0.688879 0.389751
vt 0.764581 0.261406
vt 0.759861 0.244263
vt 0.753542 0.232496
vt 0.752296 0.214460
vt 0.752223 0.209080
vt 0.741869 0.204145
vt 0.728643 0.198075
vt 0.718164 0.185439
vt 0.707592 0.179301
vt 0.703056 0.173568
vt 0.569568 0.181278
vt 0.599152 0.206982
vt 0.611776 0.234655
vt 0.616399 0.259966
vt 0.624532 0.280933
vt 0.622568 0.269836
vt 0.626130 0.289660
vt 0.629365 0.292106
vt 0.640465 0.299974
vt 0.646552 0.306948
vt 0.688803 0.344121
vt 0.701416 0.381505
vt 0.754889 0.269379
vt 0.759126 0.256082
vt 0.754140 0.259997
vt 0.739036 0.246123
vt 0.740233 0.232441
vt 0.742924 0.220109
vt 0.742907 0.214597
vt 0.731618 0.210023
vt 0.709637 0.205326
vt 0.706556 0.198002
vt 0.702028 0.186387
vt 0.692316 0.177741
vt 0.577873 0.174104
vt 0.612544 0.201681
vt 0.621642 0.233037
vt 0.632772 0.238687
vt 0.649298 0.262621
vt 0.638895 0.243087
vt 0.653045 0.272735
vt 0.664281 0.284391
vt 0.656438 0.276043
vt 0.672181 0.295237
vt 0.673441 0.315463
vt 0.669506 0.320471
vt 0.699265 0.333025
vt 0.712321 0.375213
vt 0.583117 0.165902
vt 0.673139 0.239665
vt 0.685166 0.257963
vt 0.723487 0.371807
vt 0.662350 0.609464
vt 0.666527 0.588572
vt 0.670222 0.609600
vt 0.668978 0.639851
vt 0.661069 0.639191
vt 0.663592 0.659937
vt 0.654495 0.660117
vt 0.653016 0.690990
vt 0.662328 0.691188
vt 0.770681 0.591419
vt 0.791640 0.623372
vt 0.762565 0.611175
vt 0.642384 0.588910
vt 0.620958 0.620259
vt 0.613073 0.600764
vt 0.645528 0.690636
vt 0.655512 0.639215
vt 0.647271 0.659961
vt 0.656808 0.608947
vt 0.657185 0.587243
vt 0.637817 0.690131
vt 0.639949 0.658570
vt 0.648783 0.639303
vt 0.650207 0.608390
vt 0.649732 0.586773
vt 0.677925 0.590481
vt 0.679991 0.609814
vt 0.678794 0.640726
vt 0.674872 0.659590
vt 0.673656 0.691217
vt 0.687793 0.592275
vt 0.688946 0.609441
vt 0.687890 0.642137
vt 0.684891 0.659268
vt 0.683578 0.691198
vt 0.695647 0.593965
vt 0.696586 0.608957
vt 0.695702 0.643439
vt 0.693234 0.658950
vt 0.691855 0.691262
vt 0.703855 0.594968
vt 0.704867 0.608986
vt 0.704158 0.643937
vt 0.702348 0.658973
vt 0.700926 0.691525
vt 0.709440 0.594143
vt 0.710696 0.609441
vt 0.710061 0.643582
vt 0.708501 0.659625
vt 0.707053 0.691880
vt 0.717900 0.610203
vt 0.721141 0.591763
vt 0.722407 0.610608
vt 0.721785 0.642304
vt 0.717255 0.642776
vt 0.720634 0.661250
vt 0.715920 0.660405
vt 0.719156 0.692860
vt 0.714442 0.692441
vt 0.735949 0.588759
vt 0.735718 0.611519
vt 0.735001 0.641372
vt 0.735006 0.663259
vt 0.733695 0.694182
vt 0.746107 0.611518
vt 0.745452 0.641596
vt 0.747231 0.663770
vt 0.746230 0.694912
vt 0.716501 0.593157
vt 0.748811 0.588845
vt 0.757899 0.611263
vt 0.757387 0.642430
vt 0.761433 0.663702
vt 0.760781 0.695300
vt 0.763474 0.590358
vt 0.762086 0.642824
vt 0.768586 0.663547
vt 0.768007 0.695382
vt 0.420331 0.455905
vt 0.426364 0.479338
vt 0.417559 0.479080
vt 0.427068 0.509287
vt 0.418247 0.509918
vt 0.422454 0.532217
vt 0.429851 0.532837
vt 0.419846 0.562159
vt 0.427711 0.563012
vt 0.513821 0.462657
vt 0.549080 0.466232
vt 0.521237 0.479492
vt 0.410990 0.461851
vt 0.376749 0.467451
vt 0.382103 0.452019
vt 0.408790 0.560689
vt 0.412514 0.528752
vt 0.406151 0.511157
vt 0.405728 0.477846
vt 0.439462 0.454726
vt 0.440588 0.479120
vt 0.437855 0.479080
vt 0.440620 0.509304
vt 0.437896 0.509273
vt 0.439198 0.533459
vt 0.441570 0.533593
vt 0.437625 0.563759
vt 0.440139 0.563913
vt 0.441845 0.454647
vt 0.456396 0.479207
vt 0.456481 0.509516
vt 0.455398 0.533978
vt 0.454803 0.564581
vt 0.460818 0.476749
vt 0.464746 0.455872
vt 0.465394 0.477020
vt 0.459959 0.479236
vt 0.465739 0.509520
vt 0.460043 0.509517
vt 0.463495 0.534076
vt 0.458513 0.534029
vt 0.463368 0.564643
vt 0.458101 0.564614
vt 0.472586 0.479668
vt 0.480368 0.455492
vt 0.483250 0.479636
vt 0.471881 0.509575
vt 0.482653 0.510097
vt 0.478256 0.533908
vt 0.468876 0.534075
vt 0.478954 0.564465
vt 0.469053 0.564624
vt 0.495460 0.479552
vt 0.499058 0.456541
vt 0.503579 0.480031
vt 0.494234 0.510214
vt 0.502324 0.510518
vt 0.495187 0.533246
vt 0.488232 0.533574
vt 0.496906 0.563555
vt 0.489526 0.564005
vt 0.506207 0.457317
vt 0.511969 0.480146
vt 0.510800 0.511132
vt 0.502336 0.532817
vt 0.504511 0.562918
vt 0.485147 0.533688
vt 0.486256 0.564178
vt 0.490651 0.510194
vt 0.491661 0.477043
vt 0.491294 0.457156
vt 0.494238 0.477216
vt 0.520142 0.512073
vt 0.510798 0.529766
vt 0.514103 0.561779
vt 0.458802 0.454703
vt 0.466439 0.479343
vt 0.471095 0.454871
vt 0.491220 0.479755
vt 0.487132 0.456172
vt 0.433925 0.563512
vt 0.435706 0.533245
vt 0.433113 0.479026
vt 0.433874 0.509280
vt 0.434947 0.456121
vt 0.437062 0.476820
vt 0.434065 0.476732
vt 0.427921 0.455232
vt 0.465783 0.454592
vt 0.459956 0.455802
vt 0.492162 0.455850
vt 0.488373 0.457050
vt 0.433857 0.454836
vt 0.438314 0.456113
vt 0.980123 0.373928
vt 0.984003 0.376200
vt 0.978977 0.376132
vt 0.964133 0.446274
vt 0.977647 0.441954
vt 0.977394 0.446707
vt 0.974976 0.514894
vt 0.978814 0.512738
vt 0.978125 0.514853
vt 0.977403 0.523223
vt 0.977126 0.518520
vt 0.983269 0.373944
vt 0.988539 0.374575
vt 0.976988 0.373908
vt 0.971122 0.372292
vt 0.974129 0.370093
vt 0.982035 0.370301
vt 0.987774 0.372399
vt 0.979184 0.366440
vt 0.972189 0.507118
vt 0.973912 0.512644
vt 0.990728 0.380266
vt 0.986296 0.381829
vt 0.976935 0.381503
vt 0.974027 0.376049
vt 0.964399 0.377472
vt 0.983702 0.501391
vt 0.981576 0.507416
vt 0.992873 0.386350
vt 0.988311 0.388073
vt 0.973988 0.387451
vt 0.967403 0.381188
vt 0.956668 0.383503
vt 0.968209 0.494509
vt 0.985753 0.498003
vt 0.968667 0.497411
vt 0.989984 0.391705
vt 0.995743 0.393165
vt 0.991192 0.394686
vt 0.972114 0.393700
vt 0.955678 0.390465
vt 0.949509 0.390133
vt 0.952367 0.387148
vt 0.967534 0.486034
vt 0.989380 0.491241
vt 0.967663 0.490487
vt 0.992767 0.398797
vt 0.998325 0.402596
vt 0.993708 0.403249
vt 0.970790 0.402113
vt 0.949823 0.397081
vt 0.943422 0.399104
vt 0.945963 0.394506
vt 0.966968 0.482653
vt 0.991563 0.479534
vt 0.991096 0.483489
vt 0.993922 0.406588
vt 0.998879 0.410535
vt 0.994087 0.410538
vt 0.969962 0.405434
vt 0.969216 0.409366
vt 0.946061 0.404564
vt 0.940105 0.407152
vt 0.941699 0.402775
vt 0.966657 0.473334
vt 0.992005 0.467830
vt 0.991954 0.474205
vt 0.993967 0.415838
vt 0.997766 0.423217
vt 0.993237 0.422046
vt 0.968892 0.414688
vt 0.968243 0.421045
vt 0.943792 0.413604
vt 0.938447 0.419908
vt 0.939027 0.412959
vt 0.966242 0.463046
vt 0.989195 0.459560
vt 0.991165 0.463896
vt 0.992076 0.425794
vt 0.994026 0.432274
vt 0.989918 0.429895
vt 0.967644 0.424946
vt 0.967215 0.429215
vt 0.943260 0.423703
vt 0.939942 0.429280
vt 0.938710 0.424297
vt 0.966256 0.455456
vt 0.983515 0.451607
vt 0.987481 0.456169
vt 0.987962 0.433050
vt 0.987175 0.440660
vt 0.983915 0.437310
vt 0.967048 0.432555
vt 0.966157 0.436955
vt 0.945944 0.431382
vt 0.943931 0.438036
vt 0.941500 0.433130
vt 0.965681 0.451016
vt 0.980779 0.445641
vt 0.964291 0.441543
vt 0.948276 0.435976
vt 0.946615 0.443044
vt 0.991699 0.435859
vt 0.966161 0.458779
vt 0.944487 0.427978
vt 0.996403 0.427547
vt 0.966529 0.466958
vt 0.943174 0.419880
vt 0.998737 0.416312
vt 0.966536 0.478669
vt 0.944565 0.408415
vt 0.998686 0.406238
vt 0.990722 0.486838
vt 0.947730 0.401306
vt 0.997319 0.397687
vt 0.987257 0.495170
vt 0.953109 0.393217
vt 0.971268 0.397665
vt 0.994471 0.390063
vt 0.969644 0.500906
vt 0.959777 0.387103
vt 0.972778 0.390842
vt 0.971800 0.514813
vt 0.968975 0.512422
vt 0.962796 0.506759
vt 0.955573 0.500396
vt 0.951569 0.496794
vt 0.949151 0.493822
vt 0.945936 0.489704
vt 0.944335 0.485197
vt 0.942829 0.481780
vt 0.941498 0.477760
vt 0.941349 0.472411
vt 0.941042 0.466019
vt 0.941306 0.462119
vt 0.943112 0.457911
vt 0.945014 0.454644
vt 0.947828 0.450308
vt 0.950883 0.445700
vt 0.950982 0.440879
vt 0.095546 0.414029
vt 0.098784 0.412331
vt 0.096270 0.415870
vt 0.132378 0.456774
vt 0.137554 0.443742
vt 0.141529 0.447958
vt 0.173488 0.487498
vt 0.175083 0.484165
vt 0.175632 0.485821
vt 0.179154 0.492490
vt 0.176401 0.488593
vt 0.098435 0.407197
vt 0.097097 0.411812
vt 0.089259 0.416335
vt 0.093859 0.419385
vt 0.089146 0.419404
vt 0.094263 0.411108
vt 0.095692 0.406436
vt 0.089367 0.411189
vt 0.094007 0.416332
vt 0.168041 0.484635
vt 0.171683 0.486854
vt 0.100074 0.407618
vt 0.103310 0.413040
vt 0.098623 0.419523
vt 0.093821 0.426121
vt 0.089050 0.426338
vt 0.172789 0.475011
vt 0.174335 0.479563
vt 0.104648 0.408565
vt 0.107803 0.414518
vt 0.100792 0.424262
vt 0.093886 0.433748
vt 0.089146 0.434258
vt 0.159397 0.479811
vt 0.172425 0.472018
vt 0.161083 0.481196
vt 0.112068 0.410231
vt 0.113151 0.415163
vt 0.110793 0.414794
vt 0.103927 0.428055
vt 0.089447 0.438715
vt 0.094552 0.440563
vt 0.090006 0.441789
vt 0.154859 0.475393
vt 0.171378 0.466346
vt 0.157103 0.477846
vt 0.118026 0.411426
vt 0.119526 0.416788
vt 0.116370 0.415723
vt 0.108685 0.432330
vt 0.091049 0.445842
vt 0.096848 0.447173
vt 0.092560 0.449207
vt 0.152717 0.473943
vt 0.167053 0.458700
vt 0.168705 0.461110
vt 0.123871 0.414069
vt 0.123883 0.419728
vt 0.121543 0.418117
vt 0.110289 0.434392
vt 0.112298 0.436686
vt 0.093876 0.451753
vt 0.099434 0.452025
vt 0.095624 0.454478
vt 0.147852 0.468991
vt 0.161522 0.452081
vt 0.164693 0.455559
vt 0.129929 0.418066
vt 0.130490 0.424800
vt 0.127117 0.421720
vt 0.115614 0.438991
vt 0.119125 0.442316
vt 0.098263 0.457477
vt 0.105044 0.457722
vt 0.101601 0.460761
vt 0.142044 0.463955
vt 0.155757 0.449030
vt 0.159073 0.450382
vt 0.135585 0.424009
vt 0.133932 0.430201
vt 0.132289 0.427082
vt 0.121162 0.444515
vt 0.123653 0.446576
vt 0.103947 0.462591
vt 0.110123 0.460562
vt 0.107234 0.464208
vt 0.138211 0.459885
vt 0.148222 0.447543
vt 0.153023 0.448042
vt 0.138791 0.430098
vt 0.136404 0.437366
vt 0.135177 0.432775
vt 0.125659 0.448113
vt 0.127919 0.450555
vt 0.109992 0.465085
vt 0.116468 0.462142
vt 0.113545 0.466113
vt 0.135629 0.457951
vt 0.140128 0.434810
vt 0.129226 0.453721
vt 0.120227 0.463307
vt 0.116954 0.468109
vt 0.137501 0.427320
vt 0.139855 0.461693
vt 0.112780 0.461240
vt 0.133577 0.421492
vt 0.144351 0.465775
vt 0.107047 0.459477
vt 0.126441 0.415695
vt 0.150322 0.472119
vt 0.101995 0.454588
vt 0.121542 0.412753
vt 0.170089 0.463181
vt 0.097941 0.449525
vt 0.114523 0.410630
vt 0.171989 0.469638
vt 0.095327 0.444219
vt 0.106067 0.430227
vt 0.109115 0.409812
vt 0.163315 0.482667
vt 0.094051 0.437811
vt 0.102413 0.426446
vt 0.176401 0.488594
vt 0.171245 0.489163
vt 0.168204 0.489407
vt 0.161586 0.489727
vt 0.154056 0.490312
vt 0.150004 0.490571
vt 0.147201 0.490344
vt 0.143437 0.489990
vt 0.140343 0.488683
vt 0.137852 0.487832
vt 0.135151 0.486598
vt 0.132409 0.484174
vt 0.129033 0.481329
vt 0.127185 0.479342
vt 0.125952 0.476320
vt 0.125277 0.473669
vt 0.124540 0.469946
vt 0.123760 0.465989
vt 0.965229 0.117680
vt 0.960249 0.118676
vt 0.964968 0.115135
vt 0.935715 0.050095
vt 0.925831 0.063094
vt 0.923134 0.059231
vt 0.883716 0.004632
vt 0.881350 0.008951
vt 0.880693 0.006660
vt 0.876798 0.000000
vt 0.879936 0.002910
vt 0.876797 0.000000
vt 0.962289 0.119919
vt 0.957925 0.122842
vt 0.968162 0.115456
vt 0.974054 0.113217
vt 0.972582 0.117082
vt 0.965627 0.121893
vt 0.959928 0.123988
vt 0.879937 0.002910
vt 0.970065 0.123562
vt 0.891030 0.008633
vt 0.886083 0.005616
vt 0.952409 0.119951
vt 0.954676 0.115914
vt 0.963599 0.109494
vt 0.969626 0.111666
vt 0.977138 0.104408
vt 0.883787 0.021280
vt 0.882067 0.015066
vt 0.946783 0.116774
vt 0.949021 0.112486
vt 0.962724 0.102757
vt 0.972653 0.102935
vt 0.980657 0.094198
vt 0.902435 0.015548
vt 0.883952 0.025376
vt 0.900236 0.013622
vt 0.945220 0.110872
vt 0.939893 0.113542
vt 0.942264 0.109426
vt 0.960651 0.096561
vt 0.977927 0.087288
vt 0.983274 0.083910
vt 0.982457 0.088270
vt 0.908245 0.021645
vt 0.884713 0.033220
vt 0.905401 0.018280
vt 0.938267 0.107369
vt 0.931592 0.107988
vt 0.934675 0.104586
vt 0.956711 0.089092
vt 0.979304 0.077930
vt 0.983365 0.072567
vt 0.983880 0.077917
vt 0.910838 0.023866
vt 0.889844 0.043874
vt 0.887859 0.040468
vt 0.932439 0.102152
vt 0.926161 0.102167
vt 0.929867 0.099214
vt 0.955432 0.085924
vt 0.953699 0.082342
vt 0.982686 0.068435
vt 0.977160 0.065408
vt 0.981435 0.063835
vt 0.916826 0.030880
vt 0.896594 0.053280
vt 0.892741 0.048292
vt 0.926722 0.095036
vt 0.919292 0.091446
vt 0.923565 0.089734
vt 0.950709 0.077990
vt 0.947379 0.072604
vt 0.978813 0.058518
vt 0.971395 0.055567
vt 0.975025 0.052644
vt 0.923503 0.038573
vt 0.904271 0.057694
vt 0.899784 0.055735
vt 0.922314 0.086018
vt 0.917093 0.081637
vt 0.921775 0.081297
vt 0.945528 0.069153
vt 0.943295 0.065542
vt 0.968980 0.052668
vt 0.967748 0.046312
vt 0.972048 0.049374
vt 0.928129 0.044479
vt 0.914429 0.059807
vt 0.907942 0.059101
vt 0.921627 0.077454
vt 0.918280 0.070164
vt 0.922783 0.071222
vt 0.941395 0.062836
vt 0.939531 0.058785
vt 0.961759 0.048646
vt 0.958527 0.042359
vt 0.963858 0.044413
vt 0.931379 0.047516
vt 0.921287 0.061669
vt 0.938459 0.053886
vt 0.951217 0.044917
vt 0.952923 0.040420
vt 0.917015 0.077177
vt 0.926186 0.041829
vt 0.965216 0.050234
vt 0.917841 0.087072
vt 0.920843 0.035740
vt 0.922700 0.097540
vt 0.913677 0.026651
vt 0.929006 0.105396
vt 0.886158 0.037599
vt 0.978151 0.069456
vt 0.935579 0.111124
vt 0.884286 0.028651
vt 0.959004 0.092881
vt 0.942995 0.115037
vt 0.897191 0.011608
vt 0.976149 0.092861
vt 0.961781 0.099255
vt 0.879937 0.002909
vt 0.886637 0.002524
vt 0.890722 0.002201
vt 0.899960 0.002152
vt 0.910585 0.001935
vt 0.916518 0.001871
vt 0.920588 0.002452
vt 0.926101 0.003353
vt 0.930350 0.005710
vt 0.933843 0.007289
vt 0.937543 0.009461
vt 0.940954 0.013511
vt 0.945149 0.018261
vt 0.947288 0.021481
vt 0.948178 0.026042
vt 0.948402 0.029941
vt 0.948427 0.035324
vt 0.948385 0.041092
vt 0.956750 0.046769
vt 0.974671 0.060860
vt 0.978611 0.073178
vt 0.978621 0.083302
vt 0.043550 0.189844
vt 0.047878 0.191835
vt 0.042346 0.191915
vt 0.028652 0.252907
vt 0.043208 0.257625
vt 0.028640 0.257611
vt 0.042938 0.320799
vt 0.047092 0.318707
vt 0.046392 0.320706
vt 0.045612 0.328818
vt 0.045296 0.324113
vt 0.047015 0.189769
vt 0.052234 0.189827
vt 0.040101 0.189912
vt 0.034214 0.188097
vt 0.037462 0.185978
vt 0.045570 0.186432
vt 0.051344 0.187854
vt 0.042939 0.182450
vt 0.039603 0.313687
vt 0.041687 0.318747
vt 0.054814 0.195066
vt 0.050578 0.197004
vt 0.040274 0.196940
vt 0.036900 0.191977
vt 0.027008 0.193073
vt 0.052059 0.308062
vt 0.049934 0.313699
vt 0.057341 0.200572
vt 0.052973 0.202722
vt 0.037222 0.202522
vt 0.029790 0.196920
vt 0.018701 0.198888
vt 0.034791 0.302130
vt 0.054196 0.304869
vt 0.035394 0.304803
vt 0.054955 0.206043
vt 0.060764 0.206857
vt 0.056389 0.208770
vt 0.035376 0.208356
vt 0.017179 0.205877
vt 0.011035 0.205280
vt 0.014065 0.202413
vt 0.033754 0.294307
vt 0.057947 0.298508
vt 0.034051 0.298424
vt 0.058272 0.212532
vt 0.063968 0.215686
vt 0.059450 0.216617
vt 0.034243 0.216185
vt 0.010995 0.212204
vt 0.004684 0.213870
vt 0.007265 0.209517
vt 0.033015 0.291194
vt 0.059939 0.287611
vt 0.059563 0.291284
vt 0.059799 0.219689
vt 0.064887 0.223124
vt 0.060125 0.223327
vt 0.033465 0.219288
vt 0.032802 0.222956
vt 0.007210 0.219246
vt 0.001331 0.221602
vt 0.002920 0.217400
vt 0.032350 0.282579
vt 0.060016 0.276765
vt 0.060182 0.282667
vt 0.060200 0.228216
vt 0.064136 0.235110
vt 0.059660 0.233959
vt 0.032667 0.227900
vt 0.032219 0.233815
vt 0.005110 0.227658
vt 0.000000 0.233693
vt 0.000361 0.227109
vt 0.031537 0.273070
vt 0.056638 0.269189
vt 0.058955 0.273147
vt 0.058559 0.237456
vt 0.060379 0.243803
vt 0.056373 0.241323
vt 0.031718 0.237450
vt 0.031418 0.241416
vt 0.004905 0.236980
vt 0.002017 0.242548
vt 0.000466 0.237827
vt 0.031289 0.266047
vt 0.050114 0.261989
vt 0.054635 0.266100
vt 0.054376 0.244310
vt 0.053142 0.251896
vt 0.050085 0.248396
vt 0.031365 0.244513
vt 0.030542 0.248608
vt 0.008130 0.244002
vt 0.006792 0.250693
vt 0.003901 0.246161
vt 0.030502 0.261954
vt 0.043305 0.252887
vt 0.010871 0.248189
vt 0.009954 0.255273
vt 0.057973 0.247243
vt 0.031299 0.269125
vt 0.006401 0.240894
vt 0.062813 0.239243
vt 0.031989 0.276682
vt 0.004677 0.233460
vt 0.064950 0.228573
vt 0.032402 0.287519
vt 0.005732 0.222853
vt 0.064507 0.219088
vt 0.059268 0.294394
vt 0.008909 0.216179
vt 0.062682 0.211095
vt 0.055750 0.302204
vt 0.014464 0.208512
vt 0.034594 0.212051
vt 0.059245 0.203998
vt 0.036590 0.308010
vt 0.021591 0.202631
vt 0.036005 0.205693
vt 0.045295 0.324113
vt 0.039456 0.320804
vt 0.036255 0.318685
vt 0.029266 0.313616
vt 0.021105 0.307925
vt 0.016577 0.304701
vt 0.013816 0.302016
vt 0.010140 0.298293
vt 0.008224 0.294165
vt 0.006450 0.291044
vt 0.004847 0.287359
vt 0.004499 0.282412
vt 0.003941 0.276504
vt 0.004097 0.272887
vt 0.005938 0.268944
vt 0.007918 0.265869
vt 0.010865 0.261780
vt 0.014075 0.257436
vt 0.014033 0.252648
vt 0.589042 0.480625
vt 0.584742 0.481488
vt 0.588817 0.478435
vt 0.563260 0.421889
vt 0.555143 0.433672
vt 0.552424 0.429760
vt 0.518461 0.382648
vt 0.516548 0.386479
vt 0.515995 0.384672
vt 0.510324 0.381722
vt 0.514766 0.381652
vt 0.586503 0.482556
vt 0.582386 0.485692
vt 0.591571 0.478705
vt 0.597312 0.476996
vt 0.596045 0.480332
vt 0.589388 0.484251
vt 0.584118 0.486676
vt 0.593888 0.485922
vt 0.524792 0.386131
vt 0.520495 0.383485
vt 0.577632 0.483183
vt 0.579935 0.479104
vt 0.587641 0.473582
vt 0.592835 0.475438
vt 0.599987 0.469386
vt 0.518590 0.397060
vt 0.517128 0.391729
vt 0.572760 0.480467
vt 0.575062 0.476148
vt 0.586893 0.467787
vt 0.595450 0.467916
vt 0.603011 0.460539
vt 0.534621 0.392130
vt 0.518728 0.400588
vt 0.532727 0.390469
vt 0.571797 0.474743
vt 0.566805 0.477598
vt 0.569264 0.473485
vt 0.585111 0.462455
vt 0.599956 0.454437
vt 0.605231 0.451592
vt 0.604535 0.455381
vt 0.539621 0.397385
vt 0.519378 0.407343
vt 0.537175 0.394485
vt 0.565842 0.471698
vt 0.559639 0.472709
vt 0.562768 0.469296
vt 0.581721 0.456027
vt 0.601112 0.446406
vt 0.605295 0.441707
vt 0.605725 0.446369
vt 0.541853 0.399299
vt 0.523787 0.416519
vt 0.522081 0.413586
vt 0.560853 0.467205
vt 0.554898 0.467652
vt 0.558651 0.464682
vt 0.580621 0.453300
vt 0.579130 0.450217
vt 0.600113 0.439148
vt 0.603570 0.434096
vt 0.604680 0.438104
vt 0.547005 0.405342
vt 0.529592 0.424621
vt 0.526278 0.420325
vt 0.555962 0.461095
vt 0.548960 0.458232
vt 0.553275 0.456544
vt 0.576560 0.446469
vt 0.573694 0.441831
vt 0.597134 0.431784
vt 0.597980 0.424301
vt 0.601311 0.429430
vt 0.552750 0.411969
vt 0.536196 0.428426
vt 0.532336 0.426737
vt 0.552209 0.453359
vt 0.547032 0.449682
vt 0.551737 0.449317
vt 0.572101 0.438859
vt 0.570180 0.435748
vt 0.592262 0.424765
vt 0.591668 0.418763
vt 0.595376 0.421473
vt 0.556731 0.417054
vt 0.544935 0.430250
vt 0.539354 0.429639
vt 0.551598 0.446028
vt 0.547999 0.439694
vt 0.552555 0.440683
vt 0.568546 0.433418
vt 0.566944 0.429931
vt 0.586100 0.421275
vt 0.583701 0.415200
vt 0.588311 0.417055
vt 0.559527 0.419670
vt 0.550512 0.432315
vt 0.566028 0.425716
vt 0.581815 0.419629
vt 0.578874 0.413469
vt 0.546951 0.445805
vt 0.555059 0.414773
vt 0.589051 0.422661
vt 0.547706 0.454421
vt 0.550461 0.409529
vt 0.594326 0.427253
vt 0.551887 0.463596
vt 0.544296 0.401699
vt 0.599262 0.435679
vt 0.557382 0.470465
vt 0.520619 0.411115
vt 0.600511 0.442337
vt 0.563086 0.475447
vt 0.519013 0.403409
vt 0.600542 0.451016
vt 0.583695 0.459288
vt 0.569484 0.478924
vt 0.530104 0.388731
vt 0.598444 0.459234
vt 0.586084 0.464773
vt 0.514766 0.381651
vt 0.510324 0.381721
vt 0.521051 0.380709
vt 0.524592 0.380608
vt 0.532525 0.380611
vt 0.541665 0.380428
vt 0.546774 0.380378
vt 0.550277 0.380881
vt 0.555022 0.381661
vt 0.558677 0.383693
vt 0.561683 0.385054
vt 0.564865 0.386926
vt 0.567799 0.390413
vt 0.571407 0.394502
vt 0.573247 0.397274
vt 0.574010 0.401199
vt 0.574202 0.404554
vt 0.574223 0.409184
vt 0.574188 0.414146
vt 0.577058 0.418012
vt 0.725769 0.454272
vt 0.729023 0.452560
vt 0.726498 0.456122
vt 0.762851 0.497219
vt 0.768043 0.484109
vt 0.772045 0.488345
vt 0.804210 0.528090
vt 0.805826 0.524739
vt 0.806375 0.526419
vt 0.807111 0.529225
vt 0.809976 0.533028
vt 0.809975 0.533028
vt 0.728666 0.447398
vt 0.727326 0.452041
vt 0.719448 0.456596
vt 0.724078 0.459659
vt 0.719337 0.459682
vt 0.724475 0.451336
vt 0.725907 0.446635
vt 0.724475 0.451335
vt 0.719551 0.451422
vt 0.724223 0.456588
vt 0.798739 0.525202
vt 0.802398 0.527434
vt 0.730315 0.447820
vt 0.733575 0.453269
vt 0.728868 0.459793
vt 0.724045 0.466433
vt 0.719248 0.466656
vt 0.803510 0.515523
vt 0.805068 0.520104
vt 0.734916 0.448767
vt 0.738094 0.454751
vt 0.731055 0.464557
vt 0.724119 0.474103
vt 0.719352 0.474620
vt 0.790043 0.520360
vt 0.803140 0.512514
vt 0.791740 0.521751
vt 0.742379 0.450435
vt 0.743474 0.455394
vt 0.741102 0.455026
vt 0.734210 0.468367
vt 0.719660 0.479102
vt 0.724796 0.480955
vt 0.720225 0.482193
vt 0.785476 0.515921
vt 0.802082 0.506809
vt 0.787735 0.518385
vt 0.748372 0.451631
vt 0.749887 0.457022
vt 0.746711 0.455954
vt 0.739000 0.472662
vt 0.721279 0.486268
vt 0.727111 0.487600
vt 0.722801 0.489650
vt 0.783321 0.514465
vt 0.797724 0.499124
vt 0.799388 0.501546
vt 0.754253 0.454283
vt 0.754271 0.459973
vt 0.751916 0.458356
vt 0.740615 0.474734
vt 0.742638 0.477038
vt 0.724127 0.492209
vt 0.729717 0.492478
vt 0.725888 0.494948
vt 0.778424 0.509490
vt 0.792155 0.492472
vt 0.795348 0.495967
vt 0.760349 0.458296
vt 0.760920 0.465067
vt 0.757525 0.461974
vt 0.745975 0.479353
vt 0.749509 0.482693
vt 0.728544 0.497961
vt 0.735364 0.498200
vt 0.731905 0.501260
vt 0.772578 0.504431
vt 0.786354 0.489409
vt 0.789690 0.490766
vt 0.766042 0.464267
vt 0.764387 0.470495
vt 0.762732 0.467361
vt 0.751560 0.484903
vt 0.754067 0.486973
vt 0.734266 0.503098
vt 0.740474 0.501052
vt 0.737573 0.504721
vt 0.768720 0.500342
vt 0.778775 0.487921
vt 0.783604 0.488419
vt 0.769274 0.470387
vt 0.766881 0.477698
vt 0.765641 0.473083
vt 0.756086 0.488516
vt 0.758360 0.490970
vt 0.740348 0.505600
vt 0.746857 0.502634
vt 0.743922 0.506630
vt 0.766122 0.498400
vt 0.770622 0.475124
vt 0.759678 0.494153
vt 0.750638 0.503801
vt 0.747352 0.508634
vt 0.767973 0.467595
vt 0.770374 0.502159
vt 0.743147 0.501731
vt 0.764021 0.461738
vt 0.774900 0.506259
vt 0.737380 0.499963
vt 0.756839 0.455916
vt 0.780911 0.512633
vt 0.732295 0.495052
vt 0.751909 0.452961
vt 0.800782 0.503627
vt 0.728213 0.489965
vt 0.744849 0.450834
vt 0.802700 0.510120
vt 0.725578 0.484631
vt 0.736365 0.470550
vt 0.739409 0.450017
vt 0.793986 0.523227
vt 0.724289 0.478189
vt 0.732686 0.466751
vt 0.801949 0.529750
vt 0.798900 0.530000
vt 0.792252 0.530328
vt 0.784682 0.530924
vt 0.780608 0.531188
vt 0.777790 0.530963
vt 0.774005 0.530611
vt 0.770892 0.529300
vt 0.768386 0.528447
vt 0.765669 0.527208
vt 0.762909 0.524773
vt 0.759511 0.521916
vt 0.757651 0.519920
vt 0.756408 0.516882
vt 0.755726 0.514217
vt 0.754982 0.510473
vt 0.754194 0.506495
vt 0.204937 0.064063
vt 0.215577 0.083922
vt 0.201470 0.084033
vt 0.187917 0.201226
vt 0.200727 0.371753
vt 0.186135 0.371960
vt 0.203276 0.511311
vt 0.212752 0.490522
vt 0.217238 0.510410
vt 0.220638 0.722250
vt 0.227089 0.549492
vt 0.233933 0.721752
vt 0.375338 0.065968
vt 0.548890 0.074874
vt 0.375857 0.085564
vt 0.190647 0.064350
vt 0.017349 0.057921
vt 0.020553 0.037528
vt 0.212142 0.025659
vt 0.218940 0.063959
vt 0.373962 0.034403
vt 0.547701 0.055660
vt 0.213927 0.549585
vt 0.197993 0.027223
vt 0.026430 0.000000
vt 0.198463 0.491186
vt 0.209474 0.476093
vt 0.549800 0.088824
vt 0.376727 0.099816
vt 0.212877 0.098375
vt 0.198617 0.098472
vt 0.186999 0.084269
vt 0.015037 0.072807
vt 0.194827 0.476625
vt 0.207795 0.454068
vt 0.378840 0.121562
vt 0.211418 0.120272
vt 0.196623 0.120289
vt 0.181443 0.120191
vt 0.011687 0.094878
vt 0.192717 0.454438
vt 0.207333 0.437260
vt 0.551274 0.110252
vt 0.380870 0.138223
vt 0.210796 0.136909
vt 0.195460 0.136837
vt 0.179530 0.136610
vt 0.009235 0.111622
vt 0.191897 0.437534
vt 0.206130 0.419855
vt 0.552449 0.126852
vt 0.383031 0.155454
vt 0.209346 0.154132
vt 0.193532 0.153961
vt 0.177137 0.153745
vt 0.006713 0.129033
vt 0.190215 0.420058
vt 0.203424 0.401178
vt 0.553647 0.144208
vt 0.384924 0.173791
vt 0.206343 0.172642
vt 0.190159 0.172405
vt 0.173936 0.172372
vt 0.003973 0.148022
vt 0.186898 0.401337
vt 0.202604 0.386677
vt 0.554834 0.162771
vt 0.385470 0.187967
vt 0.205081 0.187022
vt 0.188597 0.186782
vt 0.172174 0.186809
vt 0.001891 0.162686
vt 0.185842 0.386788
vt 0.555685 0.177003
vt 0.385343 0.200106
vt 0.202607 0.201731
vt 0.171106 0.200271
vt 0.000000 0.176190
vt 0.206973 0.722768
vt 0.200351 0.549697
vt 0.189015 0.512191
vt 0.183849 0.491825
vt 0.179832 0.477128
vt 0.177278 0.454794
vt 0.176089 0.437780
vt 0.173919 0.420187
vt 0.170021 0.401253
vt 0.168909 0.386310
vt 0.169347 0.372326
vt 0.184253 0.098704
vt 0.229098 0.509685
vt 0.238178 0.549374
vt 0.245197 0.721330
vt 0.225804 0.024368
vt 0.230830 0.063958
vt 0.227568 0.083892
vt 0.225062 0.098338
vt 0.223971 0.120244
vt 0.223731 0.136925
vt 0.222671 0.154224
vt 0.220055 0.172901
vt 0.218898 0.187601
vt 0.212936 0.200858
vt 0.211104 0.372773
vt 0.216618 0.386153
vt 0.217351 0.400926
vt 0.219605 0.419675
vt 0.220424 0.437031
vt 0.220598 0.453761
vt 0.221913 0.475647
vt 0.224894 0.489974
vt 0.268380 0.548790
vt 0.269234 0.507861
vt 0.275357 0.548457
vt 0.276003 0.720104
vt 0.283170 0.719775
vt 0.268638 0.022593
vt 0.271024 0.064340
vt 0.263432 0.064229
vt 0.268330 0.084102
vt 0.260618 0.084034
vt 0.266631 0.098442
vt 0.258762 0.098398
vt 0.266660 0.120218
vt 0.258590 0.120214
vt 0.259128 0.136846
vt 0.267384 0.136825
vt 0.267593 0.154047
vt 0.259105 0.154117
vt 0.266433 0.172603
vt 0.257667 0.172780
vt 0.265617 0.187088
vt 0.256801 0.187478
vt 0.256302 0.200740
vt 0.265122 0.201166
vt 0.254702 0.373131
vt 0.263560 0.372733
vt 0.263763 0.386722
vt 0.254868 0.386330
vt 0.255422 0.400941
vt 0.264305 0.401094
vt 0.256560 0.419461
vt 0.265182 0.419478
vt 0.256401 0.436587
vt 0.264783 0.436527
vt 0.263960 0.452945
vt 0.255757 0.453055
vt 0.256111 0.474619
vt 0.264077 0.474439
vt 0.258257 0.488722
vt 0.266028 0.488510
vt 0.261661 0.508092
vt 0.303683 0.547188
vt 0.316477 0.507327
vt 0.318857 0.546403
vt 0.327827 0.717553
vt 0.312249 0.718372
vt 0.305169 0.024093
vt 0.318421 0.065195
vt 0.301878 0.064870
vt 0.316661 0.084737
vt 0.299753 0.084480
vt 0.316030 0.098917
vt 0.298737 0.098710
vt 0.299561 0.120347
vt 0.317263 0.120497
vt 0.300997 0.136859
vt 0.319022 0.136999
vt 0.302153 0.153991
vt 0.320615 0.154177
vt 0.321177 0.172727
vt 0.302177 0.172377
vt 0.320717 0.187217
vt 0.301606 0.186630
vt 0.319591 0.200665
vt 0.300553 0.201398
vt 0.318537 0.373395
vt 0.299247 0.372569
vt 0.300149 0.387208
vt 0.319547 0.386735
vt 0.300550 0.401313
vt 0.319876 0.401076
vt 0.300278 0.419489
vt 0.319035 0.419398
vt 0.317133 0.436365
vt 0.298886 0.436401
vt 0.315143 0.452677
vt 0.297298 0.452695
vt 0.313806 0.474017
vt 0.296460 0.474028
vt 0.297594 0.488039
vt 0.314508 0.488045
vt 0.299970 0.507309
vt 0.332549 0.545071
vt 0.341906 0.716765
vt 0.334654 0.027531
vt 0.333208 0.065488
vt 0.331834 0.084982
vt 0.331567 0.099129
vt 0.333136 0.120668
vt 0.335119 0.137173
vt 0.337021 0.154396
vt 0.338036 0.173019
vt 0.337733 0.187523
vt 0.336571 0.200568
vt 0.335646 0.373603
vt 0.336831 0.386580
vt 0.337097 0.400947
vt 0.335746 0.419338
vt 0.333402 0.436364
vt 0.331062 0.452722
vt 0.329290 0.474126
vt 0.329611 0.488225
vt 0.331224 0.507692
vt 0.287377 0.547959
vt 0.282266 0.507551
vt 0.279418 0.488237
vt 0.277811 0.474202
vt 0.279245 0.436463
vt 0.278100 0.452802
vt 0.280068 0.419521
vt 0.279671 0.401335
vt 0.279181 0.387270
vt 0.280197 0.201651
vt 0.278695 0.372274
vt 0.280891 0.186537
vt 0.281596 0.172336
vt 0.282251 0.153949
vt 0.281628 0.136803
vt 0.280225 0.098535
vt 0.280591 0.120250
vt 0.281639 0.084244
vt 0.284108 0.064550
vt 0.288335 0.023286
vt 0.295506 0.719195
vt 0.275885 0.022918
vt 0.237321 0.023473
vt 0.344801 0.543476
vt 0.354469 0.716035
vt 0.346778 0.030939
vt 0.346800 0.065747
vt 0.345849 0.085200
vt 0.345947 0.099342
vt 0.347783 0.120856
vt 0.349889 0.137375
vt 0.351987 0.154632
vt 0.353361 0.173295
vt 0.353293 0.187794
vt 0.352209 0.200485
vt 0.351373 0.373782
vt 0.352702 0.386488
vt 0.352895 0.400871
vt 0.351065 0.419307
vt 0.348312 0.436384
vt 0.345657 0.452799
vt 0.343491 0.474291
vt 0.343446 0.488487
vt 0.344708 0.508139
vt 0.372193 0.541516
vt 0.382044 0.714469
vt 0.384554 0.374167
vt 0.386143 0.386341
vt 0.386133 0.400734
vt 0.383265 0.419239
vt 0.379616 0.436419
vt 0.376268 0.452973
vt 0.373293 0.474701
vt 0.372574 0.489083
vt 0.373093 0.509045
vt 0.342499 0.008897
vt 0.348983 0.029072
vt 0.346280 0.029940
vt 0.345587 0.007905
vt 0.351629 0.028040
vt 0.348608 0.006727
vt 0.354231 0.026905
vt 0.351581 0.005430
vt 0.356820 0.025739
vt 0.354538 0.004099
vt 0.359431 0.024624
vt 0.360563 0.001702
vt 0.357521 0.002825
vt 0.363683 0.000815
vt 0.362095 0.023641
vt 0.366873 0.000233
vt 0.364826 0.022864
vt 0.370108 0.000000
vt 0.367619 0.022355
vt 0.373348 0.000133
vt 0.370451 0.022151
vt 0.376555 0.000616
vt 0.373288 0.022267
vt 0.379701 0.001405
vt 0.376096 0.022690
vt 0.382777 0.002434
vt 0.378849 0.023381
vt 0.385797 0.003614
vt 0.381542 0.024281
vt 0.386810 0.026400
vt 0.384187 0.025315
vt 0.388794 0.004854
vt 0.389447 0.027455
vt 0.391805 0.006058
vt 0.392123 0.028404
vt 0.394862 0.007142
vt 0.394852 0.029188
vt 0.397979 0.008038
vt 0.397631 0.029766
vt 0.401154 0.008699
vt 0.400448 0.030123
vt 0.856019 0.081254
vt 0.856245 0.083833
vt 0.845973 0.086494
vt 0.855045 0.079046
vt 0.853415 0.077604
vt 0.851548 0.076986
vt 0.849174 0.076968
vt 0.846246 0.078074
vt 0.843209 0.079968
vt 0.840689 0.082800
vt 0.839424 0.086439
vt 0.840606 0.090098
vt 0.843066 0.092968
vt 0.846064 0.094904
vt 0.848974 0.096044
vt 0.851355 0.096063
vt 0.853245 0.095479
vt 0.854905 0.094037
vt 0.855915 0.091819
vt 0.856190 0.089231
vt 0.855597 0.086523
vt 0.748788 0.074921
vt 0.748676 0.074560
vt 0.750115 0.074855
vt 0.748693 0.074217
vt 0.748837 0.073922
vt 0.749092 0.073697
vt 0.749442 0.073565
vt 0.749860 0.073533
vt 0.750313 0.073612
vt 0.750766 0.073801
vt 0.751177 0.074091
vt 0.751287 0.074590
vt 0.751270 0.075109
vt 0.751122 0.075597
vt 0.750854 0.076002
vt 0.750493 0.076283
vt 0.750077 0.076403
vt 0.749658 0.076342
vt 0.749306 0.076100
vt 0.749089 0.075721
vt 0.749014 0.075288
vt 0.873022 0.068595
vt 0.866078 0.079356
vt 0.862543 0.072592
vt 0.866460 0.061151
vt 0.857132 0.067356
vt 0.857832 0.055933
vt 0.850453 0.064148
vt 0.843233 0.063215
vt 0.847850 0.053531
vt 0.836209 0.064542
vt 0.837425 0.054335
vt 0.830043 0.067899
vt 0.827609 0.058433
vt 0.825277 0.072905
vt 0.819494 0.065533
vt 0.822342 0.079071
vt 0.814013 0.074925
vt 0.821575 0.085814
vt 0.811723 0.085567
vt 0.822004 0.092588
vt 0.813479 0.096310
vt 0.824628 0.098892
vt 0.818482 0.105964
vt 0.829137 0.104130
vt 0.826233 0.113462
vt 0.835129 0.107792
vt 0.835831 0.118045
vt 0.846204 0.119369
vt 0.842079 0.109468
vt 0.856294 0.117469
vt 0.849338 0.108896
vt 0.865171 0.112688
vt 0.856169 0.106025
vt 0.872097 0.105581
vt 0.861834 0.101064
vt 0.876523 0.096837
vt 0.865702 0.094482
vt 0.878077 0.087226
vt 0.867379 0.086956
vt 0.877006 0.077549
vt 0.862791 0.080569
vt 0.859849 0.075007
vt 0.855360 0.070799
vt 0.849931 0.068278
vt 0.844135 0.067560
vt 0.838495 0.068627
vt 0.833503 0.071332
vt 0.829586 0.075387
vt 0.827049 0.080402
vt 0.826043 0.085928
vt 0.826772 0.091497
vt 0.829056 0.096633
vt 0.832767 0.100881
vt 0.837620 0.103834
vt 0.843204 0.105182
vt 0.849034 0.104752
vt 0.854585 0.102499
vt 0.859277 0.098512
vt 0.862488 0.093095
vt 0.863669 0.086856
vt 0.862193 0.081302
vt 0.859422 0.076614
vt 0.855438 0.073320
vt 0.850957 0.071453
vt 0.846358 0.070875
vt 0.841846 0.071488
vt 0.837591 0.073378
vt 0.833967 0.076599
vt 0.831466 0.080970
vt 0.830513 0.086051
vt 0.831212 0.091176
vt 0.833498 0.095676
vt 0.836970 0.099084
vt 0.841143 0.101187
vt 0.845638 0.102018
vt 0.850273 0.101650
vt 0.854846 0.099981
vt 0.858981 0.096859
vt 0.861957 0.092288
vt 0.862996 0.086812
vt 0.860758 0.082053
vt 0.858424 0.078150
vt 0.854881 0.075779
vt 0.851193 0.074892
vt 0.847983 0.075014
vt 0.845035 0.075891
vt 0.841688 0.076981
vt 0.838442 0.079020
vt 0.835943 0.082227
vt 0.834637 0.086235
vt 0.835745 0.090320
vt 0.838112 0.093656
vt 0.841301 0.095840
vt 0.844648 0.097046
vt 0.847612 0.097989
vt 0.850848 0.098181
vt 0.854578 0.097381
vt 0.858190 0.095094
vt 0.860629 0.091251
vt 0.861200 0.086658
vt 0.741177 0.082681
vt 0.742256 0.077354
vt 0.744472 0.080267
vt 0.737615 0.077176
vt 0.741095 0.074037
vt 0.736373 0.071405
vt 0.740852 0.070678
vt 0.736668 0.066151
vt 0.741403 0.067428
vt 0.737972 0.061443
vt 0.742752 0.064352
vt 0.740236 0.057260
vt 0.744979 0.061643
vt 0.747575 0.051436
vt 0.743484 0.053821
vt 0.752197 0.050363
vt 0.748044 0.059659
vt 0.756933 0.050745
vt 0.751694 0.058772
vt 0.761433 0.052485
vt 0.755502 0.059199
vt 0.765258 0.055551
vt 0.759062 0.060850
vt 0.768025 0.059706
vt 0.761803 0.063602
vt 0.769441 0.064596
vt 0.763403 0.067080
vt 0.769392 0.069802
vt 0.763754 0.070821
vt 0.767923 0.074998
vt 0.762957 0.074427
vt 0.758589 0.080361
vt 0.761195 0.077665
vt 0.765005 0.079983
vt 0.755256 0.082241
vt 0.760354 0.084288
vt 0.751450 0.082940
vt 0.753987 0.086790
vt 0.747661 0.082205
vt 0.746987 0.086423
vt 0.743902 0.074209
vt 0.744568 0.075977
vt 0.743998 0.072466
vt 0.744598 0.070969
vt 0.745570 0.069740
vt 0.746860 0.068719
vt 0.748507 0.067978
vt 0.750463 0.067638
vt 0.752585 0.067840
vt 0.754658 0.068635
vt 0.755823 0.070547
vt 0.756401 0.072689
vt 0.756313 0.074834
vt 0.755634 0.076757
vt 0.753046 0.079472
vt 0.754515 0.078322
vt 0.751245 0.080094
vt 0.749231 0.079971
vt 0.747354 0.078984
vt 0.746083 0.077235
vt 0.410251 0.006855
vt 0.410852 0.025961
vt 0.407574 0.007715
vt 0.412871 0.005833
vt 0.413197 0.025209
vt 0.415449 0.004709
vt 0.415490 0.024314
vt 0.418013 0.003554
vt 0.417747 0.023330
vt 0.420599 0.002449
vt 0.419992 0.022319
vt 0.423237 0.001476
vt 0.422256 0.021352
vt 0.426934 0.019826
vt 0.424565 0.020499
vt 0.425942 0.000707
vt 0.429356 0.019384
vt 0.428709 0.000202
vt 0.431811 0.019207
vt 0.431514 0.000000
vt 0.434271 0.019308
vt 0.434324 0.000115
vt 0.436706 0.019675
vt 0.437104 0.000534
vt 0.439094 0.020274
vt 0.439832 0.001219
vt 0.441429 0.021055
vt 0.442499 0.002110
vt 0.443722 0.021951
vt 0.445118 0.003134
vt 0.445997 0.022892
vt 0.447717 0.004209
vt 0.448283 0.023806
vt 0.452978 0.006193
vt 0.450328 0.005253
vt 0.455681 0.006970
vt 0.450603 0.024629
vt 0.458434 0.007543
vt 0.452969 0.025309
vt 0.461224 0.007896
vt 0.455380 0.025811
vt 0.614024 0.127848
vt 0.614220 0.130097
vt 0.605264 0.132417
vt 0.613174 0.125922
vt 0.611753 0.124665
vt 0.610125 0.124126
vt 0.608055 0.124110
vt 0.605501 0.125075
vt 0.602853 0.126727
vt 0.600656 0.129196
vt 0.599554 0.132369
vt 0.600584 0.135559
vt 0.602729 0.138062
vt 0.605343 0.139751
vt 0.607881 0.140744
vt 0.609957 0.140761
vt 0.611605 0.140251
vt 0.613053 0.138994
vt 0.613933 0.137061
vt 0.614173 0.134804
vt 0.613655 0.132442
vt 0.770688 0.101385
vt 0.770594 0.101084
vt 0.771793 0.101329
vt 0.770609 0.100798
vt 0.770729 0.100552
vt 0.770941 0.100365
vt 0.771233 0.100255
vt 0.771580 0.100229
vt 0.771958 0.100295
vt 0.772335 0.100452
vt 0.772677 0.100693
vt 0.772769 0.101109
vt 0.772755 0.101541
vt 0.772632 0.101947
vt 0.772409 0.102285
vt 0.772108 0.102518
vt 0.771761 0.102619
vt 0.771412 0.102568
vt 0.771119 0.102366
vt 0.770938 0.102051
vt 0.770876 0.101690
vt 0.632324 0.124617
vt 0.619712 0.120294
vt 0.628850 0.116809
vt 0.614994 0.115729
vt 0.623128 0.110318
vt 0.609170 0.112932
vt 0.615605 0.105768
vt 0.602875 0.112118
vt 0.606901 0.103674
vt 0.596750 0.113275
vt 0.597810 0.104375
vt 0.591373 0.116203
vt 0.589251 0.107948
vt 0.587217 0.120568
vt 0.582174 0.114139
vt 0.577396 0.122329
vt 0.584658 0.125944
vt 0.575398 0.131608
vt 0.583989 0.131824
vt 0.576929 0.140976
vt 0.584364 0.137730
vt 0.581293 0.149395
vt 0.586651 0.143228
vt 0.588051 0.155932
vt 0.590584 0.147795
vt 0.596421 0.159929
vt 0.595808 0.150988
vt 0.605466 0.161083
vt 0.601868 0.152450
vt 0.614263 0.159426
vt 0.608198 0.151951
vt 0.622005 0.155258
vt 0.614154 0.149447
vt 0.628043 0.149060
vt 0.619094 0.145121
vt 0.622467 0.139382
vt 0.631903 0.141436
vt 0.623929 0.132820
vt 0.633258 0.133055
vt 0.622795 0.126193
vt 0.617363 0.122400
vt 0.613449 0.118731
vt 0.608715 0.116533
vt 0.603661 0.115907
vt 0.598743 0.116837
vt 0.594391 0.119196
vt 0.590975 0.122732
vt 0.588763 0.127105
vt 0.587886 0.131923
vt 0.588521 0.136779
vt 0.590513 0.141258
vt 0.593749 0.144962
vt 0.597980 0.147537
vt 0.602850 0.148713
vt 0.607933 0.148338
vt 0.612774 0.146373
vt 0.616865 0.142897
vt 0.619664 0.138173
vt 0.620694 0.132733
vt 0.619928 0.127251
vt 0.616991 0.123802
vt 0.613517 0.120930
vt 0.609610 0.119302
vt 0.605600 0.118798
vt 0.601665 0.119332
vt 0.597955 0.120980
vt 0.594795 0.123788
vt 0.592614 0.127600
vt 0.591783 0.132030
vt 0.592393 0.136499
vt 0.594386 0.140424
vt 0.597413 0.143395
vt 0.601052 0.145229
vt 0.604971 0.145953
vt 0.609013 0.145633
vt 0.613001 0.144177
vt 0.616607 0.141455
vt 0.619202 0.137469
vt 0.620108 0.132694
vt 0.619407 0.127890
vt 0.616121 0.125141
vt 0.613031 0.123074
vt 0.609816 0.122300
vt 0.607017 0.122407
vt 0.604446 0.123171
vt 0.601527 0.124122
vt 0.598697 0.125900
vt 0.596518 0.128696
vt 0.595379 0.132191
vt 0.596345 0.135753
vt 0.598409 0.138662
vt 0.601190 0.140567
vt 0.604109 0.141618
vt 0.606693 0.142440
vt 0.609515 0.142607
vt 0.612767 0.141910
vt 0.615917 0.139916
vt 0.618044 0.136565
vt 0.618541 0.132560
vt 0.618156 0.128544
vt 0.761383 0.103263
vt 0.767093 0.105836
vt 0.764349 0.107847
vt 0.760348 0.098456
vt 0.765248 0.103411
vt 0.764079 0.097851
vt 0.764280 0.100648
vt 0.760593 0.094081
vt 0.764537 0.095144
vt 0.761679 0.090159
vt 0.765661 0.092582
vt 0.763565 0.086675
vt 0.767515 0.090325
vt 0.766271 0.083811
vt 0.770068 0.088674
vt 0.769678 0.081825
vt 0.773108 0.087934
vt 0.773527 0.080931
vt 0.776280 0.088290
vt 0.777472 0.081249
vt 0.779244 0.089665
vt 0.781219 0.082698
vt 0.781528 0.091957
vt 0.784405 0.085252
vt 0.782860 0.094854
vt 0.787889 0.092785
vt 0.786709 0.088713
vt 0.787848 0.097121
vt 0.783152 0.097969
vt 0.786625 0.101448
vt 0.782489 0.100973
vt 0.784194 0.105600
vt 0.781021 0.103669
vt 0.780321 0.109186
vt 0.778851 0.105915
vt 0.775018 0.111269
vt 0.776075 0.107481
vt 0.769188 0.110964
vt 0.772905 0.108063
vt 0.769749 0.107451
vt 0.767173 0.102264
vt 0.766698 0.099340
vt 0.766619 0.100791
vt 0.767198 0.098093
vt 0.768008 0.097069
vt 0.769082 0.096219
vt 0.770454 0.095602
vt 0.772083 0.095319
vt 0.773850 0.095487
vt 0.775577 0.096149
vt 0.776547 0.097741
vt 0.777028 0.099526
vt 0.776955 0.101312
vt 0.776390 0.102913
vt 0.775457 0.104217
vt 0.774234 0.105175
vt 0.772734 0.105693
vt 0.771057 0.105590
vt 0.769493 0.104768
vt 0.768435 0.103312
vt 0.626607 0.153925
vt 0.627338 0.177179
vt 0.623348 0.154971
vt 0.629796 0.152681
vt 0.630191 0.176263
vt 0.632933 0.151312
vt 0.632983 0.175174
vt 0.638462 0.172745
vt 0.635730 0.173976
vt 0.636054 0.149907
vt 0.641217 0.171568
vt 0.639201 0.148563
vt 0.644028 0.170531
vt 0.642412 0.147378
vt 0.646911 0.169711
vt 0.645704 0.146442
vt 0.649858 0.169173
vt 0.649071 0.145827
vt 0.652847 0.168958
vt 0.652485 0.145582
vt 0.655841 0.169081
vt 0.655905 0.145722
vt 0.658804 0.169527
vt 0.659289 0.146231
vt 0.661711 0.170257
vt 0.662609 0.147065
vt 0.664552 0.171207
vt 0.669043 0.149396
vt 0.665855 0.148150
vt 0.672206 0.150704
vt 0.667343 0.172298
vt 0.675384 0.151975
vt 0.670112 0.173443
vt 0.678609 0.153119
vt 0.672894 0.174556
vt 0.681899 0.154064
vt 0.675718 0.175557
vt 0.685250 0.154762
vt 0.678598 0.176385
vt 0.688645 0.155192
vt 0.681532 0.176995
vt 0.594622 0.029179
vt 0.594859 0.031894
vt 0.584048 0.034694
vt 0.593596 0.026855
vt 0.591881 0.025338
vt 0.589915 0.024687
vt 0.587418 0.024668
vt 0.584335 0.025832
vt 0.581138 0.027826
vt 0.578486 0.030806
vt 0.577155 0.034637
vt 0.578399 0.038487
vt 0.580988 0.041508
vt 0.584144 0.043546
vt 0.587207 0.044746
vt 0.589713 0.044766
vt 0.591702 0.044151
vt 0.593449 0.042634
vt 0.594512 0.040299
vt 0.594802 0.037575
vt 0.594177 0.034725
vt 0.961789 0.025847
vt 0.961671 0.025467
vt 0.963185 0.025777
vt 0.961689 0.025106
vt 0.961841 0.024795
vt 0.962109 0.024559
vt 0.962478 0.024419
vt 0.962917 0.024386
vt 0.963394 0.024469
vt 0.963870 0.024668
vt 0.964303 0.024973
vt 0.964419 0.025499
vt 0.964401 0.026045
vt 0.964245 0.026558
vt 0.963964 0.026985
vt 0.963584 0.027280
vt 0.963146 0.027406
vt 0.962705 0.027342
vt 0.962334 0.027088
vt 0.962105 0.026689
vt 0.962027 0.026233
vt 0.616711 0.025280
vt 0.601488 0.020062
vt 0.612517 0.015855
vt 0.595793 0.014551
vt 0.605611 0.008020
vt 0.588763 0.011175
vt 0.596530 0.002527
vt 0.586024 0.000000
vt 0.581164 0.010192
vt 0.575050 0.000845
vt 0.573771 0.011589
vt 0.564720 0.005159
vt 0.567281 0.015123
vt 0.556178 0.012632
vt 0.562265 0.020391
vt 0.550409 0.022518
vt 0.559176 0.026881
vt 0.547998 0.033718
vt 0.558368 0.033979
vt 0.549847 0.045026
vt 0.558820 0.041108
vt 0.555113 0.055187
vt 0.561581 0.047744
vt 0.563271 0.063078
vt 0.566328 0.053257
vt 0.573374 0.067903
vt 0.572635 0.057111
vt 0.579949 0.058875
vt 0.584291 0.069296
vt 0.587589 0.058272
vt 0.594911 0.067296
vt 0.594779 0.055251
vt 0.604255 0.062264
vt 0.600742 0.050029
vt 0.611544 0.054784
vt 0.604813 0.043102
vt 0.616203 0.045580
vt 0.606578 0.035180
vt 0.617839 0.035465
vt 0.605209 0.027182
vt 0.598652 0.022603
vt 0.593928 0.018175
vt 0.588213 0.015521
vt 0.582114 0.014766
vt 0.576177 0.015889
vt 0.570923 0.018735
vt 0.566800 0.023004
vt 0.564130 0.028283
vt 0.563071 0.034098
vt 0.563839 0.039960
vt 0.566242 0.045366
vt 0.570148 0.049837
vt 0.575256 0.052945
vt 0.581134 0.054364
vt 0.587269 0.053912
vt 0.593113 0.051540
vt 0.598051 0.047344
vt 0.601430 0.041642
vt 0.602673 0.035075
vt 0.601749 0.028458
vt 0.598203 0.024295
vt 0.594010 0.020829
vt 0.589293 0.018863
vt 0.584454 0.018255
vt 0.579704 0.018900
vt 0.575226 0.020889
vt 0.571412 0.024279
vt 0.568779 0.028880
vt 0.567776 0.034228
vt 0.568511 0.039622
vt 0.570918 0.044359
vt 0.574572 0.047946
vt 0.578964 0.050159
vt 0.583695 0.051033
vt 0.588574 0.050647
vt 0.593387 0.048890
vt 0.597740 0.045603
vt 0.600872 0.040792
vt 0.601965 0.035029
vt 0.601120 0.029229
vt 0.597153 0.025912
vt 0.593424 0.023417
vt 0.589542 0.022483
vt 0.586164 0.022612
vt 0.583061 0.023534
vt 0.579538 0.024681
vt 0.576122 0.026828
vt 0.573491 0.030203
vt 0.572116 0.034422
vt 0.573282 0.038721
vt 0.575774 0.042232
vt 0.579131 0.044531
vt 0.582654 0.045801
vt 0.585773 0.046793
vt 0.589179 0.046995
vt 0.593105 0.046153
vt 0.596906 0.043746
vt 0.599474 0.039701
vt 0.600074 0.034867
vt 0.599609 0.030019
vt 0.950030 0.028220
vt 0.957247 0.031473
vt 0.953778 0.034014
vt 0.948722 0.022146
vt 0.954914 0.028408
vt 0.953437 0.021381
vt 0.953692 0.024916
vt 0.949032 0.016617
vt 0.954016 0.017960
vt 0.950405 0.011661
vt 0.955437 0.014723
vt 0.952788 0.007259
vt 0.957780 0.011871
vt 0.956207 0.003639
vt 0.961006 0.009784
vt 0.960512 0.001130
vt 0.964847 0.008850
vt 0.965377 0.000000
vt 0.968856 0.009299
vt 0.970362 0.000402
vt 0.972602 0.011037
vt 0.975097 0.002233
vt 0.975487 0.013934
vt 0.979123 0.005460
vt 0.977171 0.017594
vt 0.983526 0.014980
vt 0.982035 0.009834
vt 0.983474 0.020459
vt 0.977540 0.021531
vt 0.981928 0.025927
vt 0.976702 0.025327
vt 0.978856 0.031174
vt 0.974847 0.028734
vt 0.973962 0.035705
vt 0.972105 0.031572
vt 0.967260 0.038338
vt 0.968597 0.033551
vt 0.959894 0.037953
vt 0.964591 0.034287
vt 0.960603 0.033513
vt 0.957348 0.026959
vt 0.956647 0.025097
vt 0.957379 0.021687
vt 0.956748 0.023263
vt 0.958402 0.020393
vt 0.959760 0.019319
vt 0.961493 0.018539
vt 0.963551 0.018182
vt 0.965785 0.018395
vt 0.967967 0.019231
vt 0.969193 0.021243
vt 0.969801 0.023498
vt 0.969709 0.025755
vt 0.968995 0.027779
vt 0.967816 0.029427
vt 0.966270 0.030637
vt 0.964375 0.031291
vt 0.962255 0.031162
vt 0.960279 0.030123
vt 0.958942 0.028282
vt 0.828613 0.782902
vt 0.810360 0.811197
vt 0.816380 0.777957
vt 0.412696 0.717859
vt 0.410679 0.718446
vt 0.032405 0.876556
vt 0.009015 0.852359
vt 0.019856 0.844861
vt 0.009958 0.881274
vt 0.000000 0.856698
vt 0.002003 0.856066
vt 0.824660 0.813343
vt 0.824709 0.811237
vt 0.829317 0.780914
vt 0.817068 0.775982
vt 0.836179 0.785305
vt 0.833141 0.813676
vt 0.833217 0.811580
vt 0.018218 0.879263
vt 0.836835 0.783313
vt 0.040732 0.874150
vt 0.026986 0.840849
vt 0.810286 0.813289
vt 0.801664 0.810581
vt 0.808635 0.775495
vt 0.809183 0.773485
vt 0.033084 0.838926
vt 0.801570 0.812679
vt 0.795065 0.810265
vt 0.802342 0.774445
vt 0.802902 0.772396
vt 0.041444 0.834411
vt 0.047143 0.872524
vt 0.795036 0.812356
vt 0.784859 0.810099
vt 0.793242 0.771578
vt 0.794034 0.769625
vt 0.054840 0.823226
vt 0.057034 0.870094
vt 0.785045 0.812202
vt 0.764013 0.813821
vt 0.778029 0.763772
vt 0.778865 0.761859
vt 0.067847 0.815444
vt 0.078189 0.870426
vt 0.764311 0.815899
vt 0.746383 0.816283
vt 0.763838 0.758335
vt 0.764634 0.756388
vt 0.083136 0.805324
vt 0.096141 0.869857
vt 0.746607 0.818358
vt 0.726319 0.816773
vt 0.746803 0.751405
vt 0.747603 0.749469
vt 0.094174 0.799502
vt 0.115648 0.865722
vt 0.726694 0.818872
vt 0.710102 0.822795
vt 0.735055 0.747278
vt 0.736024 0.745394
vt 0.145826 0.860430
vt 0.104889 0.787804
vt 0.710177 0.824832
vt 0.695592 0.817593
vt 0.722174 0.738640
vt 0.723245 0.736845
vt 0.112203 0.780667
vt 0.695414 0.819724
vt 0.684031 0.818343
vt 0.713689 0.733491
vt 0.714558 0.731604
vt 0.122554 0.775923
vt 0.157553 0.859837
vt 0.684028 0.820414
vt 0.672066 0.817342
vt 0.702880 0.730233
vt 0.703594 0.728243
vt 0.134414 0.769233
vt 0.168868 0.856243
vt 0.672275 0.819487
vt 0.654662 0.823000
vt 0.690107 0.725863
vt 0.690802 0.723875
vt 0.198454 0.841858
vt 0.150030 0.759249
vt 0.654252 0.824977
vt 0.640073 0.809168
vt 0.673084 0.719519
vt 0.673645 0.717508
vt 0.168975 0.754307
vt 0.217737 0.846701
vt 0.163857 0.756030
vt 0.622348 0.819187
vt 0.615004 0.818628
vt 0.621386 0.817379
vt 0.654289 0.717506
vt 0.659571 0.718317
vt 0.659770 0.716181
vt 0.654639 0.715436
vt 0.185393 0.748134
vt 0.224291 0.847046
vt 0.615236 0.820719
vt 0.595827 0.818656
vt 0.637222 0.714208
vt 0.637578 0.712141
vt 0.633360 0.807631
vt 0.632741 0.805573
vt 0.204225 0.836074
vt 0.157706 0.756664
vt 0.665711 0.716138
vt 0.665432 0.718204
vt 0.639198 0.811030
vt 0.204663 0.741645
vt 0.243356 0.844457
vt 0.595548 0.820724
vt 0.576628 0.812457
vt 0.617223 0.710985
vt 0.617506 0.708906
vt 0.226918 0.735927
vt 0.260935 0.834736
vt 0.575956 0.814441
vt 0.556292 0.803280
vt 0.594566 0.708809
vt 0.594788 0.706713
vt 0.241985 0.730853
vt 0.278983 0.821815
vt 0.555565 0.805266
vt 0.540722 0.798894
vt 0.579040 0.706719
vt 0.579092 0.704629
vt 0.261149 0.729728
vt 0.293757 0.815811
vt 0.539968 0.800849
vt 0.525056 0.791972
vt 0.560366 0.707808
vt 0.560130 0.705708
vt 0.295025 0.722411
vt 0.308138 0.806744
vt 0.524106 0.793872
vt 0.516978 0.788311
vt 0.526227 0.707712
vt 0.525131 0.706019
vt 0.305813 0.746023
vt 0.315722 0.803018
vt 0.515660 0.789848
vt 0.511403 0.780842
vt 0.519064 0.730493
vt 0.518666 0.728422
vt 0.327100 0.791303
vt 0.307884 0.735090
vt 0.509950 0.782426
vt 0.504432 0.777912
vt 0.515058 0.720967
vt 0.516619 0.719995
vt 0.333853 0.784046
vt 0.309986 0.730269
vt 0.503279 0.779607
vt 0.496487 0.772246
vt 0.512238 0.716868
vt 0.513833 0.715544
vt 0.342551 0.778901
vt 0.312607 0.726440
vt 0.495387 0.774059
vt 0.487219 0.767993
vt 0.509109 0.713532
vt 0.510507 0.711939
vt 0.351350 0.772830
vt 0.317726 0.718220
vt 0.486223 0.769838
vt 0.477723 0.763027
vt 0.502471 0.707241
vt 0.503028 0.705317
vt 0.328123 0.719974
vt 0.476653 0.764836
vt 0.470941 0.758863
vt 0.493044 0.709002
vt 0.492508 0.706959
vt 0.345405 0.727036
vt 0.357643 0.767972
vt 0.469711 0.760568
vt 0.462489 0.752170
vt 0.476962 0.717062
vt 0.476558 0.714958
vt 0.368539 0.747908
vt 0.353385 0.722823
vt 0.461076 0.753610
vt 0.456705 0.742404
vt 0.468067 0.715389
vt 0.468209 0.713356
vt 0.357179 0.721546
vt 0.455602 0.744278
vt 0.452080 0.742384
vt 0.464227 0.714942
vt 0.464087 0.712901
vt 0.366705 0.723423
vt 0.373434 0.748222
vt 0.451686 0.744404
vt 0.444893 0.741113
vt 0.455234 0.717259
vt 0.454867 0.715175
vt 0.375230 0.723603
vt 0.380976 0.746803
vt 0.444423 0.743151
vt 0.438601 0.738813
vt 0.446459 0.717986
vt 0.447589 0.717083
vt 0.382461 0.720999
vt 0.387694 0.743960
vt 0.437828 0.740748
vt 0.432793 0.735192
vt 0.438857 0.715674
vt 0.440833 0.714931
vt 0.393473 0.738870
vt 0.431813 0.737029
vt 0.414760 0.716979
vt 0.939460 0.124090
vt 0.907247 0.129745
vt 0.911940 0.119338
vt 0.895867 0.484548
vt 0.895351 0.486576
vt 0.846898 0.835558
vt 0.877382 0.847609
vt 0.849199 0.846605
vt 0.875611 0.854657
vt 0.850361 0.855529
vt 0.850163 0.853461
vt 0.941551 0.123806
vt 0.940492 0.136397
vt 0.910100 0.118297
vt 0.905345 0.128867
vt 0.939185 0.116883
vt 0.914594 0.112925
vt 0.941215 0.116579
vt 0.912880 0.111888
vt 0.846288 0.828616
vt 0.880867 0.835594
vt 0.942575 0.136181
vt 0.940490 0.143773
vt 0.905230 0.136480
vt 0.903244 0.135865
vt 0.846987 0.823157
vt 0.882235 0.828255
vt 0.942593 0.143624
vt 0.940670 0.149420
vt 0.904783 0.142014
vt 0.902715 0.141471
vt 0.846394 0.815077
vt 0.883461 0.822681
vt 0.942758 0.149263
vt 0.941100 0.158159
vt 0.902674 0.149918
vt 0.900720 0.149119
vt 0.842044 0.800972
vt 0.885505 0.814101
vt 0.943182 0.157778
vt 0.946651 0.176136
vt 0.895890 0.163113
vt 0.893966 0.162309
vt 0.840227 0.788139
vt 0.894403 0.797406
vt 0.948702 0.175682
vt 0.950752 0.191404
vt 0.891774 0.175451
vt 0.889796 0.174729
vt 0.837450 0.772692
vt 0.901247 0.783104
vt 0.952811 0.191095
vt 0.952480 0.208602
vt 0.886337 0.190193
vt 0.884348 0.189543
vt 0.836729 0.762045
vt 0.905942 0.766465
vt 0.954538 0.208071
vt 0.961099 0.223083
vt 0.883864 0.200563
vt 0.881913 0.199731
vt 0.914335 0.741038
vt 0.831333 0.749744
vt 0.963085 0.222891
vt 0.956030 0.235240
vt 0.876144 0.211673
vt 0.874342 0.210637
vt 0.828370 0.741724
vt 0.958158 0.235365
vt 0.958529 0.245407
vt 0.871969 0.219090
vt 0.869994 0.218458
vt 0.828374 0.732098
vt 0.918573 0.731518
vt 0.960580 0.245248
vt 0.958333 0.255726
vt 0.870290 0.228569
vt 0.868229 0.228097
vt 0.827471 0.720666
vt 0.920184 0.721344
vt 0.960424 0.255252
vt 0.967347 0.271684
vt 0.867590 0.239682
vt 0.865565 0.239117
vt 0.920417 0.693046
vt 0.825423 0.705373
vt 0.969286 0.271905
vt 0.953416 0.283927
vt 0.862630 0.254237
vt 0.860652 0.253636
vt 0.828401 0.689205
vt 0.932292 0.679043
vt 0.827965 0.693746
vt 0.964273 0.299132
vt 0.964159 0.305580
vt 0.962435 0.300046
vt 0.862460 0.270663
vt 0.862844 0.266098
vt 0.860675 0.265992
vt 0.860397 0.270308
vt 0.829317 0.674340
vt 0.935016 0.673938
vt 0.966240 0.305473
vt 0.965760 0.322128
vt 0.860562 0.285431
vt 0.858497 0.285070
vt 0.951747 0.289364
vt 0.949759 0.290032
vt 0.917945 0.686423
vt 0.826202 0.698671
vt 0.859942 0.260607
vt 0.861991 0.260905
vt 0.955226 0.284915
vt 0.831083 0.656979
vt 0.939850 0.657995
vt 0.967818 0.322374
vt 0.961153 0.338502
vt 0.859004 0.302812
vt 0.856924 0.302553
vt 0.834816 0.637441
vt 0.938361 0.641044
vt 0.963167 0.339065
vt 0.953839 0.355750
vt 0.858948 0.322700
vt 0.856850 0.322510
vt 0.836547 0.623837
vt 0.934327 0.622750
vt 0.955878 0.356313
vt 0.951488 0.369068
vt 0.858129 0.336387
vt 0.856048 0.336352
vt 0.842989 0.608159
vt 0.934575 0.609237
vt 0.953503 0.369606
vt 0.946490 0.382425
vt 0.861443 0.353007
vt 0.859336 0.353066
vt 0.850599 0.578508
vt 0.932184 0.595192
vt 0.948512 0.383059
vt 0.944722 0.389294
vt 0.863455 0.383526
vt 0.861659 0.384332
vt 0.875545 0.577404
vt 0.931838 0.588116
vt 0.946512 0.390208
vt 0.938232 0.393960
vt 0.887630 0.389429
vt 0.885758 0.390093
vt 0.926314 0.576311
vt 0.867672 0.571874
vt 0.940037 0.395119
vt 0.936987 0.399749
vt 0.879215 0.393923
vt 0.878000 0.392984
vt 0.923442 0.568860
vt 0.864897 0.568498
vt 0.938881 0.400496
vt 0.932992 0.406601
vt 0.875940 0.396845
vt 0.874075 0.395989
vt 0.922962 0.560463
vt 0.863208 0.565050
vt 0.935015 0.407268
vt 0.931069 0.414739
vt 0.873733 0.400012
vt 0.871766 0.399273
vt 0.921809 0.551517
vt 0.859521 0.558116
vt 0.933083 0.415287
vt 0.928281 0.423241
vt 0.868900 0.406356
vt 0.866976 0.406262
vt 0.865129 0.550828
vt 0.930297 0.423803
vt 0.925997 0.429551
vt 0.873134 0.414624
vt 0.871176 0.415382
vt 0.878155 0.540013
vt 0.920423 0.544847
vt 0.927986 0.430237
vt 0.921249 0.437531
vt 0.883977 0.427740
vt 0.881940 0.428414
vt 0.908362 0.529106
vt 0.878788 0.532614
vt 0.922912 0.438688
vt 0.912046 0.443156
vt 0.883311 0.435390
vt 0.881291 0.435504
vt 0.879524 0.529465
vt 0.913958 0.444156
vt 0.913264 0.447289
vt 0.883681 0.438745
vt 0.881706 0.439231
vt 0.884703 0.522945
vt 0.910301 0.525145
vt 0.915306 0.447523
vt 0.913461 0.453757
vt 0.887740 0.446311
vt 0.885707 0.446927
vt 0.887915 0.516408
vt 0.911503 0.518409
vt 0.915499 0.454110
vt 0.912679 0.459735
vt 0.890215 0.453589
vt 0.888122 0.454044
vt 0.888515 0.510016
vt 0.911269 0.512014
vt 0.914696 0.460221
vt 0.910560 0.465778
vt 0.891018 0.460326
vt 0.888951 0.460528
vt 0.912357 0.466788
vt 0.893853 0.483908
vt 0.030387 0.697478
vt 0.011357 0.683540
vt 0.035097 0.689456
vt 0.069016 0.453485
vt 0.069481 0.451373
vt 0.138532 0.211482
vt 0.163202 0.213475
vt 0.161250 0.222047
vt 0.165022 0.208491
vt 0.149218 0.197390
vt 0.166032 0.206585
vt 0.011809 0.692766
vt 0.009210 0.683735
vt 0.036833 0.690728
vt 0.031963 0.698937
vt 0.026975 0.702016
vt 0.011945 0.698166
vt 0.009652 0.693074
vt 0.144722 0.203885
vt 0.028405 0.703445
vt 0.159526 0.227218
vt 0.009197 0.678050
vt 0.011364 0.677907
vt 0.037208 0.684241
vt 0.039048 0.685335
vt 0.157327 0.230895
vt 0.135302 0.216364
vt 0.009189 0.673666
vt 0.011360 0.673585
vt 0.038199 0.680016
vt 0.040184 0.680996
vt 0.155225 0.236878
vt 0.132717 0.220012
vt 0.009211 0.666996
vt 0.011406 0.666907
vt 0.040305 0.673842
vt 0.042268 0.674832
vt 0.153802 0.248420
vt 0.128695 0.225597
vt 0.006894 0.653310
vt 0.009056 0.653249
vt 0.045745 0.663479
vt 0.047663 0.664446
vt 0.151140 0.258097
vt 0.117449 0.234814
vt 0.005112 0.642033
vt 0.007259 0.642027
vt 0.049756 0.653819
vt 0.051707 0.654761
vt 0.148730 0.269916
vt 0.108566 0.242984
vt 0.004470 0.629629
vt 0.006673 0.629529
vt 0.054654 0.642229
vt 0.056611 0.643112
vt 0.146439 0.277678
vt 0.100949 0.253526
vt 0.000535 0.619499
vt 0.002589 0.619665
vt 0.056910 0.634207
vt 0.058934 0.635114
vt 0.089179 0.269199
vt 0.147314 0.288162
vt 0.003645 0.610539
vt 0.005876 0.610748
vt 0.062987 0.625495
vt 0.064674 0.626727
vt 0.147569 0.294865
vt 0.002705 0.603425
vt 0.004815 0.603537
vt 0.065519 0.619701
vt 0.067510 0.620528
vt 0.145377 0.301702
vt 0.084032 0.274588
vt 0.003172 0.596177
vt 0.005397 0.596167
vt 0.067383 0.612720
vt 0.069399 0.613510
vt 0.143574 0.310128
vt 0.080703 0.281242
vt 0.000000 0.585411
vt 0.002043 0.585730
vt 0.069317 0.604458
vt 0.071355 0.605243
vt 0.074887 0.301043
vt 0.141923 0.321667
vt 0.007479 0.575897
vt 0.009562 0.576495
vt 0.073508 0.594195
vt 0.075377 0.595194
vt 0.136602 0.332140
vt 0.063687 0.307147
vt 0.137839 0.329093
vt 0.005282 0.566014
vt 0.002755 0.561897
vt 0.004846 0.562258
vt 0.075247 0.583231
vt 0.074668 0.586452
vt 0.077272 0.584018
vt 0.076828 0.587142
vt 0.132968 0.342240
vt 0.060587 0.309837
vt 0.004036 0.550697
vt 0.006140 0.551094
vt 0.077688 0.572755
vt 0.079696 0.573528
vt 0.012126 0.571881
vt 0.003206 0.565850
vt 0.075416 0.306385
vt 0.140034 0.326174
vt 0.074784 0.589875
vt 0.076596 0.590857
vt 0.009785 0.571936
vt 0.128330 0.353741
vt 0.053519 0.319377
vt 0.007605 0.538842
vt 0.009624 0.539509
vt 0.079472 0.560195
vt 0.081506 0.560938
vt 0.049869 0.345811
vt 0.122063 0.366042
vt 0.014829 0.526435
vt 0.016936 0.527013
vt 0.081643 0.547045
vt 0.083563 0.547955
vt 0.118212 0.374855
vt 0.018216 0.516775
vt 0.020271 0.517328
vt 0.081841 0.537026
vt 0.083897 0.537661
vt 0.110568 0.382157
vt 0.045941 0.355466
vt 0.024019 0.507083
vt 0.026079 0.507671
vt 0.080215 0.526901
vt 0.082297 0.527443
vt 0.100835 0.395815
vt 0.044034 0.366702
vt 0.027115 0.502523
vt 0.029297 0.503053
vt 0.077702 0.508960
vt 0.078988 0.509419
vt 0.083890 0.390069
vt 0.042779 0.372238
vt 0.029806 0.499986
vt 0.031756 0.500979
vt 0.066528 0.506680
vt 0.074498 0.507759
vt 0.045271 0.382381
vt 0.088998 0.394803
vt 0.031175 0.497263
vt 0.033201 0.497989
vt 0.071376 0.503749
vt 0.073539 0.504601
vt 0.047132 0.388645
vt 0.090805 0.397376
vt 0.033154 0.493110
vt 0.035219 0.493804
vt 0.072987 0.501731
vt 0.075019 0.502344
vt 0.047510 0.395139
vt 0.091934 0.399781
vt 0.034968 0.487924
vt 0.036980 0.488597
vt 0.073922 0.499555
vt 0.075988 0.500165
vt 0.048797 0.402007
vt 0.094529 0.404792
vt 0.037656 0.482583
vt 0.039768 0.483119
vt 0.076100 0.495030
vt 0.077971 0.495627
vt 0.090945 0.407682
vt 0.039225 0.478519
vt 0.041297 0.479044
vt 0.074829 0.491121
vt 0.076958 0.491367
vt 0.082903 0.412457
vt 0.050239 0.407007
vt 0.042675 0.473864
vt 0.044504 0.474795
vt 0.071033 0.484167
vt 0.073305 0.484291
vt 0.060090 0.418475
vt 0.082761 0.417328
vt 0.048606 0.471157
vt 0.050835 0.471935
vt 0.072069 0.478817
vt 0.073977 0.479361
vt 0.082401 0.419457
vt 0.048919 0.468812
vt 0.050925 0.469307
vt 0.071647 0.476365
vt 0.073736 0.476725
vt 0.079055 0.423761
vt 0.059032 0.421217
vt 0.050332 0.465214
vt 0.052444 0.465651
vt 0.070341 0.471068
vt 0.072503 0.471246
vt 0.076688 0.428577
vt 0.058408 0.425971
vt 0.051915 0.461804
vt 0.053834 0.462473
vt 0.069337 0.464898
vt 0.071518 0.465142
vt 0.059799 0.435682
vt 0.075775 0.433435
vt 0.054784 0.459085
vt 0.056780 0.459461
vt 0.069147 0.458274
vt 0.071278 0.458811
vt 0.066673 0.453747
vt 0.069015 0.453485
vt 0.069051 0.454161
vt 0.850136 0.291473
vt 0.831536 0.279467
vt 0.837626 0.276490
vt 0.702768 0.451358
vt 0.701146 0.452695
vt 0.701146 0.452694
vt 0.523187 0.562417
vt 0.529782 0.583548
vt 0.518668 0.566965
vt 0.525347 0.584744
vt 0.513749 0.570452
vt 0.515476 0.569299
vt 0.852035 0.292403
vt 0.846496 0.298132
vt 0.836907 0.274499
vt 0.830676 0.277565
vt 0.852466 0.287732
vt 0.841252 0.274577
vt 0.854281 0.288646
vt 0.840650 0.272730
vt 0.526275 0.559905
vt 0.537543 0.581655
vt 0.848355 0.299087
vt 0.844029 0.301870
vt 0.828108 0.281833
vt 0.827047 0.280064
vt 0.529168 0.558545
vt 0.541931 0.579976
vt 0.845892 0.302879
vt 0.842217 0.304800
vt 0.825899 0.284317
vt 0.824645 0.282539
vt 0.532728 0.555600
vt 0.545338 0.578765
vt 0.844059 0.305817
vt 0.839440 0.309365
vt 0.822031 0.287262
vt 0.820989 0.285397
vt 0.537446 0.548582
vt 0.550601 0.576892
vt 0.841386 0.310247
vt 0.835996 0.320814
vt 0.813984 0.290771
vt 0.812986 0.288950
vt 0.542687 0.543306
vt 0.562973 0.575830
vt 0.837932 0.321636
vt 0.832798 0.330255
vt 0.807549 0.295009
vt 0.806452 0.293204
vt 0.548639 0.536547
vt 0.573192 0.574370
vt 0.834654 0.331183
vt 0.827732 0.339572
vt 0.799607 0.299858
vt 0.798463 0.298111
vt 0.553235 0.532460
vt 0.583478 0.570729
vt 0.829747 0.340326
vt 0.827095 0.350635
vt 0.794730 0.303901
vt 0.793716 0.302003
vt 0.599586 0.565617
vt 0.556309 0.525208
vt 0.828780 0.351624
vt 0.820321 0.354409
vt 0.786847 0.305898
vt 0.786118 0.303975
vt 0.558579 0.520774
vt 0.822036 0.355755
vt 0.818049 0.360580
vt 0.782196 0.307762
vt 0.781045 0.306058
vt 0.563003 0.517315
vt 0.606131 0.564257
vt 0.819788 0.361636
vt 0.814355 0.365610
vt 0.778031 0.311688
vt 0.776686 0.310040
vt 0.567791 0.512709
vt 0.611729 0.561242
vt 0.816368 0.366443
vt 0.813354 0.377518
vt 0.772835 0.316035
vt 0.771586 0.314334
vt 0.625109 0.550509
vt 0.573690 0.506010
vt 0.814781 0.378795
vt 0.802092 0.377551
vt 0.765225 0.320936
vt 0.764105 0.319236
vt 0.582382 0.501547
vt 0.637279 0.551169
vt 0.580110 0.503006
vt 0.803134 0.390294
vt 0.800102 0.393332
vt 0.801150 0.389798
vt 0.759420 0.328944
vt 0.761199 0.326840
vt 0.759525 0.325375
vt 0.757981 0.327411
vt 0.589573 0.496508
vt 0.640980 0.550610
vt 0.801834 0.394471
vt 0.795078 0.402177
vt 0.753311 0.335414
vt 0.751907 0.333858
vt 0.800134 0.379744
vt 0.798099 0.379021
vt 0.627019 0.546664
vt 0.577071 0.503932
vt 0.761209 0.322352
vt 0.762565 0.323889
vt 0.803008 0.379376
vt 0.598266 0.490933
vt 0.650788 0.546955
vt 0.796563 0.403596
vt 0.787054 0.408254
vt 0.746422 0.343313
vt 0.744952 0.341819
vt 0.608783 0.485459
vt 0.657958 0.539601
vt 0.788347 0.409892
vt 0.777368 0.413577
vt 0.739406 0.353122
vt 0.737857 0.351681
vt 0.615628 0.481170
vt 0.664448 0.530331
vt 0.778686 0.415258
vt 0.771508 0.419095
vt 0.734232 0.359568
vt 0.732621 0.358267
vt 0.625604 0.478362
vt 0.670802 0.525079
vt 0.772794 0.420722
vt 0.764317 0.423463
vt 0.730110 0.369328
vt 0.728380 0.368107
vt 0.642167 0.470657
vt 0.676050 0.518219
vt 0.765564 0.425182
vt 0.761019 0.426034
vt 0.720489 0.385459
vt 0.718592 0.384925
vt 0.654991 0.482617
vt 0.679046 0.515113
vt 0.761959 0.427780
vt 0.756173 0.425408
vt 0.731018 0.399581
vt 0.729119 0.398664
vt 0.681484 0.507185
vt 0.653263 0.476686
vt 0.756910 0.427476
vt 0.753486 0.427552
vt 0.725094 0.398086
vt 0.724607 0.396705
vt 0.683224 0.502486
vt 0.653231 0.474041
vt 0.754454 0.429305
vt 0.749063 0.429109
vt 0.722436 0.398128
vt 0.721447 0.396407
vt 0.686524 0.498525
vt 0.653776 0.471865
vt 0.750239 0.430917
vt 0.745203 0.432163
vt 0.720252 0.398775
vt 0.719084 0.397048
vt 0.689681 0.494026
vt 0.654706 0.467338
vt 0.746431 0.433835
vt 0.740770 0.435010
vt 0.715650 0.399875
vt 0.714211 0.398706
vt 0.660432 0.466905
vt 0.742041 0.436668
vt 0.737444 0.437134
vt 0.714918 0.405821
vt 0.712914 0.405195
vt 0.671295 0.468384
vt 0.691754 0.490435
vt 0.738651 0.438856
vt 0.732336 0.438994
vt 0.715865 0.417121
vt 0.713774 0.416459
vt 0.691947 0.477736
vt 0.674482 0.465655
vt 0.732974 0.440873
vt 0.725530 0.437692
vt 0.712884 0.420644
vt 0.711186 0.419647
vt 0.676089 0.464698
vt 0.726543 0.439700
vt 0.724668 0.440243
vt 0.711981 0.422512
vt 0.710159 0.421700
vt 0.681315 0.464259
vt 0.694541 0.476764
vt 0.726023 0.441762
vt 0.722444 0.443361
vt 0.711460 0.428155
vt 0.709424 0.427474
vt 0.685550 0.462857
vt 0.697863 0.474156
vt 0.723793 0.444901
vt 0.719945 0.445826
vt 0.710225 0.432959
vt 0.708218 0.432158
vt 0.688370 0.460360
vt 0.700274 0.471083
vt 0.721215 0.447437
vt 0.716860 0.447911
vt 0.708503 0.436797
vt 0.706721 0.435756
vt 0.701567 0.467177
vt 0.717737 0.449734
vt 0.701342 0.449760
vt 0.449503 0.296979
vt 0.480358 0.295124
vt 0.473887 0.306998
vt 0.449478 0.326149
vt 0.454933 0.353347
vt 0.449314 0.351044
vt 0.447643 0.386570
vt 0.463137 0.374471
vt 0.465671 0.387763
vt 0.446253 0.415332
vt 0.456705 0.433390
vt 0.445460 0.454674
vt 0.496514 0.319909
vt 0.395248 0.306161
vt 0.426206 0.307975
vt 0.402794 0.320762
vt 0.436027 0.433016
vt 0.437835 0.413644
vt 0.435678 0.373128
vt 0.429977 0.386029
vt 0.444175 0.353077
vt 0.442661 0.325032
vt 0.449515 0.283933
vt 0.419156 0.296056
vt 0.416507 0.283244
vt 0.424949 0.286337
vt 0.418952 0.287676
vt 0.465259 0.279064
vt 0.449573 0.281363
vt 0.449606 0.277415
vt 0.482959 0.281798
vt 0.505754 0.300565
vt 0.479194 0.288983
vt 0.447303 0.393559
vt 0.469555 0.390780
vt 0.477698 0.394710
vt 0.422352 0.388595
vt 0.416773 0.391120
vt 0.391931 0.297270
vt 0.389683 0.290194
vt 0.441867 0.357619
vt 0.448271 0.373708
vt 0.458452 0.358320
vt 0.462583 0.320623
vt 0.437855 0.321237
vt 0.413728 0.336216
vt 0.448989 0.358166
vt 0.485295 0.334950
vt 0.456883 0.325008
vt 0.449521 0.311616
vt 0.417258 0.340632
vt 0.421750 0.258583
vt 0.437367 0.265309
vt 0.414728 0.271021
vt 0.463205 0.265719
vt 0.449845 0.265339
vt 0.466753 0.257778
vt 0.510488 0.256325
vt 0.484978 0.268932
vt 0.479054 0.259219
vt 0.468854 0.411282
vt 0.446732 0.405141
vt 0.481122 0.408068
vt 0.427505 0.409174
vt 0.412261 0.404841
vt 0.391025 0.253984
vt 0.387024 0.272184
vt 0.426547 0.252353
vt 0.433201 0.257891
vt 0.448790 0.247490
vt 0.485276 0.244404
vt 0.505715 0.241599
vt 0.473179 0.252679
vt 0.446543 0.409095
vt 0.455494 0.413761
vt 0.414706 0.246086
vt 0.416844 0.291903
vt 0.392945 0.300886
vt 0.425365 0.387581
vt 0.447514 0.389205
vt 0.467640 0.389291
vt 0.481545 0.292932
vt 0.503987 0.306067
vt 0.473588 0.286921
vt 0.415286 0.278686
vt 0.435027 0.279749
vt 0.464447 0.275117
vt 0.449706 0.274985
vt 0.484773 0.277020
vt 0.509413 0.290488
vt 0.447162 0.396451
vt 0.481645 0.399178
vt 0.413813 0.395885
vt 0.388218 0.283472
vt 0.436859 0.270808
vt 0.414841 0.275312
vt 0.464081 0.271090
vt 0.449822 0.272048
vt 0.485252 0.273522
vt 0.510940 0.283388
vt 0.446978 0.400221
vt 0.482387 0.403105
vt 0.412761 0.399751
vt 0.387485 0.278562
vt 0.449898 0.268384
vt 0.511865 0.272082
vt 0.436611 0.274928
vt 0.511046 0.007164
vt 0.532436 0.850100
vt 0.470642 0.794056
vt 0.750156 0.826784
vt 0.503474 0.236714
vt 0.799877 0.603649
vt 0.541463 0.449858
vt 0.455720 0.454653
vt 0.986542 0.368789
vt 0.142212 0.439893
vt 0.963239 0.125929
vt 0.049901 0.184560
vt 0.046190 0.256717
vt 0.586976 0.488337
vt 0.772723 0.480234
vt 0.545849 0.024326
vt 0.556383 0.189067
vt 0.320763 0.025050
vt 0.404372 0.009107
vt 0.457822 0.026120
vt 0.684505 0.177372
vt 0.007955 0.881906
vt 0.133681 0.870379
vt 0.188697 0.861510
vt 0.320045 0.794170
vt 0.365297 0.759754
vt 0.411684 0.719740
vt 0.875239 0.856745
vt 0.917042 0.753912
vt 0.932027 0.707452
vt 0.926205 0.582307
vt 0.916668 0.536061
vt 0.908951 0.505669
vt 0.897763 0.485531
vt 0.148136 0.199269
vt 0.009899 0.698547
vt 0.089910 0.259066
vt 0.068907 0.287268
vt 0.051039 0.331648
vt 0.046091 0.377832
vt 0.053656 0.413325
vt 0.058560 0.430613
vt 0.523439 0.585688
vt 0.594771 0.571951
vt 0.624012 0.562168
vt 0.678775 0.509790
vt 0.693430 0.484753
vt 0.703898 0.453243
vt 0.481210 0.340029
vt 0.394883 0.242652
vt 0.505117 0.303365
vt 0.511526 0.278468
s 1
g off
g pasted__pCylinder7_Material.004
usemtl Material.004
f 1/1/1 22/2/2 21/3/3
f 3/4/4 22/2/2 2/5/5
f 4/6/6 23/7/7 3/4/4
f 5/8/8 24/9/9 4/6/6
f 6/10/10 25/11/11 5/8/8
f 7/12/12 26/13/13 6/10/10
f 8/14/14 27/15/15 7/12/12
f 9/16/16 28/17/17 8/14/14
f 10/18/18 29/19/19 9/16/16
f 11/20/20 30/21/21 10/18/18
f 12/22/22 31/23/23 11/20/20
f 12/22/22 33/24/24 32/25/25
f 13/26/26 34/27/27 33/24/24
f 14/28/28 35/29/29 34/27/27
f 15/30/30 36/31/31 35/29/29
f 16/32/32 37/33/33 36/31/31
f 17/34/34 38/35/35 37/33/33
f 18/36/36 39/37/37 38/35/35
f 19/38/38 40/39/39 39/37/37
f 20/40/40 21/41/3 40/39/39
s 2
f 122/42/41 121/43/42 123/44/43
f 124/45/44 122/42/41 123/44/43
f 125/46/45 124/45/44 123/44/43
f 126/47/46 125/46/45 123/44/43
f 127/48/47 126/47/46 123/44/43
f 128/49/48 127/48/47 123/44/43
f 129/50/49 128/49/48 123/44/43
f 130/51/50 129/50/49 123/44/43
f 131/52/51 130/51/50 123/44/43
f 132/53/52 131/52/51 123/44/43
f 133/54/53 132/53/52 123/44/43
f 134/55/54 133/54/53 123/44/43
f 135/56/55 134/55/54 123/44/43
f 136/57/56 135/56/55 123/44/43
f 137/58/57 136/57/56 123/44/43
f 138/59/58 137/58/57 123/44/43
f 139/60/59 138/59/58 123/44/43
f 140/61/60 139/60/59 123/44/43
f 141/62/61 140/61/60 123/44/43
f 121/43/42 141/62/61 123/44/43
s 3
f 182/63/62 183/64/63 184/65/64
f 183/64/63 185/66/65 184/65/64
f 185/66/65 186/67/66 184/65/64
f 186/67/66 187/68/67 184/65/64
f 187/68/67 188/69/68 184/65/64
f 188/69/68 189/70/69 184/65/64
f 189/70/69 190/71/70 184/65/64
f 190/71/70 191/72/71 184/65/64
f 191/72/71 192/73/72 184/65/64
f 192/73/72 193/74/73 184/65/64
f 193/74/73 194/75/74 184/65/64
f 194/75/74 195/76/75 184/65/64
f 195/76/75 196/77/76 184/65/64
f 196/77/76 197/78/66 184/65/64
f 197/78/66 198/79/77 184/65/64
f 198/79/77 199/80/73 184/65/64
f 199/80/73 200/81/78 184/65/64
f 200/81/78 201/82/73 184/65/64
f 201/82/73 202/83/79 184/65/64
f 202/83/79 182/63/62 184/65/64
s 4
f 2/84/80 41/85/81 42/86/81
s 5
f 3/87/82 42/86/83 43/88/84
s 6
f 3/87/85 44/89/86 4/90/85
s 7
f 4/90/87 45/91/88 5/92/87
s 8
f 5/92/89 46/93/90 6/94/91
s 9
f 6/94/92 47/95/93 7/96/94
s 10
f 7/96/95 48/97/96 8/98/95
s 11
f 8/98/97 49/99/98 9/100/97
s 12
f 9/100/99 50/101/100 10/102/99
s 13
f 10/102/101 51/103/101 11/104/101
s 14
f 11/104/102 52/105/103 12/106/104
s 15
f 12/106/105 53/107/106 13/108/107
s 16
f 14/109/108 53/107/109 54/110/109
s 17
f 15/111/110 54/110/111 55/112/112
s 18
f 16/113/113 55/112/114 56/114/115
s 19
f 17/115/116 56/114/117 57/116/118
s 20
f 18/117/119 57/116/120 58/118/121
s 21
f 19/119/122 58/118/123 59/120/124
s 22
f 20/121/125 59/120/126 60/122/127
s 23
f 1/123/128 60/122/129 41/85/130
s 24
f 42/86/131 61/124/132 62/125/133
s 25
f 43/88/134 62/125/135 63/126/135
s 26
f 43/88/136 64/127/137 44/89/138
s 7
f 44/89/139 65/128/140 45/91/88
s 8
f 45/91/141 66/129/142 46/93/90
s 9
f 46/93/143 67/130/144 47/95/93
s 27
f 47/95/145 68/131/146 48/97/147
s 28
f 48/97/148 69/132/149 49/99/150
s 29
f 49/99/151 70/133/152 50/101/151
s 30
f 50/101/153 71/134/154 51/103/153
s 31
f 51/103/155 72/135/156 52/105/157
s 32
f 52/105/158 73/136/159 53/107/158
s 33
f 54/110/160 73/136/161 74/137/161
s 17
f 55/112/112 74/137/162 75/138/163
s 18
f 56/114/115 75/138/164 76/139/165
s 19
f 57/116/118 76/139/166 77/140/166
s 34
f 58/118/167 77/140/168 78/141/169
s 35
f 59/120/170 78/141/171 79/142/172
s 36
f 60/122/173 79/142/174 80/143/175
s 37
f 41/85/176 80/143/177 61/124/177
s 38
f 62/125/178 81/144/179 82/145/180
s 39
f 63/126/181 82/145/182 83/146/182
s 26
f 63/126/183 84/147/184 64/127/137
s 40
f 64/127/185 85/148/186 65/128/187
s 41
f 65/128/188 86/149/189 66/129/188
s 42
f 66/129/190 87/150/191 67/130/192
s 43
f 67/130/193 88/151/194 68/131/195
s 44
f 68/131/196 89/152/197 69/132/196
s 45
f 69/132/198 90/153/199 70/133/198
s 46
f 70/133/200 91/154/201 71/134/200
s 47
f 71/134/202 92/155/203 72/135/202
s 48
f 72/135/204 93/156/205 73/136/204
s 49
f 74/137/206 93/156/207 94/157/208
s 17
f 75/138/163 94/157/209 95/158/210
s 50
f 76/139/211 95/158/212 96/159/212
s 51
f 77/140/213 96/159/214 97/160/215
s 52
f 78/141/216 97/160/217 98/161/218
s 53
f 79/142/219 98/161/219 99/162/219
s 54
f 80/143/220 99/162/221 100/163/221
s 55
f 61/124/222 100/163/223 81/144/223
s 56
f 82/145/224 101/164/225 102/165/226
s 57
f 83/146/227 102/165/228 103/166/228
s 58
f 83/146/229 104/167/230 84/147/231
s 59
f 84/147/232 105/168/233 85/148/234
s 41
f 85/148/235 106/169/236 86/149/189
s 42
f 86/149/237 107/170/238 87/150/191
s 60
f 87/150/239 108/171/240 88/151/241
s 61
f 88/151/242 109/172/243 89/152/244
s 62
f 89/152/245 110/173/246 90/153/247
s 63
f 90/153/248 111/174/249 91/154/248
s 64
f 91/154/250 112/175/251 92/155/252
s 65
f 92/155/253 113/176/254 93/156/255
s 66
f 94/157/256 113/176/257 114/177/258
s 67
f 95/158/259 114/177/260 115/178/260
s 68
f 96/159/261 115/178/262 116/179/263
s 51
f 97/160/215 116/179/264 117/180/265
s 69
f 98/161/266 117/180/267 118/181/268
s 70
f 99/162/269 118/181/269 119/182/269
s 71
f 100/163/270 119/182/271 120/183/272
s 72
f 81/144/273 120/183/273 101/164/273
s 73
f 102/165/274 121/43/275 122/42/275
s 74
f 103/166/276 122/42/277 124/45/278
s 75
f 104/167/279 124/45/280 125/46/281
s 76
f 105/168/282 125/46/282 126/47/282
s 41
f 105/168/283 127/48/284 106/169/236
s 77
f 106/169/285 128/49/286 107/170/287
s 78
f 107/170/288 129/50/288 108/171/288
s 79
f 108/171/289 130/51/290 109/172/291
s 80
f 109/172/292 131/52/293 110/173/294
s 81
f 110/173/295 132/53/296 111/174/297
s 82
f 111/174/298 133/54/299 112/175/298
s 83
f 112/175/300 134/55/301 113/176/302
s 84
f 113/176/303 135/56/303 114/177/303
s 85
f 114/177/304 136/57/304 115/178/304
s 86
f 116/179/305 136/57/306 137/58/307
s 87
f 117/180/308 137/58/309 138/59/310
s 88
f 118/181/311 138/59/312 139/60/313
s 89
f 119/182/314 139/60/314 140/61/314
s 90
f 120/183/315 140/61/315 141/62/315
s 91
f 101/164/316 141/62/317 121/43/317
s 92
f 21/184/318 143/185/319 142/186/320
s 93
f 22/187/321 144/188/322 143/185/323
s 94
f 23/189/324 145/190/325 144/188/325
s 95
f 24/191/326 146/192/327 145/190/327
s 96
f 25/193/328 147/194/329 146/192/329
s 97
f 27/195/330 147/194/331 26/196/332
s 98
f 28/197/333 148/198/334 27/195/335
s 99
f 29/199/336 149/200/337 28/197/338
s 100
f 30/201/339 150/202/340 29/199/341
s 101
f 31/203/342 151/204/342 30/201/342
s 102
f 32/205/343 152/206/344 31/203/345
s 103
f 33/207/346 153/208/347 32/205/348
s 104
f 34/209/349 154/210/350 33/207/351
s 105
f 35/211/352 155/212/353 34/209/354
s 106
f 36/213/355 156/214/356 35/211/357
s 107
f 36/213/358 158/215/359 157/216/359
s 108
f 37/217/360 159/218/361 158/215/362
s 109
f 38/219/363 160/220/364 159/218/365
s 110
f 39/221/366 161/222/367 160/220/368
s 111
f 40/223/369 142/186/370 161/222/371
s 92
f 142/186/320 163/224/372 162/225/372
s 93
f 143/185/323 164/226/373 163/224/373
s 112
f 144/188/374 165/227/375 164/226/375
s 113
f 145/190/376 166/228/377 165/227/377
s 114
f 146/192/378 167/229/379 166/228/380
s 115
f 148/198/381 167/229/382 147/194/383
s 116
f 149/200/384 168/230/385 148/198/386
s 117
f 150/202/387 169/231/388 149/200/389
s 118
f 151/204/390 170/232/391 150/202/390
s 119
f 152/206/392 171/233/393 151/204/392
s 120
f 153/208/394 172/234/395 152/206/396
s 121
f 154/210/397 173/235/398 153/208/399
s 122
f 155/212/400 174/236/401 154/210/402
s 123
f 156/214/403 175/237/404 155/212/403
s 124
f 157/216/405 176/238/406 156/214/407
s 125
f 157/216/408 178/239/409 177/240/410
s 108
f 158/215/362 179/241/411 178/239/412
s 109
f 159/218/365 180/242/413 179/241/414
s 110
f 160/220/368 181/243/415 180/242/416
s 111
f 161/222/371 162/225/417 181/243/417
s 126
f 162/225/418 183/64/419 182/63/419
s 127
f 163/224/420 185/66/421 183/64/421
s 128
f 164/226/422 186/67/423 185/66/423
s 129
f 165/227/424 187/68/425 186/67/425
s 130
f 166/228/426 188/69/427 187/68/428
s 131
f 168/230/429 188/69/430 167/229/429
s 132
f 169/231/431 189/70/432 168/230/431
s 133
f 170/232/433 190/71/434 169/231/433
s 134
f 171/233/435 191/72/436 170/232/435
s 135
f 172/234/437 192/73/438 171/233/437
s 136
f 173/235/439 193/74/440 172/234/439
s 137
f 174/236/441 194/75/442 173/235/443
s 138
f 175/237/444 195/76/445 174/236/446
s 139
f 176/238/447 196/77/448 175/237/447
s 124
f 177/240/449 197/78/450 176/238/406
s 125
f 177/240/410 199/80/451 198/79/452
s 108
f 178/239/412 200/81/453 199/80/454
s 109
f 179/241/414 201/82/455 200/81/455
s 110
f 180/242/416 202/83/456 201/82/457
s 140
f 181/243/458 182/63/459 202/83/459
s 141
f 204/244/460 223/245/461 203/246/461
f 205/247/462 224/248/463 204/244/460
f 206/249/464 225/250/465 205/247/462
f 207/251/466 226/252/467 206/249/464
f 208/253/468 227/254/469 207/251/466
f 209/255/470 228/256/471 208/253/468
f 210/257/472 229/258/473 209/255/470
f 211/259/474 230/260/472 210/257/472
s 142
f 271/261/475 273/262/476 274/263/475
f 272/264/477 276/265/478 273/262/476
f 275/266/479 278/267/480 276/265/478
f 277/268/481 280/269/482 278/267/480
f 279/270/483 282/271/484 280/269/482
f 281/272/485 284/273/486 282/271/484
f 283/274/487 286/275/488 284/273/486
f 285/276/489 288/277/490 286/275/488
f 289/278/491 288/277/490 287/279/492
f 291/280/493 290/281/494 289/278/491
f 293/282/495 292/283/496 291/280/493
f 295/284/497 294/285/498 293/282/495
s 143
f 204/286/499 203/287/500 243/288/501
f 205/289/502 204/286/499 243/288/501
f 206/290/503 205/289/502 243/288/501
f 207/291/504 206/290/503 243/288/501
f 208/292/505 207/291/504 243/288/501
f 209/293/506 208/292/505 243/288/501
f 210/294/507 209/293/506 243/288/501
f 211/295/508 210/294/507 243/288/501
f 212/296/509 211/295/508 243/288/501
f 213/297/510 212/296/509 243/288/501
f 214/298/511 213/297/510 243/288/501
f 215/299/512 214/298/511 243/288/501
f 216/300/513 215/299/512 243/288/501
f 217/301/514 216/300/513 243/288/501
f 218/302/515 217/301/514 243/288/501
f 219/303/516 218/302/515 243/288/501
f 220/304/517 219/303/516 243/288/501
f 221/305/518 220/304/517 243/288/501
f 222/306/519 221/305/518 243/288/501
f 203/287/500 222/306/519 243/288/501
s 144
f 223/307/520 224/308/521 244/309/522
f 224/308/521 225/310/523 244/309/522
f 225/310/523 226/311/524 244/309/522
f 226/311/524 227/312/525 244/309/522
f 227/312/525 228/313/526 244/309/522
f 228/313/526 229/314/527 244/309/522
f 229/314/527 230/315/528 244/309/522
f 230/315/528 231/316/529 244/309/522
f 231/316/529 232/317/530 244/309/522
f 232/317/530 233/318/531 244/309/522
f 233/318/531 234/319/532 244/309/522
f 234/319/532 235/320/533 244/309/522
f 235/320/533 236/321/534 244/309/522
f 236/321/534 237/322/535 244/309/522
f 237/322/535 238/323/536 244/309/522
f 238/323/536 239/324/537 244/309/522
f 239/324/537 240/325/538 244/309/522
f 240/325/538 241/326/539 244/309/522
f 241/326/539 242/327/540 244/309/522
f 242/327/540 223/307/520 244/309/522
s 145
f 211/259/541 246/328/542 245/329/543
s 144
f 231/330/529 247/331/544 232/332/530
s 146
f 211/259/545 248/333/545 231/330/545
s 147
f 212/334/546 249/335/547 246/328/548
s 144
f 232/332/530 250/336/549 233/337/531
s 148
f 213/338/550 251/339/551 249/335/552
s 144
f 233/337/531 252/340/553 234/341/554
s 149
f 214/342/555 253/343/556 251/339/557
s 144
f 234/341/554 254/344/558 235/345/559
s 150
f 215/346/560 255/347/561 253/343/562
s 144
f 235/345/559 256/348/563 236/349/564
s 151
f 216/350/565 257/351/566 255/347/567
s 144
f 236/349/534 258/352/568 237/353/535
s 152
f 218/354/569 257/351/570 217/355/571
s 144
f 238/356/572 258/352/568 260/357/573
s 153
f 219/358/574 259/359/575 218/354/576
s 144
f 239/360/577 260/357/573 262/361/578
s 154
f 219/358/579 263/362/580 261/363/581
s 144
f 239/360/537 264/364/582 240/365/538
s 155
f 220/366/583 265/367/584 263/362/585
s 144
f 240/365/538 266/368/586 241/369/539
s 156
f 222/370/587 265/367/588 221/371/589
s 144
f 242/372/540 266/368/586 268/373/590
s 157
f 203/374/591 267/375/592 222/370/593
s 158
f 203/374/594 270/376/594 269/377/594
s 144
f 223/378/520 268/373/590 270/376/595
s 159
f 245/329/596 272/264/597 271/261/598
s 160
f 248/333/599 273/262/600 247/331/601
s 161
f 248/333/602 271/261/602 274/263/602
s 162
f 246/328/603 275/266/604 272/264/605
s 163
f 247/331/606 276/265/607 250/336/608
s 164
f 249/335/609 277/268/610 275/266/611
s 165
f 250/336/612 278/267/613 252/340/614
s 166
f 253/343/615 277/268/616 251/339/617
s 165
f 254/344/618 278/267/613 280/269/619
s 167
f 253/343/620 281/272/621 279/270/622
s 168
f 254/344/623 282/271/624 256/348/625
s 169
f 255/347/626 283/274/627 281/272/628
s 170
f 256/348/629 284/273/630 258/352/631
s 171
f 259/359/632 283/274/633 257/351/634
s 170
f 260/357/635 284/273/630 286/275/636
s 172
f 261/363/637 285/276/638 259/359/639
s 173
f 262/361/640 286/275/641 288/277/642
s 174
f 261/363/643 289/278/644 287/279/645
s 175
f 262/361/646 290/281/647 264/364/648
s 176
f 263/362/649 291/280/650 289/278/651
s 177
f 264/364/652 292/283/653 266/368/654
s 178
f 267/375/655 291/280/656 265/367/657
s 177
f 268/373/658 292/283/653 294/285/659
s 179
f 269/377/660 293/282/661 267/375/662
s 180
f 270/376/663 295/284/663 269/377/663
s 181
f 270/376/664 294/285/665 296/379/666
s 182
f 298/380/667 317/381/461 297/382/461
f 299/383/668 318/384/669 298/380/667
f 299/383/668 320/385/670 319/386/671
f 300/387/672 321/388/466 320/385/670
f 301/389/673 322/390/674 321/388/466
f 302/391/675 323/392/676 322/390/674
f 303/393/677 324/394/678 323/392/676
f 304/395/679 325/396/474 324/394/678
s 183
f 365/397/680 367/398/681 368/399/680
f 366/400/682 370/401/683 367/398/681
f 369/402/684 372/403/685 370/401/683
f 371/404/686 374/405/687 372/403/685
f 375/406/688 374/405/687 373/407/689
f 377/408/690 376/409/691 375/406/688
f 379/410/692 378/411/693 377/408/690
f 381/412/694 380/413/695 379/410/692
f 383/414/696 382/415/697 381/412/694
f 385/416/698 384/417/699 383/414/696
f 387/418/700 386/419/701 385/416/698
f 389/420/702 388/421/703 387/418/700
s 184
f 298/422/704 297/423/705 337/424/706
f 299/425/707 298/422/704 337/424/706
f 300/426/708 299/425/707 337/424/706
f 301/427/709 300/426/708 337/424/706
f 302/428/710 301/427/709 337/424/706
f 303/429/711 302/428/710 337/424/706
f 304/430/712 303/429/711 337/424/706
f 305/431/713 304/430/712 337/424/706
f 306/432/714 305/431/713 337/424/706
f 307/433/715 306/432/714 337/424/706
f 308/434/716 307/433/715 337/424/706
f 309/435/717 308/434/716 337/424/706
f 310/436/718 309/435/717 337/424/706
f 311/437/719 310/436/718 337/424/706
f 312/438/720 311/437/719 337/424/706
f 313/439/721 312/438/720 337/424/706
f 314/440/722 313/439/721 337/424/706
f 315/441/723 314/440/722 337/424/706
f 316/442/724 315/441/723 337/424/706
f 297/423/705 316/442/724 337/424/706
s 185
f 317/443/725 318/444/726 338/445/727
f 318/444/726 319/446/728 338/445/727
f 319/446/728 320/447/729 338/445/727
f 320/447/729 321/448/730 338/445/727
f 321/448/730 322/449/731 338/445/727
f 322/449/731 323/450/732 338/445/727
f 323/450/732 324/451/733 338/445/727
f 324/451/733 325/452/734 338/445/727
f 325/452/734 326/453/735 338/445/727
f 326/453/735 327/454/736 338/445/727
f 327/454/736 328/455/737 338/445/727
f 328/455/737 329/456/738 338/445/727
f 329/456/738 330/457/739 338/445/727
f 330/457/739 331/458/740 338/445/727
f 331/458/740 332/459/741 338/445/727
f 332/459/741 333/460/742 338/445/727
f 333/460/742 334/461/743 338/445/727
f 334/461/743 335/462/744 338/445/727
f 335/462/744 336/463/745 338/445/727
f 336/463/745 317/443/725 338/445/727
s 186
f 305/464/746 340/465/747 339/466/748
s 185
f 325/396/734 341/467/749 326/468/735
s 187
f 305/464/750 342/469/750 325/396/750
s 188
f 306/470/751 343/471/752 340/465/753
s 185
f 326/468/735 344/472/754 327/473/755
s 189
f 307/474/756 345/475/757 343/471/758
s 185
f 327/473/736 346/476/759 328/477/737
s 190
f 308/478/760 347/479/761 345/475/762
s 185
f 328/477/737 348/480/763 329/481/738
s 191
f 309/482/764 349/483/765 347/479/766
s 185
f 329/481/738 350/484/767 330/485/739
s 192
f 310/486/768 351/487/769 349/483/770
s 185
f 330/485/739 352/488/771 331/489/740
s 193
f 312/490/772 351/487/773 311/491/774
s 185
f 332/492/775 352/488/771 354/493/776
s 194
f 313/494/777 353/495/778 312/490/779
s 185
f 333/496/780 354/493/776 356/497/781
s 195
f 314/498/782 355/499/783 313/494/784
s 185
f 334/500/785 356/497/781 358/501/786
s 196
f 315/502/787 357/503/788 314/498/789
s 185
f 335/504/790 358/501/786 360/505/791
s 197
f 316/506/792 359/507/793 315/502/794
s 185
f 336/508/795 360/505/791 362/509/796
s 198
f 297/510/797 361/511/798 316/506/799
s 199
f 297/510/594 364/512/594 363/513/594
s 185
f 317/514/725 362/509/800 364/512/801
s 200
f 339/466/802 366/400/803 365/397/804
s 201
f 342/469/805 367/398/806 341/467/807
s 202
f 342/469/808 365/397/808 368/399/808
s 203
f 340/465/809 369/402/810 366/400/811
s 201
f 341/467/807 370/401/812 344/472/813
s 204
f 343/471/814 371/404/815 369/402/816
s 205
f 344/472/817 372/403/818 346/476/819
s 206
f 345/475/820 373/407/821 371/404/822
s 205
f 346/476/819 374/405/823 348/480/824
s 207
f 347/479/825 375/406/826 373/407/827
s 208
f 348/480/828 376/409/829 350/484/830
s 209
f 349/483/831 377/408/832 375/406/833
s 210
f 350/484/834 378/411/835 352/488/836
s 211
f 353/495/837 377/408/838 351/487/839
s 210
f 354/493/840 378/411/835 380/413/841
s 212
f 355/499/842 379/410/843 353/495/844
s 213
f 356/497/845 380/413/846 382/415/847
s 214
f 357/503/848 381/412/849 355/499/850
s 213
f 358/501/851 382/415/847 384/417/852
s 215
f 357/503/853 385/416/854 383/414/855
s 216
f 358/501/856 386/419/857 360/505/858
s 217
f 361/511/859 385/416/860 359/507/861
s 218
f 362/509/862 386/419/863 388/421/864
s 219
f 363/513/865 387/418/866 361/511/867
s 220
f 364/512/868 389/420/868 363/513/868
s 221
f 364/512/869 388/421/870 390/515/871
s 222
f 402/516/872 403/517/873 404/518/874
s 223
f 401/519/875 404/518/876 405/520/877
s 224
f 401/519/878 406/521/879 400/522/880
s 225
f 399/523/881 406/521/882 403/524/883
s 226
f 398/525/884 394/526/884 392/527/884
s 227
f 391/528/885 395/529/886 397/530/887
s 225
f 400/522/888 391/531/889 397/532/890
s 224
f 395/533/891 400/522/880 397/532/892
s 223
f 402/516/893 395/533/894 393/534/894
s 222
f 399/535/895 393/534/896 391/528/897
f 403/517/873 408/536/898 404/518/874
s 223
f 405/520/877 408/536/899 409/537/900
s 224
f 406/521/879 409/537/901 410/538/902
s 225
f 406/521/882 407/539/903 403/524/883
s 222
f 407/540/904 412/541/905 408/536/898
s 223
f 409/537/900 412/541/906 413/542/907
s 224
f 410/538/902 413/542/908 414/543/909
s 225
f 410/538/910 411/544/911 407/539/903
s 222
f 411/545/912 416/546/913 412/541/905
s 223
f 413/542/907 416/546/914 417/547/915
s 224
f 414/543/909 417/547/916 418/548/917
s 225
f 414/543/918 415/549/919 411/544/911
s 222
f 415/550/920 420/551/921 416/546/913
s 223
f 417/547/915 420/551/922 421/552/923
s 224
f 418/548/917 421/552/924 422/553/925
s 225
f 418/548/926 419/554/927 415/549/919
s 222
f 419/555/928 424/556/929 420/551/921
s 223
f 421/552/923 424/556/930 425/557/931
s 224
f 422/553/925 425/557/932 426/558/933
s 225
f 422/553/934 423/559/935 419/554/927
s 222
f 424/556/929 427/560/936 428/561/937
s 223
f 425/557/931 428/561/938 429/562/939
s 224
f 426/558/933 429/562/940 430/563/941
s 225
f 426/558/942 427/564/943 423/559/935
s 222
f 427/560/936 432/565/944 428/561/937
s 223
f 429/562/939 432/565/945 433/566/946
s 224
f 430/563/941 433/566/947 434/567/948
s 225
f 430/563/949 431/568/950 427/564/943
s 222
f 431/569/951 394/526/952 432/565/944
s 223
f 433/566/946 394/526/953 396/570/953
s 224
f 433/566/947 398/571/954 434/567/948
s 225
f 434/567/955 392/572/956 431/568/950
s 228
f 446/573/957 447/574/958 448/575/959
s 229
f 446/573/960 449/576/961 445/577/962
s 230
f 445/577/963 450/578/964 444/579/965
s 231
f 443/580/966 450/578/967 447/581/968
s 232
f 436/582/969 440/583/970 438/584/971
s 233
f 441/585/972 437/586/972 439/587/972
s 231
f 444/579/973 435/588/974 441/589/975
s 230
f 439/590/976 444/579/965 441/589/977
s 229
f 437/586/978 445/577/962 439/590/978
s 228
f 443/591/979 437/586/980 435/592/981
f 448/575/959 451/593/982 452/594/983
s 229
f 448/575/984 453/595/985 449/576/961
s 230
f 449/576/986 454/596/987 450/578/964
s 231
f 447/581/968 454/596/988 451/597/989
s 228
f 452/594/983 455/598/990 456/599/991
s 229
f 452/594/992 457/600/993 453/595/985
s 230
f 453/595/994 458/601/995 454/596/987
s 231
f 451/597/989 458/601/996 455/602/997
s 228
f 456/599/991 459/603/998 460/604/999
s 229
f 456/599/1000 461/605/1001 457/600/993
s 230
f 457/600/1002 462/606/1003 458/601/995
s 231
f 455/602/997 462/606/1004 459/607/1005
s 228
f 460/604/999 463/608/1006 464/609/1007
s 229
f 460/604/1008 465/610/1009 461/605/1001
s 230
f 461/605/1010 466/611/1011 462/606/1003
s 231
f 459/607/1005 466/611/1012 463/612/1013
s 228
f 464/609/1007 467/613/1014 468/614/1015
s 229
f 464/609/1016 469/615/1017 465/610/1009
s 230
f 465/610/1018 470/616/1019 466/611/1011
s 231
f 463/612/1013 470/616/1020 467/617/1021
s 228
f 468/614/1015 471/618/1022 472/619/1023
s 229
f 468/614/1024 473/620/1025 469/615/1017
s 230
f 469/615/1026 474/621/1027 470/616/1019
s 231
f 467/617/1021 474/621/1028 471/622/1029
s 228
f 472/619/1023 475/623/1030 476/624/1031
s 229
f 472/619/1032 477/625/1033 473/620/1025
s 230
f 473/620/1034 478/626/1035 474/621/1027
s 231
f 471/622/1029 478/626/1036 475/627/1037
s 228
f 476/624/1031 479/628/1038 480/629/1039
s 229
f 476/624/1040 481/630/1041 477/625/1033
s 230
f 477/625/1042 482/631/1043 478/626/1035
s 231
f 475/627/1037 482/631/1044 479/632/1045
s 228
f 480/629/1039 483/633/1046 484/634/1047
s 229
f 480/629/1048 485/635/1049 481/630/1041
s 230
f 481/630/1050 486/636/1051 482/631/1043
s 231
f 482/631/1044 483/637/1052 479/632/1045
s 228
f 484/634/1047 487/638/1053 488/639/1054
s 229
f 484/634/1055 489/640/1056 485/635/1049
s 230
f 486/636/1051 489/640/1057 490/641/1058
s 231
f 486/636/1059 487/642/1060 483/637/1052
s 228
f 487/638/1053 438/584/1061 488/639/1054
s 229
f 488/639/1062 440/643/1063 489/640/1056
s 230
f 490/641/1058 440/643/1064 442/644/1065
s 231
f 490/641/1066 436/645/1067 487/642/1060
s 234
f 576/646/1068 536/647/1069 537/648/1070
s 235
f 502/649/1071 505/650/1072 501/651/1073
s 236
f 555/652/1074 559/653/1075 554/654/1076
s 237
f 499/655/1077 506/656/1078 503/657/1079
s 238
f 545/658/1080 567/659/1081 568/660/1082
s 239
f 535/661/1083 557/662/1084 556/663/1085
s 237
f 497/664/1086 499/655/1077 491/665/1086
s 236
f 558/666/1087 556/667/1088 557/668/1089
s 235
f 493/669/1090 501/651/1073 495/670/1090
s 234
f 535/661/1091 577/671/1092 578/672/1093
f 575/673/1094 537/648/1070 538/674/1095
s 235
f 504/675/1096 509/676/1097 505/650/1072
s 236
f 554/654/1076 560/677/1098 553/678/1099
s 237
f 503/657/1079 510/679/1100 507/680/1101
s 234
f 575/673/1094 539/681/1102 574/682/1103
s 235
f 508/683/1104 513/684/1105 509/676/1097
s 236
f 552/685/1106 560/677/1098 561/686/1107
s 237
f 507/680/1101 514/687/1108 511/688/1109
s 234
f 573/689/1110 539/681/1102 540/690/1111
s 235
f 513/684/1105 516/691/1112 517/692/1113
s 236
f 551/693/1114 561/686/1107 562/694/1115
s 237
f 514/687/1108 515/695/1116 511/688/1109
s 234
f 573/689/1110 541/696/1117 572/697/1118
s 235
f 516/691/1112 521/698/1119 517/692/1113
s 236
f 550/699/1120 562/694/1115 563/700/1121
s 237
f 518/701/1122 519/702/1123 515/695/1116
s 234
f 572/697/1118 542/703/1124 571/704/1125
s 235
f 521/698/1119 524/705/1126 525/706/1127
s 236
f 549/707/1128 563/700/1121 564/708/1129
s 237
f 522/709/1130 523/710/1131 519/702/1123
s 234
f 571/704/1125 543/711/1132 570/712/1133
s 235
f 525/706/1127 528/713/1134 529/714/1135
s 236
f 548/715/1136 564/708/1129 565/716/1137
s 237
f 526/717/1138 527/718/1139 523/710/1131
s 234
f 570/712/1133 544/719/1140 569/720/1141
s 235
f 529/714/1135 532/721/1142 533/722/1143
s 236
f 547/723/1144 565/716/1137 566/724/1145
s 237
f 530/725/1146 531/726/1147 527/718/1139
s 234
f 569/720/1141 545/658/1148 568/660/1149
s 235
f 533/722/1143 494/727/1150 496/728/1150
s 236
f 546/729/1151 566/724/1145 567/730/1152
s 237
f 531/726/1147 498/731/1153 492/732/1153
s 234
f 491/733/1154 536/647/1069 535/661/1091
f 537/648/1070 499/734/1155 503/735/1156
f 537/648/1070 507/736/1157 538/674/1095
f 538/674/1095 511/737/1158 539/681/1102
f 540/690/1111 511/737/1158 515/738/1159
f 540/690/1111 519/739/1160 541/696/1117
f 541/696/1117 523/740/1161 542/703/1124
f 542/703/1124 527/741/1162 543/711/1132
f 543/711/1132 531/742/1163 544/719/1140
f 544/719/1140 492/743/1164 545/658/1148
s 238
f 492/743/1165 546/744/1166 545/658/1080
s 236
f 547/723/1144 498/731/1167 534/745/1168
f 548/715/1136 534/745/1168 530/725/1169
f 549/707/1128 530/725/1169 526/717/1170
f 550/699/1120 526/717/1170 522/709/1171
f 551/693/1114 522/709/1171 518/701/1172
f 514/687/1173 551/693/1114 518/701/1172
f 553/678/1099 514/687/1173 510/679/1174
f 554/654/1076 510/679/1174 506/656/1175
f 500/746/1176 554/654/1076 506/656/1175
f 555/652/1074 497/664/1177 556/667/1088
s 239
f 491/733/1178 556/663/1085 497/747/1178
s 236
f 580/748/1179 557/668/1089 579/749/1180
f 558/666/1087 581/750/1181 559/653/1075
f 559/653/1075 582/751/1182 560/677/1098
f 560/677/1098 583/752/1183 561/686/1107
f 561/686/1107 584/753/1184 562/694/1115
f 563/700/1121 584/753/1184 585/754/1185
f 564/708/1129 585/754/1185 586/755/1186
f 565/716/1137 586/755/1186 587/756/1187
f 566/724/1145 587/756/1187 588/757/1188
f 567/730/1152 588/757/1188 589/758/1189
s 238
f 568/660/1082 589/759/1190 590/760/1191
s 234
f 591/761/1192 568/660/1149 590/760/1193
f 592/762/1194 569/720/1141 591/761/1192
f 593/763/1195 570/712/1133 592/762/1194
f 594/764/1196 571/704/1125 593/763/1195
f 595/765/1197 572/697/1118 594/764/1196
f 595/765/1197 574/682/1103 573/689/1110
f 596/766/1198 575/673/1094 574/682/1103
f 597/767/1199 576/646/1068 575/673/1094
f 598/768/1200 577/671/1092 576/646/1068
f 578/672/1093 599/769/1201 600/770/1202
s 239
f 578/672/1203 579/771/1204 557/662/1084
s 236
f 602/772/1205 579/749/1180 601/773/1206
f 580/748/1179 603/774/1207 581/750/1181
f 581/750/1181 604/775/1208 582/751/1182
f 582/751/1182 605/776/1209 583/752/1183
f 583/752/1183 606/777/1210 584/753/1184
f 585/754/1185 606/777/1210 607/778/1211
f 586/755/1186 607/778/1211 608/779/1212
f 587/756/1187 608/779/1212 609/780/1213
f 588/757/1188 609/780/1213 610/781/1214
f 589/758/1189 610/781/1214 611/782/1215
s 238
f 590/760/1191 611/783/1216 612/784/1217
s 234
f 613/785/1218 590/760/1193 612/784/1219
f 614/786/1220 591/761/1192 613/785/1218
f 615/787/1221 592/762/1194 614/786/1220
f 616/788/1222 593/763/1195 615/787/1221
f 617/789/1223 594/764/1196 616/788/1222
f 617/789/1223 596/766/1198 595/765/1197
f 618/790/1224 597/767/1199 596/766/1198
f 619/791/1225 598/768/1200 597/767/1199
f 620/792/1226 599/769/1201 598/768/1200
f 600/770/1202 621/793/1227 622/794/1228
s 239
f 600/770/1229 601/795/1230 579/771/1204
s 236
f 624/796/1231 601/773/1206 623/797/1232
f 603/774/1207 624/796/1231 625/798/1233
f 604/775/1208 625/798/1233 626/799/1234
f 605/776/1209 626/799/1234 627/800/1235
f 605/776/1209 628/801/1236 606/777/1210
f 607/778/1211 628/801/1236 629/802/1237
f 608/779/1212 629/802/1237 630/803/1238
f 608/779/1212 631/804/1239 609/780/1213
f 609/780/1213 632/805/1240 610/781/1214
f 611/782/1215 632/805/1240 633/806/1241
s 238
f 612/784/1217 633/807/1242 634/808/1243
s 234
f 635/809/1244 612/784/1219 634/808/1245
f 635/809/1244 614/786/1220 613/785/1218
f 636/810/1246 615/787/1221 614/786/1220
f 638/811/1247 615/787/1221 637/812/1248
f 639/813/1249 616/788/1222 638/811/1247
f 639/813/1249 618/790/1224 617/789/1223
f 641/814/1250 618/790/1224 640/815/1251
f 642/816/1252 619/791/1225 641/814/1250
f 642/816/1252 621/793/1227 620/792/1226
f 622/794/1228 643/817/1253 644/818/1254
s 239
f 622/794/1255 623/819/1256 601/795/1230
s 236
f 645/820/1257 624/796/1231 623/797/1232
f 624/796/1231 647/821/1258 625/798/1233
f 625/798/1233 648/822/1259 626/799/1234
f 626/799/1234 649/823/1260 627/800/1235
f 627/800/1235 650/824/1261 628/801/1236
f 629/802/1237 650/824/1261 651/825/1262
f 630/803/1238 651/825/1262 652/826/1263
f 630/803/1238 653/827/1264 631/804/1239
f 631/804/1239 654/828/1265 632/805/1240
f 633/806/1241 654/828/1265 655/829/1266
s 238
f 634/808/1243 655/830/1267 656/831/1268
s 234
f 657/832/1269 634/808/1245 656/831/1270
f 657/832/1269 636/810/1246 635/809/1244
f 658/833/1271 637/812/1248 636/810/1246
f 660/834/1272 637/812/1248 659/835/1273
f 661/836/1274 638/811/1247 660/834/1272
f 661/836/1274 640/815/1251 639/813/1249
f 662/837/1275 641/814/1250 640/815/1251
f 663/838/1276 642/816/1252 641/814/1250
f 664/839/1277 643/817/1253 642/816/1252
f 643/817/1253 666/840/1278 644/818/1254
s 239
f 644/818/1279 645/841/1280 623/819/1256
s 236
f 667/842/1281 646/843/1282 645/820/1257
f 647/821/1258 668/844/1283 669/845/1284
f 648/822/1259 669/845/1284 670/846/1285
f 649/823/1260 670/846/1285 671/847/1286
f 649/823/1260 672/848/1287 650/824/1261
f 651/825/1262 672/848/1287 673/849/1288
f 652/826/1263 673/849/1288 674/850/1289
f 652/826/1263 675/851/1290 653/827/1264
f 653/827/1264 676/852/1291 654/828/1265
f 654/828/1265 677/853/1292 655/829/1266
s 238
f 656/831/1268 677/854/1293 678/855/1294
s 234
f 678/855/1295 657/832/1269 656/831/1270
f 679/856/1296 658/833/1271 657/832/1269
f 680/857/1297 659/835/1273 658/833/1271
f 682/858/1298 659/835/1273 681/859/1299
f 683/860/1300 660/834/1272 682/858/1298
f 683/860/1300 662/837/1275 661/836/1274
f 685/861/1301 662/837/1275 684/862/1302
f 686/863/1303 663/838/1276 685/861/1301
f 687/864/1304 664/839/1277 686/863/1303
f 665/865/1305 688/866/1306 666/840/1278
s 239
f 666/840/1307 667/867/1308 645/841/1280
s 236
f 495/670/1309 668/844/1283 667/842/1281
f 669/845/1284 501/651/1310 505/650/1311
f 669/845/1284 509/676/1312 670/846/1285
f 670/846/1285 513/684/1313 671/847/1286
f 671/847/1286 517/692/1314 672/848/1287
f 673/849/1288 517/692/1314 521/698/1315
f 674/850/1289 521/698/1315 525/706/1316
f 674/850/1289 529/714/1317 675/851/1290
f 675/851/1290 533/722/1318 676/852/1291
f 676/852/1291 496/728/1319 677/853/1292
s 238
f 678/855/1294 496/868/1320 494/727/1320
s 234
f 679/856/1296 494/727/1321 532/721/1322
f 680/857/1297 532/721/1322 528/713/1323
f 681/859/1299 528/713/1323 524/705/1324
f 520/869/1325 681/859/1299 524/705/1324
f 516/691/1326 682/858/1298 520/869/1325
f 684/862/1302 516/691/1326 512/870/1327
f 685/861/1301 512/870/1327 508/683/1328
f 686/863/1303 508/683/1328 504/675/1329
f 502/649/1330 686/863/1303 504/675/1329
f 687/864/1304 493/669/1331 688/866/1306
s 239
f 688/866/1332 495/871/1333 667/867/1308
s 240
f 700/872/1334 705/873/1335 706/874/1336
s 241
f 700/872/1337 707/875/1338 699/876/1339
s 242
f 699/876/1340 708/877/1341 698/878/1342
s 243
f 697/879/1343 708/877/1344 705/880/1345
s 244
f 690/881/1346 694/882/1346 692/883/1346
s 245
f 689/884/1347 693/885/1347 695/886/1347
s 243
f 701/887/1348 698/878/1349 697/879/1343
s 242
f 703/888/1350 698/878/1342 702/889/1351
s 241
f 704/890/1352 699/876/1339 703/888/1352
s 240
f 704/890/1353 697/891/1354 700/872/1334
s 243
f 702/889/1355 689/892/1356 695/893/1356
s 242
f 693/894/1357 702/889/1351 695/893/1358
s 241
f 691/895/1359 703/888/1352 693/894/1359
s 240
f 701/896/1360 691/895/1361 689/884/1362
f 706/874/1336 709/897/1363 710/898/1364
s 241
f 706/874/1365 711/899/1366 707/875/1338
s 242
f 707/875/1367 712/900/1368 708/877/1341
s 243
f 705/880/1345 712/900/1369 709/901/1370
s 240
f 710/898/1364 713/902/1371 714/903/1372
s 241
f 711/899/1366 714/903/1373 715/904/1373
s 242
f 711/899/1374 716/905/1375 712/900/1368
s 243
f 709/901/1370 716/905/1376 713/906/1377
s 240
f 714/903/1372 717/907/1378 718/908/1379
s 241
f 715/904/1373 718/908/1380 719/909/1381
s 242
f 715/904/1382 720/910/1383 716/905/1375
s 243
f 713/906/1377 720/910/1384 717/911/1384
s 240
f 718/908/1379 721/912/1385 722/913/1386
s 241
f 718/908/1380 723/914/1387 719/909/1381
s 242
f 719/909/1388 724/915/1389 720/910/1383
s 243
f 717/911/1384 724/915/1390 721/916/1391
s 240
f 722/913/1386 725/917/1392 726/918/1393
s 241
f 722/913/1394 727/919/1395 723/914/1387
s 242
f 723/914/1396 728/920/1397 724/915/1389
s 243
f 724/915/1390 725/921/1398 721/916/1391
s 240
f 740/922/1399 729/923/1400 730/924/1401
s 241
f 740/922/1402 731/925/1403 739/926/1402
s 242
f 739/926/1404 732/927/1405 738/928/1406
s 243
f 738/928/1407 729/929/1408 737/930/1407
s 240
f 730/924/1401 733/931/1409 734/932/1410
s 241
f 731/925/1403 734/932/1411 735/933/1412
s 242
f 731/925/1413 736/934/1414 732/927/1405
s 243
f 732/927/1415 733/935/1416 729/929/1408
s 240
f 733/931/1409 742/936/1417 734/932/1410
s 241
f 735/933/1412 742/936/1418 743/937/1419
s 242
f 736/934/1414 743/937/1420 744/938/1421
s 243
f 736/934/1422 741/939/1423 733/935/1416
f 728/920/1424 737/930/1407 725/921/1398
s 242
f 727/919/1425 738/928/1406 728/920/1397
s 241
f 726/918/1426 739/926/1402 727/919/1395
s 240
f 726/918/1393 737/940/1427 740/922/1399
f 741/941/1428 746/942/1429 742/936/1417
s 241
f 743/937/1419 746/942/1430 747/943/1431
s 242
f 744/938/1421 747/943/1432 748/944/1433
s 243
f 744/938/1434 745/945/1435 741/939/1423
s 240
f 745/946/1436 692/883/1437 746/942/1429
s 241
f 747/943/1431 692/883/1438 694/947/1438
s 242
f 748/944/1433 694/947/1439 696/948/1440
s 243
f 748/944/1441 690/949/1442 745/945/1435
s 246
f 757/950/1443 762/951/1444 760/952/1445
s 247
f 760/952/1446 763/953/1447 759/954/1448
s 248
f 758/955/1449 763/953/1450 764/956/1451
s 249
f 757/957/1452 764/956/1453 761/958/1453
s 250
f 750/959/1454 754/960/1454 752/961/1454
s 251
f 749/962/1455 753/963/1455 755/964/1455
s 249
f 758/955/1456 749/965/1457 755/966/1457
s 248
f 759/954/1458 755/966/1459 753/967/1460
s 247
f 751/968/1461 759/954/1448 753/967/1461
s 246
f 749/962/1462 760/952/1445 751/968/1463
s 252
f 805/969/1464 766/970/1465 808/971/1466
s 247
f 808/971/1467 767/972/1468 807/973/1467
s 248
f 806/974/1469 767/972/1470 768/975/1471
s 249
f 805/976/1453 768/975/1472 765/977/1472
s 252
f 765/978/1473 770/979/1474 766/970/1465
s 247
f 766/970/1475 771/980/1476 767/972/1468
s 248
f 768/975/1471 771/980/1477 772/981/1478
s 249
f 765/977/1472 772/981/1453 769/982/1453
s 253
f 813/983/1479 815/984/1480 816/985/1479
s 247
f 796/986/1430 799/987/1430 795/988/1430
s 248
f 795/988/1481 800/989/1482 794/990/1483
s 249
f 794/990/1453 797/991/1453 793/992/1453
s 254
f 774/993/1484 777/994/1485 778/995/1486
s 247
f 775/996/1487 778/995/1488 779/997/1489
s 248
f 775/996/1490 780/998/1491 776/999/1492
s 249
f 776/999/1453 777/1000/1453 773/1001/1453
s 255
f 788/1002/1493 781/1003/1494 782/1004/1495
s 247
f 787/1005/1496 782/1004/1497 783/1006/1498
s 248
f 787/1005/1499 784/1007/1500 786/1008/1501
s 249
f 786/1008/1453 781/1009/1453 785/1010/1453
s 255
f 782/1004/1495 789/1011/1502 790/1012/1503
s 247
f 783/1006/1498 790/1012/1504 791/1013/1505
s 248
f 783/1006/1506 792/1014/1507 784/1007/1500
s 249
f 784/1007/1453 789/1015/1508 781/1009/1453
f 802/1016/1453 785/1010/1453 801/1017/1453
s 248
f 803/1018/1509 786/1008/1501 802/1016/1510
s 247
f 803/1018/1511 788/1002/1512 787/1005/1496
s 256
f 817/1019/1513 819/1020/1514 820/1021/1515
s 255
f 790/1012/1503 750/959/1516 752/961/1517
s 247
f 791/1013/1505 752/961/1518 754/1022/1518
s 248
f 791/1013/1519 756/1023/1520 792/1014/1507
s 249
f 789/1015/1508 756/1023/1521 750/1024/1521
f 769/982/1453 794/990/1453 793/992/1453
s 248
f 771/980/1477 794/990/1483 772/981/1478
s 247
f 770/979/1476 795/988/1430 771/980/1476
s 252
f 770/979/1474 793/1025/1522 796/986/1523
s 254
f 798/1026/1524 773/1027/1525 774/993/1484
s 247
f 799/987/1430 774/993/1526 775/996/1487
s 248
f 799/987/1527 776/999/1492 800/989/1482
s 249
f 800/989/1453 773/1001/1453 797/991/1453
f 780/998/1453 801/1017/1453 777/1000/1453
s 248
f 779/997/1528 802/1016/1510 780/998/1491
s 247
f 779/997/1489 804/1028/1511 803/1018/1511
s 254
f 778/995/1486 801/1029/1529 804/1028/1530
s 249
f 809/1030/1531 806/974/1453 805/976/1453
s 248
f 810/1031/1532 807/973/1533 806/974/1469
s 247
f 812/1032/1534 807/973/1467 811/1033/1534
s 257
f 822/1034/1535 824/1035/1535 821/1036/1535
s 249
f 761/958/1453 810/1031/1531 809/1030/1531
s 248
f 764/956/1451 811/1033/1536 810/1031/1532
s 247
f 762/951/1537 811/1033/1534 763/953/1447
s 246
f 761/1037/1538 812/1032/1539 762/951/1444
s 258
f 793/1025/1540 813/983/1541 796/986/1542
s 259
f 797/1038/1543 814/1039/1544 793/1025/1545
s 260
f 797/1038/1546 816/985/1547 815/984/1548
s 261
f 796/986/1549 816/985/1550 798/1026/1551
s 262
f 801/1029/1552 817/1019/1553 804/1028/1554
s 263
f 785/1040/1555 818/1041/1556 801/1029/1557
s 264
f 785/1040/1558 820/1021/1559 819/1020/1560
s 265
f 804/1028/1561 820/1021/1562 788/1002/1563
s 266
f 809/1042/1564 821/1036/1565 812/1032/1566
s 267
f 805/969/1567 822/1034/1568 809/1042/1569
s 268
f 805/969/1570 824/1035/1571 823/1043/1572
s 269
f 812/1032/1573 824/1035/1574 808/971/1575
s 270
f 932/1044/1576 839/1045/1577 931/1046/1578
s 271
f 915/1047/1579 828/1048/1579 830/1049/1579
s 272
f 899/1050/1580 838/1051/1581 835/1052/1582
s 0
f 897/1053/1583 832/1054/1584 826/1053/1585
s 274
f 834/1055/1586 838/1056/1587 839/1045/1588
s 275
f 833/1057/1589 837/1058/1590 836/1059/1591
s 270
f 932/1044/1576 826/1060/1592 834/1055/1593
s 274
f 826/1060/1594 835/1061/1595 834/1055/1586
s 272
f 898/1054/1596 835/1052/1582 832/1054/1597
s 275
f 825/1060/1598 836/1059/1591 831/1062/1598
s 272
f 901/1063/1599 838/1051/1581 900/1064/1600
s 274
f 839/1045/1588 842/1065/1601 843/1066/1602
s 270
f 930/1067/1603 839/1045/1577 843/1066/1604
s 275
f 840/1068/1605 841/1069/1606 837/1058/1590
s 272
f 901/1063/1599 846/1070/1607 842/1071/1608
s 274
f 843/1066/1602 846/1072/1609 847/1073/1610
s 270
f 930/1067/1603 847/1073/1611 929/1074/1612
s 275
f 844/1075/1613 845/1076/1614 841/1069/1606
s 272
f 904/1077/1615 894/1078/1616 903/1079/1617
s 274
f 893/1080/1618 850/1081/1619 851/1082/1620
s 270
f 927/1083/1621 893/1080/1622 851/1082/1623
s 275
f 896/1084/1624 849/1085/1625 895/1086/1626
s 272
f 906/1087/1627 890/1088/1628 905/1089/1629
s 274
f 889/1090/1630 854/1091/1631 855/1092/1632
s 270
f 925/1093/1633 889/1090/1634 855/1092/1635
s 275
f 892/1094/1636 853/1095/1637 891/1096/1638
s 272
f 907/1097/1639 858/1098/1640 886/1099/1641
s 274
f 885/1100/1642 858/1101/1643 859/1102/1644
s 270
f 924/1103/1645 859/1102/1646 923/1104/1647
s 275
f 888/1105/1648 857/1106/1649 887/1107/1650
s 272
f 909/1108/1651 862/1109/1652 882/1110/1653
s 274
f 881/1111/1654 862/1112/1655 863/1113/1656
s 270
f 922/1114/1657 863/1113/1658 921/1115/1659
s 275
f 884/1116/1660 861/1117/1661 883/1118/1662
s 272
f 911/1119/1663 866/1120/1664 878/1121/1665
s 274
f 877/1122/1666 866/1123/1667 867/1124/1668
s 270
f 920/1125/1669 867/1124/1670 919/1126/1671
s 275
f 880/1127/1672 865/1128/1673 879/1129/1674
s 272
f 913/1130/1675 870/1131/1676 874/1132/1677
s 274
f 873/1133/1678 870/1134/1679 871/1135/1680
s 270
f 918/1136/1681 871/1135/1682 917/1137/1683
s 275
f 876/1138/1684 869/1139/1685 875/1140/1686
s 272
f 914/1141/1687 830/1049/1688 870/1131/1676
s 274
f 871/1135/1680 830/1142/1689 828/1048/1689
s 270
f 917/1137/1683 828/1048/1690 916/1143/1691
s 275
f 872/1144/1692 829/1145/1693 869/1139/1685
s 274
f 867/1124/1668 874/1146/1694 873/1133/1678
s 272
f 912/1147/1695 874/1132/1677 866/1120/1664
s 275
f 868/1148/1696 875/1140/1686 865/1128/1673
s 270
f 919/1126/1671 873/1133/1697 918/1136/1681
s 274
f 863/1113/1656 878/1149/1698 877/1122/1666
s 272
f 910/1150/1699 878/1121/1665 862/1109/1652
s 275
f 864/1151/1700 879/1129/1674 861/1117/1661
s 270
f 921/1115/1659 877/1122/1701 920/1125/1669
s 274
f 859/1102/1644 882/1152/1702 881/1111/1654
s 272
f 908/1153/1703 882/1110/1653 858/1098/1640
s 275
f 860/1154/1704 883/1118/1662 857/1106/1649
s 270
f 923/1104/1647 881/1111/1705 922/1114/1657
s 274
f 855/1092/1632 886/1155/1706 885/1100/1642
s 272
f 906/1087/1627 886/1099/1641 854/1156/1707
s 275
f 856/1157/1708 887/1107/1650 853/1095/1637
s 270
f 925/1093/1633 885/1100/1709 924/1103/1645
s 274
f 851/1082/1620 890/1158/1710 889/1090/1630
s 272
f 905/1089/1629 850/1159/1711 904/1077/1615
s 275
f 852/1160/1712 891/1096/1638 849/1085/1625
s 270
f 926/1161/1713 851/1082/1623 889/1090/1634
s 274
f 847/1073/1610 894/1162/1714 893/1080/1618
s 272
f 903/1079/1617 846/1070/1607 902/1163/1715
s 275
f 848/1164/1716 895/1086/1626 845/1076/1614
s 270
f 928/1165/1717 847/1073/1611 893/1080/1622
s 0
f 831/1054/1584 897/1053/1585 825/1053/1583
s 272
f 836/1166/1718 898/1054/1596 831/1054/1719
f 900/1064/1600 836/1166/1718 837/1167/1720
f 901/1063/1599 837/1167/1720 841/1168/1721
f 902/1163/1715 841/1168/1721 845/1169/1722
f 903/1079/1617 845/1169/1722 895/1170/1723
f 904/1077/1615 895/1170/1723 849/1171/1724
f 905/1089/1629 849/1171/1724 891/1172/1725
f 906/1087/1627 891/1172/1725 853/1173/1726
f 907/1097/1639 853/1173/1726 887/1174/1727
f 908/1153/1703 887/1174/1727 857/1175/1728
f 909/1108/1651 857/1175/1728 883/1176/1729
f 910/1150/1699 883/1176/1729 861/1177/1730
f 911/1119/1663 861/1177/1730 879/1178/1731
f 865/1179/1732 911/1119/1663 879/1178/1731
f 875/1180/1733 912/1147/1695 865/1179/1732
f 869/1181/1734 913/1130/1675 875/1180/1733
f 829/1182/1735 914/1141/1687 869/1181/1734
s 271
f 916/1143/1579 829/1182/1579 827/1183/1579
s 270
f 917/1137/1683 827/1183/1736 872/1144/1737
f 918/1136/1681 872/1144/1737 876/1138/1738
f 919/1126/1671 876/1138/1738 868/1148/1739
f 920/1125/1669 868/1148/1739 880/1127/1740
f 864/1151/1741 920/1125/1669 880/1127/1740
f 884/1116/1742 921/1115/1659 864/1151/1741
f 860/1154/1743 922/1114/1657 884/1116/1742
f 888/1105/1744 923/1104/1647 860/1154/1743
f 856/1157/1745 924/1103/1645 888/1105/1744
f 892/1094/1746 925/1093/1633 856/1157/1745
f 852/1160/1747 926/1161/1713 892/1094/1746
f 896/1084/1748 927/1083/1621 852/1160/1747
f 848/1164/1749 928/1165/1717 896/1084/1748
f 844/1075/1750 929/1074/1612 848/1164/1749
f 840/1068/1751 930/1067/1603 844/1075/1750
f 833/1057/1752 931/1046/1578 840/1068/1751
f 825/1060/1753 932/1044/1576 833/1057/1752
s 277
f 1040/1184/1754 947/1185/1755 1039/1186/1756
s 278
f 1023/1187/1757 936/1188/1757 938/1189/1757
s 279
f 1007/1190/1758 946/1191/1759 943/1192/1760
s 0
f 1005/1193/1761 940/1194/1762 934/1193/1585
s 281
f 943/1195/1763 947/1185/1764 942/1196/1765
s 282
f 944/1197/1766 948/1198/1767 945/1199/1768
s 277
f 1040/1184/1754 934/1200/1769 942/1196/1770
s 281
f 940/1201/1771 942/1196/1765 934/1200/1771
s 279
f 1006/1194/1772 943/1192/1760 940/1194/1597
s 282
f 939/1202/1773 941/1203/1774 944/1197/1766
s 279
f 1009/1204/1775 946/1191/1759 1008/1205/1776
s 281
f 946/1206/1777 951/1207/1778 947/1185/1764
s 277
f 1038/1208/1779 947/1185/1755 951/1207/1780
s 282
f 945/1199/1768 952/1209/1781 949/1210/1782
s 279
f 1009/1204/1775 954/1211/1783 950/1212/1784
s 281
f 950/1213/1785 955/1214/1786 951/1207/1778
s 277
f 1038/1208/1779 955/1214/1787 1037/1215/1788
s 282
f 949/1210/1782 956/1216/1789 953/1217/1790
s 279
f 1012/1218/1791 1002/1219/1792 1011/1220/1793
s 281
f 1002/1221/1794 959/1222/1795 1001/1223/1796
s 277
f 1035/1224/1797 1001/1223/1798 959/1222/1799
s 282
f 1003/1225/1800 960/1226/1801 957/1227/1802
s 279
f 1014/1228/1803 998/1229/1804 1013/1230/1805
s 281
f 998/1231/1806 963/1232/1807 997/1233/1808
s 277
f 1033/1234/1809 997/1233/1810 963/1232/1811
s 282
f 999/1235/1812 964/1236/1813 961/1237/1814
s 279
f 1015/1238/1815 966/1239/1816 994/1240/1817
s 281
f 994/1241/1818 967/1242/1819 993/1243/1820
s 277
f 1032/1244/1821 967/1242/1822 1031/1245/1823
s 282
f 995/1246/1824 968/1247/1825 965/1248/1826
s 279
f 1017/1249/1827 970/1250/1828 990/1251/1829
s 281
f 990/1252/1830 971/1253/1831 989/1254/1832
s 277
f 1030/1255/1833 971/1253/1834 1029/1256/1835
s 282
f 991/1257/1836 972/1258/1837 969/1259/1838
s 279
f 1019/1260/1839 974/1261/1840 986/1262/1841
s 281
f 986/1263/1842 975/1264/1843 985/1265/1844
s 277
f 1028/1266/1845 975/1264/1846 1027/1267/1847
s 282
f 987/1268/1848 976/1269/1849 973/1270/1850
s 279
f 1021/1271/1851 978/1272/1852 982/1273/1853
s 281
f 982/1274/1854 979/1275/1855 981/1276/1856
s 277
f 1026/1277/1857 979/1275/1858 1025/1278/1859
s 282
f 983/1279/1860 980/1280/1861 977/1281/1862
s 279
f 1022/1282/1863 938/1189/1864 978/1272/1852
s 281
f 978/1283/1865 936/1188/1866 979/1275/1855
s 277
f 1025/1278/1859 936/1188/1867 1024/1284/1868
s 282
f 977/1281/1862 935/1285/1869 937/1286/1869
s 281
f 974/1287/1870 981/1276/1856 975/1264/1843
s 279
f 1020/1288/1871 982/1273/1853 974/1261/1840
s 282
f 973/1270/1850 984/1289/1872 983/1279/1860
s 277
f 1027/1267/1847 981/1276/1873 1026/1277/1857
s 281
f 970/1290/1874 985/1265/1844 971/1253/1831
s 279
f 1018/1291/1875 986/1262/1841 970/1250/1828
s 282
f 969/1259/1838 988/1292/1876 987/1268/1848
s 277
f 1029/1256/1835 985/1265/1877 1028/1266/1845
s 281
f 966/1293/1878 989/1254/1832 967/1242/1819
s 279
f 1017/1249/1827 966/1239/1816 1016/1294/1879
s 282
f 965/1248/1826 992/1295/1880 991/1257/1836
s 277
f 1030/1255/1833 967/1242/1822 989/1254/1881
s 281
f 962/1296/1882 993/1243/1820 963/1232/1807
s 279
f 1014/1228/1803 994/1240/1817 962/1297/1883
s 282
f 961/1237/1814 996/1298/1884 995/1246/1824
s 277
f 1033/1234/1809 993/1243/1885 1032/1244/1821
s 281
f 958/1299/1886 997/1233/1808 959/1222/1795
s 279
f 1013/1230/1805 958/1300/1887 1012/1218/1791
s 282
f 957/1227/1802 1000/1301/1888 999/1235/1812
s 277
f 1034/1302/1889 959/1222/1799 997/1233/1810
s 281
f 954/1303/1890 1001/1223/1796 955/1214/1786
s 279
f 1011/1220/1793 954/1211/1783 1010/1304/1891
s 282
f 953/1217/1790 1004/1305/1892 1003/1225/1800
s 277
f 1036/1306/1893 955/1214/1787 1001/1223/1798
s 0
f 939/1307/1762 1005/1193/1585 933/1193/1761
s 279
f 944/1308/1894 1006/1194/1772 939/1307/1895
f 1008/1205/1776 944/1308/1894 945/1309/1896
f 1009/1204/1775 945/1309/1896 949/1310/1897
f 1010/1304/1891 949/1310/1897 953/1311/1898
f 1011/1220/1793 953/1311/1898 1003/1312/1899
f 1012/1218/1791 1003/1312/1899 957/1313/1900
f 1013/1230/1805 957/1313/1900 999/1314/1901
f 1014/1228/1803 999/1314/1901 961/1315/1902
f 1015/1238/1815 961/1315/1902 995/1316/1903
f 1016/1294/1879 995/1316/1903 965/1317/1904
f 1017/1249/1827 965/1317/1904 991/1318/1905
f 1018/1291/1875 991/1318/1905 969/1319/1906
f 1019/1260/1839 969/1319/1906 987/1320/1907
f 973/1321/1908 1019/1260/1839 987/1320/1907
f 983/1322/1909 1020/1288/1871 973/1321/1908
f 977/1323/1910 1021/1271/1851 983/1322/1909
f 937/1324/1911 1022/1282/1863 977/1323/1910
s 278
f 1024/1284/1757 937/1324/1757 935/1285/1757
s 277
f 1025/1278/1859 935/1285/1912 980/1280/1913
f 1026/1277/1857 980/1280/1913 984/1289/1914
f 1027/1267/1847 984/1289/1914 976/1269/1915
f 1028/1266/1845 976/1269/1915 988/1292/1916
f 972/1258/1917 1028/1266/1845 988/1292/1916
f 992/1295/1918 1029/1256/1835 972/1258/1917
f 968/1247/1919 1030/1255/1833 992/1295/1918
f 996/1298/1920 1031/1245/1823 968/1247/1919
f 964/1236/1921 1032/1244/1821 996/1298/1920
f 1000/1301/1922 1033/1234/1809 964/1236/1921
f 960/1226/1923 1034/1302/1889 1000/1301/1922
f 1004/1305/1924 1035/1224/1797 960/1226/1923
f 956/1216/1925 1036/1306/1893 1004/1305/1924
f 952/1209/1926 1037/1215/1788 956/1216/1925
f 948/1198/1927 1038/1208/1779 952/1209/1926
f 941/1203/1928 1039/1186/1756 948/1198/1927
f 933/1200/1929 1040/1184/1754 941/1203/1928
s 284
f 1148/1325/1930 1055/1326/1931 1147/1327/1932
s 285
f 1131/1328/1579 1044/1329/1579 1046/1330/1579
s 286
f 1115/1331/1933 1054/1332/1934 1051/1333/1935
s 0
f 1113/1334/1583 1048/1335/1584 1042/1336/1585
s 288
f 1050/1337/1936 1054/1338/1937 1055/1326/1938
s 289
f 1049/1339/1939 1053/1340/1940 1052/1341/1941
s 284
f 1148/1325/1930 1042/1342/1942 1050/1337/1943
s 288
f 1042/1342/1944 1051/1343/1945 1050/1337/1936
s 286
f 1114/1344/1946 1051/1333/1935 1048/1335/1597
s 289
f 1041/1342/1947 1052/1341/1941 1047/1345/1947
s 286
f 1117/1346/1948 1054/1332/1934 1116/1347/1949
s 288
f 1055/1326/1938 1058/1348/1950 1059/1349/1951
s 284
f 1146/1350/1952 1055/1326/1931 1059/1349/1953
s 289
f 1056/1351/1954 1057/1352/1955 1053/1340/1940
s 286
f 1117/1346/1948 1062/1353/1956 1058/1354/1957
s 288
f 1059/1349/1951 1062/1355/1958 1063/1356/1959
s 284
f 1146/1350/1952 1063/1356/1960 1145/1357/1961
s 289
f 1060/1358/1962 1061/1359/1963 1057/1352/1955
s 286
f 1120/1360/1964 1110/1361/1965 1119/1362/1966
s 288
f 1109/1363/1967 1066/1364/1968 1067/1365/1969
s 284
f 1143/1366/1970 1109/1363/1971 1067/1365/1972
s 289
f 1112/1367/1973 1065/1368/1974 1111/1369/1975
s 286
f 1122/1370/1976 1106/1371/1977 1121/1372/1978
s 288
f 1105/1373/1979 1070/1374/1980 1071/1375/1981
s 284
f 1141/1376/1982 1105/1373/1983 1071/1375/1984
s 289
f 1108/1377/1985 1069/1378/1986 1107/1379/1987
s 286
f 1123/1380/1988 1074/1381/1989 1102/1382/1990
s 288
f 1101/1383/1991 1074/1384/1992 1075/1385/1993
s 284
f 1140/1386/1994 1075/1385/1995 1139/1387/1996
s 289
f 1103/1388/1997 1076/1389/1998 1073/1390/1999
s 286
f 1125/1391/2000 1078/1392/2001 1098/1393/2002
s 288
f 1097/1394/2003 1078/1395/2004 1079/1396/2005
s 284
f 1138/1397/2006 1079/1396/2007 1137/1398/2008
s 289
f 1099/1399/2009 1080/1400/2010 1077/1401/2011
s 286
f 1127/1402/2012 1082/1403/2013 1094/1404/2014
s 288
f 1093/1405/2015 1082/1406/2016 1083/1407/2017
s 284
f 1136/1408/2018 1083/1407/2019 1135/1409/2020
s 289
f 1096/1410/2021 1081/1411/2022 1095/1412/2023
s 286
f 1129/1413/2024 1086/1414/2025 1090/1415/2026
s 288
f 1089/1416/2027 1086/1417/2028 1087/1418/2029
s 284
f 1134/1419/2030 1087/1418/2031 1133/1420/2032
s 289
f 1092/1421/2033 1085/1422/2034 1091/1423/2035
s 286
f 1130/1424/2036 1046/1330/2037 1086/1414/2025
s 288
f 1087/1418/2029 1046/1425/2038 1044/1329/2038
s 284
f 1133/1420/2032 1044/1329/2039 1132/1426/2040
s 289
f 1085/1422/2034 1043/1427/2041 1045/1428/2041
s 288
f 1083/1407/2017 1090/1429/2042 1089/1416/2027
s 286
f 1128/1430/2043 1090/1415/2026 1082/1403/2013
s 289
f 1084/1431/2044 1091/1423/2035 1081/1411/2022
s 284
f 1135/1409/2020 1089/1416/2045 1134/1419/2030
s 288
f 1079/1396/2005 1094/1432/2046 1093/1405/2015
s 286
f 1126/1433/2047 1094/1404/2014 1078/1392/2001
s 289
f 1077/1401/2011 1096/1410/2021 1095/1412/2023
s 284
f 1137/1398/2008 1093/1405/2048 1136/1408/2018
s 288
f 1075/1385/1993 1098/1434/2049 1097/1394/2003
s 286
f 1125/1391/2000 1074/1381/1989 1124/1435/2050
s 289
f 1076/1389/1998 1099/1399/2009 1073/1390/1999
s 284
f 1138/1397/2006 1075/1385/1995 1097/1394/2051
s 288
f 1071/1375/1981 1102/1436/2052 1101/1383/1991
s 286
f 1122/1370/1976 1102/1382/1990 1070/1437/2053
s 289
f 1069/1378/1986 1104/1438/2054 1103/1388/1997
s 284
f 1141/1376/1982 1101/1383/2055 1140/1386/1994
s 288
f 1067/1365/1969 1106/1439/2056 1105/1373/1979
s 286
f 1121/1372/1978 1066/1440/2057 1120/1360/1964
s 289
f 1065/1368/1974 1108/1377/1985 1107/1379/1987
s 284
f 1142/1441/2058 1067/1365/1972 1105/1373/1983
s 288
f 1063/1356/1959 1110/1442/2059 1109/1363/1967
s 286
f 1119/1362/1966 1062/1353/1956 1118/1443/2060
s 289
f 1064/1444/2061 1111/1369/1975 1061/1359/1963
s 284
f 1144/1445/2062 1063/1356/1960 1109/1363/1971
s 0
f 1047/1446/1584 1113/1334/1585 1041/1334/1583
s 286
f 1052/1447/2063 1114/1344/1946 1047/1446/1597
f 1116/1347/1949 1052/1447/2063 1053/1448/2064
f 1117/1346/1948 1053/1448/2064 1057/1449/2065
f 1118/1443/2060 1057/1449/2065 1061/1450/2066
f 1119/1362/1966 1061/1450/2066 1111/1451/2067
f 1120/1360/1964 1111/1451/2067 1065/1452/2068
f 1121/1372/1978 1065/1452/2068 1107/1453/2069
f 1122/1370/1976 1107/1453/2069 1069/1454/2070
f 1123/1380/1988 1069/1454/2070 1103/1455/2071
f 1124/1435/2050 1103/1455/2071 1073/1456/2072
f 1125/1391/2000 1073/1456/2072 1099/1457/2073
f 1126/1433/2047 1099/1457/2073 1077/1458/2074
f 1127/1402/2012 1077/1458/2074 1095/1459/2075
f 1081/1460/2076 1127/1402/2012 1095/1459/2075
f 1091/1461/2077 1128/1430/2043 1081/1460/2076
f 1085/1462/2078 1129/1413/2024 1091/1461/2077
f 1045/1463/2079 1130/1424/2036 1085/1462/2078
s 285
f 1043/1427/1579 1131/1328/1579 1045/1463/1579
s 284
f 1133/1420/2032 1043/1427/2080 1088/1464/2081
f 1134/1419/2030 1088/1464/2081 1092/1421/2082
f 1135/1409/2020 1092/1421/2082 1084/1431/2083
f 1136/1408/2018 1084/1431/2083 1096/1410/2084
f 1080/1400/2085 1136/1408/2018 1096/1410/2084
f 1100/1465/2086 1137/1398/2008 1080/1400/2085
f 1076/1389/2087 1138/1397/2006 1100/1465/2086
f 1104/1438/2088 1139/1387/1996 1076/1389/2087
f 1072/1466/2089 1140/1386/1994 1104/1438/2088
f 1108/1377/2090 1141/1376/1982 1072/1466/2089
f 1068/1467/2091 1142/1441/2058 1108/1377/2090
f 1112/1367/2092 1143/1366/1970 1068/1467/2091
f 1064/1444/2093 1144/1445/2062 1112/1367/2092
f 1060/1358/2094 1145/1357/1961 1064/1444/2093
f 1056/1351/2095 1146/1350/1952 1060/1358/2094
f 1049/1339/2096 1147/1327/1932 1056/1351/2095
f 1041/1342/2097 1148/1325/1930 1049/1339/2096
s 291
f 1256/1468/2098 1163/1469/2099 1255/1470/2100
s 292
f 1240/1471/2101 1154/1472/2101 1239/1473/2101
s 293
f 1223/1474/2102 1162/1475/2103 1159/1476/2104
s 0
f 1221/1477/1583 1156/1478/1584 1150/1477/1585
s 295
f 1158/1479/2105 1162/1480/2106 1163/1469/2107
s 296
f 1157/1481/2108 1161/1482/2109 1160/1483/2110
s 291
f 1256/1468/2098 1150/1484/2111 1158/1479/2112
s 295
f 1150/1484/2113 1159/1485/2114 1158/1479/2105
s 293
f 1222/1478/2115 1159/1476/2104 1156/1478/1597
s 296
f 1149/1484/2116 1160/1483/2110 1155/1486/2116
s 293
f 1225/1487/2117 1162/1475/2103 1224/1488/2118
s 295
f 1163/1469/2107 1166/1489/2119 1167/1490/2120
s 291
f 1254/1491/2121 1163/1469/2099 1167/1490/2122
s 296
f 1164/1492/2123 1165/1493/2124 1161/1482/2109
s 293
f 1225/1487/2117 1170/1494/2125 1166/1495/2126
s 295
f 1167/1490/2120 1170/1496/2127 1171/1497/2128
s 291
f 1254/1491/2121 1171/1497/2129 1253/1498/2130
s 296
f 1168/1499/2131 1169/1500/2132 1165/1493/2124
s 293
f 1228/1501/2133 1218/1502/2134 1227/1503/2135
s 295
f 1217/1504/2136 1174/1505/2137 1175/1506/2138
s 291
f 1251/1507/2139 1217/1504/2140 1175/1506/2141
s 296
f 1220/1508/2142 1173/1509/2143 1219/1510/2144
s 293
f 1230/1511/2145 1214/1512/2146 1229/1513/2147
s 295
f 1213/1514/2148 1178/1515/2149 1179/1516/2150
s 291
f 1249/1517/2151 1213/1514/2152 1179/1516/2153
s 296
f 1216/1518/2154 1177/1519/2155 1215/1520/2156
s 293
f 1231/1521/2157 1182/1522/2158 1210/1523/2159
s 295
f 1209/1524/2160 1182/1525/2161 1183/1526/2162
s 291
f 1248/1527/2163 1183/1526/2164 1247/1528/2165
s 296
f 1212/1529/2166 1181/1530/2167 1211/1531/2168
s 293
f 1233/1532/2169 1186/1533/2170 1206/1534/2171
s 295
f 1205/1535/2172 1186/1536/2173 1187/1537/2174
s 291
f 1246/1538/2175 1187/1537/2176 1245/1539/2177
s 296
f 1208/1540/2178 1185/1541/2179 1207/1542/2180
s 293
f 1235/1543/2181 1190/1544/2182 1202/1545/2183
s 295
f 1201/1546/2184 1190/1547/2185 1191/1548/2186
s 291
f 1244/1549/2187 1191/1548/2188 1243/1550/2189
s 296
f 1204/1551/2190 1189/1552/2191 1203/1553/2192
s 293
f 1237/1554/2193 1194/1555/2194 1198/1556/2195
s 295
f 1197/1557/2196 1194/1558/2197 1195/1559/2198
s 291
f 1242/1560/2199 1195/1559/2200 1241/1561/2201
s 296
f 1200/1562/2202 1193/1563/2203 1199/1564/2204
s 293
f 1238/1565/2205 1154/1472/2206 1194/1555/2194
s 295
f 1194/1558/2197 1152/1566/2207 1195/1559/2198
s 291
f 1241/1561/2201 1152/1566/2208 1240/1471/2209
s 296
f 1196/1567/2210 1153/1568/2211 1193/1563/2203
s 295
f 1191/1548/2186 1198/1569/2212 1197/1557/2196
s 293
f 1236/1570/2213 1198/1556/2195 1190/1544/2182
s 296
f 1192/1571/2214 1199/1564/2204 1189/1552/2191
s 291
f 1243/1550/2189 1197/1557/2215 1242/1560/2199
s 295
f 1187/1537/2174 1202/1572/2216 1201/1546/2184
s 293
f 1234/1573/2217 1202/1545/2183 1186/1533/2170
s 296
f 1188/1574/2218 1203/1553/2192 1185/1541/2179
s 291
f 1245/1539/2177 1201/1546/2219 1244/1549/2187
s 295
f 1183/1526/2162 1206/1575/2220 1205/1535/2172
s 293
f 1233/1532/2169 1182/1522/2158 1232/1576/2221
s 296
f 1184/1577/2222 1207/1542/2180 1181/1530/2167
s 291
f 1246/1538/2175 1183/1526/2164 1205/1535/2223
s 295
f 1179/1516/2150 1210/1578/2224 1209/1524/2160
s 293
f 1230/1511/2145 1210/1523/2159 1178/1579/2225
s 296
f 1180/1580/2226 1211/1531/2168 1177/1519/2155
s 291
f 1249/1517/2151 1209/1524/2227 1248/1527/2163
s 295
f 1175/1506/2138 1214/1581/2228 1213/1514/2148
s 293
f 1229/1513/2147 1174/1582/2229 1228/1501/2133
s 296
f 1176/1583/2230 1215/1520/2156 1173/1509/2143
s 291
f 1250/1584/2231 1175/1506/2141 1213/1514/2152
s 295
f 1171/1497/2128 1218/1585/2232 1217/1504/2136
s 293
f 1227/1503/2135 1170/1494/2125 1226/1586/2233
s 296
f 1172/1587/2234 1219/1510/2144 1169/1500/2132
s 291
f 1252/1588/2235 1171/1497/2129 1217/1504/2140
s 297
f 1222/1478/2236 1149/1477/2237 1155/1589/2237
s 293
f 1223/1474/2102 1155/1589/2238 1160/1590/2239
f 1224/1488/2118 1160/1590/2239 1161/1591/2240
f 1225/1487/2117 1161/1591/2240 1165/1592/2241
f 1226/1586/2233 1165/1592/2241 1169/1593/2242
f 1227/1503/2135 1169/1593/2242 1219/1594/2243
f 1228/1501/2133 1219/1594/2243 1173/1595/2244
f 1229/1513/2147 1173/1595/2244 1215/1596/2245
f 1230/1511/2145 1215/1596/2245 1177/1597/2246
f 1231/1521/2157 1177/1597/2246 1211/1598/2247
f 1232/1576/2221 1211/1598/2247 1181/1599/2248
f 1233/1532/2169 1181/1599/2248 1207/1600/2249
f 1234/1573/2217 1207/1600/2249 1185/1601/2250
f 1235/1543/2181 1185/1601/2250 1203/1602/2251
f 1189/1603/2252 1235/1543/2181 1203/1602/2251
f 1199/1604/2253 1236/1570/2213 1189/1603/2252
f 1193/1605/2254 1237/1554/2193 1199/1604/2253
f 1153/1606/2255 1238/1565/2205 1193/1605/2254
s 292
f 1151/1607/2101 1239/1473/2101 1153/1606/2101
s 291
f 1241/1561/2201 1151/1607/2256 1196/1567/2257
f 1242/1560/2199 1196/1567/2257 1200/1562/2258
f 1243/1550/2189 1200/1562/2258 1192/1571/2259
f 1244/1549/2187 1192/1571/2259 1204/1551/2260
f 1188/1574/2261 1244/1549/2187 1204/1551/2260
f 1208/1540/2262 1245/1539/2177 1188/1574/2261
f 1184/1577/2263 1246/1538/2175 1208/1540/2262
f 1212/1529/2264 1247/1528/2165 1184/1577/2263
f 1180/1580/2265 1248/1527/2163 1212/1529/2264
f 1216/1518/2266 1249/1517/2151 1180/1580/2265
f 1176/1583/2267 1250/1584/2231 1216/1518/2266
f 1220/1508/2268 1251/1507/2139 1176/1583/2267
f 1172/1587/2269 1252/1588/2235 1220/1508/2268
f 1168/1499/2270 1253/1498/2130 1172/1587/2269
f 1164/1492/2271 1254/1491/2121 1168/1499/2270
f 1157/1481/2272 1255/1470/2100 1164/1492/2271
f 1149/1484/2273 1256/1468/2098 1157/1481/2272
s 298
f 1364/1608/2274 1271/1609/2275 1363/1610/2276
s 299
f 1347/1611/2277 1260/1612/2277 1262/1613/2277
s 300
f 1331/1614/2278 1270/1615/2279 1267/1616/2280
s 0
f 1329/1617/1583 1264/1618/1584 1258/1617/1585
s 302
f 1266/1619/2281 1270/1620/2282 1271/1609/2283
s 303
f 1265/1621/2284 1269/1622/2285 1268/1623/2286
s 298
f 1364/1608/2274 1258/1624/2287 1266/1619/2288
s 302
f 1258/1624/2289 1267/1625/2290 1266/1619/2281
s 300
f 1330/1618/2291 1267/1616/2280 1264/1618/1597
s 303
f 1257/1624/2292 1268/1623/2286 1263/1626/2292
s 300
f 1333/1627/2293 1270/1615/2279 1332/1628/2294
s 302
f 1271/1609/2283 1274/1629/2295 1275/1630/2296
s 298
f 1362/1631/2297 1271/1609/2275 1275/1630/2298
s 303
f 1272/1632/2299 1273/1633/2300 1269/1622/2285
s 300
f 1333/1627/2293 1278/1634/2301 1274/1635/2302
s 302
f 1275/1630/2296 1278/1636/2303 1279/1637/2304
s 298
f 1362/1631/2297 1279/1637/2305 1361/1638/2306
s 303
f 1276/1639/2307 1277/1640/2308 1273/1633/2300
s 300
f 1336/1641/2309 1326/1642/2310 1335/1643/2311
s 302
f 1325/1644/2312 1282/1645/2313 1283/1646/2314
s 298
f 1359/1647/2315 1325/1644/2316 1283/1646/2317
s 303
f 1328/1648/2318 1281/1649/2319 1327/1650/2320
s 300
f 1338/1651/2321 1322/1652/2322 1337/1653/2323
s 302
f 1321/1654/2324 1286/1655/2325 1287/1656/2326
s 298
f 1357/1657/2327 1321/1654/2328 1287/1656/2329
s 303
f 1324/1658/2330 1285/1659/2331 1323/1660/2332
s 300
f 1339/1661/2333 1290/1662/2334 1318/1663/2335
s 302
f 1317/1664/2336 1290/1665/2337 1291/1666/2338
s 298
f 1356/1667/2339 1291/1666/2340 1355/1668/2341
s 303
f 1320/1669/2342 1289/1670/2343 1319/1671/2344
s 300
f 1341/1672/2345 1294/1673/2346 1314/1674/2347
s 302
f 1313/1675/2348 1294/1676/2349 1295/1677/2350
s 298
f 1354/1678/2351 1295/1677/2352 1353/1679/2353
s 303
f 1316/1680/2354 1293/1681/2355 1315/1682/2356
s 300
f 1343/1683/2357 1298/1684/2358 1310/1685/2359
s 302
f 1309/1686/2360 1298/1687/2361 1299/1688/2362
s 298
f 1352/1689/2363 1299/1688/2364 1351/1690/2365
s 303
f 1312/1691/2366 1297/1692/2367 1311/1693/2368
s 300
f 1345/1694/2369 1302/1695/2370 1306/1696/2371
s 302
f 1305/1697/2372 1302/1698/2373 1303/1699/2374
s 298
f 1350/1700/2375 1303/1699/2376 1349/1701/2377
s 303
f 1308/1702/2378 1301/1703/2379 1307/1704/2380
s 300
f 1346/1705/2381 1262/1613/2382 1302/1695/2370
s 302
f 1303/1699/2374 1262/1706/2383 1260/1612/2383
s 298
f 1349/1701/2377 1260/1612/2384 1348/1707/2385
s 303
f 1304/1708/2386 1261/1709/2387 1301/1703/2379
s 302
f 1299/1688/2362 1306/1710/2388 1305/1697/2372
s 300
f 1344/1711/2389 1306/1696/2371 1298/1684/2358
s 303
f 1300/1712/2390 1307/1704/2380 1297/1692/2367
s 298
f 1351/1690/2365 1305/1697/2391 1350/1700/2375
s 302
f 1295/1677/2350 1310/1713/2392 1309/1686/2360
s 300
f 1342/1714/2393 1310/1685/2359 1294/1673/2346
s 303
f 1296/1715/2394 1311/1693/2368 1293/1681/2355
s 298
f 1353/1679/2353 1309/1686/2395 1352/1689/2363
s 302
f 1291/1666/2338 1314/1716/2396 1313/1675/2348
s 300
f 1340/1717/2397 1314/1674/2347 1290/1662/2334
s 303
f 1292/1718/2398 1315/1682/2356 1289/1670/2343
s 298
f 1355/1668/2341 1313/1675/2399 1354/1678/2351
s 302
f 1287/1656/2326 1318/1719/2400 1317/1664/2336
s 300
f 1338/1651/2321 1318/1663/2335 1286/1720/2401
s 303
f 1288/1721/2402 1319/1671/2344 1285/1659/2331
s 298
f 1357/1657/2327 1317/1664/2403 1356/1667/2339
s 302
f 1283/1646/2314 1322/1722/2404 1321/1654/2324
s 300
f 1337/1653/2323 1282/1723/2405 1336/1641/2309
s 303
f 1284/1724/2406 1323/1660/2332 1281/1649/2319
s 298
f 1358/1725/2407 1283/1646/2317 1321/1654/2328
s 302
f 1279/1637/2304 1326/1726/2408 1325/1644/2312
s 300
f 1335/1643/2311 1278/1634/2301 1334/1727/2409
s 303
f 1280/1728/2410 1327/1650/2320 1277/1640/2308
s 298
f 1360/1729/2411 1279/1637/2305 1325/1644/2316
s 0
f 1263/1730/1584 1329/1617/1585 1257/1731/1583
s 300
f 1268/1732/2412 1330/1618/2291 1263/1730/1597
f 1332/1628/2294 1268/1732/2412 1269/1733/2413
f 1333/1627/2293 1269/1733/2413 1273/1734/2414
f 1334/1727/2409 1273/1734/2414 1277/1735/2415
f 1335/1643/2311 1277/1735/2415 1327/1736/2416
f 1336/1641/2309 1327/1736/2416 1281/1737/2417
f 1337/1653/2323 1281/1737/2417 1323/1738/2418
f 1338/1651/2321 1323/1738/2418 1285/1739/2419
f 1339/1661/2333 1285/1739/2419 1319/1740/2420
f 1340/1717/2397 1319/1740/2420 1289/1741/2421
f 1341/1672/2345 1289/1741/2421 1315/1742/2422
f 1342/1714/2393 1315/1742/2422 1293/1743/2423
f 1343/1683/2357 1293/1743/2423 1311/1744/2424
f 1297/1745/2425 1343/1683/2357 1311/1744/2424
f 1307/1746/2426 1344/1711/2389 1297/1745/2425
f 1301/1747/2427 1345/1694/2369 1307/1746/2426
f 1261/1748/2428 1346/1705/2381 1301/1747/2427
s 299
f 1259/1749/2277 1347/1611/2277 1261/1748/2277
s 298
f 1349/1701/2377 1259/1749/2429 1304/1708/2430
f 1350/1700/2375 1304/1708/2430 1308/1702/2431
f 1351/1690/2365 1308/1702/2431 1300/1712/2432
f 1352/1689/2363 1300/1712/2432 1312/1691/2433
f 1296/1715/2434 1352/1689/2363 1312/1691/2433
f 1316/1680/2435 1353/1679/2353 1296/1715/2434
f 1292/1718/2436 1354/1678/2351 1316/1680/2435
f 1320/1669/2437 1355/1668/2341 1292/1718/2436
f 1288/1721/2438 1356/1667/2339 1320/1669/2437
f 1324/1658/2439 1357/1657/2327 1288/1721/2438
f 1284/1724/2440 1358/1725/2407 1324/1658/2439
f 1328/1648/2441 1359/1647/2315 1284/1724/2440
f 1280/1728/2442 1360/1729/2411 1328/1648/2441
f 1276/1639/2443 1361/1638/2306 1280/1728/2442
f 1272/1632/2444 1362/1631/2297 1276/1639/2443
f 1265/1621/2445 1363/1610/2276 1272/1632/2444
f 1257/1624/2446 1364/1608/2274 1265/1621/2445
s 305
f 1472/1750/2447 1379/1751/2448 1471/1752/2449
s 306
f 1455/1753/2450 1368/1754/2450 1370/1755/2450
s 307
f 1439/1756/2451 1378/1757/2452 1375/1758/2453
s 308
f 1438/1759/2454 1366/1760/2455 1437/1761/2454
s 309
f 1375/1762/2456 1379/1751/2457 1374/1763/2458
s 310
f 1376/1764/2459 1380/1765/2460 1377/1766/2461
s 305
f 1437/1767/2462 1374/1763/2463 1472/1750/2447
s 309
f 1372/1768/2464 1374/1763/2458 1366/1769/2464
s 307
f 1438/1759/2465 1375/1758/2453 1372/1759/2466
s 310
f 1371/1770/2467 1373/1771/2468 1376/1764/2459
s 307
f 1441/1772/2469 1378/1757/2452 1440/1773/2470
s 309
f 1378/1774/2471 1383/1775/2472 1379/1751/2457
s 305
f 1470/1776/2473 1379/1751/2448 1383/1775/2474
s 310
f 1377/1766/2461 1384/1777/2475 1381/1778/2476
s 307
f 1441/1772/2469 1386/1779/2477 1382/1780/2478
s 309
f 1382/1781/2479 1387/1782/2480 1383/1775/2472
s 305
f 1470/1776/2473 1387/1782/2481 1469/1783/2482
s 310
f 1381/1778/2476 1388/1784/2483 1385/1785/2484
s 307
f 1444/1786/2485 1434/1787/2486 1443/1788/2487
s 309
f 1434/1789/2488 1391/1790/2489 1433/1791/2490
s 305
f 1467/1792/2491 1433/1791/2492 1391/1790/2493
s 310
f 1435/1793/2494 1392/1794/2495 1389/1795/2496
s 307
f 1446/1796/2497 1430/1797/2498 1445/1798/2499
s 309
f 1430/1799/2500 1395/1800/1947 1429/1801/2501
s 305
f 1465/1802/2502 1429/1801/2503 1395/1800/2504
s 310
f 1431/1803/2505 1396/1804/2506 1393/1805/2507
s 307
f 1447/1806/2508 1398/1807/2509 1426/1808/2510
s 309
f 1426/1809/2511 1399/1810/2512 1425/1811/2513
s 305
f 1464/1812/2514 1399/1810/2515 1463/1813/2516
s 310
f 1427/1814/2517 1400/1815/2518 1397/1816/2519
s 307
f 1449/1817/2520 1402/1818/2521 1422/1819/2522
s 309
f 1422/1820/2523 1403/1821/2524 1421/1822/2525
s 305
f 1462/1823/2526 1403/1821/2527 1461/1824/2528
s 310
f 1423/1825/2529 1404/1826/2530 1401/1827/2531
s 307
f 1451/1828/2532 1406/1829/2533 1418/1830/2534
s 309
f 1418/1831/2535 1407/1832/2536 1417/1833/2537
s 305
f 1460/1834/2538 1407/1832/2539 1459/1835/2540
s 310
f 1419/1836/2541 1408/1837/2542 1405/1838/2543
s 307
f 1453/1839/2544 1410/1840/2545 1414/1841/2546
s 309
f 1414/1842/2547 1411/1843/2548 1413/1844/2549
s 305
f 1458/1845/2550 1411/1843/2551 1457/1846/2552
s 310
f 1415/1847/2553 1412/1848/2554 1409/1849/2555
s 307
f 1454/1850/2556 1370/1755/2557 1410/1840/2545
s 309
f 1410/1851/2558 1368/1754/2559 1411/1843/2548
s 305
f 1457/1846/2552 1368/1754/2560 1456/1852/2561
s 310
f 1409/1849/2555 1367/1853/2562 1369/1854/2562
s 309
f 1406/1855/2563 1413/1844/2549 1407/1832/2536
s 307
f 1452/1856/2564 1414/1841/2546 1406/1829/2533
s 310
f 1405/1838/2543 1416/1857/2565 1415/1847/2553
s 305
f 1459/1835/2540 1413/1844/2566 1458/1845/2550
s 309
f 1402/1858/2567 1417/1833/2537 1403/1821/2524
s 307
f 1450/1859/2568 1418/1830/2534 1402/1818/2521
s 310
f 1401/1827/2531 1420/1860/2569 1419/1836/2541
s 305
f 1461/1824/2528 1417/1833/2570 1460/1834/2538
s 309
f 1398/1861/2571 1421/1822/2525 1399/1810/2512
s 307
f 1449/1817/2520 1398/1807/2509 1448/1862/2572
s 310
f 1397/1816/2519 1424/1863/2573 1423/1825/2529
s 305
f 1462/1823/2526 1399/1810/2515 1421/1822/2574
s 309
f 1394/1864/2575 1425/1811/2513 1395/1800/1947
s 307
f 1446/1796/2497 1426/1808/2510 1394/1865/2576
s 310
f 1393/1805/2507 1428/1866/2577 1427/1814/2517
s 305
f 1465/1802/2502 1425/1811/2578 1464/1812/2514
s 309
f 1390/1867/2579 1429/1801/2501 1391/1790/2489
s 307
f 1445/1798/2499 1390/1868/2580 1444/1786/2485
s 310
f 1389/1795/2496 1432/1869/2581 1431/1803/2505
s 305
f 1466/1870/2582 1391/1790/2493 1429/1801/2503
s 309
f 1386/1871/2583 1433/1791/2490 1387/1782/2480
s 307
f 1443/1788/2487 1386/1779/2477 1442/1872/2584
s 310
f 1385/1785/2484 1436/1873/2585 1435/1793/2494
s 305
f 1468/1874/2586 1387/1782/2481 1433/1791/2492
s 0
f 1371/1759/1762 1437/1761/1585 1365/1761/1761
s 307
f 1376/1875/2587 1438/1759/2465 1371/1759/2588
f 1440/1773/2470 1376/1875/2587 1377/1876/2589
f 1441/1772/2469 1377/1876/2589 1381/1877/2590
f 1442/1872/2584 1381/1877/2590 1385/1878/2591
f 1443/1788/2487 1385/1878/2591 1435/1879/2592
f 1444/1786/2485 1435/1879/2592 1389/1880/2593
f 1445/1798/2499 1389/1880/2593 1431/1881/2594
f 1446/1796/2497 1431/1881/2594 1393/1882/2595
f 1447/1806/2508 1393/1882/2595 1427/1883/2596
f 1448/1862/2572 1427/1883/2596 1397/1884/2597
f 1449/1817/2520 1397/1884/2597 1423/1885/2598
f 1450/1859/2568 1423/1885/2598 1401/1886/2599
f 1451/1828/2532 1401/1886/2599 1419/1887/2600
f 1405/1888/2601 1451/1828/2532 1419/1887/2600
f 1415/1889/2602 1452/1856/2564 1405/1888/2601
f 1409/1890/2603 1453/1839/2544 1415/1889/2602
f 1369/1891/2604 1454/1850/2556 1409/1890/2603
s 306
f 1456/1852/2450 1369/1891/2450 1367/1853/2450
s 305
f 1457/1846/2552 1367/1853/2605 1412/1848/2606
f 1458/1845/2550 1412/1848/2606 1416/1857/2607
f 1459/1835/2540 1416/1857/2607 1408/1837/2608
f 1460/1834/2538 1408/1837/2608 1420/1860/2609
f 1404/1826/2610 1460/1834/2538 1420/1860/2609
f 1424/1863/2611 1461/1824/2528 1404/1826/2610
f 1400/1815/2612 1462/1823/2526 1424/1863/2611
f 1428/1866/2613 1463/1813/2516 1400/1815/2612
f 1396/1804/2614 1464/1812/2514 1428/1866/2613
f 1432/1869/2615 1465/1802/2502 1396/1804/2614
f 1392/1794/2616 1466/1870/2582 1432/1869/2615
f 1436/1873/2617 1467/1792/2491 1392/1794/2616
f 1388/1784/2618 1468/1874/2586 1436/1873/2617
f 1384/1777/2619 1469/1783/2482 1388/1784/2618
f 1380/1765/2620 1470/1776/2473 1384/1777/2619
f 1373/1771/2621 1471/1752/2449 1380/1765/2620
f 1365/1767/2622 1472/1750/2447 1373/1771/2621
s 312
f 1532/1892/2623 1537/1893/2624 1531/1894/2625
s 313
f 1524/1895/2626 1545/1896/2627 1523/1897/2628
s 314
f 1515/1898/2629 1552/1899/2630 1533/1900/2631
s 315
f 1513/1901/2632 1534/1902/2633 1535/1903/2634
s 316
f 1482/1904/2635 1486/1905/2636 1487/1906/2637
s 317
f 1481/1907/2638 1485/1908/2639 1484/1909/2640
s 312
f 1513/1910/2641 1536/1911/2642 1532/1892/2623
s 316
f 1474/1912/2643 1483/1913/2644 1482/1904/2635
s 314
f 1514/1914/2645 1533/1900/2631 1534/1902/2646
s 317
f 1473/1915/2647 1484/1909/2640 1479/1916/2647
s 314
f 1516/1917/2648 1551/1918/2649 1552/1899/2630
s 316
f 1487/1906/2637 1490/1919/2650 1491/1920/2650
s 312
f 1531/1894/2625 1538/1921/2651 1530/1922/2652
s 317
f 1488/1923/2653 1489/1924/2654 1485/1908/2639
s 314
f 1517/1925/2655 1550/1926/2656 1551/1918/2649
s 316
f 1490/1919/2650 1495/1927/2657 1491/1920/2650
s 312
f 1530/1922/2652 1539/1928/2658 1529/1929/2659
s 317
f 1489/1924/2654 1496/1930/2660 1493/1931/2661
s 314
f 1518/1932/2662 1549/1933/2663 1550/1926/2656
s 316
f 1494/1934/2664 1499/1935/2665 1495/1927/2657
s 312
f 1529/1929/2659 1540/1936/2666 1528/1937/2667
s 317
f 1493/1931/2661 1500/1938/2668 1497/1939/2669
s 314
f 1519/1940/2670 1548/1941/2671 1549/1933/2663
s 316
f 1498/1942/2672 1503/1943/2673 1499/1935/2665
s 312
f 1528/1937/2667 1541/1944/2674 1527/1945/2675
s 317
f 1497/1939/2669 1504/1946/2676 1501/1947/2677
s 314
f 1520/1948/2678 1547/1949/2679 1548/1941/2671
s 316
f 1502/1950/2680 1507/1951/2681 1503/1943/2673
s 312
f 1527/1945/2675 1542/1952/2682 1526/1953/2683
s 317
f 1501/1947/2677 1508/1954/2684 1505/1955/2685
s 314
f 1521/1956/2686 1546/1957/2687 1547/1949/2679
s 316
f 1506/1958/2688 1511/1959/2689 1507/1951/2681
s 312
f 1526/1953/2683 1543/1960/2690 1525/1961/2691
s 317
f 1505/1955/2685 1512/1962/2692 1509/1963/2693
s 314
f 1522/1964/2694 1545/1896/2695 1546/1957/2687
s 316
f 1510/1965/2696 1476/1966/2697 1511/1959/2689
s 312
f 1525/1961/2691 1544/1967/2698 1524/1895/2699
s 317
f 1509/1963/2693 1475/1968/2700 1477/1969/2700
s 315
f 1514/1914/2701 1473/1970/2702 1479/1971/2702
s 314
f 1515/1898/2629 1479/1971/2703 1484/1972/2704
f 1516/1917/2648 1484/1972/2704 1485/1973/2705
f 1517/1925/2655 1485/1973/2705 1489/1974/2706
f 1518/1932/2662 1489/1974/2706 1493/1975/2707
f 1519/1940/2670 1493/1975/2707 1497/1976/2708
f 1520/1948/2678 1497/1976/2708 1501/1977/2709
f 1521/1956/2686 1501/1977/2709 1505/1978/2710
f 1522/1964/2694 1505/1978/2710 1509/1979/2711
f 1477/1980/2712 1522/1964/2694 1509/1979/2711
s 313
f 1475/1968/2713 1523/1897/2628 1477/1980/2713
s 312
f 1525/1961/2691 1475/1968/2714 1512/1962/2715
f 1508/1954/2716 1525/1961/2691 1512/1962/2715
f 1504/1946/2717 1526/1953/2683 1508/1954/2716
f 1500/1938/2718 1527/1945/2675 1504/1946/2717
f 1496/1930/2719 1528/1937/2667 1500/1938/2718
f 1492/1981/2720 1529/1929/2659 1496/1930/2719
f 1488/1923/2721 1530/1922/2652 1492/1981/2720
f 1481/1907/2722 1531/1894/2625 1488/1923/2721
f 1473/1915/2723 1532/1892/2623 1481/1907/2722
s 314
f 1534/1902/2646 1553/1982/2724 1554/1983/2725
s 315
f 1535/1903/2634 1554/1983/2726 1555/1984/2727
s 312
f 1535/1985/2728 1556/1986/2729 1536/1911/2642
f 1536/1911/2642 1557/1987/2730 1537/1893/2624
f 1537/1893/2624 1558/1988/2731 1538/1921/2651
f 1538/1921/2651 1559/1989/2732 1539/1928/2658
f 1539/1928/2658 1560/1990/2733 1540/1936/2666
f 1540/1936/2666 1561/1991/2734 1541/1944/2674
f 1541/1944/2674 1562/1992/2735 1542/1952/2682
f 1542/1952/2682 1563/1993/2736 1543/1960/2690
f 1543/1960/2690 1564/1994/2737 1544/1967/2698
s 313
f 1544/1967/2738 1565/1995/2739 1545/1896/2627
s 314
f 1546/1957/2687 1565/1995/2740 1566/1996/2741
f 1547/1949/2679 1566/1996/2741 1567/1997/2742
f 1548/1941/2671 1567/1997/2742 1568/1998/2743
f 1549/1933/2663 1568/1998/2743 1569/1999/2744
f 1550/1926/2656 1569/1999/2744 1570/2000/2745
f 1551/1918/2649 1570/2000/2745 1571/2001/2746
f 1552/1899/2630 1571/2001/2746 1572/2002/2747
f 1533/1900/2631 1572/2002/2747 1553/1982/2724
f 1653/2003/2748 1573/2004/2749 1574/2005/2750
s 315
f 1672/2006/2751 1574/2005/2752 1575/2007/2753
s 312
f 1672/2008/2754 1576/2009/2755 1671/2010/2756
f 1671/2010/2756 1577/2011/2757 1670/2012/2758
f 1670/2012/2758 1578/2013/2759 1669/2014/2760
f 1669/2014/2760 1579/2015/2761 1668/2016/2762
f 1667/2017/2763 1579/2015/2761 1580/2018/2764
f 1667/2017/2763 1581/2019/2765 1666/2020/2766
f 1666/2020/2766 1582/2021/2767 1665/2022/2768
f 1665/2022/2768 1583/2023/2769 1664/2024/2770
f 1663/2025/2771 1583/2023/2769 1584/2026/2772
s 313
f 1662/2027/2773 1584/2026/2774 1585/2028/2775
s 314
f 1662/2027/2776 1586/2029/2777 1661/2030/2778
f 1660/2031/2779 1586/2029/2777 1587/2032/2780
f 1659/2033/2781 1587/2032/2780 1588/2034/2782
f 1658/2035/2783 1588/2034/2782 1589/2036/2784
f 1658/2035/2783 1590/2037/2785 1657/2038/2786
f 1656/2039/2787 1590/2037/2785 1591/2040/2788
f 1655/2041/2789 1591/2040/2788 1592/2042/2790
f 1654/2043/2791 1592/2042/2790 1573/2004/2749
f 1613/2044/2792 1593/2045/2793 1594/2046/2794
s 315
f 1613/2044/2795 1595/2047/2796 1632/2048/2797
s 312
f 1632/2049/2798 1596/2050/2799 1631/2051/2800
f 1631/2051/2800 1597/2052/2801 1630/2053/2802
f 1630/2053/2802 1598/2054/2803 1629/2055/2804
f 1628/2056/2805 1598/2054/2803 1599/2057/2806
f 1627/2058/2807 1599/2057/2806 1600/2059/2808
f 1626/2060/2809 1600/2059/2808 1601/2061/2810
f 1626/2060/2809 1602/2062/2811 1625/2063/2812
f 1625/2063/2812 1603/2064/2813 1624/2065/2814
f 1624/2065/2814 1604/2066/2815 1623/2067/2816
s 313
f 1623/2067/2817 1605/2068/2818 1622/2069/2819
s 314
f 1621/2070/2820 1605/2068/2821 1606/2071/2822
f 1620/2072/2823 1606/2071/2822 1607/2073/2824
f 1619/2074/2825 1607/2073/2824 1608/2075/2826
f 1619/2074/2825 1609/2076/2827 1618/2077/2828
f 1618/2077/2828 1610/2078/2829 1617/2079/2830
f 1617/2079/2830 1611/2080/2831 1616/2081/2832
f 1615/2082/2833 1611/2080/2831 1612/2083/2834
f 1614/2084/2835 1612/2083/2834 1593/2045/2793
f 1593/2045/2793 1674/2085/2836 1594/2046/2794
s 315
f 1594/2046/2837 1675/2086/2838 1595/2047/2796
s 312
f 1596/2050/2799 1675/2087/2839 1676/2088/2840
f 1596/2050/2799 1677/2089/2841 1597/2052/2801
f 1597/2052/2801 1678/2090/2842 1598/2054/2803
f 1599/2057/2806 1678/2090/2842 1679/2091/2843
f 1600/2059/2808 1679/2091/2843 1680/2092/2844
f 1601/2061/2810 1680/2092/2844 1681/2093/2845
f 1602/2062/2811 1681/2093/2845 1682/2094/2846
f 1602/2062/2811 1683/2095/2847 1603/2064/2813
f 1603/2064/2813 1684/2096/2848 1604/2066/2815
s 313
f 1605/2068/2818 1684/2096/2849 1685/2097/2849
s 314
f 1606/2071/2822 1685/2097/2850 1686/2098/2851
f 1607/2073/2824 1686/2098/2851 1687/2099/2852
f 1607/2073/2824 1688/2100/2853 1608/2075/2826
f 1608/2075/2826 1689/2101/2854 1609/2076/2827
f 1609/2076/2827 1690/2102/2855 1610/2078/2829
f 1610/2078/2829 1691/2103/2856 1611/2080/2831
f 1612/2083/2834 1691/2103/2856 1692/2104/2857
f 1593/2045/2793 1692/2104/2857 1673/2105/2858
f 1633/2106/2859 1614/2084/2835 1613/2044/2792
f 1634/2107/2860 1615/2082/2833 1614/2084/2835
f 1635/2108/2861 1616/2081/2832 1615/2082/2833
f 1636/2109/2862 1617/2079/2830 1616/2081/2832
f 1638/2110/2863 1617/2079/2830 1637/2111/2864
f 1639/2112/2865 1618/2077/2828 1638/2110/2863
f 1639/2112/2865 1620/2072/2823 1619/2074/2825
f 1640/2113/2866 1621/2070/2820 1620/2072/2823
f 1641/2114/2867 1622/2069/2868 1621/2070/2820
s 313
f 1643/2115/2869 1622/2069/2819 1642/2116/2870
s 312
f 1644/2117/2871 1623/2067/2816 1643/2115/2872
f 1645/2118/2873 1624/2065/2814 1644/2117/2871
f 1646/2119/2874 1625/2063/2812 1645/2118/2873
f 1646/2119/2874 1627/2058/2807 1626/2060/2809
f 1647/2120/2875 1628/2056/2805 1627/2058/2807
f 1649/2121/2876 1628/2056/2805 1648/2122/2877
f 1650/2123/2878 1629/2055/2804 1649/2121/2876
f 1651/2124/2879 1630/2053/2802 1650/2123/2878
f 1652/2125/2880 1631/2051/2800 1651/2124/2879
s 315
f 1633/2106/2881 1632/2048/2797 1652/2126/2881
s 314
f 1574/2005/2750 1634/2107/2860 1633/2106/2859
f 1573/2004/2749 1635/2108/2861 1634/2107/2860
f 1592/2042/2790 1636/2109/2862 1635/2108/2861
f 1591/2040/2788 1637/2111/2864 1636/2109/2862
f 1589/2036/2784 1637/2111/2864 1590/2037/2785
f 1589/2036/2784 1639/2112/2865 1638/2110/2863
f 1588/2034/2782 1640/2113/2866 1639/2112/2865
f 1587/2032/2780 1641/2114/2867 1640/2113/2866
f 1585/2028/2882 1641/2114/2867 1586/2029/2777
s 313
f 1585/2028/2775 1643/2115/2869 1642/2116/2870
s 312
f 1584/2026/2772 1644/2117/2871 1643/2115/2872
f 1582/2021/2767 1644/2117/2871 1583/2023/2769
f 1581/2019/2765 1645/2118/2873 1582/2021/2767
f 1580/2018/2764 1646/2119/2874 1581/2019/2765
f 1580/2018/2764 1648/2122/2877 1647/2120/2875
f 1578/2013/2759 1648/2122/2877 1579/2015/2761
f 1577/2011/2757 1649/2121/2876 1578/2013/2759
f 1576/2009/2755 1650/2123/2878 1577/2011/2757
f 1575/2127/2883 1651/2124/2879 1576/2009/2755
s 315
f 1574/2005/2752 1652/2126/2881 1575/2007/2753
s 314
f 1554/1983/2725 1654/2043/2791 1653/2003/2748
f 1553/1982/2724 1655/2041/2789 1654/2043/2791
f 1572/2002/2747 1656/2039/2787 1655/2041/2789
f 1571/2001/2746 1657/2038/2786 1656/2039/2787
f 1570/2000/2745 1658/2035/2783 1657/2038/2786
f 1569/1999/2744 1659/2033/2781 1658/2035/2783
f 1568/1998/2743 1660/2031/2779 1659/2033/2781
f 1567/1997/2742 1661/2030/2778 1660/2031/2779
f 1566/1996/2741 1662/2027/2776 1661/2030/2778
s 313
f 1564/1994/2884 1662/2027/2773 1565/1995/2739
s 312
f 1563/1993/2736 1663/2025/2771 1564/1994/2737
f 1562/1992/2735 1664/2024/2770 1563/1993/2736
f 1561/1991/2734 1665/2022/2768 1562/1992/2735
f 1560/1990/2733 1666/2020/2766 1561/1991/2734
f 1559/1989/2732 1667/2017/2763 1560/1990/2733
f 1558/1988/2731 1668/2016/2762 1559/1989/2732
f 1557/1987/2730 1669/2014/2760 1558/1988/2731
f 1556/1986/2729 1670/2012/2758 1557/1987/2730
f 1555/2128/2885 1671/2010/2756 1556/1986/2729
s 315
f 1555/1984/2727 1653/2003/2886 1672/2006/2751
s 314
f 1673/2105/2858 1694/2129/2887 1674/2085/2836
s 315
f 1674/2085/2838 1695/2130/2888 1675/2086/2838
s 312
f 1676/2088/2840 1695/2131/2889 1696/2132/2890
f 1676/2088/2840 1697/2133/2891 1677/2089/2841
f 1677/2089/2841 1698/2134/2892 1678/2090/2842
f 1679/2091/2843 1698/2134/2892 1699/2135/2893
f 1680/2092/2844 1699/2135/2893 1700/2136/2894
f 1681/2093/2845 1700/2136/2894 1701/2137/2895
f 1682/2094/2846 1701/2137/2895 1702/2138/2896
f 1682/2094/2846 1703/2139/2897 1683/2095/2847
f 1683/2095/2847 1704/2140/2898 1684/2096/2848
s 313
f 1685/2097/2849 1704/2140/2849 1705/2141/2849
s 314
f 1686/2098/2851 1705/2141/2899 1706/2142/2900
f 1687/2099/2852 1706/2142/2900 1707/2143/2901
f 1687/2099/2852 1708/2144/2902 1688/2100/2853
f 1688/2100/2853 1709/2145/2903 1689/2101/2854
f 1689/2101/2854 1710/2146/2904 1690/2102/2855
f 1690/2102/2855 1711/2147/2905 1691/2103/2856
f 1692/2104/2857 1711/2147/2905 1712/2148/2906
f 1673/2105/2858 1712/2148/2906 1693/2149/2907
f 1693/2149/2907 1480/2150/2908 1694/2129/2887
s 315
f 1694/2129/2909 1474/2151/2910 1695/2130/2888
s 312
f 1696/2132/2890 1474/1912/2911 1482/1904/2912
f 1696/2132/2890 1487/1906/2913 1697/2133/2891
f 1698/2134/2892 1487/1906/2913 1491/1920/2914
f 1699/2135/2893 1491/1920/2914 1495/1927/2915
f 1700/2136/2894 1495/1927/2915 1499/1935/2916
f 1701/2137/2895 1499/1935/2916 1503/1943/2917
f 1702/2138/2896 1503/1943/2917 1507/1951/2918
f 1702/2138/2896 1511/1959/2919 1703/2139/2897
f 1703/2139/2897 1476/1966/2920 1704/2140/2898
s 313
f 1705/2141/2849 1476/1966/2921 1478/2152/2921
s 314
f 1706/2142/2900 1478/2152/2922 1510/2153/2923
f 1707/2143/2901 1510/2153/2923 1506/2154/2924
f 1707/2143/2901 1502/2155/2925 1708/2144/2902
f 1708/2144/2902 1498/2156/2926 1709/2145/2903
f 1709/2145/2903 1494/2157/2927 1710/2146/2904
f 1710/2146/2904 1490/2158/2928 1711/2147/2905
f 1711/2147/2905 1486/2159/2929 1712/2148/2906
f 1693/2149/2907 1486/2159/2929 1483/2160/2930
s 318
f 1713/2161/2931 1734/2162/2932 1733/2163/2933
f 1714/2164/2934 1735/2165/2935 1734/2162/2932
f 1715/2166/2936 1736/2167/2937 1735/2165/2935
f 1716/2168/2938 1737/2169/2939 1736/2167/2937
f 1717/2170/2940 1738/2171/2941 1737/2169/2939
f 1719/2172/2942 1738/2171/2941 1718/2173/2943
f 1720/2174/2944 1739/2175/2945 1719/2172/2942
f 1721/2176/2946 1740/2177/2947 1720/2174/2944
f 1722/2178/2948 1741/2179/2949 1721/2176/2946
f 1723/2180/2950 1742/2181/2951 1722/2178/2948
f 1724/2182/2952 1743/2183/2953 1723/2180/2950
f 1725/2184/2954 1744/2185/2955 1724/2182/2952
f 1726/2186/2956 1745/2187/2957 1725/2184/2954
f 1727/2188/2958 1746/2189/2959 1726/2186/2956
f 1727/2188/2958 1748/2190/2960 1747/2191/2961
f 1728/2192/2962 1749/2193/2963 1748/2190/2960
f 1729/2194/2964 1750/2195/2965 1749/2193/2963
f 1730/2196/2966 1751/2197/2967 1750/2195/2965
f 1731/2198/2968 1752/2199/2969 1751/2197/2967
f 1732/2200/2970 1733/2201/2933 1752/2199/2969
s 319
f 1834/2202/2971 1833/2203/2972 1835/2204/2973
f 1836/2205/2973 1834/2202/2971 1835/2204/2973
f 1837/2206/2974 1836/2205/2973 1835/2204/2973
f 1838/2207/2973 1837/2206/2974 1835/2204/2973
f 1839/2208/2975 1838/2207/2973 1835/2204/2973
f 1840/2209/2976 1839/2208/2975 1835/2204/2973
f 1841/2210/2977 1840/2209/2976 1835/2204/2973
f 1842/2211/2978 1841/2210/2977 1835/2204/2973
f 1843/2212/2979 1842/2211/2978 1835/2204/2973
f 1844/2213/2975 1843/2212/2979 1835/2204/2973
f 1845/2214/2980 1844/2213/2975 1835/2204/2973
f 1846/2215/2972 1845/2214/2980 1835/2204/2973
f 1847/2216/2981 1846/2215/2972 1835/2204/2973
f 1848/2217/2973 1847/2216/2981 1835/2204/2973
f 1849/2218/2973 1848/2217/2973 1835/2204/2973
f 1850/2219/2974 1849/2218/2973 1835/2204/2973
f 1851/2220/2982 1850/2219/2974 1835/2204/2973
f 1852/2221/2973 1851/2220/2982 1835/2204/2973
f 1853/2222/2973 1852/2221/2973 1835/2204/2973
f 1833/2203/2972 1853/2222/2973 1835/2204/2973
s 320
f 1894/2223/2983 1895/2224/2984 1896/2225/2985
f 1895/2224/2984 1897/2226/2986 1896/2225/2985
f 1897/2226/2986 1898/2227/2987 1896/2225/2985
f 1898/2227/2987 1899/2228/2988 1896/2225/2985
f 1899/2228/2988 1900/2229/2989 1896/2225/2985
f 1900/2229/2989 1901/2230/2990 1896/2225/2985
f 1901/2230/2990 1902/2231/2991 1896/2225/2985
f 1902/2231/2991 1903/2232/2992 1896/2225/2985
f 1903/2232/2992 1904/2233/2993 1896/2225/2985
f 1904/2233/2993 1905/2234/2994 1896/2225/2985
f 1905/2234/2994 1906/2235/2995 1896/2225/2985
f 1906/2235/2995 1907/2236/2996 1896/2225/2985
f 1907/2236/2996 1908/2237/2997 1896/2225/2985
f 1908/2237/2997 1909/2238/2993 1896/2225/2985
f 1909/2238/2993 1910/2239/2998 1896/2225/2985
f 1910/2239/2998 1911/2240/2999 1896/2225/2985
f 1911/2240/2999 1912/2241/3000 1896/2225/2985
f 1912/2241/3000 1913/2242/3001 1896/2225/2985
f 1913/2242/3001 1914/2243/3002 1896/2225/2985
f 1914/2243/3002 1894/2223/2983 1896/2225/2985
s 321
f 1714/2244/3003 1753/2245/3003 1754/2246/3003
s 322
f 1715/2247/3004 1754/2246/3005 1755/2248/3005
s 323
f 1716/2249/3006 1755/2248/3007 1756/2250/3007
s 324
f 1716/2249/3008 1757/2251/3009 1717/2252/3008
s 325
f 1717/2252/3010 1758/2253/3011 1718/2254/3010
s 326
f 1718/2254/3012 1759/2255/3013 1719/2256/3012
s 327
f 1719/2256/3014 1760/2257/3015 1720/2258/3014
s 328
f 1720/2258/3016 1761/2259/3016 1721/2260/3016
s 329
f 1721/2260/3017 1762/2261/3018 1722/2262/3017
s 330
f 1722/2262/3019 1763/2263/3020 1723/2264/3021
s 331
f 1723/2264/3022 1764/2265/3023 1724/2266/3022
s 332
f 1724/2266/3024 1765/2267/3025 1725/2268/3024
s 333
f 1725/2268/3026 1766/2269/3027 1726/2270/3028
s 334
f 1727/2271/3029 1766/2269/3029 1767/2272/3029
s 335
f 1728/2273/3030 1767/2272/3031 1768/2274/3032
s 336
f 1729/2275/3033 1768/2274/3034 1769/2276/3035
s 337
f 1730/2277/3036 1769/2276/3037 1770/2278/3038
s 338
f 1731/2279/3039 1770/2278/3040 1771/2280/3040
s 339
f 1732/2281/3041 1771/2280/3042 1772/2282/3043
s 340
f 1713/2283/3044 1772/2282/3045 1753/2245/3045
s 341
f 1754/2246/3046 1773/2284/3046 1774/2285/3046
s 342
f 1755/2248/3047 1774/2285/3048 1775/2286/3049
s 343
f 1756/2250/3050 1775/2286/3051 1776/2287/3052
s 324
f 1757/2251/3009 1776/2287/3053 1777/2288/3054
s 325
f 1757/2251/3055 1778/2289/3056 1758/2253/3011
s 326
f 1758/2253/3057 1779/2290/3057 1759/2255/3013
s 327
f 1759/2255/3058 1780/2291/3059 1760/2257/3015
s 344
f 1760/2257/3060 1781/2292/3061 1761/2259/3060
s 345
f 1761/2259/3062 1782/2293/3063 1762/2261/3062
s 346
f 1762/2261/3064 1783/2294/3065 1763/2263/3066
s 347
f 1763/2263/3067 1784/2295/3068 1764/2265/3067
s 348
f 1764/2265/3069 1785/2296/3070 1765/2267/3071
s 349
f 1765/2267/3072 1786/2297/3073 1766/2269/3072
s 350
f 1766/2269/3074 1787/2298/3075 1767/2272/3076
s 335
f 1768/2274/3032 1787/2298/3077 1788/2299/3078
s 336
f 1769/2276/3035 1788/2299/3079 1789/2300/3080
s 337
f 1770/2278/3038 1789/2300/3081 1790/2301/3082
s 351
f 1771/2280/3083 1790/2301/3084 1791/2302/3085
s 352
f 1772/2282/3086 1791/2302/3087 1792/2303/3088
s 353
f 1753/2245/3089 1792/2303/3090 1773/2284/3091
s 354
f 1774/2285/3092 1793/2304/3093 1794/2305/3094
s 342
f 1775/2286/3049 1794/2305/3095 1795/2306/3096
s 343
f 1776/2287/3052 1795/2306/3097 1796/2307/3098
s 324
f 1777/2288/3054 1796/2307/3099 1797/2308/3100
s 355
f 1777/2288/3101 1798/2309/3102 1778/2289/3103
s 326
f 1778/2289/3104 1799/2310/3105 1779/2290/3057
s 327
f 1779/2290/3106 1800/2311/3107 1780/2291/3059
s 344
f 1780/2291/3108 1801/2312/3109 1781/2292/3061
s 345
f 1781/2292/3110 1802/2313/3111 1782/2293/3063
s 346
f 1782/2293/3112 1803/2314/3113 1783/2294/3065
s 347
f 1783/2294/3114 1804/2315/3115 1784/2295/3068
s 348
f 1784/2295/3116 1805/2316/3117 1785/2296/3070
s 356
f 1785/2296/3118 1806/2317/3119 1786/2297/3118
s 350
f 1786/2297/3120 1807/2318/3121 1787/2298/3075
s 335
f 1788/2299/3078 1807/2318/3122 1808/2319/3123
s 336
f 1789/2300/3080 1808/2319/3124 1809/2320/3125
s 337
f 1790/2301/3082 1809/2320/3126 1810/2321/3127
s 351
f 1791/2302/3085 1810/2321/3128 1811/2322/3129
s 352
f 1792/2303/3088 1811/2322/3130 1812/2323/3131
s 353
f 1773/2284/3091 1812/2323/3132 1793/2304/3133
s 354
f 1794/2305/3094 1813/2324/3134 1814/2325/3135
s 342
f 1795/2306/3096 1814/2325/3136 1815/2326/3137
s 343
f 1796/2307/3098 1815/2326/3138 1816/2327/3138
s 324
f 1797/2308/3100 1816/2327/3139 1817/2328/3139
s 355
f 1798/2309/3102 1817/2328/3140 1818/2329/3141
s 326
f 1798/2309/3142 1819/2330/3143 1799/2310/3105
s 327
f 1799/2310/3144 1820/2331/3145 1800/2311/3107
s 344
f 1800/2311/3146 1821/2332/3147 1801/2312/3109
s 345
f 1801/2312/3148 1822/2333/3149 1802/2313/3111
s 346
f 1802/2313/3150 1823/2334/3151 1803/2314/3113
s 347
f 1803/2314/3152 1824/2335/3153 1804/2315/3115
s 357
f 1804/2315/3154 1825/2336/3155 1805/2316/3156
s 356
f 1805/2316/3157 1826/2337/3119 1806/2317/3119
s 358
f 1806/2317/3158 1827/2338/3159 1807/2318/3160
s 335
f 1807/2318/3122 1828/2339/3161 1808/2319/3123
s 336
f 1809/2320/3125 1828/2339/3162 1829/2340/3162
s 337
f 1810/2321/3127 1829/2340/3163 1830/2341/3163
s 351
f 1811/2322/3129 1830/2341/3164 1831/2342/3165
s 352
f 1812/2323/3131 1831/2342/3166 1832/2343/3166
s 353
f 1793/2304/3133 1832/2343/3167 1813/2324/3167
s 359
f 1813/2324/3168 1834/2202/3169 1814/2325/3170
s 360
f 1814/2325/3171 1836/2205/3172 1815/2326/3173
s 361
f 1815/2326/3174 1837/2206/3175 1816/2327/3176
s 362
f 1816/2327/3177 1838/2207/3178 1817/2328/3177
s 363
f 1817/2328/3179 1839/2208/3180 1818/2329/3179
s 364
f 1818/2329/3181 1840/2209/3182 1819/2330/3183
s 365
f 1819/2330/3184 1841/2210/3185 1820/2331/3186
s 366
f 1820/2331/3187 1842/2211/3188 1821/2332/3187
s 367
f 1821/2332/3189 1843/2212/3190 1822/2333/3189
s 368
f 1823/2334/3191 1843/2212/3192 1844/2213/3193
s 369
f 1824/2335/3194 1844/2213/3195 1845/2214/3195
s 370
f 1825/2336/3196 1845/2214/3197 1846/2215/3198
s 371
f 1826/2337/3199 1846/2215/3200 1847/2216/3201
s 372
f 1827/2338/3202 1847/2216/3203 1848/2217/3204
s 373
f 1828/2339/3205 1848/2217/3206 1849/2218/3206
s 374
f 1829/2340/3207 1849/2218/3208 1850/2219/3208
s 375
f 1830/2341/3209 1850/2219/3210 1851/2220/3211
s 376
f 1831/2342/3212 1851/2220/3213 1852/2221/3213
s 377
f 1832/2343/3214 1852/2221/3215 1853/2222/3215
s 378
f 1832/2343/3216 1833/2203/3217 1813/2324/3216
s 379
f 1733/2344/3218 1855/2345/3219 1854/2346/3220
s 380
f 1734/2347/3221 1856/2348/3222 1855/2345/3223
s 381
f 1735/2349/3224 1857/2350/3225 1856/2348/3226
s 382
f 1736/2351/3227 1858/2352/3228 1857/2350/3228
s 383
f 1737/2353/3229 1859/2354/3229 1858/2352/3229
s 384
f 1738/2355/3230 1860/2356/3231 1859/2354/3232
s 385
f 1740/2357/3233 1860/2356/3234 1739/2358/3233
s 386
f 1741/2359/3235 1861/2360/3236 1740/2357/3235
s 387
f 1742/2361/3237 1862/2362/3238 1741/2359/3239
s 388
f 1743/2363/3240 1863/2364/3241 1742/2361/3240
s 389
f 1744/2365/3242 1864/2366/3243 1743/2363/3244
s 390
f 1745/2367/3245 1865/2368/3246 1744/2365/3245
s 391
f 1746/2369/3247 1866/2370/3248 1745/2367/3247
s 392
f 1747/2371/3249 1867/2372/3249 1746/2369/3249
s 393
f 1748/2373/3250 1868/2374/3251 1747/2371/3250
s 394
f 1748/2373/3252 1870/2375/3253 1869/2376/3254
s 395
f 1749/2377/3255 1871/2378/3256 1870/2375/3257
s 396
f 1750/2379/3258 1872/2380/3259 1871/2378/3260
s 397
f 1751/2381/3261 1873/2382/3262 1872/2380/3263
s 398
f 1752/2383/3264 1854/2346/3265 1873/2382/3266
s 379
f 1854/2346/3220 1875/2384/3267 1874/2385/3268
s 380
f 1855/2345/3223 1876/2386/3269 1875/2384/3270
s 381
f 1856/2348/3226 1877/2387/3271 1876/2386/3271
s 399
f 1857/2350/3272 1878/2388/3273 1877/2387/3273
s 400
f 1858/2352/3274 1879/2389/3275 1878/2388/3275
s 401
f 1860/2356/3276 1879/2389/3277 1859/2354/3278
s 402
f 1861/2360/3279 1880/2390/3280 1860/2356/3281
s 403
f 1862/2362/3282 1881/2391/3282 1861/2360/3282
s 404
f 1863/2364/3283 1882/2392/3284 1862/2362/3283
s 405
f 1864/2366/3285 1883/2393/3286 1863/2364/3285
s 406
f 1865/2368/3287 1884/2394/3287 1864/2366/3287
s 407
f 1866/2370/3288 1885/2395/3289 1865/2368/3288
s 408
f 1867/2372/3290 1886/2396/3291 1866/2370/3290
s 409
f 1868/2374/3292 1887/2397/3293 1867/2372/3292
s 410
f 1868/2374/3294 1889/2398/3295 1888/2399/3296
s 394
f 1869/2376/3254 1890/2400/3297 1889/2398/3298
s 395
f 1870/2375/3257 1891/2401/3299 1890/2400/3300
s 396
f 1871/2378/3260 1892/2402/3301 1891/2401/3302
s 397
f 1872/2380/3263 1893/2403/3303 1892/2402/3304
s 398
f 1873/2382/3266 1874/2385/3305 1893/2403/3306
s 379
f 1874/2385/3268 1895/2224/3307 1894/2223/3308
s 380
f 1875/2384/3270 1897/2226/3309 1895/2224/3309
s 411
f 1876/2386/3310 1898/2227/3311 1897/2226/3311
s 412
f 1877/2387/3312 1899/2228/3313 1898/2227/3313
s 413
f 1878/2388/3314 1900/2229/3315 1899/2228/3315
s 414
f 1879/2389/3316 1901/2230/3317 1900/2229/3318
s 415
f 1881/2391/3319 1901/2230/3320 1880/2390/3319
s 416
f 1882/2392/3321 1902/2231/3322 1881/2391/3321
s 417
f 1883/2393/3323 1903/2232/3324 1882/2392/3323
s 418
f 1884/2394/3325 1904/2233/3326 1883/2393/3327
s 419
f 1885/2395/3328 1905/2234/3329 1884/2394/3328
s 420
f 1886/2396/3330 1906/2235/3331 1885/2395/3332
s 421
f 1887/2397/3333 1907/2236/3334 1886/2396/3333
s 422
f 1888/2399/3335 1908/2237/3336 1887/2397/3335
s 423
f 1889/2398/3337 1909/2238/3338 1888/2399/3337
s 424
f 1890/2400/3339 1910/2239/3340 1889/2398/3341
s 395
f 1890/2400/3300 1912/2241/3342 1911/2240/3343
s 396
f 1891/2401/3302 1913/2242/3344 1912/2241/3344
s 397
f 1892/2402/3304 1914/2243/3345 1913/2242/3345
s 398
f 1893/2403/3306 1894/2223/3346 1914/2243/3347
s 425
f 1916/2404/3348 1935/2405/3349 1915/2406/3350
f 1917/2407/3351 1936/2408/3352 1916/2404/3348
f 1918/2409/3353 1937/2410/3354 1917/2407/3351
f 1919/2411/3355 1938/2412/3356 1918/2409/3353
f 1920/2413/3357 1939/2414/3358 1919/2411/3355
f 1921/2415/3359 1940/2416/3360 1920/2413/3357
f 1921/2415/3359 1942/2417/3361 1941/2418/3362
f 1922/2419/3363 1943/2420/3364 1942/2417/3361
f 1923/2421/3365 1944/2422/3366 1943/2420/3364
f 1924/2423/3367 1945/2424/3368 1944/2422/3366
f 1925/2425/3369 1946/2426/3370 1945/2424/3368
f 1926/2427/3371 1947/2428/3372 1946/2426/3370
f 1927/2429/3373 1948/2430/3374 1947/2428/3372
f 1928/2431/3375 1949/2432/3376 1948/2430/3374
f 1929/2433/3377 1950/2434/3378 1949/2432/3376
f 1930/2435/3379 1951/2436/3380 1950/2434/3378
f 1932/2437/3381 1951/2436/3380 1931/2438/3382
f 1933/2439/3383 1952/2440/3384 1932/2437/3381
f 1934/2441/3385 1953/2442/3386 1933/2439/3383
f 1915/2443/3350 1954/2444/3387 1934/2441/3385
s 426
f 2036/2445/3388 2035/2446/3389 2037/2447/3390
f 2038/2448/3391 2036/2445/3388 2037/2447/3390
f 2039/2449/3392 2038/2448/3391 2037/2447/3390
f 2040/2450/3393 2039/2449/3392 2037/2447/3390
f 2041/2451/3394 2040/2450/3393 2037/2447/3390
f 2042/2452/3391 2041/2451/3394 2037/2447/3390
f 2043/2453/3395 2042/2452/3391 2037/2447/3390
f 2044/2454/3396 2043/2453/3395 2037/2447/3390
f 2045/2455/3390 2044/2454/3396 2037/2447/3390
f 2046/2456/3397 2045/2455/3390 2037/2447/3390
f 2047/2457/3390 2046/2456/3397 2037/2447/3390
f 2048/2458/3398 2047/2457/3390 2037/2447/3390
f 2049/2459/3399 2048/2458/3398 2037/2447/3390
f 2050/2460/3393 2049/2459/3399 2037/2447/3390
f 2051/2461/3394 2050/2460/3393 2037/2447/3390
f 2052/2462/3398 2051/2461/3394 2037/2447/3390
f 2053/2463/3400 2052/2462/3398 2037/2447/3390
f 2054/2464/3401 2053/2463/3400 2037/2447/3390
f 2055/2465/3402 2054/2464/3401 2037/2447/3390
f 2035/2446/3389 2055/2465/3402 2037/2447/3390
s 427
f 2096/2466/3403 2097/2467/3404 2098/2468/3405
f 2097/2467/3404 2099/2469/3406 2098/2468/3405
f 2099/2469/3406 2100/2470/3407 2098/2468/3405
f 2100/2470/3407 2101/2471/3408 2098/2468/3405
f 2101/2471/3408 2102/2472/3409 2098/2468/3405
f 2102/2472/3409 2103/2473/3410 2098/2468/3405
f 2103/2473/3410 2104/2474/3411 2098/2468/3405
f 2104/2474/3411 2105/2475/3412 2098/2468/3405
f 2105/2475/3412 2106/2476/3413 2098/2468/3405
f 2106/2476/3413 2107/2477/3403 2098/2468/3405
f 2107/2477/3403 2108/2478/3414 2098/2468/3405
f 2108/2478/3414 2109/2479/3415 2098/2468/3405
f 2109/2479/3415 2110/2480/3416 2098/2468/3405
f 2110/2480/3416 2111/2481/3408 2098/2468/3405
f 2111/2481/3408 2112/2482/3417 2098/2468/3405
f 2112/2482/3417 2113/2483/3418 2098/2468/3405
f 2113/2483/3418 2114/2484/3403 2098/2468/3405
f 2114/2484/3403 2115/2485/3419 2098/2468/3405
f 2115/2485/3419 2116/2486/3419 2098/2468/3405
f 2116/2486/3419 2096/2466/3403 2098/2468/3405
s 428
f 1915/2487/3420 1956/2488/3421 1916/2489/3420
s 429
f 1916/2489/3422 1957/2490/3423 1917/2491/3422
s 430
f 1917/2491/3424 1958/2492/3425 1918/2493/3426
s 431
f 1918/2493/3427 1959/2494/3427 1919/2495/3427
s 432
f 1919/2495/3428 1960/2496/3429 1920/2497/3428
s 433
f 1920/2497/3430 1961/2498/3430 1921/2499/3430
s 434
f 1921/2499/3431 1962/2500/3432 1922/2501/3431
s 435
f 1923/2502/3433 1962/2500/3434 1963/2503/3434
s 436
f 1924/2504/3435 1963/2503/3436 1964/2505/3437
s 437
f 1925/2506/3438 1964/2505/3439 1965/2507/3440
s 438
f 1926/2508/3441 1965/2507/3442 1966/2509/3443
s 439
f 1927/2510/3444 1966/2509/3445 1967/2511/3446
s 440
f 1928/2512/3447 1967/2511/3448 1968/2513/3449
s 441
f 1929/2514/3450 1968/2513/3451 1969/2515/3452
s 442
f 1930/2516/3453 1969/2515/3454 1970/2517/3455
s 443
f 1931/2518/3456 1970/2517/3457 1971/2519/3457
s 444
f 1932/2520/3458 1971/2519/3459 1972/2521/3459
s 445
f 1932/2520/3460 1973/2522/3461 1933/2523/3460
s 446
f 1933/2523/3462 1974/2524/3463 1934/2525/3462
s 447
f 1934/2525/3464 1955/2526/3465 1915/2487/3464
s 448
f 1955/2526/3466 1976/2527/3467 1956/2488/3466
s 449
f 1956/2488/3468 1977/2528/3469 1957/2490/3468
s 450
f 1957/2490/3470 1978/2529/3471 1958/2492/3470
s 451
f 1958/2492/3472 1979/2530/3473 1959/2494/3474
s 432
f 1959/2494/3475 1980/2531/3476 1960/2496/3429
s 452
f 1960/2496/3477 1981/2532/3477 1961/2498/3477
s 453
f 1961/2498/3478 1982/2533/3479 1962/2500/3478
s 454
f 1962/2500/3480 1983/2534/3481 1963/2503/3482
s 455
f 1964/2505/3483 1983/2534/3484 1984/2535/3485
s 456
f 1965/2507/3486 1984/2535/3487 1985/2536/3488
s 457
f 1966/2509/3489 1985/2536/3490 1986/2537/3491
s 458
f 1967/2511/3492 1986/2537/3492 1987/2538/3492
s 459
f 1968/2513/3493 1987/2538/3494 1988/2539/3495
s 460
f 1969/2515/3496 1988/2539/3497 1989/2540/3498
s 442
f 1970/2517/3455 1989/2540/3499 1990/2541/3500
s 461
f 1971/2519/3501 1990/2541/3502 1991/2542/3502
s 462
f 1972/2521/3503 1991/2542/3504 1992/2543/3504
s 463
f 1973/2522/3505 1992/2543/3505 1993/2544/3505
s 464
f 1973/2522/3506 1994/2545/3507 1974/2524/3508
s 465
f 1974/2524/3509 1975/2546/3510 1955/2526/3509
s 466
f 1975/2546/3511 1996/2547/3512 1976/2527/3511
s 467
f 1976/2527/3513 1997/2548/3514 1977/2528/3513
s 468
f 1977/2528/3515 1998/2549/3516 1978/2529/3515
s 451
f 1978/2529/3517 1999/2550/3518 1979/2530/3473
s 469
f 1979/2530/3519 2000/2551/3520 1980/2531/3519
s 470
f 1980/2531/3521 2001/2552/3522 1981/2532/3523
s 471
f 1981/2532/3524 2002/2553/3525 1982/2533/3524
s 472
f 1983/2534/3526 2002/2553/3527 2003/2554/3527
s 473
f 1984/2535/3528 2003/2554/3529 2004/2555/3529
s 474
f 1985/2536/3530 2004/2555/3531 2005/2556/3531
s 475
f 1986/2537/3532 2005/2556/3533 2006/2557/3534
s 476
f 1987/2538/3535 2006/2557/3536 2007/2558/3536
s 477
f 1988/2539/3537 2007/2558/3538 2008/2559/3539
s 460
f 1989/2540/3498 2008/2559/3540 2009/2560/3540
s 478
f 1990/2541/3541 2009/2560/3542 2010/2561/3543
s 479
f 1991/2542/3544 2010/2561/3545 2011/2562/3545
s 480
f 1992/2543/3546 2011/2562/3547 2012/2563/3547
s 481
f 1992/2543/3548 2013/2564/3549 1993/2544/3548
s 482
f 1993/2544/3550 2014/2565/3551 1994/2545/3550
s 483
f 1994/2545/3552 1995/2566/3553 1975/2546/3554
s 484
f 1995/2566/3555 2016/2567/3556 1996/2547/3555
s 485
f 1996/2547/3557 2017/2568/3558 1997/2548/3557
s 486
f 1997/2548/3559 2018/2569/3560 1998/2549/3559
s 487
f 1998/2549/3561 2019/2570/3562 1999/2550/3563
s 469
f 1999/2550/3564 2020/2571/3565 2000/2551/3520
s 470
f 2000/2551/3566 2021/2572/3567 2001/2552/3522
s 488
f 2001/2552/3568 2022/2573/3569 2002/2553/3570
s 489
f 2002/2553/3571 2023/2574/3572 2003/2554/3571
s 490
f 2004/2555/3573 2023/2574/3574 2024/2575/3574
s 491
f 2005/2556/3575 2024/2575/3576 2025/2576/3576
s 492
f 2006/2557/3577 2025/2576/3578 2026/2577/3578
s 493
f 2007/2558/3579 2026/2577/3580 2027/2578/3581
s 494
f 2008/2559/3582 2027/2578/3583 2028/2579/3583
s 495
f 2009/2560/3584 2028/2579/3584 2029/2580/3584
s 478
f 2010/2561/3543 2029/2580/3585 2030/2581/3585
s 496
f 2011/2562/3586 2030/2581/3587 2031/2582/3588
s 497
f 2012/2563/3589 2031/2582/3590 2032/2583/3590
s 498
f 2013/2564/3591 2032/2583/3591 2033/2584/3591
s 499
f 2013/2564/3592 2034/2585/3593 2014/2565/3592
s 500
f 2014/2565/3594 2015/2586/3595 1995/2566/3596
s 501
f 2015/2586/3597 2036/2445/3598 2016/2567/3597
s 502
f 2016/2567/3599 2038/2448/3600 2017/2568/3599
s 503
f 2017/2568/3601 2039/2449/3602 2018/2569/3601
s 504
f 2018/2569/3603 2040/2450/3604 2019/2570/3603
s 505
f 2019/2570/3605 2041/2451/3606 2020/2571/3605
s 506
f 2020/2571/3607 2042/2452/3608 2021/2572/3607
s 507
f 2021/2572/3609 2043/2453/3610 2022/2573/3611
s 508
f 2022/2573/3612 2044/2454/3613 2023/2574/3612
s 509
f 2023/2574/3614 2045/2455/3615 2024/2575/3614
s 510
f 2025/2576/3616 2045/2455/3617 2046/2456/3618
s 511
f 2026/2577/3619 2046/2456/3620 2047/2457/3621
s 512
f 2027/2578/3622 2047/2457/3623 2048/2458/3624
s 513
f 2028/2579/3625 2048/2458/3626 2049/2459/3626
s 514
f 2029/2580/3627 2049/2459/3628 2050/2460/3629
s 515
f 2030/2581/3630 2050/2460/3631 2051/2461/3631
s 516
f 2031/2582/3632 2051/2461/3633 2052/2462/3634
s 517
f 2032/2583/3635 2052/2462/3636 2053/2463/3637
s 518
f 2033/2584/3638 2053/2463/3639 2054/2464/3640
s 519
f 2034/2585/3641 2054/2464/3642 2055/2465/3643
s 520
f 2034/2585/3644 2035/2446/3645 2015/2586/3646
s 521
f 1936/2587/3647 2056/2588/3648 1935/2589/3647
s 522
f 1937/2590/3649 2057/2591/3650 1936/2587/3649
s 523
f 1937/2590/3651 2059/2592/3652 2058/2593/3653
s 524
f 1938/2594/3654 2060/2595/3655 2059/2592/3655
s 525
f 1939/2596/3656 2061/2597/3657 2060/2595/3657
s 526
f 1940/2598/3658 2062/2599/3659 2061/2597/3660
s 527
f 1941/2600/3661 2063/2601/3662 2062/2599/3663
s 528
f 1942/2602/3664 2064/2603/3665 2063/2601/3666
s 529
f 1943/2604/3667 2065/2605/3668 2064/2603/3669
s 530
f 1944/2606/3670 2066/2607/3671 2065/2605/3671
s 531
f 1945/2608/3672 2067/2609/3673 2066/2607/3674
s 532
f 1946/2610/3675 2068/2611/3676 2067/2609/3676
s 533
f 1948/2612/3677 2068/2611/3678 1947/2613/3679
s 534
f 1949/2614/3680 2069/2615/3681 1948/2612/3682
s 535
f 1950/2616/3683 2070/2617/3684 1949/2614/3683
s 536
f 1951/2618/3685 2071/2619/3686 1950/2616/3685
s 537
f 1952/2620/3687 2072/2621/3688 1951/2618/3687
s 538
f 1953/2622/3689 2073/2623/3689 1952/2620/3690
s 539
f 1954/2624/3691 2074/2625/3692 1953/2622/3691
s 540
f 1935/2589/3693 2075/2626/3694 1954/2624/3693
s 541
f 2057/2591/3695 2076/2627/3696 2056/2588/3695
s 542
f 2057/2591/3697 2078/2628/3698 2077/2629/3699
s 543
f 2058/2593/3700 2079/2630/3701 2078/2628/3701
s 544
f 2059/2592/3702 2080/2631/3703 2079/2630/3703
s 545
f 2060/2595/3704 2081/2632/3705 2080/2631/3706
s 526
f 2061/2597/3660 2082/2633/3707 2081/2632/3707
s 546
f 2062/2599/3708 2083/2634/3709 2082/2633/3709
s 547
f 2063/2601/3710 2084/2635/3711 2083/2634/3712
s 548
f 2064/2603/3713 2085/2636/3714 2084/2635/3715
s 549
f 2065/2605/3716 2086/2637/3717 2085/2636/3717
s 550
f 2066/2607/3718 2087/2638/3719 2086/2637/3719
s 551
f 2068/2611/3720 2087/2638/3721 2067/2609/3720
s 533
f 2069/2615/3722 2088/2639/3723 2068/2611/3678
s 552
f 2070/2617/3724 2089/2640/3725 2069/2615/3726
s 553
f 2071/2619/3727 2090/2641/3728 2070/2617/3727
s 554
f 2072/2621/3729 2091/2642/3730 2071/2619/3729
s 555
f 2073/2623/3731 2092/2643/3732 2072/2621/3731
s 556
f 2074/2625/3733 2093/2644/3734 2073/2623/3733
s 557
f 2075/2626/3735 2094/2645/3736 2074/2625/3735
s 558
f 2056/2588/3737 2095/2646/3738 2075/2626/3737
s 559
f 2076/2627/3739 2097/2467/3740 2096/2466/3740
s 542
f 2077/2629/3699 2099/2469/3741 2097/2467/3742
s 560
f 2078/2628/3743 2100/2470/3744 2099/2469/3745
s 561
f 2079/2630/3746 2101/2471/3747 2100/2470/3748
s 562
f 2080/2631/3749 2102/2472/3750 2101/2471/3751
s 563
f 2081/2632/3752 2103/2473/3753 2102/2472/3754
s 564
f 2082/2633/3755 2104/2474/3756 2103/2473/3757
s 565
f 2083/2634/3758 2105/2475/3759 2104/2474/3759
s 566
f 2084/2635/3760 2106/2476/3761 2105/2475/3761
s 567
f 2085/2636/3762 2107/2477/3763 2106/2476/3764
s 568
f 2087/2638/3765 2107/2477/3766 2086/2637/3765
s 569
f 2088/2639/3767 2108/2478/3768 2087/2638/3767
s 570
f 2089/2640/3769 2109/2479/3770 2088/2639/3769
s 571
f 2090/2641/3771 2110/2480/3772 2089/2640/3773
s 572
f 2091/2642/3774 2111/2481/3775 2090/2641/3776
s 573
f 2092/2643/3777 2112/2482/3778 2091/2642/3777
s 555
f 2093/2644/3779 2113/2483/3780 2092/2643/3732
s 574
f 2094/2645/3781 2114/2484/3782 2093/2644/3781
s 575
f 2095/2646/3783 2115/2485/3784 2094/2645/3785
s 576
f 2076/2627/3786 2116/2486/3787 2095/2646/3786
s 577
f 2118/2647/3788 2137/2648/3789 2117/2649/3790
f 2119/2650/3791 2138/2651/3792 2118/2647/3788
f 2120/2652/3793 2139/2653/3794 2119/2650/3791
f 2120/2652/3793 2141/2654/3795 2140/2655/3796
f 2121/2656/3797 2142/2657/3798 2141/2654/3795
f 2122/2658/3799 2143/2659/3800 2142/2657/3798
f 2123/2660/3801 2144/2661/3802 2143/2659/3800
f 2124/2662/3803 2145/2663/3804 2144/2661/3802
f 2125/2664/3805 2146/2665/3806 2145/2663/3804
f 2126/2666/3807 2147/2667/3808 2146/2665/3806
f 2127/2668/3809 2148/2669/3810 2147/2667/3808
f 2128/2670/3811 2149/2671/3812 2148/2669/3810
f 2129/2672/3813 2150/2673/3814 2149/2671/3812
f 2131/2674/3815 2150/2673/3814 2130/2675/3816
f 2132/2676/3817 2151/2677/3818 2131/2674/3815
f 2133/2678/3819 2152/2679/3820 2132/2676/3817
f 2134/2680/3821 2153/2681/3822 2133/2678/3819
f 2135/2682/3823 2154/2683/3824 2134/2680/3821
f 2136/2684/3825 2155/2685/3826 2135/2682/3823
f 2117/2686/3790 2156/2687/3827 2136/2684/3825
s 578
f 2238/2688/3828 2237/2689/3829 2239/2690/3830
f 2240/2691/3828 2238/2688/3828 2239/2690/3830
f 2241/2692/3831 2240/2691/3828 2239/2690/3830
f 2242/2693/3832 2241/2692/3831 2239/2690/3830
f 2243/2694/3832 2242/2693/3832 2239/2690/3830
f 2244/2695/3829 2243/2694/3832 2239/2690/3830
f 2245/2696/3833 2244/2695/3829 2239/2690/3830
f 2246/2697/3834 2245/2696/3833 2239/2690/3830
f 2247/2698/3832 2246/2697/3834 2239/2690/3830
f 2248/2699/3835 2247/2698/3832 2239/2690/3830
f 2249/2700/3830 2248/2699/3835 2239/2690/3830
f 2250/2701/3836 2249/2700/3830 2239/2690/3830
f 2251/2702/3837 2250/2701/3836 2239/2690/3830
f 2252/2703/3832 2251/2702/3837 2239/2690/3830
f 2253/2704/3831 2252/2703/3832 2239/2690/3830
f 2254/2705/3830 2253/2704/3831 2239/2690/3830
f 2255/2706/3838 2254/2705/3830 2239/2690/3830
f 2256/2707/3839 2255/2706/3838 2239/2690/3830
f 2257/2708/3840 2256/2707/3839 2239/2690/3830
f 2237/2689/3829 2257/2708/3840 2239/2690/3830
s 579
f 2298/2709/3841 2299/2710/3842 2300/2711/3843
f 2299/2710/3842 2301/2712/3844 2300/2711/3843
f 2301/2712/3844 2302/2713/3845 2300/2711/3843
f 2302/2713/3845 2303/2714/3846 2300/2711/3843
f 2303/2714/3846 2304/2715/3847 2300/2711/3843
f 2304/2715/3847 2305/2716/3848 2300/2711/3843
f 2305/2716/3848 2306/2717/3849 2300/2711/3843
f 2306/2717/3849 2307/2718/3850 2300/2711/3843
f 2307/2718/3850 2308/2719/3843 2300/2711/3843
f 2308/2719/3843 2309/2720/3851 2300/2711/3843
f 2309/2720/3851 2310/2721/3852 2300/2711/3843
f 2310/2721/3852 2311/2722/3853 2300/2711/3843
f 2311/2722/3853 2312/2723/3854 2300/2711/3843
f 2312/2723/3854 2313/2724/3855 2300/2711/3843
f 2313/2724/3855 2314/2725/3856 2300/2711/3843
f 2314/2725/3856 2315/2726/3857 2300/2711/3843
f 2315/2726/3857 2316/2727/3858 2300/2711/3843
f 2316/2727/3858 2317/2728/3859 2300/2711/3843
f 2317/2728/3859 2318/2729/3860 2300/2711/3843
f 2318/2729/3860 2298/2709/3841 2300/2711/3843
s 580
f 2117/2730/3861 2158/2731/3861 2118/2732/3861
s 581
f 2118/2732/3862 2159/2733/3863 2119/2734/3862
s 582
f 2119/2734/3864 2160/2735/3865 2120/2736/3864
s 583
f 2121/2737/3866 2160/2735/3867 2161/2738/3868
s 584
f 2122/2739/3869 2161/2738/3870 2162/2740/3871
s 585
f 2123/2741/3872 2162/2740/3873 2163/2742/3874
s 586
f 2124/2743/3875 2163/2742/3876 2164/2744/3877
s 587
f 2125/2745/3878 2164/2744/3879 2165/2746/3879
s 588
f 2126/2747/3880 2165/2746/3881 2166/2748/3881
s 589
f 2127/2749/3882 2166/2748/3883 2167/2750/3883
s 590
f 2128/2751/3884 2167/2750/3885 2168/2752/3885
s 591
f 2129/2753/3886 2168/2752/3887 2169/2754/3887
s 592
f 2130/2755/3888 2169/2754/3888 2170/2756/3888
s 593
f 2130/2755/3889 2171/2757/3890 2131/2758/3889
s 594
f 2131/2758/3891 2172/2759/3892 2132/2760/3891
s 595
f 2132/2760/3893 2173/2761/3894 2133/2762/3895
s 596
f 2133/2762/3896 2174/2763/3897 2134/2764/3896
s 597
f 2134/2764/3898 2175/2765/3899 2135/2766/3900
s 598
f 2135/2766/3901 2176/2767/3901 2136/2768/3901
s 599
f 2136/2768/3902 2157/2769/3903 2117/2730/3902
s 600
f 2157/2769/3904 2178/2770/3904 2158/2731/3904
s 601
f 2158/2731/3905 2179/2771/3906 2159/2733/3905
s 602
f 2159/2733/3907 2180/2772/3908 2160/2735/3907
s 583
f 2160/2735/3867 2181/2773/3909 2161/2738/3868
s 584
f 2162/2740/3871 2181/2773/3910 2182/2774/3911
s 585
f 2163/2742/3874 2182/2774/3912 2183/2775/3913
s 586
f 2164/2744/3877 2183/2775/3914 2184/2776/3914
s 603
f 2165/2746/3915 2184/2776/3915 2185/2777/3915
s 604
f 2166/2748/3916 2185/2777/3917 2186/2778/3917
s 605
f 2167/2750/3918 2186/2778/3919 2187/2779/3919
s 606
f 2168/2752/3920 2187/2779/3920 2188/2780/3920
s 607
f 2169/2754/3921 2188/2780/3922 2189/2781/3922
s 608
f 2170/2756/3923 2189/2781/3924 2190/2782/3924
s 593
f 2171/2757/3890 2190/2782/3925 2191/2783/3925
s 594
f 2171/2757/3926 2192/2784/3927 2172/2759/3892
s 595
f 2172/2759/3894 2193/2785/3928 2173/2761/3894
s 596
f 2173/2761/3929 2194/2786/3930 2174/2763/3897
s 609
f 2174/2763/3931 2195/2787/3932 2175/2765/3933
s 610
f 2175/2765/3934 2196/2788/3934 2176/2767/3934
s 611
f 2176/2767/3935 2177/2789/3936 2157/2769/3935
s 612
f 2177/2789/3937 2198/2790/3937 2178/2770/3937
s 613
f 2178/2770/3938 2199/2791/3938 2179/2771/3938
s 614
f 2179/2771/3939 2200/2792/3940 2180/2772/3939
s 615
f 2180/2772/3941 2201/2793/3942 2181/2773/3941
s 584
f 2181/2773/3910 2202/2794/3943 2182/2774/3911
s 585
f 2183/2775/3913 2202/2794/3944 2203/2795/3945
s 616
f 2184/2776/3946 2203/2795/3947 2204/2796/3948
s 617
f 2185/2777/3949 2204/2796/3949 2205/2797/3949
s 618
f 2186/2778/3950 2205/2797/3951 2206/2798/3952
s 619
f 2187/2779/3953 2206/2798/3954 2207/2799/3954
s 620
f 2188/2780/3955 2207/2799/3955 2208/2800/3955
s 621
f 2189/2781/3956 2208/2800/3956 2209/2801/3956
s 622
f 2190/2782/3957 2209/2801/3957 2210/2802/3957
s 623
f 2191/2783/3958 2210/2802/3958 2211/2803/3958
s 594
f 2192/2784/3927 2211/2803/3959 2212/2804/3960
s 595
f 2192/2784/3961 2213/2805/3962 2193/2785/3928
s 624
f 2193/2785/3963 2214/2806/3964 2194/2786/3963
s 625
f 2194/2786/3965 2215/2807/3966 2195/2787/3967
s 626
f 2195/2787/3968 2216/2808/3969 2196/2788/3968
s 627
f 2196/2788/3970 2197/2809/3971 2177/2789/3970
s 628
f 2197/2809/3972 2218/2810/3973 2198/2790/3972
s 629
f 2198/2790/3974 2219/2811/3975 2199/2791/3974
s 630
f 2199/2791/3976 2220/2812/3976 2200/2792/3976
s 631
f 2200/2792/3977 2221/2813/3978 2201/2793/3977
s 584
f 2201/2793/3979 2222/2814/3980 2202/2794/3943
s 585
f 2202/2794/3944 2223/2815/3981 2203/2795/3945
s 616
f 2203/2795/3947 2224/2816/3982 2204/2796/3948
s 632
f 2205/2797/3983 2224/2816/3984 2225/2817/3984
s 633
f 2206/2798/3985 2225/2817/3986 2226/2818/3987
s 634
f 2207/2799/3988 2226/2818/3989 2227/2819/3989
s 635
f 2208/2800/3990 2227/2819/3991 2228/2820/3992
s 636
f 2209/2801/3993 2228/2820/3994 2229/2821/3994
s 637
f 2210/2802/3995 2229/2821/3996 2230/2822/3996
s 638
f 2211/2803/3997 2230/2822/3998 2231/2823/3998
s 639
f 2212/2804/3999 2231/2823/4000 2232/2824/4001
s 595
f 2213/2805/3962 2232/2824/4002 2233/2825/4002
s 624
f 2213/2805/4003 2234/2826/4004 2214/2806/3964
s 640
f 2214/2806/4005 2235/2827/4006 2215/2807/4005
s 641
f 2215/2807/4007 2236/2828/4008 2216/2808/4007
s 642
f 2216/2808/4009 2217/2829/4010 2197/2809/4011
s 643
f 2217/2829/4012 2238/2688/4013 2218/2810/4014
s 644
f 2218/2810/4015 2240/2691/4016 2219/2811/4017
s 645
f 2219/2811/4018 2241/2692/4018 2220/2812/4018
s 646
f 2220/2812/4019 2242/2693/4020 2221/2813/4021
s 647
f 2221/2813/4022 2243/2694/4023 2222/2814/4024
s 648
f 2222/2814/4025 2244/2695/4025 2223/2815/4025
s 649
f 2223/2815/4026 2245/2696/4027 2224/2816/4028
s 650
f 2224/2816/4029 2246/2697/4030 2225/2817/4029
s 651
f 2226/2818/4031 2246/2697/4032 2247/2698/4033
s 652
f 2227/2819/4034 2247/2698/4034 2248/2699/4034
s 653
f 2228/2820/4035 2248/2699/4036 2249/2700/4036
s 654
f 2229/2821/4037 2249/2700/4038 2250/2701/4039
s 655
f 2230/2822/4040 2250/2701/4041 2251/2702/4041
s 656
f 2231/2823/4042 2251/2702/4043 2252/2703/4044
s 657
f 2232/2824/4045 2252/2703/4046 2253/2704/4047
s 658
f 2233/2825/4048 2253/2704/4048 2254/2705/4048
s 659
f 2234/2826/4049 2254/2705/4050 2255/2706/4050
s 660
f 2235/2827/4051 2255/2706/4052 2256/2707/4052
s 661
f 2235/2827/4053 2257/2708/4054 2236/2828/4053
s 662
f 2236/2828/4055 2237/2689/4056 2217/2829/4055
s 663
f 2138/2830/4057 2258/2831/4058 2137/2832/4059
s 664
f 2139/2833/4060 2259/2834/4061 2138/2830/4060
s 665
f 2139/2833/4062 2261/2835/4063 2260/2836/4063
s 666
f 2140/2837/4064 2262/2838/4065 2261/2835/4065
s 667
f 2141/2839/4066 2263/2840/4067 2262/2838/4067
s 668
f 2142/2841/4068 2264/2842/4069 2263/2840/4070
s 669
f 2143/2843/4071 2265/2844/4072 2264/2842/4072
s 670
f 2144/2845/4073 2266/2846/4074 2265/2844/4075
s 671
f 2145/2847/4076 2267/2848/4077 2266/2846/4077
s 672
f 2146/2849/4078 2268/2850/4079 2267/2848/4079
s 673
f 2147/2851/4080 2269/2852/4081 2268/2850/4082
s 674
f 2148/2853/4083 2270/2854/4084 2269/2852/4085
s 675
f 2150/2855/4086 2270/2854/4087 2149/2856/4086
s 676
f 2151/2857/4088 2271/2858/4089 2150/2855/4088
s 677
f 2152/2859/4090 2272/2860/4091 2151/2857/4090
s 678
f 2153/2861/4092 2273/2862/4093 2152/2859/4092
s 679
f 2154/2863/4094 2274/2864/4095 2153/2861/4094
s 680
f 2155/2865/4096 2275/2866/4097 2154/2863/4098
s 681
f 2156/2867/4099 2276/2868/4100 2155/2865/4099
s 682
f 2137/2832/4101 2277/2869/4102 2156/2867/4101
s 683
f 2259/2834/4103 2278/2870/4104 2258/2831/4103
s 684
f 2260/2836/4105 2279/2871/4106 2259/2834/4105
s 685
f 2260/2836/4107 2281/2872/4108 2280/2873/4108
s 686
f 2261/2835/4109 2282/2874/4110 2281/2872/4110
s 687
f 2262/2838/4111 2283/2875/4112 2282/2874/4112
s 688
f 2263/2840/4113 2284/2876/4114 2283/2875/4114
s 689
f 2264/2842/4115 2285/2877/4116 2284/2876/4116
s 690
f 2265/2844/4117 2286/2878/4118 2285/2877/4118
s 691
f 2266/2846/4119 2287/2879/4120 2286/2878/4120
s 692
f 2267/2848/4121 2288/2880/4122 2287/2879/4122
s 693
f 2268/2850/4123 2289/2881/4124 2288/2880/4124
s 694
f 2269/2852/4125 2290/2882/4126 2289/2881/4126
s 695
f 2271/2858/4127 2290/2882/4128 2270/2854/4129
s 696
f 2272/2860/4130 2291/2883/4131 2271/2858/4130
s 697
f 2273/2862/4132 2292/2884/4133 2272/2860/4132
s 698
f 2274/2864/4134 2293/2885/4135 2273/2862/4134
s 699
f 2275/2866/4136 2294/2886/4137 2274/2864/4136
s 700
f 2276/2868/4138 2295/2887/4139 2275/2866/4138
s 701
f 2277/2869/4140 2296/2888/4141 2276/2868/4140
s 702
f 2258/2831/4142 2297/2889/4143 2277/2869/4142
s 703
f 2279/2871/4144 2298/2709/4145 2278/2870/4144
s 704
f 2280/2873/4146 2299/2710/4147 2279/2871/4148
s 705
f 2280/2873/4149 2302/2713/4150 2301/2712/4150
s 706
f 2281/2872/4151 2303/2714/4152 2302/2713/4152
s 707
f 2282/2874/4153 2304/2715/4154 2303/2714/4155
s 708
f 2283/2875/4156 2305/2716/4157 2304/2715/4158
s 709
f 2284/2876/4159 2306/2717/4160 2305/2716/4161
s 710
f 2285/2877/4162 2307/2718/4163 2306/2717/4163
s 711
f 2286/2878/4164 2308/2719/4165 2307/2718/4165
s 712
f 2287/2879/4166 2309/2720/4167 2308/2719/4167
s 713
f 2288/2880/4168 2310/2721/4169 2309/2720/4169
s 714
f 2289/2881/4170 2311/2722/4171 2310/2721/4171
s 715
f 2291/2883/4172 2311/2722/4173 2290/2882/4172
s 716
f 2292/2884/4174 2312/2723/4175 2291/2883/4174
s 717
f 2293/2885/4176 2313/2724/4177 2292/2884/4176
s 718
f 2294/2886/4178 2314/2725/4179 2293/2885/4178
s 719
f 2295/2887/4180 2315/2726/4181 2294/2886/4180
s 720
f 2296/2888/4182 2316/2727/4183 2295/2887/4182
s 721
f 2297/2889/4184 2317/2728/4185 2296/2888/4184
s 722
f 2278/2870/4186 2318/2729/4187 2297/2889/4186
s 723
f 2327/2890/4188 2333/2891/4189 2334/2892/4190
s 0
f 2321/2893/4191 2324/2894/1585 2323/2894/1761
s 725
f 2332/2895/4192 2330/2896/4193 2331/2897/4194
s 726
f 2326/2898/4195 2319/2899/4195 2325/2900/4195
s 727
f 2329/2901/4196 2333/2891/4197 2328/2902/4198
s 728
f 2330/2903/4199 2334/2892/4200 2331/2904/4201
s 723
f 2319/2905/4202 2328/2902/4203 2327/2890/4188
s 727
f 2326/2906/4204 2328/2902/4198 2320/2907/4204
s 725
f 2329/2908/4205 2325/2900/4206 2330/2896/4193
s 728
f 2325/2909/4207 2327/2890/4208 2330/2903/4199
s 725
f 2336/2910/4209 2331/2897/4194 2335/2911/4210
s 727
f 2332/2912/4211 2337/2913/4212 2333/2891/4197
s 723
f 2334/2892/4190 2337/2913/4213 2338/2914/4214
s 728
f 2331/2904/4201 2338/2914/4215 2335/2915/4216
s 725
f 2339/2916/4217 2336/2910/4209 2335/2911/4210
s 727
f 2336/2917/4218 2341/2918/4219 2337/2913/4212
s 723
f 2337/2913/4213 2342/2919/4220 2338/2914/4214
s 728
f 2335/2915/4216 2342/2919/4221 2339/2920/4222
s 725
f 2343/2921/4223 2340/2922/4224 2339/2916/4217
s 727
f 2340/2923/4225 2345/2924/4226 2341/2918/4219
s 723
f 2341/2918/4227 2346/2925/4228 2342/2919/4220
s 728
f 2339/2920/4222 2346/2925/4229 2343/2926/4230
s 725
f 2347/2927/4231 2344/2928/4232 2343/2921/4223
s 727
f 2344/2929/4233 2349/2930/4234 2345/2924/4226
s 723
f 2345/2924/4235 2350/2931/4236 2346/2925/4228
s 728
f 2343/2926/4230 2350/2931/4237 2347/2932/4238
s 725
f 2351/2933/4239 2348/2934/4231 2347/2927/4231
s 727
f 2348/2935/4240 2353/2936/4241 2349/2930/4234
s 723
f 2349/2930/4236 2354/2937/4242 2350/2931/4236
s 728
f 2347/2932/4238 2354/2937/4243 2351/2938/4244
s 725
f 2355/2939/4245 2352/2940/4246 2351/2933/4239
s 727
f 2352/2941/4247 2357/2942/4248 2353/2936/4241
s 723
f 2353/2936/4249 2358/2943/4250 2354/2937/4242
s 728
f 2351/2938/4244 2358/2943/4251 2355/2944/4252
s 725
f 2359/2945/4253 2356/2946/4254 2355/2939/4245
s 727
f 2356/2947/4255 2361/2948/2360 2357/2942/4248
s 723
f 2357/2942/4256 2362/2949/4257 2358/2943/4250
s 728
f 2355/2944/4252 2362/2949/4258 2359/2950/4259
s 725
f 2364/2951/4260 2359/2945/4253 2363/2952/4261
s 727
f 2360/2953/4262 2365/2954/4263 2361/2948/2360
s 723
f 2362/2949/4257 2365/2954/4264 2366/2955/4265
s 728
f 2359/2950/4259 2366/2955/4266 2363/2956/4267
s 725
f 2367/2957/4268 2364/2951/4260 2363/2952/4261
s 727
f 2364/2958/4269 2369/2959/4270 2365/2954/4263
s 723
f 2365/2954/4264 2370/2960/4271 2366/2955/4265
s 728
f 2363/2956/4267 2370/2960/4272 2367/2961/4273
s 725
f 2371/2962/4274 2368/2963/4275 2367/2957/4268
s 727
f 2368/2964/4276 2373/2965/4277 2369/2959/4270
s 723
f 2369/2959/4278 2374/2966/4279 2370/2960/4271
s 728
f 2367/2961/4273 2374/2966/4280 2371/2967/4281
s 725
f 2375/2968/4282 2372/2969/4283 2371/2962/4274
s 727
f 2372/2970/4284 2377/2971/4285 2373/2965/4277
s 723
f 2373/2965/4286 2378/2972/4287 2374/2966/4279
s 728
f 2371/2967/4281 2378/2972/4288 2375/2973/4289
s 725
f 2380/2974/4290 2375/2968/4282 2379/2975/4291
s 727
f 2376/2976/4292 2381/2977/4293 2377/2971/4285
s 723
f 2378/2972/4287 2381/2977/4294 2382/2978/4295
s 728
f 2375/2973/4289 2382/2978/4296 2379/2979/4297
s 725
f 2383/2980/4298 2388/2981/4299 2389/2982/4300
s 727
f 2388/2983/4301 2385/2984/4302 2387/2985/4303
s 723
f 2387/2985/4304 2386/2986/4305 2390/2987/4306
s 728
f 2389/2988/4307 2386/2986/4308 2383/2989/4309
s 725
f 2395/2990/4310 2384/2991/4311 2383/2980/4298
s 727
f 2384/2992/4312 2397/2993/4313 2385/2984/4302
s 723
f 2385/2984/4314 2398/2994/4315 2386/2986/4305
s 728
f 2383/2989/4309 2398/2994/4316 2395/2995/4317
s 727
f 2392/2996/4318 2387/2985/4303 2391/2997/4319
s 725
f 2389/2982/4300 2392/2998/4320 2393/2999/4321
s 728
f 2393/3000/4322 2390/2987/4323 2389/2988/4307
s 723
f 2391/2997/4324 2390/2987/4306 2394/3001/4325
s 727
f 2380/3002/4326 2391/2997/4319 2381/2977/4293
s 725
f 2392/2998/4320 2379/2975/4291 2393/2999/4321
s 728
f 2379/2979/4297 2394/3001/4327 2393/3000/4322
s 723
f 2382/2978/4295 2391/2997/4324 2394/3001/4325
s 725
f 2399/3003/4328 2396/3004/4329 2395/2990/4310
s 727
f 2396/3005/4330 2401/3006/4331 2397/2993/4313
s 723
f 2397/2993/4332 2402/3007/4333 2398/2994/4315
s 728
f 2395/2995/4317 2402/3007/4334 2399/3008/4335
s 725
f 2403/3009/4336 2400/3010/4337 2399/3003/4328
s 727
f 2400/3011/4338 2405/3012/4339 2401/3006/4331
s 723
f 2401/3006/4340 2406/3013/4341 2402/3007/4333
s 728
f 2399/3008/4335 2406/3013/4342 2403/3014/4343
s 725
f 2407/3015/4344 2404/3016/4345 2403/3009/4336
s 727
f 2404/3017/4346 2409/3018/4347 2405/3012/4339
s 723
f 2405/3012/4348 2410/3019/4349 2406/3013/4341
s 728
f 2403/3014/4343 2410/3019/4350 2407/3020/4351
s 725
f 2411/3021/4352 2408/3022/4353 2407/3015/4344
s 727
f 2408/3023/4354 2413/3024/4355 2409/3018/4347
s 723
f 2409/3018/4356 2414/3025/4357 2410/3019/4349
s 728
f 2407/3020/4351 2414/3025/4358 2411/3026/4359
s 725
f 2415/3027/4360 2412/3028/4361 2411/3021/4352
s 727
f 2412/3029/4362 2417/3030/4363 2413/3024/4355
s 723
f 2413/3024/4364 2418/3031/4365 2414/3025/4357
s 728
f 2411/3026/4359 2418/3031/4366 2415/3032/4367
s 725
f 2419/3033/4368 2416/3034/4369 2415/3027/4360
s 727
f 2416/3035/4370 2421/3036/4371 2417/3030/4363
s 723
f 2417/3030/4372 2422/3037/4373 2418/3031/4365
s 728
f 2418/3031/4366 2419/3038/4374 2415/3032/4367
s 725
f 2424/3039/4375 2419/3033/4368 2423/3040/4376
s 727
f 2420/3041/4377 2425/3042/4378 2421/3036/4371
s 723
f 2422/3037/4373 2425/3042/4379 2426/3043/4380
s 728
f 2419/3038/4374 2426/3043/4381 2423/3044/4382
s 725
f 2428/3045/4383 2423/3040/4376 2427/3046/4384
s 727
f 2424/3047/4385 2429/3048/4386 2425/3042/4378
s 723
f 2426/3043/4380 2429/3048/4387 2430/3049/4388
s 728
f 2423/3044/4382 2430/3049/4389 2427/3050/4390
s 725
f 2432/3051/4391 2427/3046/4384 2431/3052/4392
s 727
f 2428/3053/4393 2433/3054/4394 2429/3048/4386
s 723
f 2430/3049/4388 2433/3054/4395 2434/3055/4396
s 728
f 2427/3050/4390 2434/3055/4397 2431/3056/4398
s 725
f 2436/3057/4399 2431/3052/4392 2435/3058/4400
s 727
f 2432/3059/4401 2437/3060/4402 2433/3054/4394
s 723
f 2434/3055/4396 2437/3060/4403 2438/3061/4404
s 728
f 2431/3056/4398 2438/3061/4405 2435/3062/4406
s 725
f 2439/3063/4407 2436/3057/4399 2435/3058/4400
s 727
f 2436/3064/2373 2441/3065/4408 2437/3060/4402
s 723
f 2437/3060/4403 2442/3066/4409 2438/3061/4404
s 728
f 2435/3062/4406 2442/3066/2167 2439/3067/4410
s 725
f 2443/3068/4411 2440/3069/4412 2439/3063/4407
s 727
f 2440/3070/4413 2445/3071/4414 2441/3065/4408
s 723
f 2441/3065/4415 2446/3072/4416 2442/3066/4409
s 728
f 2439/3067/4410 2446/3072/4417 2443/3073/4418
s 725
f 2448/3074/4411 2443/3068/4411 2447/3075/4419
s 727
f 2444/3076/4420 2449/3077/4421 2445/3071/4414
s 723
f 2446/3072/4416 2449/3077/4422 2450/3078/4423
s 728
f 2443/3073/4418 2450/3078/4424 2447/3079/4425
s 725
f 2451/3080/4426 2448/3074/4411 2447/3075/4419
s 727
f 2448/3081/4427 2453/3082/4428 2449/3077/4421
s 723
f 2449/3077/4422 2454/3083/4429 2450/3078/4423
s 728
f 2447/3079/4425 2454/3083/4430 2451/3084/4431
s 725
f 2455/3085/4432 2452/3086/4433 2451/3080/4426
s 727
f 2452/3087/4434 2457/3088/4435 2453/3082/4428
s 723
f 2453/3082/4436 2458/3089/4437 2454/3083/4429
s 728
f 2451/3084/4431 2458/3089/4438 2455/3090/4439
s 725
f 2459/3091/4440 2456/3092/4441 2455/3085/4432
s 727
f 2456/3093/4442 2461/3094/4443 2457/3088/4435
s 723
f 2457/3088/4444 2462/3095/4445 2458/3089/4437
s 728
f 2455/3090/4439 2462/3095/4446 2459/3096/4447
s 725
f 2463/3097/4448 2460/3098/4449 2459/3091/4440
s 727
f 2460/3099/4450 2465/3100/4451 2461/3094/4443
s 723
f 2461/3094/4452 2466/3101/4453 2462/3095/4445
s 728
f 2459/3096/4447 2466/3101/4454 2463/3102/4455
s 725
f 2323/2894/4456 2464/3103/4457 2463/3097/4448
s 727
f 2464/3104/4458 2322/2893/4459 2465/3100/4451
s 723
f 2466/3101/4453 2322/2893/4460 2321/2893/1597
s 728
f 2463/3102/4455 2321/2893/4461 2323/3105/4461
s 729
f 2476/3106/4462 2482/3107/4463 2475/3108/4464
s 730
f 2470/3109/4465 2471/3110/4465 2469/3109/4465
s 731
f 2479/3111/4466 2477/3112/4467 2478/3113/4468
s 732
f 2474/3114/4469 2467/3115/4469 2473/3116/4469
s 733
f 2477/3117/4470 2481/3118/4471 2476/3106/4472
s 734
f 2478/3119/4473 2482/3107/4474 2479/3120/4475
s 729
f 2468/3121/4476 2475/3108/4464 2467/3122/4477
s 733
f 2474/3123/4478 2476/3106/4472 2468/3121/4478
s 731
f 2478/3113/4468 2474/3114/4479 2473/3116/4480
s 734
f 2473/3124/4481 2475/3108/4482 2478/3119/4473
s 731
f 2483/3125/4483 2480/3126/4484 2479/3111/4466
s 733
f 2480/3127/4485 2485/3128/4486 2481/3118/4471
s 729
f 2481/3118/4487 2486/3129/4488 2482/3107/4463
s 734
f 2479/3120/4475 2486/3129/4489 2483/3130/4490
s 731
f 2487/3131/4491 2484/3132/4491 2483/3125/4483
s 733
f 2484/3133/4492 2489/3134/4493 2485/3128/4486
s 729
f 2485/3128/4494 2490/3135/4495 2486/3129/4488
s 734
f 2483/3130/4490 2490/3135/4496 2487/3136/4497
s 731
f 2491/3137/4498 2488/3138/4499 2487/3131/4491
s 733
f 2488/3139/4500 2493/3140/4501 2489/3134/4493
s 729
f 2489/3134/4502 2494/3141/4503 2490/3135/4495
s 734
f 2487/3136/4497 2494/3141/4504 2491/3142/4505
s 731
f 2495/3143/4506 2492/3144/4507 2491/3137/4498
s 733
f 2492/3145/4508 2497/3146/4509 2493/3140/4501
s 729
f 2493/3140/4510 2498/3147/4511 2494/3141/4503
s 734
f 2491/3142/4505 2498/3147/4512 2495/3148/4513
s 731
f 2499/3149/4514 2496/3150/4515 2495/3143/4506
s 733
f 2496/3151/4516 2501/3152/4517 2497/3146/4509
s 729
f 2497/3146/4518 2502/3153/4519 2498/3147/4511
s 734
f 2495/3148/4513 2502/3153/4520 2499/3154/4521
s 731
f 2503/3155/4522 2500/3156/4523 2499/3149/4514
s 733
f 2500/3157/4524 2505/3158/4525 2501/3152/4517
s 729
f 2501/3152/4526 2506/3159/4527 2502/3153/4519
s 734
f 2499/3154/4521 2506/3159/4528 2503/3160/4529
s 731
f 2507/3161/4530 2504/3162/4531 2503/3155/4522
s 733
f 2504/3163/4532 2509/3164/4533 2505/3158/4525
s 729
f 2505/3158/4534 2510/3165/4535 2506/3159/4527
s 734
f 2503/3160/4529 2510/3165/4536 2507/3166/4537
s 731
f 2512/3167/4538 2507/3161/4530 2511/3168/4539
s 733
f 2508/3169/4540 2513/3170/4541 2509/3164/4533
s 729
f 2510/3165/4535 2513/3170/4542 2514/3171/4543
s 734
f 2507/3166/4537 2514/3171/4544 2511/3172/4545
s 731
f 2515/3173/4546 2512/3167/4538 2511/3168/4539
s 733
f 2512/3174/4547 2517/3175/4548 2513/3170/4541
s 729
f 2513/3170/4542 2518/3176/4549 2514/3171/4543
s 734
f 2511/3172/4545 2518/3176/4550 2515/3177/4551
s 731
f 2519/3178/4552 2516/3179/4553 2515/3173/4546
s 733
f 2516/3180/4554 2521/3181/4555 2517/3175/4548
s 729
f 2517/3175/4556 2522/3182/4557 2518/3176/4549
s 734
f 2515/3177/4551 2522/3182/4558 2519/3183/4559
s 731
f 2523/3184/4560 2520/3185/4561 2519/3178/4552
s 733
f 2520/3186/4562 2525/3187/4563 2521/3181/4555
s 729
f 2521/3181/4564 2526/3188/4565 2522/3182/4557
s 734
f 2519/3183/4559 2526/3188/4566 2523/3189/4567
s 731
f 2528/3190/4568 2523/3184/4560 2527/3191/4569
s 733
f 2524/3192/4570 2529/3193/4571 2525/3187/4563
s 729
f 2526/3188/4565 2529/3193/4572 2530/3194/4573
s 734
f 2523/3189/4567 2530/3194/4574 2527/3195/4575
s 731
f 2531/3196/4576 2536/3197/4577 2537/3198/4578
s 733
f 2536/3199/4579 2533/3200/4580 2535/3201/4581
s 729
f 2535/3201/4582 2534/3202/4583 2538/3203/4584
s 734
f 2537/3204/4585 2534/3202/4586 2531/3205/4587
s 731
f 2543/3206/4588 2532/3207/4589 2531/3196/4576
s 733
f 2532/3208/4590 2545/3209/4591 2533/3200/4580
s 729
f 2533/3200/4592 2546/3210/4593 2534/3202/4583
s 734
f 2531/3205/4587 2546/3210/4594 2543/3211/4595
s 733
f 2540/3212/4596 2535/3201/4581 2539/3213/4597
s 731
f 2537/3198/4578 2540/3214/4598 2541/3215/4599
s 734
f 2541/3216/4600 2538/3203/4601 2537/3204/4585
s 729
f 2539/3213/4602 2538/3203/4584 2542/3217/4603
s 733
f 2528/3218/4604 2539/3213/4597 2529/3193/4571
s 731
f 2540/3214/4598 2527/3191/4569 2541/3215/4599
s 734
f 2527/3195/4575 2542/3217/4605 2541/3216/4600
s 729
f 2530/3194/4573 2539/3213/4602 2542/3217/4603
s 731
f 2547/3219/4606 2544/3220/4607 2543/3206/4588
s 733
f 2544/3221/4608 2549/3222/4609 2545/3209/4591
s 729
f 2545/3209/4610 2550/3223/4611 2546/3210/4593
s 734
f 2543/3211/4595 2550/3223/4612 2547/3224/4613
s 731
f 2551/3225/4614 2548/3226/4615 2547/3219/4606
s 733
f 2548/3227/4616 2553/3228/4617 2549/3222/4609
s 729
f 2549/3222/4618 2554/3229/4619 2550/3223/4611
s 734
f 2547/3224/4613 2554/3229/4620 2551/3230/4621
s 731
f 2555/3231/4622 2552/3232/4623 2551/3225/4614
s 733
f 2552/3233/2650 2557/3234/4624 2553/3228/4617
s 729
f 2553/3228/4625 2558/3235/4626 2554/3229/4619
s 734
f 2551/3230/4621 2558/3235/4627 2555/3236/4628
s 731
f 2559/3237/4629 2556/3238/4630 2555/3231/4622
s 733
f 2556/3239/4631 2561/3240/4632 2557/3234/4624
s 729
f 2557/3234/4633 2562/3241/4634 2558/3235/4626
s 734
f 2555/3236/4628 2562/3241/4635 2559/3242/4636
s 731
f 2563/3243/4637 2560/3244/4638 2559/3237/4629
s 733
f 2560/3245/4639 2565/3246/4640 2561/3240/4632
s 729
f 2561/3240/4626 2566/3247/4641 2562/3241/4634
s 734
f 2559/3242/4636 2566/3247/4642 2563/3248/4643
s 731
f 2567/3249/4644 2564/3250/4645 2563/3243/4637
s 733
f 2564/3251/4646 2569/3252/4647 2565/3246/4640
s 729
f 2565/3246/4648 2570/3253/4649 2566/3247/4641
s 734
f 2563/3248/4643 2570/3253/4650 2567/3254/4651
s 731
f 2572/3255/4652 2567/3249/4644 2571/3256/4653
s 733
f 2568/3257/4654 2573/3258/4655 2569/3252/4647
s 729
f 2570/3253/4649 2573/3258/4656 2574/3259/4657
s 734
f 2567/3254/4651 2574/3259/4658 2571/3260/4659
s 731
f 2576/3261/4660 2571/3256/4653 2575/3262/4661
s 733
f 2572/3263/4662 2577/3264/4663 2573/3258/4655
s 729
f 2574/3259/4657 2577/3264/4664 2578/3265/4665
s 734
f 2571/3260/4659 2578/3265/4666 2575/3266/4667
s 731
f 2580/3267/4668 2575/3262/4661 2579/3268/4669
s 733
f 2576/3269/4670 2581/3270/4671 2577/3264/4663
s 729
f 2578/3265/4665 2581/3270/4672 2582/3271/4673
s 734
f 2575/3266/4667 2582/3271/4674 2579/3272/4675
s 731
f 2584/3273/4676 2579/3268/4669 2583/3274/4677
s 733
f 2580/3275/4678 2585/3276/4679 2581/3270/4671
s 729
f 2582/3271/4673 2585/3276/4680 2586/3277/4681
s 734
f 2579/3272/4675 2586/3277/4682 2583/3278/4683
s 731
f 2587/3279/4684 2584/3273/4676 2583/3274/4677
s 733
f 2584/3280/4685 2589/3281/4686 2585/3276/4679
s 729
f 2585/3276/4680 2590/3282/4687 2586/3277/4681
s 734
f 2583/3278/4683 2590/3282/4688 2587/3283/4689
s 731
f 2591/3284/4690 2588/3285/4691 2587/3279/4684
s 733
f 2588/3286/4692 2593/3287/4693 2589/3281/4686
s 729
f 2589/3281/4694 2594/3288/4695 2590/3282/4687
s 734
f 2587/3283/4689 2594/3288/4696 2591/3289/4697
s 731
f 2596/3290/4698 2591/3284/4690 2595/3291/4699
s 733
f 2592/3292/4700 2597/3293/4701 2593/3287/4693
s 729
f 2594/3288/4695 2597/3293/4702 2598/3294/4703
s 734
f 2591/3289/4697 2598/3294/4704 2595/3295/4705
s 731
f 2599/3296/4706 2596/3290/4698 2595/3291/4699
s 733
f 2596/3297/4707 2601/3298/4708 2597/3293/4701
s 729
f 2597/3293/4702 2602/3299/4709 2598/3294/4703
s 734
f 2595/3295/4705 2602/3299/4710 2599/3300/4711
s 731
f 2603/3301/4712 2600/3302/4713 2599/3296/4706
s 733
f 2600/3303/4714 2605/3304/4715 2601/3298/4708
s 729
f 2601/3298/4716 2606/3305/4717 2602/3299/4709
s 734
f 2599/3300/4711 2606/3305/4718 2603/3306/4719
s 731
f 2607/3307/4720 2604/3308/4721 2603/3301/4712
s 733
f 2604/3309/4722 2609/3310/4723 2605/3304/4715
s 729
f 2605/3304/4724 2610/3311/4725 2606/3305/4717
s 734
f 2603/3306/4719 2610/3311/2044 2607/3312/4726
s 731
f 2611/3313/4727 2608/3314/4728 2607/3307/4720
s 733
f 2608/3315/4729 2613/3316/4730 2609/3310/4723
s 729
f 2609/3310/4731 2614/3317/4732 2610/3311/4725
s 734
f 2607/3312/4726 2614/3317/4733 2611/3318/4734
s 731
f 2472/3110/4735 2611/3313/4727 2471/3110/4736
s 733
f 2612/3319/4737 2470/3109/4738 2613/3316/4730
s 729
f 2614/3317/4732 2470/3109/4739 2469/3109/4740
s 734
f 2611/3318/4734 2469/3109/4741 2471/3320/4741
s 735
f 2623/3321/4742 2629/3322/4743 2630/3323/4744
s 0
f 2617/3324/1584 2620/3325/1585 2619/3325/1583
s 737
f 2628/3326/4745 2626/3327/4746 2627/3328/4747
s 738
f 2621/3329/4748 2616/3330/4748 2615/3331/4748
s 739
f 2624/3332/4749 2628/3333/4750 2629/3322/4751
s 740
f 2623/3321/4752 2627/3334/4753 2626/3335/4754
s 735
f 2615/3336/4755 2624/3332/4756 2623/3321/4742
s 739
f 2616/3337/4757 2625/3338/4758 2624/3332/4749
s 737
f 2625/3339/4759 2621/3329/4760 2626/3327/4746
s 740
f 2615/3336/4761 2626/3335/4754 2621/3340/4761
s 737
f 2631/3341/4762 2628/3326/4745 2627/3328/4747
s 739
f 2629/3322/4751 2632/3342/4763 2633/3343/4764
s 735
f 2629/3322/4743 2634/3344/4765 2630/3323/4744
s 740
f 2630/3323/4766 2631/3345/4767 2627/3334/4753
s 737
f 2635/3346/4768 2632/3347/4769 2631/3341/4762
s 739
f 2633/3343/4764 2636/3348/4770 2637/3349/4770
s 735
f 2633/3343/4771 2638/3350/4772 2634/3344/4765
s 740
f 2634/3344/4773 2635/3351/4774 2631/3345/4767
s 737
f 2639/3352/4775 2636/3353/4776 2635/3346/4768
s 739
f 2637/3349/4770 2640/3354/4777 2641/3355/4778
s 735
f 2637/3349/4779 2642/3356/4780 2638/3350/4772
s 740
f 2638/3350/4781 2639/3357/4782 2635/3351/4774
s 737
f 2643/3358/4783 2640/3359/4784 2639/3352/4775
s 739
f 2641/3355/4778 2644/3360/4785 2645/3361/4786
s 735
f 2641/3355/4787 2646/3362/4788 2642/3356/4780
s 740
f 2642/3356/4789 2643/3363/4790 2639/3357/4782
s 737
f 2647/3364/4791 2644/3365/4792 2643/3358/4783
s 739
f 2645/3361/4786 2648/3366/4793 2649/3367/4794
s 735
f 2645/3361/4795 2650/3368/4796 2646/3362/4788
s 740
f 2646/3362/4797 2647/3369/4798 2643/3363/4790
s 737
f 2651/3370/4799 2648/3371/4800 2647/3364/4791
s 739
f 2649/3367/4794 2652/3372/4801 2653/3373/4802
s 735
f 2649/3367/4803 2654/3374/4804 2650/3368/4796
s 740
f 2650/3368/4805 2651/3375/4806 2647/3369/4798
s 737
f 2655/3376/4807 2652/3377/4808 2651/3370/4799
s 739
f 2653/3373/4802 2656/3378/4809 2657/3379/4810
s 735
f 2653/3373/4811 2658/3380/4812 2654/3374/4804
s 740
f 2654/3374/4813 2655/3381/4814 2651/3375/4806
s 737
f 2660/3382/4815 2655/3376/4807 2659/3383/4816
s 739
f 2657/3379/4810 2660/3384/4817 2661/3385/4818
s 735
f 2658/3380/4812 2661/3385/4819 2662/3386/4820
s 740
f 2658/3380/4821 2659/3387/4822 2655/3381/4814
s 737
f 2663/3388/4823 2660/3382/4815 2659/3383/4816
s 739
f 2661/3385/4818 2664/3389/4824 2665/3390/4825
s 735
f 2661/3385/4819 2666/3391/4826 2662/3386/4820
s 740
f 2662/3386/4827 2663/3392/4828 2659/3387/4822
s 737
f 2667/3393/4829 2664/3394/4830 2663/3388/4823
s 739
f 2665/3390/4825 2668/3395/4831 2669/3396/4832
s 735
f 2665/3390/4833 2670/3397/4834 2666/3391/4826
s 740
f 2666/3391/4835 2667/3398/4836 2663/3392/4828
s 737
f 2671/3399/4837 2668/3400/4838 2667/3393/4829
s 739
f 2669/3396/4832 2672/3401/4839 2673/3402/4840
s 735
f 2669/3396/4841 2674/3403/4842 2670/3397/4834
s 740
f 2670/3397/4843 2671/3404/4844 2667/3398/4836
s 737
f 2676/3405/4845 2671/3399/4837 2675/3406/4846
s 739
f 2673/3402/4840 2676/3407/4847 2677/3408/4848
s 735
f 2674/3403/4842 2677/3408/4849 2678/3409/4850
s 740
f 2674/3403/4851 2675/3410/4852 2671/3404/4844
s 737
f 2679/3411/4853 2684/3412/4854 2685/3413/4855
s 739
f 2683/3414/4856 2680/3415/4857 2681/3416/2512
s 735
f 2683/3414/4858 2682/3417/4859 2686/3418/4860
s 740
f 2686/3418/4861 2679/3419/4862 2685/3420/4863
s 737
f 2691/3421/4864 2680/3422/4865 2679/3411/4853
s 739
f 2681/3416/2512 2692/3423/4866 2693/3424/4867
s 735
f 2681/3416/4868 2694/3425/4869 2682/3417/4859
s 740
f 2682/3417/4870 2691/3426/4871 2679/3419/4862
s 739
f 2687/3427/4872 2684/3428/4873 2683/3414/4856
s 737
f 2685/3413/4855 2688/3429/4874 2689/3430/4875
s 740
f 2690/3431/4876 2685/3420/4863 2689/3432/4877
s 735
f 2687/3427/4878 2686/3418/4860 2690/3431/4879
s 739
f 2677/3408/4848 2688/3433/4880 2687/3427/4872
s 737
f 2688/3429/4874 2675/3406/4846 2689/3430/4875
s 740
f 2678/3409/4881 2689/3432/4877 2675/3410/4852
s 735
f 2678/3409/4850 2687/3427/4878 2690/3431/4879
s 737
f 2695/3434/4882 2692/3435/4883 2691/3421/4864
s 739
f 2693/3424/4867 2696/3436/4884 2697/3437/4885
s 735
f 2693/3424/4886 2698/3438/4887 2694/3425/4869
s 740
f 2694/3425/4888 2695/3439/4889 2691/3426/4871
s 737
f 2700/3440/4890 2695/3434/4882 2699/3441/4891
s 739
f 2697/3437/4885 2700/3442/4892 2701/3443/4893
s 735
f 2698/3438/4887 2701/3443/4894 2702/3444/4895
s 740
f 2698/3438/4896 2699/3445/4897 2695/3439/4889
s 737
f 2703/3446/4898 2700/3440/4890 2699/3441/4891
s 739
f 2701/3443/4893 2704/3447/4899 2705/3448/4900
s 735
f 2701/3443/4894 2706/3449/4901 2702/3444/4895
s 740
f 2702/3444/4902 2703/3450/4903 2699/3445/4897
s 737
f 2707/3451/4904 2704/3452/4905 2703/3446/4898
s 739
f 2705/3448/4900 2708/3453/4906 2709/3454/4907
s 735
f 2705/3448/4908 2710/3455/4909 2706/3449/4901
s 740
f 2706/3449/4910 2707/3456/4911 2703/3450/4903
s 737
f 2711/3457/4912 2708/3458/4913 2707/3451/4904
s 739
f 2709/3454/4907 2712/3459/4914 2713/3460/4915
s 735
f 2709/3454/4916 2714/3461/4909 2710/3455/4909
s 740
f 2710/3455/4917 2711/3462/4918 2707/3456/4911
s 737
f 2715/3463/4919 2712/3464/4920 2711/3457/4912
s 739
f 2713/3460/4915 2716/3465/4921 2717/3466/4922
s 735
f 2713/3460/4923 2718/3467/4924 2714/3461/4909
s 740
f 2714/3461/4925 2715/3468/4926 2711/3462/4918
s 737
f 2720/3469/4927 2715/3463/4919 2719/3470/4928
s 739
f 2717/3466/4922 2720/3471/4929 2721/3472/4930
s 735
f 2718/3467/4924 2721/3472/4931 2722/3473/4932
s 740
f 2718/3467/4933 2719/3474/4934 2715/3468/4926
s 737
f 2724/3475/4935 2719/3470/4928 2723/3476/4936
s 739
f 2721/3472/4930 2724/3477/4937 2725/3478/4938
s 735
f 2722/3473/4932 2725/3478/4939 2726/3479/4940
s 740
f 2722/3473/4941 2723/3480/4942 2719/3474/4934
s 737
f 2728/3481/4943 2723/3476/4936 2727/3482/4944
s 739
f 2725/3478/4938 2728/3483/4945 2729/3484/4946
s 735
f 2726/3479/4940 2729/3484/4947 2730/3485/4948
s 740
f 2726/3479/4949 2727/3486/4950 2723/3480/4942
s 737
f 2732/3487/4951 2727/3482/4944 2731/3488/4952
s 739
f 2729/3484/4946 2732/3489/4953 2733/3490/4954
s 735
f 2730/3485/4948 2733/3490/4955 2734/3491/4956
s 740
f 2730/3485/4957 2731/3492/4958 2727/3486/4950
s 737
f 2735/3493/4959 2732/3487/4951 2731/3488/4952
s 739
f 2733/3490/4954 2736/3494/4960 2737/3495/4961
s 735
f 2733/3490/4955 2738/3496/4962 2734/3491/4956
s 740
f 2734/3491/4963 2735/3497/4964 2731/3492/4958
s 737
f 2739/3498/4965 2736/3499/4966 2735/3493/4959
s 739
f 2737/3495/4961 2740/3500/4967 2741/3501/4968
s 735
f 2737/3495/4969 2742/3502/4970 2738/3496/4962
s 740
f 2738/3496/4971 2739/3503/4972 2735/3497/4964
s 737
f 2744/3504/4973 2739/3498/4965 2743/3505/4974
s 739
f 2741/3501/4968 2744/3506/4975 2745/3507/4976
s 735
f 2742/3502/4970 2745/3507/4977 2746/3508/4978
s 740
f 2742/3502/4979 2743/3509/4980 2739/3503/4972
s 737
f 2747/3510/4981 2744/3504/4973 2743/3505/4974
s 739
f 2745/3507/4976 2748/3511/4982 2749/3512/4983
s 735
f 2745/3507/4977 2750/3513/4984 2746/3508/4978
s 740
f 2746/3508/4985 2747/3514/4986 2743/3509/4980
s 737
f 2751/3515/4987 2748/3516/4988 2747/3510/4981
s 739
f 2749/3512/4983 2752/3517/4989 2753/3518/4990
s 735
f 2749/3512/4991 2754/3519/4992 2750/3513/4984
s 740
f 2750/3513/4993 2751/3520/4994 2747/3514/4986
s 737
f 2755/3521/4995 2752/3522/4996 2751/3515/4987
s 739
f 2753/3518/4990 2756/3523/4997 2757/3524/4998
s 735
f 2753/3518/4999 2758/3525/5000 2754/3519/4992
s 740
f 2754/3519/5001 2755/3526/5002 2751/3520/4994
s 737
f 2760/3527/5003 2755/3521/4995 2759/3528/5004
s 739
f 2757/3524/4998 2760/3529/5005 2761/3530/5006
s 735
f 2758/3525/5000 2761/3530/5007 2762/3531/5008
s 740
f 2758/3525/5009 2759/3532/5010 2755/3526/5002
s 737
f 2619/3325/5011 2760/3527/5003 2759/3528/5004
s 739
f 2761/3530/5006 2620/3533/5012 2618/3534/5012
s 735
f 2762/3531/5008 2618/3534/5013 2617/3324/1597
s 740
f 2762/3531/5014 2619/3535/5015 2759/3532/5010
s 741
f 2772/3536/5016 2778/3537/5017 2771/3538/5018
s 0
f 2765/3539/1762 2768/3540/1585 2767/3541/1761
s 743
f 2775/3542/5019 2773/3543/5020 2774/3544/5021
s 744
f 2770/3545/5022 2763/3546/5022 2769/3547/5022
s 745
f 2773/3548/5023 2777/3549/5024 2772/3536/5025
s 746
f 2774/3550/5026 2778/3537/5027 2775/3551/5028
s 741
f 2764/3552/5029 2771/3538/5018 2763/3553/5030
s 745
f 2770/3554/5031 2772/3536/5025 2764/3552/5031
s 743
f 2774/3544/5021 2770/3545/5032 2769/3547/5033
s 746
f 2769/3555/5034 2771/3538/5035 2774/3550/5026
s 743
f 2779/3556/5036 2776/3557/5037 2775/3542/5019
s 745
f 2776/3558/5038 2781/3559/5039 2777/3549/5024
s 741
f 2777/3549/5040 2782/3560/5041 2778/3537/5017
s 746
f 2775/3551/5028 2782/3560/5042 2779/3561/5043
s 743
f 2783/3562/5044 2780/3563/5045 2779/3556/5036
s 745
f 2780/3564/5046 2785/3565/5047 2781/3559/5039
s 741
f 2781/3559/5048 2786/3566/5049 2782/3560/5041
s 746
f 2779/3561/5043 2786/3566/5050 2783/3567/5051
s 743
f 2787/3568/5052 2784/3569/5053 2783/3562/5044
s 745
f 2784/3570/5054 2789/3571/5055 2785/3565/5047
s 741
f 2785/3565/5056 2790/3572/5057 2786/3566/5049
s 746
f 2783/3567/5051 2790/3572/5058 2787/3573/5059
s 743
f 2791/3574/5060 2788/3575/5061 2787/3568/5052
s 745
f 2788/3576/5062 2793/3577/5063 2789/3571/5055
s 741
f 2789/3571/5064 2794/3578/5065 2790/3572/5057
s 746
f 2787/3573/5059 2794/3578/750 2791/3579/5066
s 743
f 2795/3580/5067 2792/3581/5068 2791/3574/5060
s 745
f 2792/3582/5069 2797/3583/5070 2793/3577/5063
s 741
f 2793/3577/5071 2798/3584/5072 2794/3578/5065
s 746
f 2791/3579/5066 2798/3584/5073 2795/3585/5074
s 743
f 2799/3586/5075 2796/3587/5076 2795/3580/5067
s 745
f 2796/3588/5077 2801/3589/5078 2797/3583/5070
s 741
f 2797/3583/5079 2802/3590/5080 2798/3584/5072
s 746
f 2795/3585/5074 2802/3590/5081 2799/3591/5082
s 743
f 2803/3592/5083 2800/3593/5084 2799/3586/5075
s 745
f 2800/3594/5085 2805/3595/5086 2801/3589/5078
s 741
f 2801/3589/5087 2806/3596/5088 2802/3590/5080
s 746
f 2799/3591/5082 2806/3596/5089 2803/3597/5090
s 743
f 2808/3598/5091 2803/3592/5083 2807/3599/5092
s 745
f 2804/3600/5093 2809/3601/5094 2805/3595/5086
s 741
f 2806/3596/5088 2809/3601/5095 2810/3602/5096
s 746
f 2803/3597/5090 2810/3602/5097 2807/3603/5098
s 743
f 2811/3604/5099 2808/3598/5091 2807/3599/5092
s 745
f 2808/3605/5100 2813/3606/5101 2809/3601/5094
s 741
f 2809/3601/5095 2814/3607/5102 2810/3602/5096
s 746
f 2807/3603/5098 2814/3607/5103 2811/3608/5104
s 743
f 2815/3609/5105 2812/3610/5106 2811/3604/5099
s 745
f 2812/3611/5107 2817/3612/5108 2813/3606/5101
s 741
f 2813/3606/5109 2818/3613/5110 2814/3607/5102
s 746
f 2811/3608/5104 2818/3613/5111 2815/3614/5112
s 743
f 2819/3615/5113 2816/3616/5114 2815/3609/5105
s 745
f 2816/3617/5115 2821/3618/5116 2817/3612/5108
s 741
f 2817/3612/5117 2822/3619/5118 2818/3613/5110
s 746
f 2815/3614/5112 2822/3619/5119 2819/3620/5120
s 743
f 2824/3621/5121 2819/3615/5113 2823/3622/5122
s 745
f 2820/3623/5123 2825/3624/5124 2821/3618/5116
s 741
f 2822/3619/5118 2825/3624/5125 2826/3625/5126
s 746
f 2819/3620/5120 2826/3625/5127 2823/3626/460
s 743
f 2827/3627/5128 2832/3628/5129 2833/3629/5130
s 745
f 2832/3630/5131 2829/3631/5132 2831/3632/5133
s 741
f 2831/3632/5134 2830/3633/5135 2834/3634/5136
s 746
f 2833/3635/5137 2830/3633/5138 2827/3636/5139
s 743
f 2839/3637/5140 2828/3638/5141 2827/3627/5128
s 745
f 2828/3639/5142 2841/3640/5143 2829/3631/5132
s 741
f 2829/3631/5144 2842/3641/5145 2830/3633/5135
s 746
f 2827/3636/5139 2842/3641/5146 2839/3642/5147
s 745
f 2836/3643/5148 2831/3632/5133 2835/3644/5149
s 743
f 2833/3629/5130 2836/3645/5150 2837/3646/5151
s 746
f 2837/3647/5152 2834/3634/5153 2833/3635/5137
s 741
f 2835/3644/5154 2834/3634/5136 2838/3648/5155
s 745
f 2824/3649/5156 2835/3644/5149 2825/3624/5124
s 743
f 2836/3645/5150 2823/3622/5122 2837/3646/5151
s 746
f 2823/3626/460 2838/3648/5157 2837/3647/5152
s 741
f 2826/3625/5126 2835/3644/5154 2838/3648/5155
s 743
f 2843/3650/5158 2840/3651/5159 2839/3637/5140
s 745
f 2840/3652/5160 2845/3653/5161 2841/3640/5143
s 741
f 2841/3640/5162 2846/3654/5163 2842/3641/5145
s 746
f 2839/3642/5147 2846/3654/5164 2843/3655/5165
s 743
f 2847/3656/5166 2844/3657/5167 2843/3650/5158
s 745
f 2844/3658/5168 2849/3659/5169 2845/3653/5161
s 741
f 2845/3653/5170 2850/3660/5171 2846/3654/5163
s 746
f 2843/3655/5165 2850/3660/5172 2847/3661/5173
s 743
f 2851/3662/5174 2848/3663/5175 2847/3656/5166
s 745
f 2848/3664/5176 2853/3665/5177 2849/3659/5169
s 741
f 2849/3659/5178 2854/3666/5179 2850/3660/5171
s 746
f 2847/3661/5173 2854/3666/5180 2851/3667/5181
s 743
f 2855/3668/5182 2852/3669/5183 2851/3662/5174
s 745
f 2852/3670/5184 2857/3671/5185 2853/3665/5177
s 741
f 2853/3665/5186 2858/3672/5187 2854/3666/5179
s 746
f 2851/3667/5181 2858/3672/5188 2855/3673/5189
s 743
f 2859/3674/5190 2856/3675/5191 2855/3668/5182
s 745
f 2856/3676/5192 2861/3677/5193 2857/3671/5185
s 741
f 2857/3671/5194 2862/3678/5195 2858/3672/5187
s 746
f 2855/3673/5189 2862/3678/5196 2859/3679/5197
s 743
f 2863/3680/5198 2860/3681/5199 2859/3674/5190
s 745
f 2860/3682/5200 2865/3683/5201 2861/3677/5193
s 741
f 2861/3677/5202 2866/3684/5203 2862/3678/5195
s 746
f 2862/3678/5196 2863/3685/5204 2859/3679/5197
s 743
f 2868/3686/5205 2863/3680/5198 2867/3687/5206
s 745
f 2864/3688/5207 2869/3689/5208 2865/3683/5201
s 741
f 2866/3684/5203 2869/3689/5209 2870/3690/5210
s 746
f 2863/3685/5204 2870/3690/5211 2867/3691/5212
s 743
f 2872/3692/5213 2867/3687/5206 2871/3693/5214
s 745
f 2868/3694/5215 2873/3695/1958 2869/3689/5208
s 741
f 2870/3690/5210 2873/3695/5216 2874/3696/5217
s 746
f 2867/3691/5212 2874/3696/5218 2871/3697/5219
s 743
f 2876/3698/5220 2871/3693/5214 2875/3699/5221
s 745
f 2872/3700/5222 2877/3701/5223 2873/3695/1958
s 741
f 2874/3696/5217 2877/3701/5224 2878/3702/5225
s 746
f 2871/3697/5219 2878/3702/5226 2875/3703/5227
s 743
f 2880/3704/5228 2875/3699/5221 2879/3705/5229
s 745
f 2876/3706/5230 2881/3707/5231 2877/3701/5223
s 741
f 2878/3702/5225 2881/3707/5232 2882/3708/5233
s 746
f 2875/3703/5227 2882/3708/5234 2879/3709/5235
s 743
f 2883/3710/5236 2880/3704/5228 2879/3705/5229
s 745
f 2880/3711/5237 2885/3712/5238 2881/3707/5231
s 741
f 2881/3707/5232 2886/3713/5239 2882/3708/5233
s 746
f 2879/3709/5235 2886/3713/5240 2883/3714/5241
s 743
f 2887/3715/5242 2884/3716/5243 2883/3710/5236
s 745
f 2884/3717/5244 2889/3718/5245 2885/3712/5238
s 741
f 2885/3712/5246 2890/3719/5247 2886/3713/5239
s 746
f 2883/3714/5241 2890/3719/5248 2887/3720/5249
s 743
f 2892/3721/5250 2887/3715/5242 2891/3722/5251
s 745
f 2888/3723/5252 2893/3724/5253 2889/3718/5245
s 741
f 2890/3719/5247 2893/3724/5254 2894/3725/5255
s 746
f 2887/3720/5249 2894/3725/5256 2891/3726/5257
s 743
f 2895/3727/5258 2892/3721/5250 2891/3722/5251
s 745
f 2892/3728/5259 2897/3729/5260 2893/3724/5253
s 741
f 2893/3724/5254 2898/3730/5261 2894/3725/5255
s 746
f 2891/3726/5257 2898/3730/5262 2895/3731/5263
s 743
f 2899/3732/5264 2896/3733/5265 2895/3727/5258
s 745
f 2896/3734/5266 2901/3735/5267 2897/3729/5260
s 741
f 2897/3729/5268 2902/3736/5269 2898/3730/5261
s 746
f 2895/3731/5263 2902/3736/5270 2899/3737/5271
s 743
f 2903/3738/5272 2900/3739/5273 2899/3732/5264
s 745
f 2900/3740/5274 2905/3741/5275 2901/3735/5267
s 741
f 2901/3735/5276 2906/3742/5277 2902/3736/5269
s 746
f 2899/3737/5271 2906/3742/5278 2903/3743/5279
s 743
f 2907/3744/5280 2904/3745/5281 2903/3738/5272
s 745
f 2904/3746/5282 2909/3747/5283 2905/3741/5275
s 741
f 2905/3741/5284 2910/3748/5285 2906/3742/5277
s 746
f 2903/3743/5279 2910/3748/5286 2907/3749/5287
s 743
f 2767/3541/5288 2908/3750/5289 2907/3744/5280
s 745
f 2908/3751/5290 2766/3539/5291 2909/3747/5283
s 741
f 2910/3748/5285 2766/3539/5292 2765/3539/1597
s 746
f 2907/3749/5287 2765/3539/5293 2767/3752/5293
s 747
f 2933/3753/5294 2925/3754/5295 2932/3755/5296
s 748
f 2922/3756/1487 2916/3757/5297 2921/3758/1579
s 749
f 2927/3759/5298 2931/3760/5299 2926/3761/5300
s 750
f 2920/3762/5301 2912/3763/5302 2919/3764/5303
s 751
f 2925/3754/5304 2931/3765/5305 2932/3755/5306
s 752
f 2928/3766/5307 2934/3767/5308 2929/3768/5308
s 750
f 2920/3762/5301 2911/3769/5309 2917/3770/5309
s 749
f 2929/3771/5310 2927/3759/5298 2928/3772/5311
s 748
f 2922/3756/1487 2915/3773/5312 2913/3774/5312
s 747
f 2924/3775/5313 2934/3767/5314 2923/3776/5315
f 2959/3777/5316 2983/3778/5317 2954/3779/5318
f 2991/3780/5319 2953/3781/5320 2960/3782/5321
s 751
f 2961/3783/5322 2957/3784/5323 2958/3785/5324
s 749
f 2963/3786/5325 2957/3787/5326 2962/3788/5327
f 2955/3789/5328 2963/3786/5325 2964/3790/5329
s 752
f 2959/3777/5330 2955/3791/5331 2964/3792/5330
s 749
f 2935/3793/5332 2930/3794/5333 2929/3771/5310
f 2930/3794/5333 2937/3795/5334 2931/3760/5299
s 751
f 2931/3765/5305 2938/3796/5335 2932/3755/5306
s 747
f 2938/3796/5336 2933/3753/5294 2932/3755/5296
f 2933/3753/5294 2940/3797/5337 2934/3767/5314
s 752
f 2934/3767/5308 2935/3798/5338 2929/3768/5308
s 749
f 2915/3773/5339 2936/3799/5340 2935/3793/5332
f 2936/3799/5340 2916/3757/5341 2937/3795/5334
s 751
f 2937/3800/5342 2914/3801/5343 2938/3796/5335
s 747
f 2939/3802/5344 2914/3801/5345 2922/3756/5346
f 2939/3802/5344 2913/3774/5347 2940/3797/5337
s 752
f 2940/3797/5348 2915/3803/5349 2935/3798/5338
s 747
f 2947/3804/5350 2979/3805/5351 2941/3806/5352
f 2988/3807/5353 2948/3808/5354 2987/3809/5355
s 751
f 2950/3810/5356 2943/3811/5357 2949/3812/5358
s 749
f 2950/3813/5359 2945/3814/5360 2944/3815/5361
f 2945/3814/5360 2952/3816/5362 2946/3817/5363
s 752
f 2952/3818/5364 2941/3806/5365 2946/3819/5366
s 747
f 2977/3820/5367 2978/3821/5368 2947/3804/5350
f 2987/3809/5355 2919/3822/5369 2912/3823/5370
s 751
f 2918/3824/5371 2949/3812/5358 2986/3825/5371
s 749
f 2951/3826/5372 2918/3827/5373 2920/3762/5374
f 2951/3826/5372 2917/3770/5375 2952/3816/5362
s 752
f 2911/3828/5376 2947/3804/5377 2952/3818/5364
s 747
f 2954/3779/5318 2983/3778/5317 2984/3829/5378
s 752
f 2955/3791/5331 2984/3829/5379 2985/3830/5379
s 749
f 2927/3759/5298 2955/3789/5328 2985/3831/5380
f 2956/3832/5381 2926/3761/5300 2994/3833/5382
s 751
f 2993/3834/5383 2926/3835/5384 2925/3754/5304
s 747
f 2924/3775/5313 2992/3836/5385 2993/3834/5386
f 2965/3837/5387 2982/3838/5388 2959/3777/5316
f 2990/3839/5389 2960/3782/5321 2966/3840/5390
s 751
f 2967/3841/4871 2962/3842/5391 2961/3783/5322
s 749
f 2969/3843/5392 2962/3788/5327 2968/3844/5393
f 2964/3790/5329 2969/3843/5392 2970/3845/5394
s 752
f 2965/3837/5395 2964/3792/5330 2970/3846/5396
s 747
f 2980/3847/5397 2965/3837/5387 2971/3848/5398
f 2989/3849/5399 2966/3840/5390 2972/3850/5400
s 751
f 2973/3851/5401 2968/3852/5402 2967/3841/4871
s 749
f 2975/3853/5403 2968/3844/5393 2974/3854/5404
f 2970/3845/5394 2975/3853/5403 2976/3855/5405
s 752
f 2976/3856/5406 2965/3837/5395 2970/3846/5396
s 747
f 2979/3805/5351 2971/3848/5398 2941/3806/5352
f 2988/3807/5353 2972/3850/5400 2942/3857/5407
s 751
f 2944/3858/5408 2973/3851/5401 2943/3811/5357
s 749
f 2944/3815/5361 2975/3853/5403 2974/3854/5404
f 2976/3855/5405 2945/3814/5360 2946/3817/5363
s 752
f 2941/3806/5365 2976/3856/5406 2946/3819/5366
s 747
f 2919/3822/5369 2978/3821/5368 2977/3820/5367
f 2979/3805/5351 2948/3808/5354 2942/3857/5407
f 2979/3805/5351 2972/3850/5400 2980/3847/5397
f 2980/3847/5397 2966/3840/5390 2981/3859/5409
f 2981/3859/5409 2960/3782/5321 2982/3838/5388
f 2982/3838/5388 2953/3781/5320 2983/3778/5317
f 2983/3778/5317 2924/3775/5313 2923/3776/5315
s 752
f 2984/3829/5379 2928/3766/5307 2985/3830/5379
s 747
f 2949/3812/5410 2987/3809/5355 2986/3825/5411
f 2988/3807/5353 2949/3812/5410 2943/3811/5412
f 2989/3849/5399 2943/3811/5412 2973/3851/5413
f 2967/3841/5414 2989/3849/5399 2973/3851/5413
f 2961/3783/5415 2990/3839/5389 2967/3841/5414
f 2992/3836/5385 2961/3783/5415 2958/3785/5416
f 2993/3834/5386 2992/3836/5385 2958/3785/5416
s 751
f 2957/3784/5323 2993/3834/5383 2958/3785/5324
s 1
f 1/1/1 2/5/5 22/2/2
f 3/4/4 23/7/7 22/2/2
f 4/6/6 24/9/9 23/7/7
f 5/8/8 25/11/11 24/9/9
f 6/10/10 26/13/13 25/11/11
f 7/12/12 27/15/15 26/13/13
f 8/14/14 28/17/17 27/15/15
f 9/16/16 29/19/19 28/17/17
f 10/18/18 30/21/21 29/19/19
f 11/20/20 31/23/23 30/21/21
f 12/22/22 32/25/25 31/23/23
f 12/22/22 13/26/26 33/24/24
f 13/26/26 14/28/28 34/27/27
f 14/28/28 15/30/30 35/29/29
f 15/30/30 16/32/32 36/31/31
f 16/32/32 17/34/34 37/33/33
f 17/34/34 18/36/36 38/35/35
f 18/36/36 19/38/38 39/37/37
f 19/38/38 20/40/40 40/39/39
f 20/40/40 1/3860/1 21/41/3
s 4
f 2/84/80 1/123/80 41/85/81
s 5
f 3/87/82 2/84/5417 42/86/83
s 6
f 3/87/85 43/88/86 44/89/86
s 7
f 4/90/87 44/89/139 45/91/88
s 8
f 5/92/89 45/91/141 46/93/90
s 9
f 6/94/92 46/93/143 47/95/93
s 10
f 7/96/95 47/95/5418 48/97/96
s 11
f 8/98/97 48/97/98 49/99/98
s 12
f 9/100/99 49/99/100 50/101/100
s 13
f 10/102/101 50/101/101 51/103/101
s 14
f 11/104/102 51/103/5419 52/105/103
s 15
f 12/106/105 52/105/5420 53/107/106
s 16
f 14/109/108 13/108/108 53/107/109
s 17
f 15/111/110 14/109/5421 54/110/111
s 18
f 16/113/113 15/111/5422 55/112/114
s 19
f 17/115/116 16/113/5423 56/114/117
s 20
f 18/117/119 17/115/5424 57/116/120
s 21
f 19/119/122 18/117/5425 58/118/123
s 22
f 20/121/125 19/119/125 59/120/126
s 23
f 1/123/128 20/121/128 60/122/129
s 24
f 42/86/131 41/85/131 61/124/132
s 25
f 43/88/134 42/86/134 62/125/135
s 26
f 43/88/136 63/126/183 64/127/137
s 7
f 44/89/139 64/127/140 65/128/140
s 8
f 45/91/141 65/128/5426 66/129/142
s 9
f 46/93/143 66/129/5427 67/130/144
s 27
f 47/95/145 67/130/146 68/131/146
s 28
f 48/97/148 68/131/5428 69/132/149
s 29
f 49/99/151 69/132/5429 70/133/152
s 30
f 50/101/153 70/133/154 71/134/154
s 31
f 51/103/155 71/134/156 72/135/156
s 32
f 52/105/158 72/135/5430 73/136/159
s 33
f 54/110/160 53/107/160 73/136/161
s 17
f 55/112/112 54/110/111 74/137/162
s 18
f 56/114/115 55/112/114 75/138/164
s 19
f 57/116/118 56/114/117 76/139/166
s 34
f 58/118/167 57/116/5431 77/140/168
s 35
f 59/120/170 58/118/5432 78/141/171
s 36
f 60/122/173 59/120/5433 79/142/174
s 37
f 41/85/176 60/122/5434 80/143/177
s 38
f 62/125/178 61/124/5435 81/144/179
s 39
f 63/126/181 62/125/181 82/145/182
s 26
f 63/126/183 83/146/5436 84/147/184
s 40
f 64/127/185 84/147/5437 85/148/186
s 41
f 65/128/188 85/148/235 86/149/189
s 42
f 66/129/190 86/149/237 87/150/191
s 43
f 67/130/193 87/150/5438 88/151/194
s 44
f 68/131/196 88/151/197 89/152/197
s 45
f 69/132/198 89/152/5439 90/153/199
s 46
f 70/133/200 90/153/201 91/154/201
s 47
f 71/134/202 91/154/5440 92/155/203
s 48
f 72/135/204 92/155/205 93/156/205
s 49
f 74/137/206 73/136/5441 93/156/207
s 17
f 75/138/163 74/137/162 94/157/209
s 50
f 76/139/211 75/138/211 95/158/212
s 51
f 77/140/213 76/139/5442 96/159/214
s 52
f 78/141/216 77/140/5443 97/160/217
s 53
f 79/142/219 78/141/219 98/161/219
s 54
f 80/143/220 79/142/220 99/162/221
s 55
f 61/124/222 80/143/222 100/163/223
s 56
f 82/145/224 81/144/224 101/164/225
s 57
f 83/146/227 82/145/227 102/165/228
s 58
f 83/146/229 103/166/5444 104/167/230
s 59
f 84/147/232 104/167/5445 105/168/233
s 41
f 85/148/235 105/168/283 106/169/236
s 42
f 86/149/237 106/169/5446 107/170/238
s 60
f 87/150/239 107/170/5447 108/171/240
s 61
f 88/151/242 108/171/5448 109/172/243
s 62
f 89/152/245 109/172/5449 110/173/246
s 63
f 90/153/248 110/173/249 111/174/249
s 64
f 91/154/250 111/174/251 112/175/251
s 65
f 92/155/253 112/175/5450 113/176/254
s 66
f 94/157/256 93/156/5451 113/176/257
s 67
f 95/158/259 94/157/259 114/177/260
s 68
f 96/159/261 95/158/5452 115/178/262
s 51
f 97/160/215 96/159/214 116/179/264
s 69
f 98/161/266 97/160/5453 117/180/267
s 70
f 99/162/269 98/161/269 118/181/269
s 71
f 100/163/270 99/162/270 119/182/271
s 72
f 81/144/273 100/163/273 120/183/273
s 73
f 102/165/274 101/164/5454 121/43/275
s 74
f 103/166/276 102/165/276 122/42/277
s 75
f 104/167/279 103/166/5455 124/45/280
s 76
f 105/168/282 104/167/282 125/46/282
s 41
f 105/168/283 126/47/284 127/48/284
s 77
f 106/169/285 127/48/5456 128/49/286
s 78
f 107/170/288 128/49/288 129/50/288
s 79
f 108/171/289 129/50/5457 130/51/290
s 80
f 109/172/292 130/51/5458 131/52/293
s 81
f 110/173/295 131/52/296 132/53/296
s 82
f 111/174/298 132/53/299 133/54/299
s 83
f 112/175/300 133/54/5459 134/55/301
s 84
f 113/176/303 134/55/303 135/56/303
s 85
f 114/177/304 135/56/304 136/57/304
s 86
f 116/179/305 115/178/5460 136/57/306
s 87
f 117/180/308 116/179/308 137/58/309
s 88
f 118/181/311 117/180/5461 138/59/312
s 89
f 119/182/314 118/181/314 139/60/314
s 90
f 120/183/315 119/182/315 140/61/315
s 91
f 101/164/316 120/183/5462 141/62/317
s 92
f 21/184/318 22/187/5463 143/185/319
s 93
f 22/187/321 23/189/321 144/188/322
s 94
f 23/189/324 24/191/324 145/190/325
s 95
f 24/191/326 25/193/326 146/192/327
s 96
f 25/193/328 26/196/328 147/194/329
s 97
f 27/195/330 148/198/5464 147/194/331
s 98
f 28/197/333 149/200/5465 148/198/334
s 99
f 29/199/336 150/202/337 149/200/337
s 100
f 30/201/339 151/204/5466 150/202/340
s 101
f 31/203/342 152/206/342 151/204/342
s 102
f 32/205/343 153/208/5467 152/206/344
s 103
f 33/207/346 154/210/347 153/208/347
s 104
f 34/209/349 155/212/5468 154/210/350
s 105
f 35/211/352 156/214/5469 155/212/353
s 106
f 36/213/355 157/216/356 156/214/356
s 107
f 36/213/358 37/217/358 158/215/359
s 108
f 37/217/360 38/219/5470 159/218/361
s 109
f 38/219/363 39/221/363 160/220/364
s 110
f 39/221/366 40/223/366 161/222/367
s 111
f 40/223/369 21/184/5471 142/186/370
s 92
f 142/186/320 143/185/319 163/224/372
s 93
f 143/185/323 144/188/322 164/226/373
s 112
f 144/188/374 145/190/374 165/227/375
s 113
f 145/190/376 146/192/376 166/228/377
s 114
f 146/192/378 147/194/5472 167/229/379
s 115
f 148/198/381 168/230/382 167/229/382
s 116
f 149/200/384 169/231/5473 168/230/385
s 117
f 150/202/387 170/232/5474 169/231/388
s 118
f 151/204/390 171/233/391 170/232/391
s 119
f 152/206/392 172/234/5475 171/233/393
s 120
f 153/208/394 173/235/5476 172/234/395
s 121
f 154/210/397 174/236/398 173/235/398
s 122
f 155/212/400 175/237/5477 174/236/401
s 123
f 156/214/403 176/238/404 175/237/404
s 124
f 157/216/405 177/240/449 176/238/406
s 125
f 157/216/408 158/215/5478 178/239/409
s 108
f 158/215/362 159/218/361 179/241/411
s 109
f 159/218/365 160/220/364 180/242/413
s 110
f 160/220/368 161/222/367 181/243/415
s 111
f 161/222/371 142/186/370 162/225/417
s 126
f 162/225/418 163/224/418 183/64/419
s 127
f 163/224/420 164/226/420 185/66/421
s 128
f 164/226/422 165/227/422 186/67/423
s 129
f 165/227/424 166/228/424 187/68/425
s 130
f 166/228/426 167/229/5479 188/69/427
s 131
f 168/230/429 189/70/430 188/69/430
s 132
f 169/231/431 190/71/432 189/70/432
s 133
f 170/232/433 191/72/434 190/71/434
s 134
f 171/233/435 192/73/5480 191/72/436
s 135
f 172/234/437 193/74/438 192/73/438
s 136
f 173/235/439 194/75/440 193/74/440
s 137
f 174/236/441 195/76/5481 194/75/442
s 138
f 175/237/444 196/77/5482 195/76/445
s 139
f 176/238/447 197/78/5483 196/77/448
s 124
f 177/240/449 198/79/5484 197/78/450
s 125
f 177/240/410 178/239/409 199/80/451
s 108
f 178/239/412 179/241/411 200/81/453
s 109
f 179/241/414 180/242/413 201/82/455
s 110
f 180/242/416 181/243/415 202/83/456
s 140
f 181/243/458 162/225/458 182/63/459
s 141
f 204/244/460 224/248/463 223/245/461
f 205/247/462 225/250/465 224/248/463
f 206/249/464 226/252/467 225/250/465
f 207/251/466 227/254/469 226/252/467
f 208/253/468 228/256/471 227/254/469
f 209/255/470 229/258/473 228/256/471
f 210/257/472 230/260/472 229/258/473
f 211/259/474 231/330/474 230/260/472
s 142
f 271/261/475 272/264/477 273/262/476
f 272/264/477 275/266/479 276/265/478
f 275/266/479 277/268/481 278/267/480
f 277/268/481 279/270/483 280/269/482
f 279/270/483 281/272/485 282/271/484
f 281/272/485 283/274/487 284/273/486
f 283/274/487 285/276/489 286/275/488
f 285/276/489 287/279/492 288/277/490
f 289/278/491 290/281/494 288/277/490
f 291/280/493 292/283/496 290/281/494
f 293/282/495 294/285/498 292/283/496
f 295/284/497 296/379/497 294/285/498
s 145
f 211/259/541 212/334/5485 246/328/542
s 144
f 231/330/529 248/333/5486 247/331/544
s 146
f 211/259/545 245/329/545 248/333/545
s 147
f 212/334/546 213/338/5487 249/335/547
s 144
f 232/332/530 247/331/544 250/336/549
s 148
f 213/338/550 214/342/5488 251/339/551
s 144
f 233/337/531 250/336/549 252/340/553
s 149
f 214/342/555 215/346/5489 253/343/556
s 144
f 234/341/554 252/340/553 254/344/558
s 150
f 215/346/560 216/350/5490 255/347/561
s 144
f 235/345/559 254/344/558 256/348/563
s 151
f 216/350/565 217/355/5491 257/351/566
s 144
f 236/349/534 256/348/5492 258/352/568
s 152
f 218/354/569 259/359/5493 257/351/570
s 144
f 238/356/572 237/353/535 258/352/568
s 153
f 219/358/574 261/363/5494 259/359/575
s 144
f 239/360/577 238/356/572 260/357/573
s 154
f 219/358/579 220/366/5495 263/362/580
s 144
f 239/360/537 262/361/5496 264/364/582
s 155
f 220/366/583 221/371/5497 265/367/584
s 144
f 240/365/538 264/364/582 266/368/586
s 156
f 222/370/587 267/375/5498 265/367/588
s 144
f 242/372/540 241/369/539 266/368/586
s 157
f 203/374/591 269/377/5499 267/375/592
s 158
f 203/374/594 223/378/594 270/376/594
s 144
f 223/378/520 242/372/540 268/373/590
s 159
f 245/329/596 246/328/5500 272/264/597
s 160
f 248/333/599 274/263/5501 273/262/600
s 161
f 248/333/602 245/329/602 271/261/602
s 162
f 246/328/603 249/335/5502 275/266/604
s 163
f 247/331/606 273/262/5503 276/265/607
s 164
f 249/335/609 251/339/5504 277/268/610
s 165
f 250/336/612 276/265/5505 278/267/613
s 166
f 253/343/615 279/270/5506 277/268/616
s 165
f 254/344/618 252/340/614 278/267/613
s 167
f 253/343/620 255/347/5507 281/272/621
s 168
f 254/344/623 280/269/5508 282/271/624
s 169
f 255/347/626 257/351/5509 283/274/627
s 170
f 256/348/629 282/271/5510 284/273/630
s 171
f 259/359/632 285/276/5511 283/274/633
s 170
f 260/357/635 258/352/631 284/273/630
s 172
f 261/363/637 287/279/5512 285/276/638
s 173
f 262/361/640 260/357/5513 286/275/641
s 174
f 261/363/643 263/362/5514 289/278/644
s 175
f 262/361/646 288/277/5515 290/281/647
s 176
f 263/362/649 265/367/5516 291/280/650
s 177
f 264/364/652 290/281/5517 292/283/653
s 178
f 267/375/655 293/282/5518 291/280/656
s 177
f 268/373/658 266/368/654 292/283/653
s 179
f 269/377/660 295/284/5519 293/282/661
s 180
f 270/376/663 296/379/663 295/284/663
s 181
f 270/376/664 268/373/5520 294/285/665
s 182
f 298/380/667 318/384/669 317/381/461
f 299/383/668 319/386/671 318/384/669
f 299/383/668 300/387/672 320/385/670
f 300/387/672 301/389/673 321/388/466
f 301/389/673 302/391/675 322/390/674
f 302/391/675 303/393/677 323/392/676
f 303/393/677 304/395/679 324/394/678
f 304/395/679 305/464/474 325/396/474
s 183
f 365/397/680 366/400/682 367/398/681
f 366/400/682 369/402/684 370/401/683
f 369/402/684 371/404/686 372/403/685
f 371/404/686 373/407/689 374/405/687
f 375/406/688 376/409/691 374/405/687
f 377/408/690 378/411/693 376/409/691
f 379/410/692 380/413/695 378/411/693
f 381/412/694 382/415/697 380/413/695
f 383/414/696 384/417/699 382/415/697
f 385/416/698 386/419/701 384/417/699
f 387/418/700 388/421/703 386/419/701
f 389/420/702 390/515/702 388/421/703
s 186
f 305/464/746 306/470/5521 340/465/747
s 185
f 325/396/734 342/469/5522 341/467/749
s 187
f 305/464/750 339/466/750 342/469/750
s 188
f 306/470/751 307/474/5523 343/471/752
s 185
f 326/468/735 341/467/749 344/472/754
s 189
f 307/474/756 308/478/5524 345/475/757
s 185
f 327/473/736 344/472/5525 346/476/759
s 190
f 308/478/760 309/482/5526 347/479/761
s 185
f 328/477/737 346/476/759 348/480/763
s 191
f 309/482/764 310/486/5527 349/483/765
s 185
f 329/481/738 348/480/763 350/484/767
s 192
f 310/486/768 311/491/5528 351/487/769
s 185
f 330/485/739 350/484/767 352/488/771
s 193
f 312/490/772 353/495/5529 351/487/773
s 185
f 332/492/775 331/489/740 352/488/771
s 194
f 313/494/777 355/499/5530 353/495/778
s 185
f 333/496/780 332/492/775 354/493/776
s 195
f 314/498/782 357/503/5531 355/499/783
s 185
f 334/500/785 333/496/780 356/497/781
s 196
f 315/502/787 359/507/5532 357/503/788
s 185
f 335/504/790 334/500/785 358/501/786
s 197
f 316/506/792 361/511/5533 359/507/793
s 185
f 336/508/795 335/504/790 360/505/791
s 198
f 297/510/797 363/513/5534 361/511/798
s 199
f 297/510/594 317/514/594 364/512/594
s 185
f 317/514/725 336/508/745 362/509/800
s 200
f 339/466/802 340/465/5535 366/400/803
s 201
f 342/469/805 368/399/5536 367/398/806
s 202
f 342/469/808 339/466/808 365/397/808
s 203
f 340/465/809 343/471/5537 369/402/810
s 201
f 341/467/807 367/398/806 370/401/812
s 204
f 343/471/814 345/475/5538 371/404/815
s 205
f 344/472/817 370/401/5539 372/403/818
s 206
f 345/475/820 347/479/5540 373/407/821
s 205
f 346/476/819 372/403/818 374/405/823
s 207
f 347/479/825 349/483/5541 375/406/826
s 208
f 348/480/828 374/405/5542 376/409/829
s 209
f 349/483/831 351/487/5543 377/408/832
s 210
f 350/484/834 376/409/5544 378/411/835
s 211
f 353/495/837 379/410/5545 377/408/838
s 210
f 354/493/840 352/488/836 378/411/835
s 212
f 355/499/842 381/412/5546 379/410/843
s 213
f 356/497/845 354/493/5547 380/413/846
s 214
f 357/503/848 383/414/5548 381/412/849
s 213
f 358/501/851 356/497/845 382/415/847
s 215
f 357/503/853 359/507/5549 385/416/854
s 216
f 358/501/856 384/417/5550 386/419/857
s 217
f 361/511/859 387/418/5551 385/416/860
s 218
f 362/509/862 360/505/5552 386/419/863
s 219
f 363/513/865 389/420/5553 387/418/866
s 220
f 364/512/868 390/515/868 389/420/868
s 221
f 364/512/869 362/509/5554 388/421/870
s 222
f 402/516/872 399/535/895 403/517/873
s 223
f 401/519/875 402/516/893 404/518/876
s 224
f 401/519/878 405/520/5555 406/521/879
s 225
f 399/523/881 400/522/888 406/521/882
s 226
f 398/525/884 396/3861/884 394/526/884
s 227
f 391/528/885 393/534/5556 395/529/886
s 225
f 400/522/888 399/523/881 391/531/889
s 224
f 395/533/891 401/519/878 400/522/880
s 223
f 402/516/893 401/519/875 395/533/894
s 222
f 399/535/895 402/516/872 393/534/896
f 403/517/873 407/540/904 408/536/898
s 223
f 405/520/877 404/518/876 408/536/899
s 224
f 406/521/879 405/520/5555 409/537/901
s 225
f 406/521/882 410/538/910 407/539/903
s 222
f 407/540/904 411/545/912 412/541/905
s 223
f 409/537/900 408/536/899 412/541/906
s 224
f 410/538/902 409/537/901 413/542/908
s 225
f 410/538/910 414/543/918 411/544/911
s 222
f 411/545/912 415/550/920 416/546/913
s 223
f 413/542/907 412/541/906 416/546/914
s 224
f 414/543/909 413/542/908 417/547/916
s 225
f 414/543/918 418/548/926 415/549/919
s 222
f 415/550/920 419/555/928 420/551/921
s 223
f 417/547/915 416/546/914 420/551/922
s 224
f 418/548/917 417/547/916 421/552/924
s 225
f 418/548/926 422/553/934 419/554/927
s 222
f 419/555/928 423/3862/5557 424/556/929
s 223
f 421/552/923 420/551/922 424/556/930
s 224
f 422/553/925 421/552/924 425/557/932
s 225
f 422/553/934 426/558/942 423/559/935
s 222
f 424/556/929 423/3862/5557 427/560/936
s 223
f 425/557/931 424/556/930 428/561/938
s 224
f 426/558/933 425/557/932 429/562/940
s 225
f 426/558/942 430/563/949 427/564/943
s 222
f 427/560/936 431/569/951 432/565/944
s 223
f 429/562/939 428/561/938 432/565/945
s 224
f 430/563/941 429/562/940 433/566/947
s 225
f 430/563/949 434/567/955 431/568/950
s 222
f 431/569/951 392/527/5558 394/526/952
s 223
f 433/566/946 432/565/945 394/526/953
s 224
f 433/566/947 396/570/5559 398/571/954
s 225
f 434/567/955 398/571/5560 392/572/956
s 228
f 446/573/957 443/591/979 447/574/958
s 229
f 446/573/960 448/575/984 449/576/961
s 230
f 445/577/963 449/576/986 450/578/964
s 231
f 443/580/966 444/579/973 450/578/967
s 232
f 436/582/969 442/3863/5561 440/583/970
s 233
f 441/585/972 435/592/972 437/586/972
s 231
f 444/579/973 443/580/966 435/588/974
s 230
f 439/590/976 445/577/963 444/579/965
s 229
f 437/586/978 446/573/960 445/577/962
s 228
f 443/591/979 446/573/957 437/586/980
f 448/575/959 447/574/958 451/593/982
s 229
f 448/575/984 452/594/992 453/595/985
s 230
f 449/576/986 453/595/994 454/596/987
s 231
f 447/581/968 450/578/967 454/596/988
s 228
f 452/594/983 451/593/982 455/598/990
s 229
f 452/594/992 456/599/1000 457/600/993
s 230
f 453/595/994 457/600/1002 458/601/995
s 231
f 451/597/989 454/596/988 458/601/996
s 228
f 456/599/991 455/598/990 459/603/998
s 229
f 456/599/1000 460/604/1008 461/605/1001
s 230
f 457/600/1002 461/605/1010 462/606/1003
s 231
f 455/602/997 458/601/996 462/606/1004
s 228
f 460/604/999 459/603/998 463/608/1006
s 229
f 460/604/1008 464/609/1016 465/610/1009
s 230
f 461/605/1010 465/610/1018 466/611/1011
s 231
f 459/607/1005 462/606/1004 466/611/1012
s 228
f 464/609/1007 463/608/1006 467/613/1014
s 229
f 464/609/1016 468/614/1024 469/615/1017
s 230
f 465/610/1018 469/615/1026 470/616/1019
s 231
f 463/612/1013 466/611/1012 470/616/1020
s 228
f 468/614/1015 467/613/1014 471/618/1022
s 229
f 468/614/1024 472/619/1032 473/620/1025
s 230
f 469/615/1026 473/620/1034 474/621/1027
s 231
f 467/617/1021 470/616/1020 474/621/1028
s 228
f 472/619/1023 471/618/1022 475/623/1030
s 229
f 472/619/1032 476/624/1040 477/625/1033
s 230
f 473/620/1034 477/625/1042 478/626/1035
s 231
f 471/622/1029 474/621/1028 478/626/1036
s 228
f 476/624/1031 475/623/1030 479/628/1038
s 229
f 476/624/1040 480/629/1048 481/630/1041
s 230
f 477/625/1042 481/630/1050 482/631/1043
s 231
f 475/627/1037 478/626/1036 482/631/1044
s 228
f 480/629/1039 479/628/1038 483/633/1046
s 229
f 480/629/1048 484/634/1055 485/635/1049
s 230
f 481/630/1050 485/635/5562 486/636/1051
s 231
f 482/631/1044 486/636/1059 483/637/1052
s 228
f 484/634/1047 483/633/1046 487/638/1053
s 229
f 484/634/1055 488/639/1062 489/640/1056
s 230
f 486/636/1051 485/635/5562 489/640/1057
s 231
f 486/636/1059 490/641/1066 487/642/1060
s 228
f 487/638/1053 436/582/5563 438/584/1061
s 229
f 488/639/1062 438/584/1063 440/643/1063
s 230
f 490/641/1058 489/640/1057 440/643/1064
s 231
f 490/641/1066 442/644/5564 436/645/1067
s 234
f 576/646/1068 577/671/1092 536/647/1069
s 235
f 502/649/1071 504/675/1096 505/650/1072
s 236
f 555/652/1074 558/666/1087 559/653/1075
s 237
f 499/655/1077 500/746/5565 506/656/1078
s 238
f 545/658/1080 546/744/1166 567/659/1081
s 239
f 535/661/1083 578/672/1203 557/662/1084
s 237
f 497/664/1086 500/746/5565 499/655/1077
s 236
f 558/666/1087 555/652/1074 556/667/1088
s 235
f 493/669/1090 502/649/1071 501/651/1073
s 234
f 535/661/1091 536/647/1069 577/671/1092
f 575/673/1094 576/646/1068 537/648/1070
s 235
f 504/675/1096 508/683/1104 509/676/1097
s 236
f 554/654/1076 559/653/1075 560/677/1098
s 237
f 503/657/1079 506/656/1078 510/679/1100
s 234
f 575/673/1094 538/674/1095 539/681/1102
s 235
f 508/683/1104 512/870/5566 513/684/1105
s 236
f 552/685/1106 553/678/1099 560/677/1098
s 237
f 507/680/1101 510/679/1100 514/687/1108
s 234
f 573/689/1110 574/682/1103 539/681/1102
s 235
f 513/684/1105 512/870/5566 516/691/1112
s 236
f 551/693/1114 552/685/1106 561/686/1107
s 237
f 514/687/1108 518/701/1122 515/695/1116
s 234
f 573/689/1110 540/690/1111 541/696/1117
s 235
f 516/691/1112 520/869/5567 521/698/1119
s 236
f 550/699/1120 551/693/1114 562/694/1115
s 237
f 518/701/1122 522/709/1130 519/702/1123
s 234
f 572/697/1118 541/696/1117 542/703/1124
s 235
f 521/698/1119 520/869/5567 524/705/1126
s 236
f 549/707/1128 550/699/1120 563/700/1121
s 237
f 522/709/1130 526/717/1138 523/710/1131
s 234
f 571/704/1125 542/703/1124 543/711/1132
s 235
f 525/706/1127 524/705/1126 528/713/1134
s 236
f 548/715/1136 549/707/1128 564/708/1129
s 237
f 526/717/1138 530/725/1146 527/718/1139
s 234
f 570/712/1133 543/711/1132 544/719/1140
s 235
f 529/714/1135 528/713/1134 532/721/1142
s 236
f 547/723/1144 548/715/1136 565/716/1137
s 237
f 530/725/1146 534/745/5568 531/726/1147
s 234
f 569/720/1141 544/719/1140 545/658/1148
s 235
f 533/722/1143 532/721/1142 494/727/1150
s 236
f 546/729/1151 547/723/1144 566/724/1145
s 237
f 531/726/1147 534/745/5568 498/731/1153
s 234
f 491/733/1154 499/734/1155 536/647/1069
f 537/648/1070 536/647/1069 499/734/1155
f 537/648/1070 503/735/1156 507/736/1157
f 538/674/1095 507/736/1157 511/737/1158
f 540/690/1111 539/681/1102 511/737/1158
f 540/690/1111 515/738/1159 519/739/1160
f 541/696/1117 519/739/1160 523/740/1161
f 542/703/1124 523/740/1161 527/741/1162
f 543/711/1132 527/741/1162 531/742/1163
f 544/719/1140 531/742/1163 492/743/1164
s 238
f 492/743/1165 498/3864/1165 546/744/1166
s 236
f 547/723/1144 546/729/1151 498/731/1167
f 548/715/1136 547/723/1144 534/745/1168
f 549/707/1128 548/715/1136 530/725/1169
f 550/699/1120 549/707/1128 526/717/1170
f 551/693/1114 550/699/1120 522/709/1171
f 514/687/1173 552/685/1106 551/693/1114
f 553/678/1099 552/685/1106 514/687/1173
f 554/654/1076 553/678/1099 510/679/1174
f 500/746/1176 555/652/1074 554/654/1076
f 555/652/1074 500/746/1176 497/664/1177
s 239
f 491/733/1178 535/661/1083 556/663/1085
s 236
f 580/748/1179 558/666/1087 557/668/1089
f 558/666/1087 580/748/1179 581/750/1181
f 559/653/1075 581/750/1181 582/751/1182
f 560/677/1098 582/751/1182 583/752/1183
f 561/686/1107 583/752/1183 584/753/1184
f 563/700/1121 562/694/1115 584/753/1184
f 564/708/1129 563/700/1121 585/754/1185
f 565/716/1137 564/708/1129 586/755/1186
f 566/724/1145 565/716/1137 587/756/1187
f 567/730/1152 566/724/1145 588/757/1188
s 238
f 568/660/1082 567/659/1081 589/759/1190
s 234
f 591/761/1192 569/720/1141 568/660/1149
f 592/762/1194 570/712/1133 569/720/1141
f 593/763/1195 571/704/1125 570/712/1133
f 594/764/1196 572/697/1118 571/704/1125
f 595/765/1197 573/689/1110 572/697/1118
f 595/765/1197 596/766/1198 574/682/1103
f 596/766/1198 597/767/1199 575/673/1094
f 597/767/1199 598/768/1200 576/646/1068
f 598/768/1200 599/769/1201 577/671/1092
f 578/672/1093 577/671/1092 599/769/1201
s 239
f 578/672/1203 600/770/1229 579/771/1204
s 236
f 602/772/1205 580/748/1179 579/749/1180
f 580/748/1179 602/772/1205 603/774/1207
f 581/750/1181 603/774/1207 604/775/1208
f 582/751/1182 604/775/1208 605/776/1209
f 583/752/1183 605/776/1209 606/777/1210
f 585/754/1185 584/753/1184 606/777/1210
f 586/755/1186 585/754/1185 607/778/1211
f 587/756/1187 586/755/1186 608/779/1212
f 588/757/1188 587/756/1187 609/780/1213
f 589/758/1189 588/757/1188 610/781/1214
s 238
f 590/760/1191 589/759/1190 611/783/1216
s 234
f 613/785/1218 591/761/1192 590/760/1193
f 614/786/1220 592/762/1194 591/761/1192
f 615/787/1221 593/763/1195 592/762/1194
f 616/788/1222 594/764/1196 593/763/1195
f 617/789/1223 595/765/1197 594/764/1196
f 617/789/1223 618/790/1224 596/766/1198
f 618/790/1224 619/791/1225 597/767/1199
f 619/791/1225 620/792/1226 598/768/1200
f 620/792/1226 621/793/1227 599/769/1201
f 600/770/1202 599/769/1201 621/793/1227
s 239
f 600/770/1229 622/794/1255 601/795/1230
s 236
f 624/796/1231 602/772/1205 601/773/1206
f 603/774/1207 602/772/1205 624/796/1231
f 604/775/1208 603/774/1207 625/798/1233
f 605/776/1209 604/775/1208 626/799/1234
f 605/776/1209 627/800/1235 628/801/1236
f 607/778/1211 606/777/1210 628/801/1236
f 608/779/1212 607/778/1211 629/802/1237
f 608/779/1212 630/803/1238 631/804/1239
f 609/780/1213 631/804/1239 632/805/1240
f 611/782/1215 610/781/1214 632/805/1240
s 238
f 612/784/1217 611/783/1216 633/807/1242
s 234
f 635/809/1244 613/785/1218 612/784/1219
f 635/809/1244 636/810/1246 614/786/1220
f 636/810/1246 637/812/1248 615/787/1221
f 638/811/1247 616/788/1222 615/787/1221
f 639/813/1249 617/789/1223 616/788/1222
f 639/813/1249 640/815/1251 618/790/1224
f 641/814/1250 619/791/1225 618/790/1224
f 642/816/1252 620/792/1226 619/791/1225
f 642/816/1252 643/817/1253 621/793/1227
f 622/794/1228 621/793/1227 643/817/1253
s 239
f 622/794/1255 644/818/1279 623/819/1256
s 236
f 645/820/1257 646/843/1282 624/796/1231
f 624/796/1231 646/843/1282 647/821/1258
f 625/798/1233 647/821/1258 648/822/1259
f 626/799/1234 648/822/1259 649/823/1260
f 627/800/1235 649/823/1260 650/824/1261
f 629/802/1237 628/801/1236 650/824/1261
f 630/803/1238 629/802/1237 651/825/1262
f 630/803/1238 652/826/1263 653/827/1264
f 631/804/1239 653/827/1264 654/828/1265
f 633/806/1241 632/805/1240 654/828/1265
s 238
f 634/808/1243 633/807/1242 655/830/1267
s 234
f 657/832/1269 635/809/1244 634/808/1245
f 657/832/1269 658/833/1271 636/810/1246
f 658/833/1271 659/835/1273 637/812/1248
f 660/834/1272 638/811/1247 637/812/1248
f 661/836/1274 639/813/1249 638/811/1247
f 661/836/1274 662/837/1275 640/815/1251
f 662/837/1275 663/838/1276 641/814/1250
f 663/838/1276 664/839/1277 642/816/1252
f 664/839/1277 665/865/1305 643/817/1253
f 643/817/1253 665/865/1305 666/840/1278
s 239
f 644/818/1279 666/840/1307 645/841/1280
s 236
f 667/842/1281 668/844/1283 646/843/1282
f 647/821/1258 646/843/1282 668/844/1283
f 648/822/1259 647/821/1258 669/845/1284
f 649/823/1260 648/822/1259 670/846/1285
f 649/823/1260 671/847/1286 672/848/1287
f 651/825/1262 650/824/1261 672/848/1287
f 652/826/1263 651/825/1262 673/849/1288
f 652/826/1263 674/850/1289 675/851/1290
f 653/827/1264 675/851/1290 676/852/1291
f 654/828/1265 676/852/1291 677/853/1292
s 238
f 656/831/1268 655/830/1267 677/854/1293
s 234
f 678/855/1295 679/856/1296 657/832/1269
f 679/856/1296 680/857/1297 658/833/1271
f 680/857/1297 681/859/1299 659/835/1273
f 682/858/1298 660/834/1272 659/835/1273
f 683/860/1300 661/836/1274 660/834/1272
f 683/860/1300 684/862/1302 662/837/1275
f 685/861/1301 663/838/1276 662/837/1275
f 686/863/1303 664/839/1277 663/838/1276
f 687/864/1304 665/865/1305 664/839/1277
f 665/865/1305 687/864/1304 688/866/1306
s 239
f 666/840/1307 688/866/1332 667/867/1308
s 236
f 495/670/1309 501/651/1310 668/844/1283
f 669/845/1284 668/844/1283 501/651/1310
f 669/845/1284 505/650/1311 509/676/1312
f 670/846/1285 509/676/1312 513/684/1313
f 671/847/1286 513/684/1313 517/692/1314
f 673/849/1288 672/848/1287 517/692/1314
f 674/850/1289 673/849/1288 521/698/1315
f 674/850/1289 525/706/1316 529/714/1317
f 675/851/1290 529/714/1317 533/722/1318
f 676/852/1291 533/722/1318 496/728/1319
s 238
f 678/855/1294 677/854/1293 496/868/1320
s 234
f 679/856/1296 678/855/1295 494/727/1321
f 680/857/1297 679/856/1296 532/721/1322
f 681/859/1299 680/857/1297 528/713/1323
f 520/869/1325 682/858/1298 681/859/1299
f 516/691/1326 683/860/1300 682/858/1298
f 684/862/1302 683/860/1300 516/691/1326
f 685/861/1301 684/862/1302 512/870/1327
f 686/863/1303 685/861/1301 508/683/1328
f 502/649/1330 687/864/1304 686/863/1303
f 687/864/1304 502/649/1330 493/669/1331
s 239
f 688/866/1332 493/669/1333 495/871/1333
s 240
f 700/872/1334 697/891/1354 705/873/1335
s 241
f 700/872/1337 706/874/1365 707/875/1338
s 242
f 699/876/1340 707/875/1367 708/877/1341
s 243
f 697/879/1343 698/878/1349 708/877/1344
s 244
f 690/881/1346 696/3865/1346 694/882/1346
s 245
f 689/884/1347 691/895/1347 693/885/1347
s 243
f 701/887/1348 702/889/1355 698/878/1349
s 242
f 703/888/1350 699/876/1340 698/878/1342
s 241
f 704/890/1352 700/872/1337 699/876/1339
s 240
f 704/890/1353 701/896/1360 697/891/1354
s 243
f 702/889/1355 701/887/1348 689/892/1356
s 242
f 693/894/1357 703/888/1350 702/889/1351
s 241
f 691/895/1359 704/890/1352 703/888/1352
s 240
f 701/896/1360 704/890/1353 691/895/1361
f 706/874/1336 705/873/1335 709/897/1363
s 241
f 706/874/1365 710/898/5569 711/899/1366
s 242
f 707/875/1367 711/899/1374 712/900/1368
s 243
f 705/880/1345 708/877/1344 712/900/1369
s 240
f 710/898/1364 709/897/1363 713/902/1371
s 241
f 711/899/1366 710/898/5569 714/903/1373
s 242
f 711/899/1374 715/904/1382 716/905/1375
s 243
f 709/901/1370 712/900/1369 716/905/1376
s 240
f 714/903/1372 713/902/1371 717/907/1378
s 241
f 715/904/1373 714/903/1373 718/908/1380
s 242
f 715/904/1382 719/909/1388 720/910/1383
s 243
f 713/906/1377 716/905/1376 720/910/1384
s 240
f 718/908/1379 717/907/1378 721/912/1385
s 241
f 718/908/1380 722/913/1394 723/914/1387
s 242
f 719/909/1388 723/914/1396 724/915/1389
s 243
f 717/911/1384 720/910/1384 724/915/1390
s 240
f 722/913/1386 721/912/1385 725/917/1392
s 241
f 722/913/1394 726/918/1426 727/919/1395
s 242
f 723/914/1396 727/919/1425 728/920/1397
s 243
f 724/915/1390 728/920/1424 725/921/1398
s 240
f 740/922/1399 737/940/1427 729/923/1400
s 241
f 740/922/1402 730/924/5570 731/925/1403
s 242
f 739/926/1404 731/925/1413 732/927/1405
s 243
f 738/928/1407 732/927/1415 729/929/1408
s 240
f 730/924/1401 729/923/1400 733/931/1409
s 241
f 731/925/1403 730/924/5570 734/932/1411
s 242
f 731/925/1413 735/933/5571 736/934/1414
s 243
f 732/927/1415 736/934/1422 733/935/1416
s 240
f 733/931/1409 741/941/1428 742/936/1417
s 241
f 735/933/1412 734/932/1411 742/936/1418
s 242
f 736/934/1414 735/933/5571 743/937/1420
s 243
f 736/934/1422 744/938/1434 741/939/1423
f 728/920/1424 738/928/1407 737/930/1407
s 242
f 727/919/1425 739/926/1404 738/928/1406
s 241
f 726/918/1426 740/922/1402 739/926/1402
s 240
f 726/918/1393 725/917/1392 737/940/1427
f 741/941/1428 745/946/1436 746/942/1429
s 241
f 743/937/1419 742/936/1418 746/942/1430
s 242
f 744/938/1421 743/937/1420 747/943/1432
s 243
f 744/938/1434 748/944/1441 745/945/1435
s 240
f 745/946/1436 690/881/5572 692/883/1437
s 241
f 747/943/1431 746/942/1430 692/883/1438
s 242
f 748/944/1433 747/943/1432 694/947/1439
s 243
f 748/944/1441 696/948/1442 690/949/1442
s 246
f 757/950/1443 761/1037/1538 762/951/1444
s 247
f 760/952/1446 762/951/1537 763/953/1447
s 248
f 758/955/1449 759/954/1458 763/953/1450
s 249
f 757/957/1452 758/955/1456 764/956/1453
s 250
f 750/959/1454 756/3866/1454 754/960/1454
s 251
f 749/962/1455 751/968/1455 753/963/1455
s 249
f 758/955/1456 757/957/1452 749/965/1457
s 248
f 759/954/1458 758/955/1449 755/966/1459
s 247
f 751/968/1461 760/952/1446 759/954/1448
s 246
f 749/962/1462 757/950/1443 760/952/1445
s 252
f 805/969/1464 765/978/1473 766/970/1465
s 247
f 808/971/1467 766/970/1475 767/972/1468
s 248
f 806/974/1469 807/973/1533 767/972/1470
s 249
f 805/976/1453 806/974/1453 768/975/1472
s 252
f 765/978/1473 769/3867/5573 770/979/1474
s 247
f 766/970/1475 770/979/1476 771/980/1476
s 248
f 768/975/1471 767/972/1470 771/980/1477
s 249
f 765/977/1472 768/975/1472 772/981/1453
s 253
f 813/983/1479 814/1039/1480 815/984/1480
s 247
f 796/986/1430 798/1026/1430 799/987/1430
s 248
f 795/988/1481 799/987/1527 800/989/1482
s 249
f 794/990/1453 800/989/1453 797/991/1453
s 254
f 774/993/1484 773/1027/1525 777/994/1485
s 247
f 775/996/1487 774/993/1526 778/995/1488
s 248
f 775/996/1490 779/997/1528 780/998/1491
s 249
f 776/999/1453 780/998/1453 777/1000/1453
s 255
f 788/1002/1493 785/1040/5574 781/1003/1494
s 247
f 787/1005/1496 788/1002/1512 782/1004/1497
s 248
f 787/1005/1499 783/1006/1506 784/1007/1500
s 249
f 786/1008/1453 784/1007/1453 781/1009/1453
s 255
f 782/1004/1495 781/1003/1494 789/1011/1502
s 247
f 783/1006/1498 782/1004/1497 790/1012/1504
s 248
f 783/1006/1506 791/1013/1519 792/1014/1507
s 249
f 784/1007/1453 792/1014/5575 789/1015/1508
f 802/1016/1453 786/1008/1453 785/1010/1453
s 248
f 803/1018/1509 787/1005/1499 786/1008/1501
s 247
f 803/1018/1511 804/1028/1511 788/1002/1512
s 256
f 817/1019/1513 818/1041/5576 819/1020/1514
s 255
f 790/1012/1503 789/1011/1502 750/959/1516
s 247
f 791/1013/1505 790/1012/1504 752/961/1518
s 248
f 791/1013/1519 754/1022/5577 756/1023/1520
s 249
f 789/1015/1508 792/1014/5575 756/1023/1521
f 769/982/1453 772/981/1453 794/990/1453
s 248
f 771/980/1477 795/988/1481 794/990/1483
s 247
f 770/979/1476 796/986/1430 795/988/1430
s 252
f 770/979/1474 769/3867/5573 793/1025/1522
s 254
f 798/1026/1524 797/1038/5578 773/1027/1525
s 247
f 799/987/1430 798/1026/1430 774/993/1526
s 248
f 799/987/1527 775/996/1490 776/999/1492
s 249
f 800/989/1453 776/999/1453 773/1001/1453
f 780/998/1453 802/1016/1453 801/1017/1453
s 248
f 779/997/1528 803/1018/1509 802/1016/1510
s 247
f 779/997/1489 778/995/1488 804/1028/1511
s 254
f 778/995/1486 777/994/1485 801/1029/1529
s 249
f 809/1030/1531 810/1031/1531 806/974/1453
s 248
f 810/1031/1532 811/1033/1536 807/973/1533
s 247
f 812/1032/1534 808/971/1467 807/973/1467
s 257
f 822/1034/1535 823/1043/1535 824/1035/1535
s 249
f 761/958/1453 764/956/1453 810/1031/1531
s 248
f 764/956/1451 763/953/1450 811/1033/1536
s 247
f 762/951/1537 812/1032/1534 811/1033/1534
s 246
f 761/1037/1538 809/1042/5579 812/1032/1539
s 258
f 793/1025/1540 814/1039/5580 813/983/1541
s 259
f 797/1038/1543 815/984/5581 814/1039/1544
s 260
f 797/1038/1546 798/1026/5582 816/985/1547
s 261
f 796/986/1549 813/983/5583 816/985/1550
s 262
f 801/1029/1552 818/1041/5584 817/1019/1553
s 263
f 785/1040/1555 819/1020/5585 818/1041/1556
s 264
f 785/1040/1558 788/1002/5586 820/1021/1559
s 265
f 804/1028/1561 817/1019/5587 820/1021/1562
s 266
f 809/1042/1564 822/1034/5588 821/1036/1565
s 267
f 805/969/1567 823/1043/5589 822/1034/1568
s 268
f 805/969/1570 808/971/5590 824/1035/1571
s 269
f 812/1032/1573 821/1036/5591 824/1035/1574
s 270
f 932/1044/1576 834/1055/1593 839/1045/1577
s 271
f 915/1047/1579 916/1143/1579 828/1048/1579
s 272
f 899/1050/1580 900/1064/1600 838/1051/1581
s 0
f 897/1053/1762 898/1054/1585 832/1054/1761
s 274
f 834/1055/1586 835/1061/1595 838/1056/1587
s 275
f 833/1057/1589 840/1068/1605 837/1058/1590
s 270
f 932/1044/1576 897/1060/1597 826/1060/1592
s 274
f 826/1060/1594 832/3868/1594 835/1061/1595
s 272
f 898/1054/1596 899/1050/1580 835/1052/1582
s 275
f 825/1060/1598 833/1057/1589 836/1059/1591
s 272
f 901/1063/1599 842/1071/1608 838/1051/1581
s 274
f 839/1045/1588 838/1056/1587 842/1065/1601
s 270
f 930/1067/1603 931/1046/1578 839/1045/1577
s 275
f 840/1068/1605 844/1075/1613 841/1069/1606
s 272
f 901/1063/1599 902/1163/1715 846/1070/1607
s 274
f 843/1066/1602 842/1065/1601 846/1072/1609
s 270
f 930/1067/1603 843/1066/1604 847/1073/1611
s 275
f 844/1075/1613 848/1164/1716 845/1076/1614
s 272
f 904/1077/1615 850/1159/1711 894/1078/1616
s 274
f 893/1080/1618 894/1162/1714 850/1081/1619
s 270
f 927/1083/1621 928/1165/1717 893/1080/1622
s 275
f 896/1084/1624 852/1160/1712 849/1085/1625
s 272
f 906/1087/1627 854/1156/1707 890/1088/1628
s 274
f 889/1090/1630 890/1158/1710 854/1091/1631
s 270
f 925/1093/1633 926/1161/1713 889/1090/1634
s 275
f 892/1094/1636 856/1157/1708 853/1095/1637
s 272
f 907/1097/1639 908/1153/1703 858/1098/1640
s 274
f 885/1100/1642 886/1155/1706 858/1101/1643
s 270
f 924/1103/1645 885/1100/1709 859/1102/1646
s 275
f 888/1105/1648 860/1154/1704 857/1106/1649
s 272
f 909/1108/1651 910/1150/1699 862/1109/1652
s 274
f 881/1111/1654 882/1152/1702 862/1112/1655
s 270
f 922/1114/1657 881/1111/1705 863/1113/1658
s 275
f 884/1116/1660 864/1151/1700 861/1117/1661
s 272
f 911/1119/1663 912/1147/1695 866/1120/1664
s 274
f 877/1122/1666 878/1149/1698 866/1123/1667
s 270
f 920/1125/1669 877/1122/1701 867/1124/1670
s 275
f 880/1127/1672 868/1148/1696 865/1128/1673
s 272
f 913/1130/1675 914/1141/1687 870/1131/1676
s 274
f 873/1133/1678 874/1146/1694 870/1134/1679
s 270
f 918/1136/1681 873/1133/1697 871/1135/1682
s 275
f 876/1138/1684 872/1144/1692 869/1139/1685
s 272
f 914/1141/1687 915/1047/5592 830/1049/1688
s 274
f 871/1135/1680 870/1134/1679 830/1142/1689
s 270
f 917/1137/1683 871/1135/1682 828/1048/1690
s 275
f 872/1144/1692 827/1183/1693 829/1145/1693
s 274
f 867/1124/1668 866/1123/1667 874/1146/1694
s 272
f 912/1147/1695 913/1130/1675 874/1132/1677
s 275
f 868/1148/1696 876/1138/1684 875/1140/1686
s 270
f 919/1126/1671 867/1124/1670 873/1133/1697
s 274
f 863/1113/1656 862/1112/1655 878/1149/1698
s 272
f 910/1150/1699 911/1119/1663 878/1121/1665
s 275
f 864/1151/1700 880/1127/1672 879/1129/1674
s 270
f 921/1115/1659 863/1113/1658 877/1122/1701
s 274
f 859/1102/1644 858/1101/1643 882/1152/1702
s 272
f 908/1153/1703 909/1108/1651 882/1110/1653
s 275
f 860/1154/1704 884/1116/1660 883/1118/1662
s 270
f 923/1104/1647 859/1102/1646 881/1111/1705
s 274
f 855/1092/1632 854/1091/1631 886/1155/1706
s 272
f 906/1087/1627 907/1097/1639 886/1099/1641
s 275
f 856/1157/1708 888/1105/1648 887/1107/1650
s 270
f 925/1093/1633 855/1092/1635 885/1100/1709
s 274
f 851/1082/1620 850/1081/1619 890/1158/1710
s 272
f 905/1089/1629 890/1088/1628 850/1159/1711
s 275
f 852/1160/1712 892/1094/1636 891/1096/1638
s 270
f 926/1161/1713 927/1083/1621 851/1082/1623
s 274
f 847/1073/1610 846/1072/1609 894/1162/1714
s 272
f 903/1079/1617 894/1078/1616 846/1070/1607
s 275
f 848/1164/1716 896/1084/1624 895/1086/1626
s 270
f 928/1165/1717 929/1074/1612 847/1073/1611
s 0
f 831/1054/1585 898/1054/1761 897/1053/1762
s 272
f 836/1166/1718 899/1050/1580 898/1054/1596
f 900/1064/1600 899/1050/1580 836/1166/1718
f 901/1063/1599 900/1064/1600 837/1167/1720
f 902/1163/1715 901/1063/1599 841/1168/1721
f 903/1079/1617 902/1163/1715 845/1169/1722
f 904/1077/1615 903/1079/1617 895/1170/1723
f 905/1089/1629 904/1077/1615 849/1171/1724
f 906/1087/1627 905/1089/1629 891/1172/1725
f 907/1097/1639 906/1087/1627 853/1173/1726
f 908/1153/1703 907/1097/1639 887/1174/1727
f 909/1108/1651 908/1153/1703 857/1175/1728
f 910/1150/1699 909/1108/1651 883/1176/1729
f 911/1119/1663 910/1150/1699 861/1177/1730
f 865/1179/1732 912/1147/1695 911/1119/1663
f 875/1180/1733 913/1130/1675 912/1147/1695
f 869/1181/1734 914/1141/1687 913/1130/1675
f 829/1182/1735 915/1047/5592 914/1141/1687
s 271
f 916/1143/1579 915/1047/1579 829/1182/1579
s 270
f 917/1137/1683 916/1143/1691 827/1183/1736
f 918/1136/1681 917/1137/1683 872/1144/1737
f 919/1126/1671 918/1136/1681 876/1138/1738
f 920/1125/1669 919/1126/1671 868/1148/1739
f 864/1151/1741 921/1115/1659 920/1125/1669
f 884/1116/1742 922/1114/1657 921/1115/1659
f 860/1154/1743 923/1104/1647 922/1114/1657
f 888/1105/1744 924/1103/1645 923/1104/1647
f 856/1157/1745 925/1093/1633 924/1103/1645
f 892/1094/1746 926/1161/1713 925/1093/1633
f 852/1160/1747 927/1083/1621 926/1161/1713
f 896/1084/1748 928/1165/1717 927/1083/1621
f 848/1164/1749 929/1074/1612 928/1165/1717
f 844/1075/1750 930/1067/1603 929/1074/1612
f 840/1068/1751 931/1046/1578 930/1067/1603
f 833/1057/1752 932/1044/1576 931/1046/1578
f 825/1060/1753 897/1060/1597 932/1044/1576
s 277
f 1040/1184/1754 942/1196/1770 947/1185/1755
s 278
f 1023/1187/1757 1024/1284/1757 936/1188/1757
s 279
f 1007/1190/1758 1008/1205/1776 946/1191/1759
s 0
f 1005/1193/1584 1006/1194/1585 940/1194/1583
s 281
f 943/1195/1763 946/1206/1777 947/1185/1764
s 282
f 944/1197/1766 941/1203/1774 948/1198/1767
s 277
f 1040/1184/1754 1005/1200/1597 934/1200/1769
s 281
f 940/1201/1771 943/1195/1763 942/1196/1765
s 279
f 1006/1194/1772 1007/1190/1758 943/1192/1760
s 282
f 939/1202/1773 933/1200/1773 941/1203/1774
s 279
f 1009/1204/1775 950/1212/1784 946/1191/1759
s 281
f 946/1206/1777 950/1213/1785 951/1207/1778
s 277
f 1038/1208/1779 1039/1186/1756 947/1185/1755
s 282
f 945/1199/1768 948/1198/1767 952/1209/1781
s 279
f 1009/1204/1775 1010/1304/1891 954/1211/1783
s 281
f 950/1213/1785 954/1303/1890 955/1214/1786
s 277
f 1038/1208/1779 951/1207/1780 955/1214/1787
s 282
f 949/1210/1782 952/1209/1781 956/1216/1789
s 279
f 1012/1218/1791 958/1300/1887 1002/1219/1792
s 281
f 1002/1221/1794 958/1299/1886 959/1222/1795
s 277
f 1035/1224/1797 1036/1306/1893 1001/1223/1798
s 282
f 1003/1225/1800 1004/1305/1892 960/1226/1801
s 279
f 1014/1228/1803 962/1297/1883 998/1229/1804
s 281
f 998/1231/1806 962/1296/1882 963/1232/1807
s 277
f 1033/1234/1809 1034/1302/1889 997/1233/1810
s 282
f 999/1235/1812 1000/1301/1888 964/1236/1813
s 279
f 1015/1238/1815 1016/1294/1879 966/1239/1816
s 281
f 994/1241/1818 966/1293/1878 967/1242/1819
s 277
f 1032/1244/1821 993/1243/1885 967/1242/1822
s 282
f 995/1246/1824 996/1298/1884 968/1247/1825
s 279
f 1017/1249/1827 1018/1291/1875 970/1250/1828
s 281
f 990/1252/1830 970/1290/1874 971/1253/1831
s 277
f 1030/1255/1833 989/1254/1881 971/1253/1834
s 282
f 991/1257/1836 992/1295/1880 972/1258/1837
s 279
f 1019/1260/1839 1020/1288/1871 974/1261/1840
s 281
f 986/1263/1842 974/1287/1870 975/1264/1843
s 277
f 1028/1266/1845 985/1265/1877 975/1264/1846
s 282
f 987/1268/1848 988/1292/1876 976/1269/1849
s 279
f 1021/1271/1851 1022/1282/1863 978/1272/1852
s 281
f 982/1274/1854 978/1283/1865 979/1275/1855
s 277
f 1026/1277/1857 981/1276/1873 979/1275/1858
s 282
f 983/1279/1860 984/1289/1872 980/1280/1861
s 279
f 1022/1282/1863 1023/1187/5593 938/1189/1864
s 281
f 978/1283/1865 938/3869/1866 936/1188/1866
s 277
f 1025/1278/1859 979/1275/1858 936/1188/1867
s 282
f 977/1281/1862 980/1280/1861 935/1285/1869
s 281
f 974/1287/1870 982/1274/1854 981/1276/1856
s 279
f 1020/1288/1871 1021/1271/1851 982/1273/1853
s 282
f 973/1270/1850 976/1269/1849 984/1289/1872
s 277
f 1027/1267/1847 975/1264/1846 981/1276/1873
s 281
f 970/1290/1874 986/1263/1842 985/1265/1844
s 279
f 1018/1291/1875 1019/1260/1839 986/1262/1841
s 282
f 969/1259/1838 972/1258/1837 988/1292/1876
s 277
f 1029/1256/1835 971/1253/1834 985/1265/1877
s 281
f 966/1293/1878 990/1252/1830 989/1254/1832
s 279
f 1017/1249/1827 990/1251/1829 966/1239/1816
s 282
f 965/1248/1826 968/1247/1825 992/1295/1880
s 277
f 1030/1255/1833 1031/1245/1823 967/1242/1822
s 281
f 962/1296/1882 994/1241/1818 993/1243/1820
s 279
f 1014/1228/1803 1015/1238/1815 994/1240/1817
s 282
f 961/1237/1814 964/1236/1813 996/1298/1884
s 277
f 1033/1234/1809 963/1232/1811 993/1243/1885
s 281
f 958/1299/1886 998/1231/1806 997/1233/1808
s 279
f 1013/1230/1805 998/1229/1804 958/1300/1887
s 282
f 957/1227/1802 960/1226/1801 1000/1301/1888
s 277
f 1034/1302/1889 1035/1224/1797 959/1222/1799
s 281
f 954/1303/1890 1002/1221/1794 1001/1223/1796
s 279
f 1011/1220/1793 1002/1219/1792 954/1211/1783
s 282
f 953/1217/1790 956/1216/1789 1004/1305/1892
s 277
f 1036/1306/1893 1037/1215/1788 955/1214/1787
s 0
f 939/1307/1585 1006/1194/1583 1005/1193/1584
s 279
f 944/1308/1894 1007/1190/1758 1006/1194/1772
f 1008/1205/1776 1007/1190/1758 944/1308/1894
f 1009/1204/1775 1008/1205/1776 945/1309/1896
f 1010/1304/1891 1009/1204/1775 949/1310/1897
f 1011/1220/1793 1010/1304/1891 953/1311/1898
f 1012/1218/1791 1011/1220/1793 1003/1312/1899
f 1013/1230/1805 1012/1218/1791 957/1313/1900
f 1014/1228/1803 1013/1230/1805 999/1314/1901
f 1015/1238/1815 1014/1228/1803 961/1315/1902
f 1016/1294/1879 1015/1238/1815 995/1316/1903
f 1017/1249/1827 1016/1294/1879 965/1317/1904
f 1018/1291/1875 1017/1249/1827 991/1318/1905
f 1019/1260/1839 1018/1291/1875 969/1319/1906
f 973/1321/1908 1020/1288/1871 1019/1260/1839
f 983/1322/1909 1021/1271/1851 1020/1288/1871
f 977/1323/1910 1022/1282/1863 1021/1271/1851
f 937/1324/1911 1023/1187/5593 1022/1282/1863
s 278
f 1024/1284/1757 1023/1187/1757 937/1324/1757
s 277
f 1025/1278/1859 1024/1284/1868 935/1285/1912
f 1026/1277/1857 1025/1278/1859 980/1280/1913
f 1027/1267/1847 1026/1277/1857 984/1289/1914
f 1028/1266/1845 1027/1267/1847 976/1269/1915
f 972/1258/1917 1029/1256/1835 1028/1266/1845
f 992/1295/1918 1030/1255/1833 1029/1256/1835
f 968/1247/1919 1031/1245/1823 1030/1255/1833
f 996/1298/1920 1032/1244/1821 1031/1245/1823
f 964/1236/1921 1033/1234/1809 1032/1244/1821
f 1000/1301/1922 1034/1302/1889 1033/1234/1809
f 960/1226/1923 1035/1224/1797 1034/1302/1889
f 1004/1305/1924 1036/1306/1893 1035/1224/1797
f 956/1216/1925 1037/1215/1788 1036/1306/1893
f 952/1209/1926 1038/1208/1779 1037/1215/1788
f 948/1198/1927 1039/1186/1756 1038/1208/1779
f 941/1203/1928 1040/1184/1754 1039/1186/1756
f 933/1200/1929 1005/1200/1597 1040/1184/1754
s 284
f 1148/1325/1930 1050/1337/1943 1055/1326/1931
s 285
f 1131/1328/1579 1132/1426/1579 1044/1329/1579
s 286
f 1115/1331/1933 1116/1347/1949 1054/1332/1934
s 0
f 1113/1334/1762 1114/1344/1585 1048/1335/1761
s 288
f 1050/1337/1936 1051/1343/1945 1054/1338/1937
s 289
f 1049/1339/1939 1056/1351/1954 1053/1340/1940
s 284
f 1148/1325/1930 1113/1342/1597 1042/1342/1942
s 288
f 1042/1342/1944 1048/3870/1944 1051/1343/1945
s 286
f 1114/1344/1946 1115/1331/1933 1051/1333/1935
s 289
f 1041/1342/1947 1049/1339/1939 1052/1341/1941
s 286
f 1117/1346/1948 1058/1354/1957 1054/1332/1934
s 288
f 1055/1326/1938 1054/1338/1937 1058/1348/1950
s 284
f 1146/1350/1952 1147/1327/1932 1055/1326/1931
s 289
f 1056/1351/1954 1060/1358/1962 1057/1352/1955
s 286
f 1117/1346/1948 1118/1443/2060 1062/1353/1956
s 288
f 1059/1349/1951 1058/1348/1950 1062/1355/1958
s 284
f 1146/1350/1952 1059/1349/1953 1063/1356/1960
s 289
f 1060/1358/1962 1064/1444/2061 1061/1359/1963
s 286
f 1120/1360/1964 1066/1440/2057 1110/1361/1965
s 288
f 1109/1363/1967 1110/1442/2059 1066/1364/1968
s 284
f 1143/1366/1970 1144/1445/2062 1109/1363/1971
s 289
f 1112/1367/1973 1068/1467/5594 1065/1368/1974
s 286
f 1122/1370/1976 1070/1437/2053 1106/1371/1977
s 288
f 1105/1373/1979 1106/1439/2056 1070/1374/1980
s 284
f 1141/1376/1982 1142/1441/2058 1105/1373/1983
s 289
f 1108/1377/1985 1072/1466/5595 1069/1378/1986
s 286
f 1123/1380/1988 1124/1435/2050 1074/1381/1989
s 288
f 1101/1383/1991 1102/1436/2052 1074/1384/1992
s 284
f 1140/1386/1994 1101/1383/2055 1075/1385/1995
s 289
f 1103/1388/1997 1104/1438/2054 1076/1389/1998
s 286
f 1125/1391/2000 1126/1433/2047 1078/1392/2001
s 288
f 1097/1394/2003 1098/1434/2049 1078/1395/2004
s 284
f 1138/1397/2006 1097/1394/2051 1079/1396/2007
s 289
f 1099/1399/2009 1100/1465/2009 1080/1400/2010
s 286
f 1127/1402/2012 1128/1430/2043 1082/1403/2013
s 288
f 1093/1405/2015 1094/1432/2046 1082/1406/2016
s 284
f 1136/1408/2018 1093/1405/2048 1083/1407/2019
s 289
f 1096/1410/2021 1084/1431/2044 1081/1411/2022
s 286
f 1129/1413/2024 1130/1424/2036 1086/1414/2025
s 288
f 1089/1416/2027 1090/1429/2042 1086/1417/2028
s 284
f 1134/1419/2030 1089/1416/2045 1087/1418/2031
s 289
f 1092/1421/2033 1088/1464/5596 1085/1422/2034
s 286
f 1130/1424/2036 1131/1328/5597 1046/1330/2037
s 288
f 1087/1418/2029 1086/1417/2028 1046/1425/2038
s 284
f 1133/1420/2032 1087/1418/2031 1044/1329/2039
s 289
f 1085/1422/2034 1088/1464/5596 1043/1427/2041
s 288
f 1083/1407/2017 1082/1406/2016 1090/1429/2042
s 286
f 1128/1430/2043 1129/1413/2024 1090/1415/2026
s 289
f 1084/1431/2044 1092/1421/2033 1091/1423/2035
s 284
f 1135/1409/2020 1083/1407/2019 1089/1416/2045
s 288
f 1079/1396/2005 1078/1395/2004 1094/1432/2046
s 286
f 1126/1433/2047 1127/1402/2012 1094/1404/2014
s 289
f 1077/1401/2011 1080/1400/2010 1096/1410/2021
s 284
f 1137/1398/2008 1079/1396/2007 1093/1405/2048
s 288
f 1075/1385/1993 1074/1384/1992 1098/1434/2049
s 286
f 1125/1391/2000 1098/1393/2002 1074/1381/1989
s 289
f 1076/1389/1998 1100/1465/2009 1099/1399/2009
s 284
f 1138/1397/2006 1139/1387/1996 1075/1385/1995
s 288
f 1071/1375/1981 1070/1374/1980 1102/1436/2052
s 286
f 1122/1370/1976 1123/1380/1988 1102/1382/1990
s 289
f 1069/1378/1986 1072/1466/5595 1104/1438/2054
s 284
f 1141/1376/1982 1071/1375/1984 1101/1383/2055
s 288
f 1067/1365/1969 1066/1364/1968 1106/1439/2056
s 286
f 1121/1372/1978 1106/1371/1977 1066/1440/2057
s 289
f 1065/1368/1974 1068/1467/5594 1108/1377/1985
s 284
f 1142/1441/2058 1143/1366/1970 1067/1365/1972
s 288
f 1063/1356/1959 1062/1355/1958 1110/1442/2059
s 286
f 1119/1362/1966 1110/1361/1965 1062/1353/1956
s 289
f 1064/1444/2061 1112/1367/1973 1111/1369/1975
s 284
f 1144/1445/2062 1145/1357/1961 1063/1356/1960
s 0
f 1047/1446/1585 1114/1344/1761 1113/1334/1762
s 286
f 1052/1447/2063 1115/1331/1933 1114/1344/1946
f 1116/1347/1949 1115/1331/1933 1052/1447/2063
f 1117/1346/1948 1116/1347/1949 1053/1448/2064
f 1118/1443/2060 1117/1346/1948 1057/1449/2065
f 1119/1362/1966 1118/1443/2060 1061/1450/2066
f 1120/1360/1964 1119/1362/1966 1111/1451/2067
f 1121/1372/1978 1120/1360/1964 1065/1452/2068
f 1122/1370/1976 1121/1372/1978 1107/1453/2069
f 1123/1380/1988 1122/1370/1976 1069/1454/2070
f 1124/1435/2050 1123/1380/1988 1103/1455/2071
f 1125/1391/2000 1124/1435/2050 1073/1456/2072
f 1126/1433/2047 1125/1391/2000 1099/1457/2073
f 1127/1402/2012 1126/1433/2047 1077/1458/2074
f 1081/1460/2076 1128/1430/2043 1127/1402/2012
f 1091/1461/2077 1129/1413/2024 1128/1430/2043
f 1085/1462/2078 1130/1424/2036 1129/1413/2024
f 1045/1463/2079 1131/1328/5597 1130/1424/2036
s 285
f 1043/1427/1579 1132/1426/1579 1131/1328/1579
s 284
f 1133/1420/2032 1132/1426/2040 1043/1427/2080
f 1134/1419/2030 1133/1420/2032 1088/1464/2081
f 1135/1409/2020 1134/1419/2030 1092/1421/2082
f 1136/1408/2018 1135/1409/2020 1084/1431/2083
f 1080/1400/2085 1137/1398/2008 1136/1408/2018
f 1100/1465/2086 1138/1397/2006 1137/1398/2008
f 1076/1389/2087 1139/1387/1996 1138/1397/2006
f 1104/1438/2088 1140/1386/1994 1139/1387/1996
f 1072/1466/2089 1141/1376/1982 1140/1386/1994
f 1108/1377/2090 1142/1441/2058 1141/1376/1982
f 1068/1467/2091 1143/1366/1970 1142/1441/2058
f 1112/1367/2092 1144/1445/2062 1143/1366/1970
f 1064/1444/2093 1145/1357/1961 1144/1445/2062
f 1060/1358/2094 1146/1350/1952 1145/1357/1961
f 1056/1351/2095 1147/1327/1932 1146/1350/1952
f 1049/1339/2096 1148/1325/1930 1147/1327/1932
f 1041/1342/2097 1113/1342/1597 1148/1325/1930
s 291
f 1256/1468/2098 1158/1479/2112 1163/1469/2099
s 292
f 1240/1471/2101 1152/1566/2101 1154/1472/2101
s 293
f 1223/1474/2102 1224/1488/2118 1162/1475/2103
s 0
f 1221/1477/1762 1222/1478/1585 1156/1478/1761
s 295
f 1158/1479/2105 1159/1485/2114 1162/1480/2106
s 296
f 1157/1481/2108 1164/1492/2123 1161/1482/2109
s 291
f 1256/1468/2098 1221/1484/5598 1150/1484/2111
s 295
f 1150/1484/2113 1156/3871/2113 1159/1485/2114
s 293
f 1222/1478/2115 1223/1474/2102 1159/1476/2104
s 296
f 1149/1484/2116 1157/1481/2108 1160/1483/2110
s 293
f 1225/1487/2117 1166/1495/2126 1162/1475/2103
s 295
f 1163/1469/2107 1162/1480/2106 1166/1489/2119
s 291
f 1254/1491/2121 1255/1470/2100 1163/1469/2099
s 296
f 1164/1492/2123 1168/1499/2131 1165/1493/2124
s 293
f 1225/1487/2117 1226/1586/2233 1170/1494/2125
s 295
f 1167/1490/2120 1166/1489/2119 1170/1496/2127
s 291
f 1254/1491/2121 1167/1490/2122 1171/1497/2129
s 296
f 1168/1499/2131 1172/1587/2234 1169/1500/2132
s 293
f 1228/1501/2133 1174/1582/2229 1218/1502/2134
s 295
f 1217/1504/2136 1218/1585/2232 1174/1505/2137
s 291
f 1251/1507/2139 1252/1588/2235 1217/1504/2140
s 296
f 1220/1508/2142 1176/1583/2230 1173/1509/2143
s 293
f 1230/1511/2145 1178/1579/2225 1214/1512/2146
s 295
f 1213/1514/2148 1214/1581/2228 1178/1515/2149
s 291
f 1249/1517/2151 1250/1584/2231 1213/1514/2152
s 296
f 1216/1518/2154 1180/1580/2226 1177/1519/2155
s 293
f 1231/1521/2157 1232/1576/2221 1182/1522/2158
s 295
f 1209/1524/2160 1210/1578/2224 1182/1525/2161
s 291
f 1248/1527/2163 1209/1524/2227 1183/1526/2164
s 296
f 1212/1529/2166 1184/1577/2222 1181/1530/2167
s 293
f 1233/1532/2169 1234/1573/2217 1186/1533/2170
s 295
f 1205/1535/2172 1206/1575/2220 1186/1536/2173
s 291
f 1246/1538/2175 1205/1535/2223 1187/1537/2176
s 296
f 1208/1540/2178 1188/1574/2218 1185/1541/2179
s 293
f 1235/1543/2181 1236/1570/2213 1190/1544/2182
s 295
f 1201/1546/2184 1202/1572/2216 1190/1547/2185
s 291
f 1244/1549/2187 1201/1546/2219 1191/1548/2188
s 296
f 1204/1551/2190 1192/1571/2214 1189/1552/2191
s 293
f 1237/1554/2193 1238/1565/2205 1194/1555/2194
s 295
f 1197/1557/2196 1198/1569/2212 1194/1558/2197
s 291
f 1242/1560/2199 1197/1557/2215 1195/1559/2200
s 296
f 1200/1562/2202 1196/1567/2210 1193/1563/2203
s 293
f 1238/1565/2205 1239/1473/5599 1154/1472/2206
s 295
f 1194/1558/2197 1154/3872/2207 1152/1566/2207
s 291
f 1241/1561/2201 1195/1559/2200 1152/1566/2208
s 296
f 1196/1567/2210 1151/1607/2211 1153/1568/2211
s 295
f 1191/1548/2186 1190/1547/2185 1198/1569/2212
s 293
f 1236/1570/2213 1237/1554/2193 1198/1556/2195
s 296
f 1192/1571/2214 1200/1562/2202 1199/1564/2204
s 291
f 1243/1550/2189 1191/1548/2188 1197/1557/2215
s 295
f 1187/1537/2174 1186/1536/2173 1202/1572/2216
s 293
f 1234/1573/2217 1235/1543/2181 1202/1545/2183
s 296
f 1188/1574/2218 1204/1551/2190 1203/1553/2192
s 291
f 1245/1539/2177 1187/1537/2176 1201/1546/2219
s 295
f 1183/1526/2162 1182/1525/2161 1206/1575/2220
s 293
f 1233/1532/2169 1206/1534/2171 1182/1522/2158
s 296
f 1184/1577/2222 1208/1540/2178 1207/1542/2180
s 291
f 1246/1538/2175 1247/1528/2165 1183/1526/2164
s 295
f 1179/1516/2150 1178/1515/2149 1210/1578/2224
s 293
f 1230/1511/2145 1231/1521/2157 1210/1523/2159
s 296
f 1180/1580/2226 1212/1529/2166 1211/1531/2168
s 291
f 1249/1517/2151 1179/1516/2153 1209/1524/2227
s 295
f 1175/1506/2138 1174/1505/2137 1214/1581/2228
s 293
f 1229/1513/2147 1214/1512/2146 1174/1582/2229
s 296
f 1176/1583/2230 1216/1518/2154 1215/1520/2156
s 291
f 1250/1584/2231 1251/1507/2139 1175/1506/2141
s 295
f 1171/1497/2128 1170/1496/2127 1218/1585/2232
s 293
f 1227/1503/2135 1218/1502/2134 1170/1494/2125
s 296
f 1172/1587/2234 1220/1508/2142 1219/1510/2144
s 291
f 1252/1588/2235 1253/1498/2130 1171/1497/2129
s 297
f 1222/1478/2236 1221/1477/2236 1149/1477/2237
s 293
f 1223/1474/2102 1222/1478/5600 1155/1589/2238
f 1224/1488/2118 1223/1474/2102 1160/1590/2239
f 1225/1487/2117 1224/1488/2118 1161/1591/2240
f 1226/1586/2233 1225/1487/2117 1165/1592/2241
f 1227/1503/2135 1226/1586/2233 1169/1593/2242
f 1228/1501/2133 1227/1503/2135 1219/1594/2243
f 1229/1513/2147 1228/1501/2133 1173/1595/2244
f 1230/1511/2145 1229/1513/2147 1215/1596/2245
f 1231/1521/2157 1230/1511/2145 1177/1597/2246
f 1232/1576/2221 1231/1521/2157 1211/1598/2247
f 1233/1532/2169 1232/1576/2221 1181/1599/2248
f 1234/1573/2217 1233/1532/2169 1207/1600/2249
f 1235/1543/2181 1234/1573/2217 1185/1601/2250
f 1189/1603/2252 1236/1570/2213 1235/1543/2181
f 1199/1604/2253 1237/1554/2193 1236/1570/2213
f 1193/1605/2254 1238/1565/2205 1237/1554/2193
f 1153/1606/2255 1239/1473/5599 1238/1565/2205
s 292
f 1151/1607/2101 1240/1471/2101 1239/1473/2101
s 291
f 1241/1561/2201 1240/1471/2209 1151/1607/2256
f 1242/1560/2199 1241/1561/2201 1196/1567/2257
f 1243/1550/2189 1242/1560/2199 1200/1562/2258
f 1244/1549/2187 1243/1550/2189 1192/1571/2259
f 1188/1574/2261 1245/1539/2177 1244/1549/2187
f 1208/1540/2262 1246/1538/2175 1245/1539/2177
f 1184/1577/2263 1247/1528/2165 1246/1538/2175
f 1212/1529/2264 1248/1527/2163 1247/1528/2165
f 1180/1580/2265 1249/1517/2151 1248/1527/2163
f 1216/1518/2266 1250/1584/2231 1249/1517/2151
f 1176/1583/2267 1251/1507/2139 1250/1584/2231
f 1220/1508/2268 1252/1588/2235 1251/1507/2139
f 1172/1587/2269 1253/1498/2130 1252/1588/2235
f 1168/1499/2270 1254/1491/2121 1253/1498/2130
f 1164/1492/2271 1255/1470/2100 1254/1491/2121
f 1157/1481/2272 1256/1468/2098 1255/1470/2100
f 1149/1484/2273 1221/1484/5598 1256/1468/2098
s 298
f 1364/1608/2274 1266/1619/2288 1271/1609/2275
s 299
f 1347/1611/2277 1348/1707/2277 1260/1612/2277
s 300
f 1331/1614/2278 1332/1628/2294 1270/1615/2279
s 0
f 1329/1617/1762 1330/1618/1585 1264/1618/1761
s 302
f 1266/1619/2281 1267/1625/2290 1270/1620/2282
s 303
f 1265/1621/2284 1272/1632/2299 1269/1622/2285
s 298
f 1364/1608/2274 1329/1624/1597 1258/1624/2287
s 302
f 1258/1624/2289 1264/3873/2289 1267/1625/2290
s 300
f 1330/1618/2291 1331/1614/2278 1267/1616/2280
s 303
f 1257/1624/2292 1265/1621/2284 1268/1623/2286
s 300
f 1333/1627/2293 1274/1635/2302 1270/1615/2279
s 302
f 1271/1609/2283 1270/1620/2282 1274/1629/2295
s 298
f 1362/1631/2297 1363/1610/2276 1271/1609/2275
s 303
f 1272/1632/2299 1276/1639/2307 1273/1633/2300
s 300
f 1333/1627/2293 1334/1727/2409 1278/1634/2301
s 302
f 1275/1630/2296 1274/1629/2295 1278/1636/2303
s 298
f 1362/1631/2297 1275/1630/2298 1279/1637/2305
s 303
f 1276/1639/2307 1280/1728/2410 1277/1640/2308
s 300
f 1336/1641/2309 1282/1723/2405 1326/1642/2310
s 302
f 1325/1644/2312 1326/1726/2408 1282/1645/2313
s 298
f 1359/1647/2315 1360/1729/2411 1325/1644/2316
s 303
f 1328/1648/2318 1284/1724/2406 1281/1649/2319
s 300
f 1338/1651/2321 1286/1720/2401 1322/1652/2322
s 302
f 1321/1654/2324 1322/1722/2404 1286/1655/2325
s 298
f 1357/1657/2327 1358/1725/2407 1321/1654/2328
s 303
f 1324/1658/2330 1288/1721/2402 1285/1659/2331
s 300
f 1339/1661/2333 1340/1717/2397 1290/1662/2334
s 302
f 1317/1664/2336 1318/1719/2400 1290/1665/2337
s 298
f 1356/1667/2339 1317/1664/2403 1291/1666/2340
s 303
f 1320/1669/2342 1292/1718/2398 1289/1670/2343
s 300
f 1341/1672/2345 1342/1714/2393 1294/1673/2346
s 302
f 1313/1675/2348 1314/1716/2396 1294/1676/2349
s 298
f 1354/1678/2351 1313/1675/2399 1295/1677/2352
s 303
f 1316/1680/2354 1296/1715/2394 1293/1681/2355
s 300
f 1343/1683/2357 1344/1711/2389 1298/1684/2358
s 302
f 1309/1686/2360 1310/1713/2392 1298/1687/2361
s 298
f 1352/1689/2363 1309/1686/2395 1299/1688/2364
s 303
f 1312/1691/2366 1300/1712/2390 1297/1692/2367
s 300
f 1345/1694/2369 1346/1705/2381 1302/1695/2370
s 302
f 1305/1697/2372 1306/1710/2388 1302/1698/2373
s 298
f 1350/1700/2375 1305/1697/2391 1303/1699/2376
s 303
f 1308/1702/2378 1304/1708/2386 1301/1703/2379
s 300
f 1346/1705/2381 1347/1611/5601 1262/1613/2382
s 302
f 1303/1699/2374 1302/1698/2373 1262/1706/2383
s 298
f 1349/1701/2377 1303/1699/2376 1260/1612/2384
s 303
f 1304/1708/2386 1259/1749/2387 1261/1709/2387
s 302
f 1299/1688/2362 1298/1687/2361 1306/1710/2388
s 300
f 1344/1711/2389 1345/1694/2369 1306/1696/2371
s 303
f 1300/1712/2390 1308/1702/2378 1307/1704/2380
s 298
f 1351/1690/2365 1299/1688/2364 1305/1697/2391
s 302
f 1295/1677/2350 1294/1676/2349 1310/1713/2392
s 300
f 1342/1714/2393 1343/1683/2357 1310/1685/2359
s 303
f 1296/1715/2394 1312/1691/2366 1311/1693/2368
s 298
f 1353/1679/2353 1295/1677/2352 1309/1686/2395
s 302
f 1291/1666/2338 1290/1665/2337 1314/1716/2396
s 300
f 1340/1717/2397 1341/1672/2345 1314/1674/2347
s 303
f 1292/1718/2398 1316/1680/2354 1315/1682/2356
s 298
f 1355/1668/2341 1291/1666/2340 1313/1675/2399
s 302
f 1287/1656/2326 1286/1655/2325 1318/1719/2400
s 300
f 1338/1651/2321 1339/1661/2333 1318/1663/2335
s 303
f 1288/1721/2402 1320/1669/2342 1319/1671/2344
s 298
f 1357/1657/2327 1287/1656/2329 1317/1664/2403
s 302
f 1283/1646/2314 1282/1645/2313 1322/1722/2404
s 300
f 1337/1653/2323 1322/1652/2322 1282/1723/2405
s 303
f 1284/1724/2406 1324/1658/2330 1323/1660/2332
s 298
f 1358/1725/2407 1359/1647/2315 1283/1646/2317
s 302
f 1279/1637/2304 1278/1636/2303 1326/1726/2408
s 300
f 1335/1643/2311 1326/1642/2310 1278/1634/2301
s 303
f 1280/1728/2410 1328/1648/2318 1327/1650/2320
s 298
f 1360/1729/2411 1361/1638/2306 1279/1637/2305
s 0
f 1263/1730/1585 1330/1618/1761 1329/1617/1762
s 300
f 1268/1732/2412 1331/1614/2278 1330/1618/2291
f 1332/1628/2294 1331/1614/2278 1268/1732/2412
f 1333/1627/2293 1332/1628/2294 1269/1733/2413
f 1334/1727/2409 1333/1627/2293 1273/1734/2414
f 1335/1643/2311 1334/1727/2409 1277/1735/2415
f 1336/1641/2309 1335/1643/2311 1327/1736/2416
f 1337/1653/2323 1336/1641/2309 1281/1737/2417
f 1338/1651/2321 1337/1653/2323 1323/1738/2418
f 1339/1661/2333 1338/1651/2321 1285/1739/2419
f 1340/1717/2397 1339/1661/2333 1319/1740/2420
f 1341/1672/2345 1340/1717/2397 1289/1741/2421
f 1342/1714/2393 1341/1672/2345 1315/1742/2422
f 1343/1683/2357 1342/1714/2393 1293/1743/2423
f 1297/1745/2425 1344/1711/2389 1343/1683/2357
f 1307/1746/2426 1345/1694/2369 1344/1711/2389
f 1301/1747/2427 1346/1705/2381 1345/1694/2369
f 1261/1748/2428 1347/1611/5601 1346/1705/2381
s 299
f 1259/1749/2277 1348/1707/2277 1347/1611/2277
s 298
f 1349/1701/2377 1348/1707/2385 1259/1749/2429
f 1350/1700/2375 1349/1701/2377 1304/1708/2430
f 1351/1690/2365 1350/1700/2375 1308/1702/2431
f 1352/1689/2363 1351/1690/2365 1300/1712/2432
f 1296/1715/2434 1353/1679/2353 1352/1689/2363
f 1316/1680/2435 1354/1678/2351 1353/1679/2353
f 1292/1718/2436 1355/1668/2341 1354/1678/2351
f 1320/1669/2437 1356/1667/2339 1355/1668/2341
f 1288/1721/2438 1357/1657/2327 1356/1667/2339
f 1324/1658/2439 1358/1725/2407 1357/1657/2327
f 1284/1724/2440 1359/1647/2315 1358/1725/2407
f 1328/1648/2441 1360/1729/2411 1359/1647/2315
f 1280/1728/2442 1361/1638/2306 1360/1729/2411
f 1276/1639/2443 1362/1631/2297 1361/1638/2306
f 1272/1632/2444 1363/1610/2276 1362/1631/2297
f 1265/1621/2445 1364/1608/2274 1363/1610/2276
f 1257/1624/2446 1329/1624/1597 1364/1608/2274
s 305
f 1472/1750/2447 1374/1763/2463 1379/1751/2448
s 306
f 1455/1753/2450 1456/1852/2450 1368/1754/2450
s 307
f 1439/1756/2451 1440/1773/2470 1378/1757/2452
s 308
f 1438/1759/2454 1372/1759/2455 1366/1760/2455
s 309
f 1375/1762/2456 1378/1774/2471 1379/1751/2457
s 310
f 1376/1764/2459 1373/1771/2468 1380/1765/2460
s 305
f 1437/1767/2462 1366/1769/5602 1374/1763/2463
s 309
f 1372/1768/2464 1375/1762/2456 1374/1763/2458
s 307
f 1438/1759/2465 1439/1756/2451 1375/1758/2453
s 310
f 1371/1770/2467 1365/1767/2467 1373/1771/2468
s 307
f 1441/1772/2469 1382/1780/2478 1378/1757/2452
s 309
f 1378/1774/2471 1382/1781/2479 1383/1775/2472
s 305
f 1470/1776/2473 1471/1752/2449 1379/1751/2448
s 310
f 1377/1766/2461 1380/1765/2460 1384/1777/2475
s 307
f 1441/1772/2469 1442/1872/2584 1386/1779/2477
s 309
f 1382/1781/2479 1386/1871/2583 1387/1782/2480
s 305
f 1470/1776/2473 1383/1775/2474 1387/1782/2481
s 310
f 1381/1778/2476 1384/1777/2475 1388/1784/2483
s 307
f 1444/1786/2485 1390/1868/2580 1434/1787/2486
s 309
f 1434/1789/2488 1390/1867/2579 1391/1790/2489
s 305
f 1467/1792/2491 1468/1874/2586 1433/1791/2492
s 310
f 1435/1793/2494 1436/1873/2585 1392/1794/2495
s 307
f 1446/1796/2497 1394/1865/2576 1430/1797/2498
s 309
f 1430/1799/2500 1394/1864/2575 1395/1800/1947
s 305
f 1465/1802/2502 1466/1870/2582 1429/1801/2503
s 310
f 1431/1803/2505 1432/1869/2581 1396/1804/2506
s 307
f 1447/1806/2508 1448/1862/2572 1398/1807/2509
s 309
f 1426/1809/2511 1398/1861/2571 1399/1810/2512
s 305
f 1464/1812/2514 1425/1811/2578 1399/1810/2515
s 310
f 1427/1814/2517 1428/1866/2577 1400/1815/2518
s 307
f 1449/1817/2520 1450/1859/2568 1402/1818/2521
s 309
f 1422/1820/2523 1402/1858/2567 1403/1821/2524
s 305
f 1462/1823/2526 1421/1822/2574 1403/1821/2527
s 310
f 1423/1825/2529 1424/1863/2573 1404/1826/2530
s 307
f 1451/1828/2532 1452/1856/2564 1406/1829/2533
s 309
f 1418/1831/2535 1406/1855/2563 1407/1832/2536
s 305
f 1460/1834/2538 1417/1833/2570 1407/1832/2539
s 310
f 1419/1836/2541 1420/1860/2569 1408/1837/2542
s 307
f 1453/1839/2544 1454/1850/2556 1410/1840/2545
s 309
f 1414/1842/2547 1410/1851/2558 1411/1843/2548
s 305
f 1458/1845/2550 1413/1844/2566 1411/1843/2551
s 310
f 1415/1847/2553 1416/1857/2565 1412/1848/2554
s 307
f 1454/1850/2556 1455/1753/5603 1370/1755/2557
s 309
f 1410/1851/2558 1370/3874/2559 1368/1754/2559
s 305
f 1457/1846/2552 1411/1843/2551 1368/1754/2560
s 310
f 1409/1849/2555 1412/1848/2554 1367/1853/2562
s 309
f 1406/1855/2563 1414/1842/2547 1413/1844/2549
s 307
f 1452/1856/2564 1453/1839/2544 1414/1841/2546
s 310
f 1405/1838/2543 1408/1837/2542 1416/1857/2565
s 305
f 1459/1835/2540 1407/1832/2539 1413/1844/2566
s 309
f 1402/1858/2567 1418/1831/2535 1417/1833/2537
s 307
f 1450/1859/2568 1451/1828/2532 1418/1830/2534
s 310
f 1401/1827/2531 1404/1826/2530 1420/1860/2569
s 305
f 1461/1824/2528 1403/1821/2527 1417/1833/2570
s 309
f 1398/1861/2571 1422/1820/2523 1421/1822/2525
s 307
f 1449/1817/2520 1422/1819/2522 1398/1807/2509
s 310
f 1397/1816/2519 1400/1815/2518 1424/1863/2573
s 305
f 1462/1823/2526 1463/1813/2516 1399/1810/2515
s 309
f 1394/1864/2575 1426/1809/2511 1425/1811/2513
s 307
f 1446/1796/2497 1447/1806/2508 1426/1808/2510
s 310
f 1393/1805/2507 1396/1804/2506 1428/1866/2577
s 305
f 1465/1802/2502 1395/1800/2504 1425/1811/2578
s 309
f 1390/1867/2579 1430/1799/2500 1429/1801/2501
s 307
f 1445/1798/2499 1430/1797/2498 1390/1868/2580
s 310
f 1389/1795/2496 1392/1794/2495 1432/1869/2581
s 305
f 1466/1870/2582 1467/1792/2491 1391/1790/2493
s 309
f 1386/1871/2583 1434/1789/2488 1433/1791/2490
s 307
f 1443/1788/2487 1434/1787/2486 1386/1779/2477
s 310
f 1385/1785/2484 1388/1784/2483 1436/1873/2585
s 305
f 1468/1874/2586 1469/1783/2482 1387/1782/2481
s 0
f 1371/1759/1585 1438/1759/1583 1437/1761/1584
s 307
f 1376/1875/2587 1439/1756/2451 1438/1759/2465
f 1440/1773/2470 1439/1756/2451 1376/1875/2587
f 1441/1772/2469 1440/1773/2470 1377/1876/2589
f 1442/1872/2584 1441/1772/2469 1381/1877/2590
f 1443/1788/2487 1442/1872/2584 1385/1878/2591
f 1444/1786/2485 1443/1788/2487 1435/1879/2592
f 1445/1798/2499 1444/1786/2485 1389/1880/2593
f 1446/1796/2497 1445/1798/2499 1431/1881/2594
f 1447/1806/2508 1446/1796/2497 1393/1882/2595
f 1448/1862/2572 1447/1806/2508 1427/1883/2596
f 1449/1817/2520 1448/1862/2572 1397/1884/2597
f 1450/1859/2568 1449/1817/2520 1423/1885/2598
f 1451/1828/2532 1450/1859/2568 1401/1886/2599
f 1405/1888/2601 1452/1856/2564 1451/1828/2532
f 1415/1889/2602 1453/1839/2544 1452/1856/2564
f 1409/1890/2603 1454/1850/2556 1453/1839/2544
f 1369/1891/2604 1455/1753/5603 1454/1850/2556
s 306
f 1456/1852/2450 1455/1753/2450 1369/1891/2450
s 305
f 1457/1846/2552 1456/1852/2561 1367/1853/2605
f 1458/1845/2550 1457/1846/2552 1412/1848/2606
f 1459/1835/2540 1458/1845/2550 1416/1857/2607
f 1460/1834/2538 1459/1835/2540 1408/1837/2608
f 1404/1826/2610 1461/1824/2528 1460/1834/2538
f 1424/1863/2611 1462/1823/2526 1461/1824/2528
f 1400/1815/2612 1463/1813/2516 1462/1823/2526
f 1428/1866/2613 1464/1812/2514 1463/1813/2516
f 1396/1804/2614 1465/1802/2502 1464/1812/2514
f 1432/1869/2615 1466/1870/2582 1465/1802/2502
f 1392/1794/2616 1467/1792/2491 1466/1870/2582
f 1436/1873/2617 1468/1874/2586 1467/1792/2491
f 1388/1784/2618 1469/1783/2482 1468/1874/2586
f 1384/1777/2619 1470/1776/2473 1469/1783/2482
f 1380/1765/2620 1471/1752/2449 1470/1776/2473
f 1373/1771/2621 1472/1750/2447 1471/1752/2449
f 1365/1767/2622 1437/1767/5604 1472/1750/2447
s 312
f 1532/1892/2623 1536/1911/2642 1537/1893/2624
s 313
f 1524/1895/2626 1544/1967/2738 1545/1896/2627
s 314
f 1515/1898/2629 1516/1917/2648 1552/1899/2630
s 315
f 1513/1901/2632 1514/1914/2701 1534/1902/2633
s 316
f 1482/1904/2635 1483/1913/2644 1486/1905/2636
s 317
f 1481/1907/2638 1488/1923/2653 1485/1908/2639
s 312
f 1513/1910/2641 1535/1985/2728 1536/1911/2642
s 316
f 1474/1912/2643 1480/3875/2643 1483/1913/2644
s 314
f 1514/1914/2645 1515/1898/2629 1533/1900/2631
s 317
f 1473/1915/2647 1481/1907/2638 1484/1909/2640
s 314
f 1516/1917/2648 1517/1925/2655 1551/1918/2649
s 316
f 1487/1906/2637 1486/1905/2636 1490/1919/2650
s 312
f 1531/1894/2625 1537/1893/2624 1538/1921/2651
s 317
f 1488/1923/2653 1492/1981/5605 1489/1924/2654
s 314
f 1517/1925/2655 1518/1932/2662 1550/1926/2656
s 316
f 1490/1919/2650 1494/1934/2664 1495/1927/2657
s 312
f 1530/1922/2652 1538/1921/2651 1539/1928/2658
s 317
f 1489/1924/2654 1492/1981/5605 1496/1930/2660
s 314
f 1518/1932/2662 1519/1940/2670 1549/1933/2663
s 316
f 1494/1934/2664 1498/1942/2672 1499/1935/2665
s 312
f 1529/1929/2659 1539/1928/2658 1540/1936/2666
s 317
f 1493/1931/2661 1496/1930/2660 1500/1938/2668
s 314
f 1519/1940/2670 1520/1948/2678 1548/1941/2671
s 316
f 1498/1942/2672 1502/1950/2680 1503/1943/2673
s 312
f 1528/1937/2667 1540/1936/2666 1541/1944/2674
s 317
f 1497/1939/2669 1500/1938/2668 1504/1946/2676
s 314
f 1520/1948/2678 1521/1956/2686 1547/1949/2679
s 316
f 1502/1950/2680 1506/1958/2688 1507/1951/2681
s 312
f 1527/1945/2675 1541/1944/2674 1542/1952/2682
s 317
f 1501/1947/2677 1504/1946/2676 1508/1954/2684
s 314
f 1521/1956/2686 1522/1964/2694 1546/1957/2687
s 316
f 1506/1958/2688 1510/1965/2696 1511/1959/2689
s 312
f 1526/1953/2683 1542/1952/2682 1543/1960/2690
s 317
f 1505/1955/2685 1508/1954/2684 1512/1962/2692
s 314
f 1522/1964/2694 1523/1897/5606 1545/1896/2695
s 316
f 1510/1965/2696 1478/3876/2697 1476/1966/2697
s 312
f 1525/1961/2691 1543/1960/2690 1544/1967/2698
s 317
f 1509/1963/2693 1512/1962/2692 1475/1968/2700
s 315
f 1514/1914/2701 1513/1901/2632 1473/1970/2702
s 314
f 1515/1898/2629 1514/1914/2645 1479/1971/2703
f 1516/1917/2648 1515/1898/2629 1484/1972/2704
f 1517/1925/2655 1516/1917/2648 1485/1973/2705
f 1518/1932/2662 1517/1925/2655 1489/1974/2706
f 1519/1940/2670 1518/1932/2662 1493/1975/2707
f 1520/1948/2678 1519/1940/2670 1497/1976/2708
f 1521/1956/2686 1520/1948/2678 1501/1977/2709
f 1522/1964/2694 1521/1956/2686 1505/1978/2710
f 1477/1980/2712 1523/1897/5606 1522/1964/2694
s 313
f 1475/1968/2713 1524/1895/2626 1523/1897/2628
s 312
f 1525/1961/2691 1524/1895/2699 1475/1968/2714
f 1508/1954/2716 1526/1953/2683 1525/1961/2691
f 1504/1946/2717 1527/1945/2675 1526/1953/2683
f 1500/1938/2718 1528/1937/2667 1527/1945/2675
f 1496/1930/2719 1529/1929/2659 1528/1937/2667
f 1492/1981/2720 1530/1922/2652 1529/1929/2659
f 1488/1923/2721 1531/1894/2625 1530/1922/2652
f 1481/1907/2722 1532/1892/2623 1531/1894/2625
f 1473/1915/2723 1513/1910/2641 1532/1892/2623
s 314
f 1534/1902/2646 1533/1900/2631 1553/1982/2724
s 315
f 1535/1903/2634 1534/1902/2633 1554/1983/2726
s 312
f 1535/1985/2728 1555/2128/2885 1556/1986/2729
f 1536/1911/2642 1556/1986/2729 1557/1987/2730
f 1537/1893/2624 1557/1987/2730 1558/1988/2731
f 1538/1921/2651 1558/1988/2731 1559/1989/2732
f 1539/1928/2658 1559/1989/2732 1560/1990/2733
f 1540/1936/2666 1560/1990/2733 1561/1991/2734
f 1541/1944/2674 1561/1991/2734 1562/1992/2735
f 1542/1952/2682 1562/1992/2735 1563/1993/2736
f 1543/1960/2690 1563/1993/2736 1564/1994/2737
s 313
f 1544/1967/2738 1564/1994/2884 1565/1995/2739
s 314
f 1546/1957/2687 1545/1896/2695 1565/1995/2740
f 1547/1949/2679 1546/1957/2687 1566/1996/2741
f 1548/1941/2671 1547/1949/2679 1567/1997/2742
f 1549/1933/2663 1548/1941/2671 1568/1998/2743
f 1550/1926/2656 1549/1933/2663 1569/1999/2744
f 1551/1918/2649 1550/1926/2656 1570/2000/2745
f 1552/1899/2630 1551/1918/2649 1571/2001/2746
f 1533/1900/2631 1552/1899/2630 1572/2002/2747
f 1653/2003/2748 1654/2043/2791 1573/2004/2749
s 315
f 1672/2006/2751 1653/2003/2886 1574/2005/2752
s 312
f 1672/2008/2754 1575/2127/2883 1576/2009/2755
f 1671/2010/2756 1576/2009/2755 1577/2011/2757
f 1670/2012/2758 1577/2011/2757 1578/2013/2759
f 1669/2014/2760 1578/2013/2759 1579/2015/2761
f 1667/2017/2763 1668/2016/2762 1579/2015/2761
f 1667/2017/2763 1580/2018/2764 1581/2019/2765
f 1666/2020/2766 1581/2019/2765 1582/2021/2767
f 1665/2022/2768 1582/2021/2767 1583/2023/2769
f 1663/2025/2771 1664/2024/2770 1583/2023/2769
s 313
f 1662/2027/2773 1663/2025/5607 1584/2026/2774
s 314
f 1662/2027/2776 1585/2028/2882 1586/2029/2777
f 1660/2031/2779 1661/2030/2778 1586/2029/2777
f 1659/2033/2781 1660/2031/2779 1587/2032/2780
f 1658/2035/2783 1659/2033/2781 1588/2034/2782
f 1658/2035/2783 1589/2036/2784 1590/2037/2785
f 1656/2039/2787 1657/2038/2786 1590/2037/2785
f 1655/2041/2789 1656/2039/2787 1591/2040/2788
f 1654/2043/2791 1655/2041/2789 1592/2042/2790
f 1613/2044/2792 1614/2084/2835 1593/2045/2793
s 315
f 1613/2044/2795 1594/2046/2837 1595/2047/2796
s 312
f 1632/2049/2798 1595/3877/5608 1596/2050/2799
f 1631/2051/2800 1596/2050/2799 1597/2052/2801
f 1630/2053/2802 1597/2052/2801 1598/2054/2803
f 1628/2056/2805 1629/2055/2804 1598/2054/2803
f 1627/2058/2807 1628/2056/2805 1599/2057/2806
f 1626/2060/2809 1627/2058/2807 1600/2059/2808
f 1626/2060/2809 1601/2061/2810 1602/2062/2811
f 1625/2063/2812 1602/2062/2811 1603/2064/2813
f 1624/2065/2814 1603/2064/2813 1604/2066/2815
s 313
f 1623/2067/2817 1604/2066/5609 1605/2068/2818
s 314
f 1621/2070/2820 1622/2069/2868 1605/2068/2821
f 1620/2072/2823 1621/2070/2820 1606/2071/2822
f 1619/2074/2825 1620/2072/2823 1607/2073/2824
f 1619/2074/2825 1608/2075/2826 1609/2076/2827
f 1618/2077/2828 1609/2076/2827 1610/2078/2829
f 1617/2079/2830 1610/2078/2829 1611/2080/2831
f 1615/2082/2833 1616/2081/2832 1611/2080/2831
f 1614/2084/2835 1615/2082/2833 1612/2083/2834
f 1593/2045/2793 1673/2105/2858 1674/2085/2836
s 315
f 1594/2046/2837 1674/2085/2838 1675/2086/2838
s 312
f 1596/2050/2799 1595/3877/5608 1675/2087/2839
f 1596/2050/2799 1676/2088/2840 1677/2089/2841
f 1597/2052/2801 1677/2089/2841 1678/2090/2842
f 1599/2057/2806 1598/2054/2803 1678/2090/2842
f 1600/2059/2808 1599/2057/2806 1679/2091/2843
f 1601/2061/2810 1600/2059/2808 1680/2092/2844
f 1602/2062/2811 1601/2061/2810 1681/2093/2845
f 1602/2062/2811 1682/2094/2846 1683/2095/2847
f 1603/2064/2813 1683/2095/2847 1684/2096/2848
s 313
f 1605/2068/2818 1604/2066/5609 1684/2096/2849
s 314
f 1606/2071/2822 1605/2068/2821 1685/2097/2850
f 1607/2073/2824 1606/2071/2822 1686/2098/2851
f 1607/2073/2824 1687/2099/2852 1688/2100/2853
f 1608/2075/2826 1688/2100/2853 1689/2101/2854
f 1609/2076/2827 1689/2101/2854 1690/2102/2855
f 1610/2078/2829 1690/2102/2855 1691/2103/2856
f 1612/2083/2834 1611/2080/2831 1691/2103/2856
f 1593/2045/2793 1612/2083/2834 1692/2104/2857
f 1633/2106/2859 1634/2107/2860 1614/2084/2835
f 1634/2107/2860 1635/2108/2861 1615/2082/2833
f 1635/2108/2861 1636/2109/2862 1616/2081/2832
f 1636/2109/2862 1637/2111/2864 1617/2079/2830
f 1638/2110/2863 1618/2077/2828 1617/2079/2830
f 1639/2112/2865 1619/2074/2825 1618/2077/2828
f 1639/2112/2865 1640/2113/2866 1620/2072/2823
f 1640/2113/2866 1641/2114/2867 1621/2070/2820
f 1641/2114/2867 1642/2116/5610 1622/2069/2868
s 313
f 1643/2115/2869 1623/2067/2817 1622/2069/2819
s 312
f 1644/2117/2871 1624/2065/2814 1623/2067/2816
f 1645/2118/2873 1625/2063/2812 1624/2065/2814
f 1646/2119/2874 1626/2060/2809 1625/2063/2812
f 1646/2119/2874 1647/2120/2875 1627/2058/2807
f 1647/2120/2875 1648/2122/2877 1628/2056/2805
f 1649/2121/2876 1629/2055/2804 1628/2056/2805
f 1650/2123/2878 1630/2053/2802 1629/2055/2804
f 1651/2124/2879 1631/2051/2800 1630/2053/2802
f 1652/2125/2880 1632/2049/2798 1631/2051/2800
s 315
f 1633/2106/2881 1613/2044/2795 1632/2048/2797
s 314
f 1574/2005/2750 1573/2004/2749 1634/2107/2860
f 1573/2004/2749 1592/2042/2790 1635/2108/2861
f 1592/2042/2790 1591/2040/2788 1636/2109/2862
f 1591/2040/2788 1590/2037/2785 1637/2111/2864
f 1589/2036/2784 1638/2110/2863 1637/2111/2864
f 1589/2036/2784 1588/2034/2782 1639/2112/2865
f 1588/2034/2782 1587/2032/2780 1640/2113/2866
f 1587/2032/2780 1586/2029/2777 1641/2114/2867
f 1585/2028/2882 1642/2116/5610 1641/2114/2867
s 313
f 1585/2028/2775 1584/2026/2774 1643/2115/2869
s 312
f 1584/2026/2772 1583/2023/2769 1644/2117/2871
f 1582/2021/2767 1645/2118/2873 1644/2117/2871
f 1581/2019/2765 1646/2119/2874 1645/2118/2873
f 1580/2018/2764 1647/2120/2875 1646/2119/2874
f 1580/2018/2764 1579/2015/2761 1648/2122/2877
f 1578/2013/2759 1649/2121/2876 1648/2122/2877
f 1577/2011/2757 1650/2123/2878 1649/2121/2876
f 1576/2009/2755 1651/2124/2879 1650/2123/2878
f 1575/2127/2883 1652/2125/2880 1651/2124/2879
s 315
f 1574/2005/2752 1633/2106/2881 1652/2126/2881
s 314
f 1554/1983/2725 1553/1982/2724 1654/2043/2791
f 1553/1982/2724 1572/2002/2747 1655/2041/2789
f 1572/2002/2747 1571/2001/2746 1656/2039/2787
f 1571/2001/2746 1570/2000/2745 1657/2038/2786
f 1570/2000/2745 1569/1999/2744 1658/2035/2783
f 1569/1999/2744 1568/1998/2743 1659/2033/2781
f 1568/1998/2743 1567/1997/2742 1660/2031/2779
f 1567/1997/2742 1566/1996/2741 1661/2030/2778
f 1566/1996/2741 1565/1995/2740 1662/2027/2776
s 313
f 1564/1994/2884 1663/2025/5607 1662/2027/2773
s 312
f 1563/1993/2736 1664/2024/2770 1663/2025/2771
f 1562/1992/2735 1665/2022/2768 1664/2024/2770
f 1561/1991/2734 1666/2020/2766 1665/2022/2768
f 1560/1990/2733 1667/2017/2763 1666/2020/2766
f 1559/1989/2732 1668/2016/2762 1667/2017/2763
f 1558/1988/2731 1669/2014/2760 1668/2016/2762
f 1557/1987/2730 1670/2012/2758 1669/2014/2760
f 1556/1986/2729 1671/2010/2756 1670/2012/2758
f 1555/2128/2885 1672/2008/2754 1671/2010/2756
s 315
f 1555/1984/2727 1554/1983/2726 1653/2003/2886
s 314
f 1673/2105/2858 1693/2149/2907 1694/2129/2887
s 315
f 1674/2085/2838 1694/2129/2909 1695/2130/2888
s 312
f 1676/2088/2840 1675/2087/2839 1695/2131/2889
f 1676/2088/2840 1696/2132/2890 1697/2133/2891
f 1677/2089/2841 1697/2133/2891 1698/2134/2892
f 1679/2091/2843 1678/2090/2842 1698/2134/2892
f 1680/2092/2844 1679/2091/2843 1699/2135/2893
f 1681/2093/2845 1680/2092/2844 1700/2136/2894
f 1682/2094/2846 1681/2093/2845 1701/2137/2895
f 1682/2094/2846 1702/2138/2896 1703/2139/2897
f 1683/2095/2847 1703/2139/2897 1704/2140/2898
s 313
f 1685/2097/2849 1684/2096/2849 1704/2140/2849
s 314
f 1686/2098/2851 1685/2097/2850 1705/2141/2899
f 1687/2099/2852 1686/2098/2851 1706/2142/2900
f 1687/2099/2852 1707/2143/2901 1708/2144/2902
f 1688/2100/2853 1708/2144/2902 1709/2145/2903
f 1689/2101/2854 1709/2145/2903 1710/2146/2904
f 1690/2102/2855 1710/2146/2904 1711/2147/2905
f 1692/2104/2857 1691/2103/2856 1711/2147/2905
f 1673/2105/2858 1692/2104/2857 1712/2148/2906
f 1693/2149/2907 1483/2160/2930 1480/2150/2908
s 315
f 1694/2129/2909 1480/2150/2910 1474/2151/2910
s 312
f 1696/2132/2890 1695/2131/2889 1474/1912/2911
f 1696/2132/2890 1482/1904/2912 1487/1906/2913
f 1698/2134/2892 1697/2133/2891 1487/1906/2913
f 1699/2135/2893 1698/2134/2892 1491/1920/2914
f 1700/2136/2894 1699/2135/2893 1495/1927/2915
f 1701/2137/2895 1700/2136/2894 1499/1935/2916
f 1702/2138/2896 1701/2137/2895 1503/1943/2917
f 1702/2138/2896 1507/1951/2918 1511/1959/2919
f 1703/2139/2897 1511/1959/2919 1476/1966/2920
s 313
f 1705/2141/2849 1704/2140/2849 1476/1966/2921
s 314
f 1706/2142/2900 1705/2141/2899 1478/2152/2922
f 1707/2143/2901 1706/2142/2900 1510/2153/2923
f 1707/2143/2901 1506/2154/2924 1502/2155/2925
f 1708/2144/2902 1502/2155/2925 1498/2156/2926
f 1709/2145/2903 1498/2156/2926 1494/2157/2927
f 1710/2146/2904 1494/2157/2927 1490/2158/2928
f 1711/2147/2905 1490/2158/2928 1486/2159/2929
f 1693/2149/2907 1712/2148/2906 1486/2159/2929
s 318
f 1713/2161/2931 1714/2164/2934 1734/2162/2932
f 1714/2164/2934 1715/2166/2936 1735/2165/2935
f 1715/2166/2936 1716/2168/2938 1736/2167/2937
f 1716/2168/2938 1717/2170/2940 1737/2169/2939
f 1717/2170/2940 1718/2173/2943 1738/2171/2941
f 1719/2172/2942 1739/2175/2945 1738/2171/2941
f 1720/2174/2944 1740/2177/2947 1739/2175/2945
f 1721/2176/2946 1741/2179/2949 1740/2177/2947
f 1722/2178/2948 1742/2181/2951 1741/2179/2949
f 1723/2180/2950 1743/2183/2953 1742/2181/2951
f 1724/2182/2952 1744/2185/2955 1743/2183/2953
f 1725/2184/2954 1745/2187/2957 1744/2185/2955
f 1726/2186/2956 1746/2189/2959 1745/2187/2957
f 1727/2188/2958 1747/2191/2961 1746/2189/2959
f 1727/2188/2958 1728/2192/2962 1748/2190/2960
f 1728/2192/2962 1729/2194/2964 1749/2193/2963
f 1729/2194/2964 1730/2196/2966 1750/2195/2965
f 1730/2196/2966 1731/2198/2968 1751/2197/2967
f 1731/2198/2968 1732/2200/2970 1752/2199/2969
f 1732/2200/2970 1713/3878/2931 1733/2201/2933
s 321
f 1714/2244/3003 1713/2283/3003 1753/2245/3003
s 322
f 1715/2247/3004 1714/2244/3004 1754/2246/3005
s 323
f 1716/2249/3006 1715/2247/3006 1755/2248/3007
s 324
f 1716/2249/3008 1756/2250/3009 1757/2251/3009
s 325
f 1717/2252/3010 1757/2251/3055 1758/2253/3011
s 326
f 1718/2254/3012 1758/2253/3057 1759/2255/3013
s 327
f 1719/2256/3014 1759/2255/3058 1760/2257/3015
s 328
f 1720/2258/3016 1760/2257/3016 1761/2259/3016
s 329
f 1721/2260/3017 1761/2259/5611 1762/2261/3018
s 330
f 1722/2262/3019 1762/2261/3020 1763/2263/3020
s 331
f 1723/2264/3022 1763/2263/3023 1764/2265/3023
s 332
f 1724/2266/3024 1764/2265/3025 1765/2267/3025
s 333
f 1725/2268/3026 1765/2267/3027 1766/2269/3027
s 334
f 1727/2271/3029 1726/2270/3029 1766/2269/3029
s 335
f 1728/2273/3030 1727/2271/3030 1767/2272/3031
s 336
f 1729/2275/3033 1728/2273/3033 1768/2274/3034
s 337
f 1730/2277/3036 1729/2275/5612 1769/2276/3037
s 338
f 1731/2279/3039 1730/2277/3039 1770/2278/3040
s 339
f 1732/2281/3041 1731/2279/3041 1771/2280/3042
s 340
f 1713/2283/3044 1732/2281/5613 1772/2282/3045
s 341
f 1754/2246/3046 1753/2245/3046 1773/2284/3046
s 342
f 1755/2248/3047 1754/2246/3047 1774/2285/3048
s 343
f 1756/2250/3050 1755/2248/3050 1775/2286/3051
s 324
f 1757/2251/3009 1756/2250/3009 1776/2287/3053
s 325
f 1757/2251/3055 1777/2288/3056 1778/2289/3056
s 326
f 1758/2253/3057 1778/2289/3104 1779/2290/3057
s 327
f 1759/2255/3058 1779/2290/3106 1780/2291/3059
s 344
f 1760/2257/3060 1780/2291/3108 1781/2292/3061
s 345
f 1761/2259/3062 1781/2292/3110 1782/2293/3063
s 346
f 1762/2261/3064 1782/2293/3112 1783/2294/3065
s 347
f 1763/2263/3067 1783/2294/3114 1784/2295/3068
s 348
f 1764/2265/3069 1784/2295/3116 1785/2296/3070
s 349
f 1765/2267/3072 1785/2296/3073 1786/2297/3073
s 350
f 1766/2269/3074 1786/2297/3120 1787/2298/3075
s 335
f 1768/2274/3032 1767/2272/3031 1787/2298/3077
s 336
f 1769/2276/3035 1768/2274/3034 1788/2299/3079
s 337
f 1770/2278/3038 1769/2276/3037 1789/2300/3081
s 351
f 1771/2280/3083 1770/2278/3083 1790/2301/3084
s 352
f 1772/2282/3086 1771/2280/3086 1791/2302/3087
s 353
f 1753/2245/3089 1772/2282/3089 1792/2303/3090
s 354
f 1774/2285/3092 1773/2284/5614 1793/2304/3093
s 342
f 1775/2286/3049 1774/2285/3048 1794/2305/3095
s 343
f 1776/2287/3052 1775/2286/3051 1795/2306/3097
s 324
f 1777/2288/3054 1776/2287/3053 1796/2307/3099
s 355
f 1777/2288/3101 1797/2308/5615 1798/2309/3102
s 326
f 1778/2289/3104 1798/2309/3142 1799/2310/3105
s 327
f 1779/2290/3106 1799/2310/3144 1800/2311/3107
s 344
f 1780/2291/3108 1800/2311/3146 1801/2312/3109
s 345
f 1781/2292/3110 1801/2312/3148 1802/2313/3111
s 346
f 1782/2293/3112 1802/2313/3150 1803/2314/3113
s 347
f 1783/2294/3114 1803/2314/3152 1804/2315/3115
s 348
f 1784/2295/3116 1804/2315/5616 1805/2316/3117
s 356
f 1785/2296/3118 1805/2316/3157 1806/2317/3119
s 350
f 1786/2297/3120 1806/2317/5617 1807/2318/3121
s 335
f 1788/2299/3078 1787/2298/3077 1807/2318/3122
s 336
f 1789/2300/3080 1788/2299/3079 1808/2319/3124
s 337
f 1790/2301/3082 1789/2300/3081 1809/2320/3126
s 351
f 1791/2302/3085 1790/2301/3084 1810/2321/3128
s 352
f 1792/2303/3088 1791/2302/3087 1811/2322/3130
s 353
f 1773/2284/3091 1792/2303/3090 1812/2323/3132
s 354
f 1794/2305/3094 1793/2304/3093 1813/2324/3134
s 342
f 1795/2306/3096 1794/2305/3095 1814/2325/3136
s 343
f 1796/2307/3098 1795/2306/3097 1815/2326/3138
s 324
f 1797/2308/3100 1796/2307/3099 1816/2327/3139
s 355
f 1798/2309/3102 1797/2308/5615 1817/2328/3140
s 326
f 1798/2309/3142 1818/2329/3143 1819/2330/3143
s 327
f 1799/2310/3144 1819/2330/5618 1820/2331/3145
s 344
f 1800/2311/3146 1820/2331/3147 1821/2332/3147
s 345
f 1801/2312/3148 1821/2332/3149 1822/2333/3149
s 346
f 1802/2313/3150 1822/2333/5619 1823/2334/3151
s 347
f 1803/2314/3152 1823/2334/3153 1824/2335/3153
s 357
f 1804/2315/3154 1824/2335/5620 1825/2336/3155
s 356
f 1805/2316/3157 1825/2336/3119 1826/2337/3119
s 358
f 1806/2317/3158 1826/2337/5621 1827/2338/3159
s 335
f 1807/2318/3122 1827/2338/3161 1828/2339/3161
s 336
f 1809/2320/3125 1808/2319/3124 1828/2339/3162
s 337
f 1810/2321/3127 1809/2320/3126 1829/2340/3163
s 351
f 1811/2322/3129 1810/2321/3128 1830/2341/3164
s 352
f 1812/2323/3131 1811/2322/3130 1831/2342/3166
s 353
f 1793/2304/3133 1812/2323/3132 1832/2343/3167
s 359
f 1813/2324/3168 1833/2203/3169 1834/2202/3169
s 360
f 1814/2325/3171 1834/2202/5622 1836/2205/3172
s 361
f 1815/2326/3174 1836/2205/3175 1837/2206/3175
s 362
f 1816/2327/3177 1837/2206/3178 1838/2207/3178
s 363
f 1817/2328/3179 1838/2207/3180 1839/2208/3180
s 364
f 1818/2329/3181 1839/2208/5623 1840/2209/3182
s 365
f 1819/2330/3184 1840/2209/5624 1841/2210/3185
s 366
f 1820/2331/3187 1841/2210/5625 1842/2211/3188
s 367
f 1821/2332/3189 1842/2211/5626 1843/2212/3190
s 368
f 1823/2334/3191 1822/2333/5627 1843/2212/3192
s 369
f 1824/2335/3194 1823/2334/3194 1844/2213/3195
s 370
f 1825/2336/3196 1824/2335/5628 1845/2214/3197
s 371
f 1826/2337/3199 1825/2336/5629 1846/2215/3200
s 372
f 1827/2338/3202 1826/2337/5630 1847/2216/3203
s 373
f 1828/2339/3205 1827/2338/3205 1848/2217/3206
s 374
f 1829/2340/3207 1828/2339/3207 1849/2218/3208
s 375
f 1830/2341/3209 1829/2340/5631 1850/2219/3210
s 376
f 1831/2342/3212 1830/2341/3212 1851/2220/3213
s 377
f 1832/2343/3214 1831/2342/5632 1852/2221/3215
s 378
f 1832/2343/3216 1853/2222/3217 1833/2203/3217
s 379
f 1733/2344/3218 1734/2347/3218 1855/2345/3219
s 380
f 1734/2347/3221 1735/2349/3221 1856/2348/3222
s 381
f 1735/2349/3224 1736/2351/3224 1857/2350/3225
s 382
f 1736/2351/3227 1737/2353/3227 1858/2352/3228
s 383
f 1737/2353/3229 1738/2355/3229 1859/2354/3229
s 384
f 1738/2355/3230 1739/2358/5633 1860/2356/3231
s 385
f 1740/2357/3233 1861/2360/3234 1860/2356/3234
s 386
f 1741/2359/3235 1862/2362/3236 1861/2360/3236
s 387
f 1742/2361/3237 1863/2364/5634 1862/2362/3238
s 388
f 1743/2363/3240 1864/2366/3241 1863/2364/3241
s 389
f 1744/2365/3242 1865/2368/3243 1864/2366/3243
s 390
f 1745/2367/3245 1866/2370/3246 1865/2368/3246
s 391
f 1746/2369/3247 1867/2372/3248 1866/2370/3248
s 392
f 1747/2371/3249 1868/2374/3249 1867/2372/3249
s 393
f 1748/2373/3250 1869/2376/3251 1868/2374/3251
s 394
f 1748/2373/3252 1749/2377/5635 1870/2375/3253
s 395
f 1749/2377/3255 1750/2379/5636 1871/2378/3256
s 396
f 1750/2379/3258 1751/2381/5637 1872/2380/3259
s 397
f 1751/2381/3261 1752/2383/3261 1873/2382/3262
s 398
f 1752/2383/3264 1733/2344/3264 1854/2346/3265
s 379
f 1854/2346/3220 1855/2345/3219 1875/2384/3267
s 380
f 1855/2345/3223 1856/2348/3222 1876/2386/3269
s 381
f 1856/2348/3226 1857/2350/3225 1877/2387/3271
s 399
f 1857/2350/3272 1858/2352/3272 1878/2388/3273
s 400
f 1858/2352/3274 1859/2354/3274 1879/2389/3275
s 401
f 1860/2356/3276 1880/2390/5638 1879/2389/3277
s 402
f 1861/2360/3279 1881/2391/3280 1880/2390/3280
s 403
f 1862/2362/3282 1882/2392/3282 1881/2391/3282
s 404
f 1863/2364/3283 1883/2393/3284 1882/2392/3284
s 405
f 1864/2366/3285 1884/2394/3286 1883/2393/3286
s 406
f 1865/2368/3287 1885/2395/3287 1884/2394/3287
s 407
f 1866/2370/3288 1886/2396/3289 1885/2395/3289
s 408
f 1867/2372/3290 1887/2397/3291 1886/2396/3291
s 409
f 1868/2374/3292 1888/2399/3293 1887/2397/3293
s 410
f 1868/2374/3294 1869/2376/3294 1889/2398/3295
s 394
f 1869/2376/3254 1870/2375/3253 1890/2400/3297
s 395
f 1870/2375/3257 1871/2378/3256 1891/2401/3299
s 396
f 1871/2378/3260 1872/2380/3259 1892/2402/3301
s 397
f 1872/2380/3263 1873/2382/3262 1893/2403/3303
s 398
f 1873/2382/3266 1854/2346/3265 1874/2385/3305
s 379
f 1874/2385/3268 1875/2384/3267 1895/2224/3307
s 380
f 1875/2384/3270 1876/2386/3269 1897/2226/3309
s 411
f 1876/2386/3310 1877/2387/3310 1898/2227/3311
s 412
f 1877/2387/3312 1878/2388/3312 1899/2228/3313
s 413
f 1878/2388/3314 1879/2389/3314 1900/2229/3315
s 414
f 1879/2389/3316 1880/2390/5639 1901/2230/3317
s 415
f 1881/2391/3319 1902/2231/5640 1901/2230/3320
s 416
f 1882/2392/3321 1903/2232/5641 1902/2231/3322
s 417
f 1883/2393/3323 1904/2233/5642 1903/2232/3324
s 418
f 1884/2394/3325 1905/2234/5643 1904/2233/3326
s 419
f 1885/2395/3328 1906/2235/5644 1905/2234/3329
s 420
f 1886/2396/3330 1907/2236/3331 1906/2235/3331
s 421
f 1887/2397/3333 1908/2237/5645 1907/2236/3334
s 422
f 1888/2399/3335 1909/2238/3336 1908/2237/3336
s 423
f 1889/2398/3337 1910/2239/5646 1909/2238/3338
s 424
f 1890/2400/3339 1911/2240/5647 1910/2239/3340
s 395
f 1890/2400/3300 1891/2401/3299 1912/2241/3342
s 396
f 1891/2401/3302 1892/2402/3301 1913/2242/3344
s 397
f 1892/2402/3304 1893/2403/3303 1914/2243/3345
s 398
f 1893/2403/3306 1874/2385/3305 1894/2223/3346
s 425
f 1916/2404/3348 1936/2408/3352 1935/2405/3349
f 1917/2407/3351 1937/2410/3354 1936/2408/3352
f 1918/2409/3353 1938/2412/3356 1937/2410/3354
f 1919/2411/3355 1939/2414/3358 1938/2412/3356
f 1920/2413/3357 1940/2416/3360 1939/2414/3358
f 1921/2415/3359 1941/2418/3362 1940/2416/3360
f 1921/2415/3359 1922/2419/3363 1942/2417/3361
f 1922/2419/3363 1923/2421/3365 1943/2420/3364
f 1923/2421/3365 1924/2423/3367 1944/2422/3366
f 1924/2423/3367 1925/2425/3369 1945/2424/3368
f 1925/2425/3369 1926/2427/3371 1946/2426/3370
f 1926/2427/3371 1927/2429/3373 1947/2428/3372
f 1927/2429/3373 1928/2431/3375 1948/2430/3374
f 1928/2431/3375 1929/2433/3377 1949/2432/3376
f 1929/2433/3377 1930/2435/3379 1950/2434/3378
f 1930/2435/3379 1931/2438/3382 1951/2436/3380
f 1932/2437/3381 1952/2440/3384 1951/2436/3380
f 1933/2439/3383 1953/2442/3386 1952/2440/3384
f 1934/2441/3385 1954/2444/3387 1953/2442/3386
f 1915/2443/3350 1935/3879/3349 1954/2444/3387
s 428
f 1915/2487/3420 1955/2526/3421 1956/2488/3421
s 429
f 1916/2489/3422 1956/2488/3423 1957/2490/3423
s 430
f 1917/2491/3424 1957/2490/5648 1958/2492/3425
s 431
f 1918/2493/3427 1958/2492/3427 1959/2494/3427
s 432
f 1919/2495/3428 1959/2494/3475 1960/2496/3429
s 433
f 1920/2497/3430 1960/2496/3430 1961/2498/3430
s 434
f 1921/2499/3431 1961/2498/5649 1962/2500/3432
s 435
f 1923/2502/3433 1922/2501/5650 1962/2500/3434
s 436
f 1924/2504/3435 1923/2502/5651 1963/2503/3436
s 437
f 1925/2506/3438 1924/2504/5652 1964/2505/3439
s 438
f 1926/2508/3441 1925/2506/5653 1965/2507/3442
s 439
f 1927/2510/3444 1926/2508/5654 1966/2509/3445
s 440
f 1928/2512/3447 1927/2510/5655 1967/2511/3448
s 441
f 1929/2514/3450 1928/2512/5656 1968/2513/3451
s 442
f 1930/2516/3453 1929/2514/3453 1969/2515/3454
s 443
f 1931/2518/3456 1930/2516/5657 1970/2517/3457
s 444
f 1932/2520/3458 1931/2518/5658 1971/2519/3459
s 445
f 1932/2520/3460 1972/2521/3461 1973/2522/3461
s 446
f 1933/2523/3462 1973/2522/3463 1974/2524/3463
s 447
f 1934/2525/3464 1974/2524/3465 1955/2526/3465
s 448
f 1955/2526/3466 1975/2546/3467 1976/2527/3467
s 449
f 1956/2488/3468 1976/2527/3469 1977/2528/3469
s 450
f 1957/2490/3470 1977/2528/5659 1978/2529/3471
s 451
f 1958/2492/3472 1978/2529/3517 1979/2530/3473
s 432
f 1959/2494/3475 1979/2530/5660 1980/2531/3476
s 452
f 1960/2496/3477 1980/2531/3477 1981/2532/3477
s 453
f 1961/2498/3478 1981/2532/3479 1982/2533/3479
s 454
f 1962/2500/3480 1982/2533/3481 1983/2534/3481
s 455
f 1964/2505/3483 1963/2503/3483 1983/2534/3484
s 456
f 1965/2507/3486 1964/2505/5661 1984/2535/3487
s 457
f 1966/2509/3489 1965/2507/5662 1985/2536/3490
s 458
f 1967/2511/3492 1966/2509/3492 1986/2537/3492
s 459
f 1968/2513/3493 1967/2511/5663 1987/2538/3494
s 460
f 1969/2515/3496 1968/2513/3496 1988/2539/3497
s 442
f 1970/2517/3455 1969/2515/3454 1989/2540/3499
s 461
f 1971/2519/3501 1970/2517/3501 1990/2541/3502
s 462
f 1972/2521/3503 1971/2519/3503 1991/2542/3504
s 463
f 1973/2522/3505 1972/2521/5664 1992/2543/3505
s 464
f 1973/2522/3506 1993/2544/3507 1994/2545/3507
s 465
f 1974/2524/3509 1994/2545/3510 1975/2546/3510
s 466
f 1975/2546/3511 1995/2566/5665 1996/2547/3512
s 467
f 1976/2527/3513 1996/2547/3514 1997/2548/3514
s 468
f 1977/2528/3515 1997/2548/3516 1998/2549/3516
s 451
f 1978/2529/3517 1998/2549/3518 1999/2550/3518
s 469
f 1979/2530/3519 1999/2550/3564 2000/2551/3520
s 470
f 1980/2531/3521 2000/2551/3566 2001/2552/3522
s 471
f 1981/2532/3524 2001/2552/5666 2002/2553/3525
s 472
f 1983/2534/3526 1982/2533/3526 2002/2553/3527
s 473
f 1984/2535/3528 1983/2534/3528 2003/2554/3529
s 474
f 1985/2536/3530 1984/2535/5667 2004/2555/3531
s 475
f 1986/2537/3532 1985/2536/5668 2005/2556/3533
s 476
f 1987/2538/3535 1986/2537/3535 2006/2557/3536
s 477
f 1988/2539/3537 1987/2538/5669 2007/2558/3538
s 460
f 1989/2540/3498 1988/2539/3497 2008/2559/3540
s 478
f 1990/2541/3541 1989/2540/5670 2009/2560/3542
s 479
f 1991/2542/3544 1990/2541/3544 2010/2561/3545
s 480
f 1992/2543/3546 1991/2542/3546 2011/2562/3547
s 481
f 1992/2543/3548 2012/2563/3549 2013/2564/3549
s 482
f 1993/2544/3550 2013/2564/3551 2014/2565/3551
s 483
f 1994/2545/3552 2014/2565/5671 1995/2566/3553
s 484
f 1995/2566/3555 2015/2586/3556 2016/2567/3556
s 485
f 1996/2547/3557 2016/2567/3558 2017/2568/3558
s 486
f 1997/2548/3559 2017/2568/3560 2018/2569/3560
s 487
f 1998/2549/3561 2018/2569/3562 2019/2570/3562
s 469
f 1999/2550/3564 2019/2570/3565 2020/2571/3565
s 470
f 2000/2551/3566 2020/2571/5672 2021/2572/3567
s 488
f 2001/2552/3568 2021/2572/5673 2022/2573/3569
s 489
f 2002/2553/3571 2022/2573/3572 2023/2574/3572
s 490
f 2004/2555/3573 2003/2554/3573 2023/2574/3574
s 491
f 2005/2556/3575 2004/2555/3575 2024/2575/3576
s 492
f 2006/2557/3577 2005/2556/3577 2025/2576/3578
s 493
f 2007/2558/3579 2006/2557/5674 2026/2577/3580
s 494
f 2008/2559/3582 2007/2558/3582 2027/2578/3583
s 495
f 2009/2560/3584 2008/2559/3584 2028/2579/3584
s 478
f 2010/2561/3543 2009/2560/3542 2029/2580/3585
s 496
f 2011/2562/3586 2010/2561/5675 2030/2581/3587
s 497
f 2012/2563/3589 2011/2562/3589 2031/2582/3590
s 498
f 2013/2564/3591 2012/2563/3591 2032/2583/3591
s 499
f 2013/2564/3592 2033/2584/3593 2034/2585/3593
s 500
f 2014/2565/3594 2034/2585/5676 2015/2586/3595
s 501
f 2015/2586/3597 2035/2446/3598 2036/2445/3598
s 502
f 2016/2567/3599 2036/2445/3600 2038/2448/3600
s 503
f 2017/2568/3601 2038/2448/3602 2039/2449/3602
s 504
f 2018/2569/3603 2039/2449/3604 2040/2450/3604
s 505
f 2019/2570/3605 2040/2450/3606 2041/2451/3606
s 506
f 2020/2571/3607 2041/2451/5677 2042/2452/3608
s 507
f 2021/2572/3609 2042/2452/3610 2043/2453/3610
s 508
f 2022/2573/3612 2043/2453/3613 2044/2454/3613
s 509
f 2023/2574/3614 2044/2454/3615 2045/2455/3615
s 510
f 2025/2576/3616 2024/2575/5678 2045/2455/3617
s 511
f 2026/2577/3619 2025/2576/5679 2046/2456/3620
s 512
f 2027/2578/3622 2026/2577/5680 2047/2457/3623
s 513
f 2028/2579/3625 2027/2578/3625 2048/2458/3626
s 514
f 2029/2580/3627 2028/2579/5681 2049/2459/3628
s 515
f 2030/2581/3630 2029/2580/3630 2050/2460/3631
s 516
f 2031/2582/3632 2030/2581/5682 2051/2461/3633
s 517
f 2032/2583/3635 2031/2582/3635 2052/2462/3636
s 518
f 2033/2584/3638 2032/2583/5683 2053/2463/3639
s 519
f 2034/2585/3641 2033/2584/5684 2054/2464/3642
s 520
f 2034/2585/3644 2055/2465/5685 2035/2446/3645
s 521
f 1936/2587/3647 2057/2591/3648 2056/2588/3648
s 522
f 1937/2590/3649 2058/2593/5686 2057/2591/3650
s 523
f 1937/2590/3651 1938/2594/3651 2059/2592/3652
s 524
f 1938/2594/3654 1939/2596/3654 2060/2595/3655
s 525
f 1939/2596/3656 1940/2598/3656 2061/2597/3657
s 526
f 1940/2598/3658 1941/2600/5687 2062/2599/3659
s 527
f 1941/2600/3661 1942/2602/5688 2063/2601/3662
s 528
f 1942/2602/3664 1943/2604/5689 2064/2603/3665
s 529
f 1943/2604/3667 1944/2606/5690 2065/2605/3668
s 530
f 1944/2606/3670 1945/2608/5691 2066/2607/3671
s 531
f 1945/2608/3672 1946/2610/5692 2067/2609/3673
s 532
f 1946/2610/3675 1947/2613/3675 2068/2611/3676
s 533
f 1948/2612/3677 2069/2615/3722 2068/2611/3678
s 534
f 1949/2614/3680 2070/2617/5693 2069/2615/3681
s 535
f 1950/2616/3683 2071/2619/5694 2070/2617/3684
s 536
f 1951/2618/3685 2072/2621/3686 2071/2619/3686
s 537
f 1952/2620/3687 2073/2623/5695 2072/2621/3688
s 538
f 1953/2622/3689 2074/2625/3689 2073/2623/3689
s 539
f 1954/2624/3691 2075/2626/5696 2074/2625/3692
s 540
f 1935/2589/3693 2056/2588/5697 2075/2626/3694
s 541
f 2057/2591/3695 2077/2629/3696 2076/2627/3696
s 542
f 2057/2591/3697 2058/2593/3697 2078/2628/3698
s 543
f 2058/2593/3700 2059/2592/3700 2079/2630/3701
s 544
f 2059/2592/3702 2060/2595/3702 2080/2631/3703
s 545
f 2060/2595/3704 2061/2597/3704 2081/2632/3705
s 526
f 2061/2597/3660 2062/2599/3659 2082/2633/3707
s 546
f 2062/2599/3708 2063/2601/3708 2083/2634/3709
s 547
f 2063/2601/3710 2064/2603/3710 2084/2635/3711
s 548
f 2064/2603/3713 2065/2605/5698 2085/2636/3714
s 549
f 2065/2605/3716 2066/2607/3716 2086/2637/3717
s 550
f 2066/2607/3718 2067/2609/3718 2087/2638/3719
s 551
f 2068/2611/3720 2088/2639/3721 2087/2638/3721
s 533
f 2069/2615/3722 2089/2640/5699 2088/2639/3723
s 552
f 2070/2617/3724 2090/2641/5700 2089/2640/3725
s 553
f 2071/2619/3727 2091/2642/3728 2090/2641/3728
s 554
f 2072/2621/3729 2092/2643/3730 2091/2642/3730
s 555
f 2073/2623/3731 2093/2644/3779 2092/2643/3732
s 556
f 2074/2625/3733 2094/2645/3734 2093/2644/3734
s 557
f 2075/2626/3735 2095/2646/3736 2094/2645/3736
s 558
f 2056/2588/3737 2076/2627/3738 2095/2646/3738
s 559
f 2076/2627/3739 2077/2629/3739 2097/2467/3740
s 542
f 2077/2629/3699 2078/2628/3698 2099/2469/3741
s 560
f 2078/2628/3743 2079/2630/5701 2100/2470/3744
s 561
f 2079/2630/3746 2080/2631/3746 2101/2471/3747
s 562
f 2080/2631/3749 2081/2632/5702 2102/2472/3750
s 563
f 2081/2632/3752 2082/2633/3752 2103/2473/3753
s 564
f 2082/2633/3755 2083/2634/3755 2104/2474/3756
s 565
f 2083/2634/3758 2084/2635/3758 2105/2475/3759
s 566
f 2084/2635/3760 2085/2636/3760 2106/2476/3761
s 567
f 2085/2636/3762 2086/2637/3762 2107/2477/3763
s 568
f 2087/2638/3765 2108/2478/5703 2107/2477/3766
s 569
f 2088/2639/3767 2109/2479/5704 2108/2478/3768
s 570
f 2089/2640/3769 2110/2480/5705 2109/2479/3770
s 571
f 2090/2641/3771 2111/2481/5706 2110/2480/3772
s 572
f 2091/2642/3774 2112/2482/5707 2111/2481/3775
s 573
f 2092/2643/3777 2113/2483/5708 2112/2482/3778
s 555
f 2093/2644/3779 2114/2484/3780 2113/2483/3780
s 574
f 2094/2645/3781 2115/2485/5709 2114/2484/3782
s 575
f 2095/2646/3783 2116/2486/3784 2115/2485/3784
s 576
f 2076/2627/3786 2096/2466/5710 2116/2486/3787
s 577
f 2118/2647/3788 2138/2651/3792 2137/2648/3789
f 2119/2650/3791 2139/2653/3794 2138/2651/3792
f 2120/2652/3793 2140/2655/3796 2139/2653/3794
f 2120/2652/3793 2121/2656/3797 2141/2654/3795
f 2121/2656/3797 2122/2658/3799 2142/2657/3798
f 2122/2658/3799 2123/2660/3801 2143/2659/3800
f 2123/2660/3801 2124/2662/3803 2144/2661/3802
f 2124/2662/3803 2125/2664/3805 2145/2663/3804
f 2125/2664/3805 2126/2666/3807 2146/2665/3806
f 2126/2666/3807 2127/2668/3809 2147/2667/3808
f 2127/2668/3809 2128/2670/3811 2148/2669/3810
f 2128/2670/3811 2129/2672/3813 2149/2671/3812
f 2129/2672/3813 2130/2675/3816 2150/2673/3814
f 2131/2674/3815 2151/2677/3818 2150/2673/3814
f 2132/2676/3817 2152/2679/3820 2151/2677/3818
f 2133/2678/3819 2153/2681/3822 2152/2679/3820
f 2134/2680/3821 2154/2683/3824 2153/2681/3822
f 2135/2682/3823 2155/2685/3826 2154/2683/3824
f 2136/2684/3825 2156/2687/3827 2155/2685/3826
f 2117/2686/3790 2137/3880/3789 2156/2687/3827
s 580
f 2117/2730/3861 2157/2769/3861 2158/2731/3861
s 581
f 2118/2732/3862 2158/2731/3863 2159/2733/3863
s 582
f 2119/2734/3864 2159/2733/5711 2160/2735/3865
s 583
f 2121/2737/3866 2120/2736/3866 2160/2735/3867
s 584
f 2122/2739/3869 2121/2737/5712 2161/2738/3870
s 585
f 2123/2741/3872 2122/2739/3872 2162/2740/3873
s 586
f 2124/2743/3875 2123/2741/3875 2163/2742/3876
s 587
f 2125/2745/3878 2124/2743/5713 2164/2744/3879
s 588
f 2126/2747/3880 2125/2745/3880 2165/2746/3881
s 589
f 2127/2749/3882 2126/2747/3882 2166/2748/3883
s 590
f 2128/2751/3884 2127/2749/3884 2167/2750/3885
s 591
f 2129/2753/3886 2128/2751/5714 2168/2752/3887
s 592
f 2130/2755/3888 2129/2753/3888 2169/2754/3888
s 593
f 2130/2755/3889 2170/2756/5715 2171/2757/3890
s 594
f 2131/2758/3891 2171/2757/3926 2172/2759/3892
s 595
f 2132/2760/3893 2172/2759/3894 2173/2761/3894
s 596
f 2133/2762/3896 2173/2761/3929 2174/2763/3897
s 597
f 2134/2764/3898 2174/2763/5716 2175/2765/3899
s 598
f 2135/2766/3901 2175/2765/3901 2176/2767/3901
s 599
f 2136/2768/3902 2176/2767/3903 2157/2769/3903
s 600
f 2157/2769/3904 2177/2789/3904 2178/2770/3904
s 601
f 2158/2731/3905 2178/2770/3906 2179/2771/3906
s 602
f 2159/2733/3907 2179/2771/3908 2180/2772/3908
s 583
f 2160/2735/3867 2180/2772/3909 2181/2773/3909
s 584
f 2162/2740/3871 2161/2738/3870 2181/2773/3910
s 585
f 2163/2742/3874 2162/2740/3873 2182/2774/3912
s 586
f 2164/2744/3877 2163/2742/3876 2183/2775/3914
s 603
f 2165/2746/3915 2164/2744/3915 2184/2776/3915
s 604
f 2166/2748/3916 2165/2746/3916 2185/2777/3917
s 605
f 2167/2750/3918 2166/2748/3918 2186/2778/3919
s 606
f 2168/2752/3920 2167/2750/3920 2187/2779/3920
s 607
f 2169/2754/3921 2168/2752/5717 2188/2780/3922
s 608
f 2170/2756/3923 2169/2754/3923 2189/2781/3924
s 593
f 2171/2757/3890 2170/2756/5715 2190/2782/3925
s 594
f 2171/2757/3926 2191/2783/5718 2192/2784/3927
s 595
f 2172/2759/3894 2192/2784/3961 2193/2785/3928
s 596
f 2173/2761/3929 2193/2785/3930 2194/2786/3930
s 609
f 2174/2763/3931 2194/2786/5719 2195/2787/3932
s 610
f 2175/2765/3934 2195/2787/3934 2196/2788/3934
s 611
f 2176/2767/3935 2196/2788/3936 2177/2789/3936
s 612
f 2177/2789/3937 2197/2809/3937 2198/2790/3937
s 613
f 2178/2770/3938 2198/2790/3938 2199/2791/3938
s 614
f 2179/2771/3939 2199/2791/3940 2200/2792/3940
s 615
f 2180/2772/3941 2200/2792/3942 2201/2793/3942
s 584
f 2181/2773/3910 2201/2793/3979 2202/2794/3943
s 585
f 2183/2775/3913 2182/2774/3912 2202/2794/3944
s 616
f 2184/2776/3946 2183/2775/3946 2203/2795/3947
s 617
f 2185/2777/3949 2184/2776/3949 2204/2796/3949
s 618
f 2186/2778/3950 2185/2777/5720 2205/2797/3951
s 619
f 2187/2779/3953 2186/2778/3953 2206/2798/3954
s 620
f 2188/2780/3955 2187/2779/3955 2207/2799/3955
s 621
f 2189/2781/3956 2188/2780/3956 2208/2800/3956
s 622
f 2190/2782/3957 2189/2781/3957 2209/2801/3957
s 623
f 2191/2783/3958 2190/2782/3958 2210/2802/3958
s 594
f 2192/2784/3927 2191/2783/5718 2211/2803/3959
s 595
f 2192/2784/3961 2212/2804/3962 2213/2805/3962
s 624
f 2193/2785/3963 2213/2805/4003 2214/2806/3964
s 625
f 2194/2786/3965 2214/2806/5721 2215/2807/3966
s 626
f 2195/2787/3968 2215/2807/5722 2216/2808/3969
s 627
f 2196/2788/3970 2216/2808/3971 2197/2809/3971
s 628
f 2197/2809/3972 2217/2829/5723 2218/2810/3973
s 629
f 2198/2790/3974 2218/2810/5724 2219/2811/3975
s 630
f 2199/2791/3976 2219/2811/3976 2220/2812/3976
s 631
f 2200/2792/3977 2220/2812/3978 2221/2813/3978
s 584
f 2201/2793/3979 2221/2813/3980 2222/2814/3980
s 585
f 2202/2794/3944 2222/2814/3981 2223/2815/3981
s 616
f 2203/2795/3947 2223/2815/3982 2224/2816/3982
s 632
f 2205/2797/3983 2204/2796/3983 2224/2816/3984
s 633
f 2206/2798/3985 2205/2797/5725 2225/2817/3986
s 634
f 2207/2799/3988 2206/2798/5726 2226/2818/3989
s 635
f 2208/2800/3990 2207/2799/3990 2227/2819/3991
s 636
f 2209/2801/3993 2208/2800/3993 2228/2820/3994
s 637
f 2210/2802/3995 2209/2801/3995 2229/2821/3996
s 638
f 2211/2803/3997 2210/2802/3997 2230/2822/3998
s 639
f 2212/2804/3999 2211/2803/5727 2231/2823/4000
s 595
f 2213/2805/3962 2212/2804/3962 2232/2824/4002
s 624
f 2213/2805/4003 2233/2825/5728 2234/2826/4004
s 640
f 2214/2806/4005 2234/2826/4006 2235/2827/4006
s 641
f 2215/2807/4007 2235/2827/4008 2236/2828/4008
s 642
f 2216/2808/4009 2236/2828/4010 2217/2829/4010
s 643
f 2217/2829/4012 2237/2689/4013 2238/2688/4013
s 644
f 2218/2810/4015 2238/2688/5729 2240/2691/4016
s 645
f 2219/2811/4018 2240/2691/4018 2241/2692/4018
s 646
f 2220/2812/4019 2241/2692/5730 2242/2693/4020
s 647
f 2221/2813/4022 2242/2693/5731 2243/2694/4023
s 648
f 2222/2814/4025 2243/2694/4025 2244/2695/4025
s 649
f 2223/2815/4026 2244/2695/5732 2245/2696/4027
s 650
f 2224/2816/4029 2245/2696/5733 2246/2697/4030
s 651
f 2226/2818/4031 2225/2817/5734 2246/2697/4032
s 652
f 2227/2819/4034 2226/2818/4034 2247/2698/4034
s 653
f 2228/2820/4035 2227/2819/4035 2248/2699/4036
s 654
f 2229/2821/4037 2228/2820/5735 2249/2700/4038
s 655
f 2230/2822/4040 2229/2821/5736 2250/2701/4041
s 656
f 2231/2823/4042 2230/2822/5737 2251/2702/4043
s 657
f 2232/2824/4045 2231/2823/5738 2252/2703/4046
s 658
f 2233/2825/4048 2232/2824/4048 2253/2704/4048
s 659
f 2234/2826/4049 2233/2825/5739 2254/2705/4050
s 660
f 2235/2827/4051 2234/2826/4051 2255/2706/4052
s 661
f 2235/2827/4053 2256/2707/4054 2257/2708/4054
s 662
f 2236/2828/4055 2257/2708/4056 2237/2689/4056
s 663
f 2138/2830/4057 2259/2834/4058 2258/2831/4058
s 664
f 2139/2833/4060 2260/2836/4061 2259/2834/4061
s 665
f 2139/2833/4062 2140/2837/5740 2261/2835/4063
s 666
f 2140/2837/4064 2141/2839/4064 2262/2838/4065
s 667
f 2141/2839/4066 2142/2841/4066 2263/2840/4067
s 668
f 2142/2841/4068 2143/2843/5741 2264/2842/4069
s 669
f 2143/2843/4071 2144/2845/4071 2265/2844/4072
s 670
f 2144/2845/4073 2145/2847/4073 2266/2846/4074
s 671
f 2145/2847/4076 2146/2849/4076 2267/2848/4077
s 672
f 2146/2849/4078 2147/2851/5742 2268/2850/4079
s 673
f 2147/2851/4080 2148/2853/5743 2269/2852/4081
s 674
f 2148/2853/4083 2149/2856/4083 2270/2854/4084
s 675
f 2150/2855/4086 2271/2858/4087 2270/2854/4087
s 676
f 2151/2857/4088 2272/2860/4089 2271/2858/4089
s 677
f 2152/2859/4090 2273/2862/4091 2272/2860/4091
s 678
f 2153/2861/4092 2274/2864/4093 2273/2862/4093
s 679
f 2154/2863/4094 2275/2866/4095 2274/2864/4095
s 680
f 2155/2865/4096 2276/2868/5744 2275/2866/4097
s 681
f 2156/2867/4099 2277/2869/4100 2276/2868/4100
s 682
f 2137/2832/4101 2258/2831/4102 2277/2869/4102
s 683
f 2259/2834/4103 2279/2871/4104 2278/2870/4104
s 684
f 2260/2836/4105 2280/2873/4106 2279/2871/4106
s 685
f 2260/2836/4107 2261/2835/4107 2281/2872/4108
s 686
f 2261/2835/4109 2262/2838/4109 2282/2874/4110
s 687
f 2262/2838/4111 2263/2840/4111 2283/2875/4112
s 688
f 2263/2840/4113 2264/2842/4113 2284/2876/4114
s 689
f 2264/2842/4115 2265/2844/4115 2285/2877/4116
s 690
f 2265/2844/4117 2266/2846/4117 2286/2878/4118
s 691
f 2266/2846/4119 2267/2848/4119 2287/2879/4120
s 692
f 2267/2848/4121 2268/2850/4121 2288/2880/4122
s 693
f 2268/2850/4123 2269/2852/4123 2289/2881/4124
s 694
f 2269/2852/4125 2270/2854/4125 2290/2882/4126
s 695
f 2271/2858/4127 2291/2883/4128 2290/2882/4128
s 696
f 2272/2860/4130 2292/2884/4131 2291/2883/4131
s 697
f 2273/2862/4132 2293/2885/4133 2292/2884/4133
s 698
f 2274/2864/4134 2294/2886/5745 2293/2885/4135
s 699
f 2275/2866/4136 2295/2887/4137 2294/2886/4137
s 700
f 2276/2868/4138 2296/2888/5746 2295/2887/4139
s 701
f 2277/2869/4140 2297/2889/4141 2296/2888/4141
s 702
f 2258/2831/4142 2278/2870/4143 2297/2889/4143
s 703
f 2279/2871/4144 2299/2710/4145 2298/2709/4145
s 704
f 2280/2873/4146 2301/2712/5747 2299/2710/4147
s 705
f 2280/2873/4149 2281/2872/4149 2302/2713/4150
s 706
f 2281/2872/4151 2282/2874/4151 2303/2714/4152
s 707
f 2282/2874/4153 2283/2875/4153 2304/2715/4154
s 708
f 2283/2875/4156 2284/2876/4156 2305/2716/4157
s 709
f 2284/2876/4159 2285/2877/5748 2306/2717/4160
s 710
f 2285/2877/4162 2286/2878/4162 2307/2718/4163
s 711
f 2286/2878/4164 2287/2879/4164 2308/2719/4165
s 712
f 2287/2879/4166 2288/2880/4166 2309/2720/4167
s 713
f 2288/2880/4168 2289/2881/4168 2310/2721/4169
s 714
f 2289/2881/4170 2290/2882/4170 2311/2722/4171
s 715
f 2291/2883/4172 2312/2723/5749 2311/2722/4173
s 716
f 2292/2884/4174 2313/2724/4175 2312/2723/4175
s 717
f 2293/2885/4176 2314/2725/4177 2313/2724/4177
s 718
f 2294/2886/4178 2315/2726/5750 2314/2725/4179
s 719
f 2295/2887/4180 2316/2727/4181 2315/2726/4181
s 720
f 2296/2888/4182 2317/2728/4183 2316/2727/4183
s 721
f 2297/2889/4184 2318/2729/5751 2317/2728/4185
s 722
f 2278/2870/4186 2298/2709/4187 2318/2729/4187
s 723
f 2327/2890/4188 2328/2902/4203 2333/2891/4189
s 0
f 2321/2893/1585 2322/2893/1583 2324/2894/1584
s 725
f 2332/2895/4192 2329/2908/4205 2330/2896/4193
s 726
f 2326/2898/4195 2320/3881/4195 2319/2899/4195
s 727
f 2329/2901/4196 2332/2912/4211 2333/2891/4197
s 728
f 2330/2903/4199 2327/2890/4208 2334/2892/4200
s 723
f 2319/2905/4202 2320/2907/5752 2328/2902/4203
s 727
f 2326/2906/4204 2329/2901/4196 2328/2902/4198
s 725
f 2329/2908/4205 2326/2898/5753 2325/2900/4206
s 728
f 2325/2909/4207 2319/2905/4207 2327/2890/4208
s 725
f 2336/2910/4209 2332/2895/4192 2331/2897/4194
s 727
f 2332/2912/4211 2336/2917/4218 2337/2913/4212
s 723
f 2334/2892/4190 2333/2891/4189 2337/2913/4213
s 728
f 2331/2904/4201 2334/2892/4200 2338/2914/4215
s 725
f 2339/2916/4217 2340/2922/4224 2336/2910/4209
s 727
f 2336/2917/4218 2340/2923/4225 2341/2918/4219
s 723
f 2337/2913/4213 2341/2918/4227 2342/2919/4220
s 728
f 2335/2915/4216 2338/2914/4215 2342/2919/4221
s 725
f 2343/2921/4223 2344/2928/4232 2340/2922/4224
s 727
f 2340/2923/4225 2344/2929/4233 2345/2924/4226
s 723
f 2341/2918/4227 2345/2924/4235 2346/2925/4228
s 728
f 2339/2920/4222 2342/2919/4221 2346/2925/4229
s 725
f 2347/2927/4231 2348/2934/4231 2344/2928/4232
s 727
f 2344/2929/4233 2348/2935/4240 2349/2930/4234
s 723
f 2345/2924/4235 2349/2930/4236 2350/2931/4236
s 728
f 2343/2926/4230 2346/2925/4229 2350/2931/4237
s 725
f 2351/2933/4239 2352/2940/4246 2348/2934/4231
s 727
f 2348/2935/4240 2352/2941/4247 2353/2936/4241
s 723
f 2349/2930/4236 2353/2936/4249 2354/2937/4242
s 728
f 2347/2932/4238 2350/2931/4237 2354/2937/4243
s 725
f 2355/2939/4245 2356/2946/4254 2352/2940/4246
s 727
f 2352/2941/4247 2356/2947/4255 2357/2942/4248
s 723
f 2353/2936/4249 2357/2942/4256 2358/2943/4250
s 728
f 2351/2938/4244 2354/2937/4243 2358/2943/4251
s 725
f 2359/2945/4253 2360/3882/5754 2356/2946/4254
s 727
f 2356/2947/4255 2360/2953/4262 2361/2948/2360
s 723
f 2357/2942/4256 2361/2948/5755 2362/2949/4257
s 728
f 2355/2944/4252 2358/2943/4251 2362/2949/4258
s 725
f 2364/2951/4260 2360/3882/5754 2359/2945/4253
s 727
f 2360/2953/4262 2364/2958/4269 2365/2954/4263
s 723
f 2362/2949/4257 2361/2948/5755 2365/2954/4264
s 728
f 2359/2950/4259 2362/2949/4258 2366/2955/4266
s 725
f 2367/2957/4268 2368/2963/4275 2364/2951/4260
s 727
f 2364/2958/4269 2368/2964/4276 2369/2959/4270
s 723
f 2365/2954/4264 2369/2959/4278 2370/2960/4271
s 728
f 2363/2956/4267 2366/2955/4266 2370/2960/4272
s 725
f 2371/2962/4274 2372/2969/4283 2368/2963/4275
s 727
f 2368/2964/4276 2372/2970/4284 2373/2965/4277
s 723
f 2369/2959/4278 2373/2965/4286 2374/2966/4279
s 728
f 2367/2961/4273 2370/2960/4272 2374/2966/4280
s 725
f 2375/2968/4282 2376/3883/5756 2372/2969/4283
s 727
f 2372/2970/4284 2376/2976/4292 2377/2971/4285
s 723
f 2373/2965/4286 2377/2971/5757 2378/2972/4287
s 728
f 2371/2967/4281 2374/2966/4280 2378/2972/4288
s 725
f 2380/2974/4290 2376/3883/5756 2375/2968/4282
s 727
f 2376/2976/4292 2380/3002/4326 2381/2977/4293
s 723
f 2378/2972/4287 2377/2971/5757 2381/2977/4294
s 728
f 2375/2973/4289 2378/2972/4288 2382/2978/4296
s 725
f 2383/2980/4298 2384/2991/4311 2388/2981/4299
s 727
f 2388/2983/4301 2384/2992/4312 2385/2984/4302
s 723
f 2387/2985/4304 2385/2984/4314 2386/2986/4305
s 728
f 2389/2988/4307 2390/2987/4323 2386/2986/4308
s 725
f 2395/2990/4310 2396/3004/4329 2384/2991/4311
s 727
f 2384/2992/4312 2396/3005/4330 2397/2993/4313
s 723
f 2385/2984/4314 2397/2993/4332 2398/2994/4315
s 728
f 2383/2989/4309 2386/2986/4308 2398/2994/4316
s 727
f 2392/2996/4318 2388/2983/4301 2387/2985/4303
s 725
f 2389/2982/4300 2388/2981/4299 2392/2998/4320
s 728
f 2393/3000/4322 2394/3001/4327 2390/2987/4323
s 723
f 2391/2997/4324 2387/2985/4304 2390/2987/4306
s 727
f 2380/3002/4326 2392/2996/4318 2391/2997/4319
s 725
f 2392/2998/4320 2380/2974/4290 2379/2975/4291
s 728
f 2379/2979/4297 2382/2978/4296 2394/3001/4327
s 723
f 2382/2978/4295 2381/2977/4294 2391/2997/4324
s 725
f 2399/3003/4328 2400/3010/4337 2396/3004/4329
s 727
f 2396/3005/4330 2400/3011/4338 2401/3006/4331
s 723
f 2397/2993/4332 2401/3006/4340 2402/3007/4333
s 728
f 2395/2995/4317 2398/2994/4316 2402/3007/4334
s 725
f 2403/3009/4336 2404/3016/4345 2400/3010/4337
s 727
f 2400/3011/4338 2404/3017/4346 2405/3012/4339
s 723
f 2401/3006/4340 2405/3012/4348 2406/3013/4341
s 728
f 2399/3008/4335 2402/3007/4334 2406/3013/4342
s 725
f 2407/3015/4344 2408/3022/4353 2404/3016/4345
s 727
f 2404/3017/4346 2408/3023/4354 2409/3018/4347
s 723
f 2405/3012/4348 2409/3018/4356 2410/3019/4349
s 728
f 2403/3014/4343 2406/3013/4342 2410/3019/4350
s 725
f 2411/3021/4352 2412/3028/4361 2408/3022/4353
s 727
f 2408/3023/4354 2412/3029/4362 2413/3024/4355
s 723
f 2409/3018/4356 2413/3024/4364 2414/3025/4357
s 728
f 2407/3020/4351 2410/3019/4350 2414/3025/4358
s 725
f 2415/3027/4360 2416/3034/4369 2412/3028/4361
s 727
f 2412/3029/4362 2416/3035/4370 2417/3030/4363
s 723
f 2413/3024/4364 2417/3030/4372 2418/3031/4365
s 728
f 2411/3026/4359 2414/3025/4358 2418/3031/4366
s 725
f 2419/3033/4368 2420/3884/5758 2416/3034/4369
s 727
f 2416/3035/4370 2420/3041/4377 2421/3036/4371
s 723
f 2417/3030/4372 2421/3036/5759 2422/3037/4373
s 728
f 2418/3031/4366 2422/3037/5760 2419/3038/4374
s 725
f 2424/3039/4375 2420/3884/5758 2419/3033/4368
s 727
f 2420/3041/4377 2424/3047/4385 2425/3042/4378
s 723
f 2422/3037/4373 2421/3036/5759 2425/3042/4379
s 728
f 2419/3038/4374 2422/3037/5760 2426/3043/4381
s 725
f 2428/3045/4383 2424/3039/4375 2423/3040/4376
s 727
f 2424/3047/4385 2428/3053/4393 2429/3048/4386
s 723
f 2426/3043/4380 2425/3042/4379 2429/3048/4387
s 728
f 2423/3044/4382 2426/3043/4381 2430/3049/4389
s 725
f 2432/3051/4391 2428/3045/4383 2427/3046/4384
s 727
f 2428/3053/4393 2432/3059/4401 2433/3054/4394
s 723
f 2430/3049/4388 2429/3048/4387 2433/3054/4395
s 728
f 2427/3050/4390 2430/3049/4389 2434/3055/4397
s 725
f 2436/3057/4399 2432/3051/4391 2431/3052/4392
s 727
f 2432/3059/4401 2436/3064/2373 2437/3060/4402
s 723
f 2434/3055/4396 2433/3054/4395 2437/3060/4403
s 728
f 2431/3056/4398 2434/3055/4397 2438/3061/4405
s 725
f 2439/3063/4407 2440/3069/4412 2436/3057/4399
s 727
f 2436/3064/2373 2440/3070/4413 2441/3065/4408
s 723
f 2437/3060/4403 2441/3065/4415 2442/3066/4409
s 728
f 2435/3062/4406 2438/3061/4405 2442/3066/2167
s 725
f 2443/3068/4411 2444/3885/5761 2440/3069/4412
s 727
f 2440/3070/4413 2444/3076/4420 2445/3071/4414
s 723
f 2441/3065/4415 2445/3071/5762 2446/3072/4416
s 728
f 2439/3067/4410 2442/3066/2167 2446/3072/4417
s 725
f 2448/3074/4411 2444/3885/5761 2443/3068/4411
s 727
f 2444/3076/4420 2448/3081/4427 2449/3077/4421
s 723
f 2446/3072/4416 2445/3071/5762 2449/3077/4422
s 728
f 2443/3073/4418 2446/3072/4417 2450/3078/4424
s 725
f 2451/3080/4426 2452/3086/4433 2448/3074/4411
s 727
f 2448/3081/4427 2452/3087/4434 2453/3082/4428
s 723
f 2449/3077/4422 2453/3082/4436 2454/3083/4429
s 728
f 2447/3079/4425 2450/3078/4424 2454/3083/4430
s 725
f 2455/3085/4432 2456/3092/4441 2452/3086/4433
s 727
f 2452/3087/4434 2456/3093/4442 2457/3088/4435
s 723
f 2453/3082/4436 2457/3088/4444 2458/3089/4437
s 728
f 2451/3084/4431 2454/3083/4430 2458/3089/4438
s 725
f 2459/3091/4440 2460/3098/4449 2456/3092/4441
s 727
f 2456/3093/4442 2460/3099/4450 2461/3094/4443
s 723
f 2457/3088/4444 2461/3094/4452 2462/3095/4445
s 728
f 2455/3090/4439 2458/3089/4438 2462/3095/4446
s 725
f 2463/3097/4448 2464/3103/4457 2460/3098/4449
s 727
f 2460/3099/4450 2464/3104/4458 2465/3100/4451
s 723
f 2461/3094/4452 2465/3100/5763 2466/3101/4453
s 728
f 2459/3096/4447 2462/3095/4446 2466/3101/4454
s 725
f 2323/2894/4456 2324/2894/1597 2464/3103/4457
s 727
f 2464/3104/4458 2324/3886/4459 2322/2893/4459
s 723
f 2466/3101/4453 2465/3100/5763 2322/2893/4460
s 728
f 2463/3102/4455 2466/3101/4454 2321/2893/4461
s 729
f 2476/3106/4462 2481/3118/4487 2482/3107/4463
s 730
f 2470/3109/4465 2472/3110/4465 2471/3110/4465
s 731
f 2479/3111/4466 2480/3126/4484 2477/3112/4467
s 732
f 2474/3114/4469 2468/3887/4469 2467/3115/4469
s 733
f 2477/3117/4470 2480/3127/4485 2481/3118/4471
s 734
f 2478/3119/4473 2475/3108/4482 2482/3107/4474
s 729
f 2468/3121/4476 2476/3106/4462 2475/3108/4464
s 733
f 2474/3123/4478 2477/3117/4470 2476/3106/4472
s 731
f 2478/3113/4468 2477/3112/4467 2474/3114/4479
s 734
f 2473/3124/4481 2467/3122/4481 2475/3108/4482
s 731
f 2483/3125/4483 2484/3132/4491 2480/3126/4484
s 733
f 2480/3127/4485 2484/3133/4492 2485/3128/4486
s 729
f 2481/3118/4487 2485/3128/4494 2486/3129/4488
s 734
f 2479/3120/4475 2482/3107/4474 2486/3129/4489
s 731
f 2487/3131/4491 2488/3138/4499 2484/3132/4491
s 733
f 2484/3133/4492 2488/3139/4500 2489/3134/4493
s 729
f 2485/3128/4494 2489/3134/4502 2490/3135/4495
s 734
f 2483/3130/4490 2486/3129/4489 2490/3135/4496
s 731
f 2491/3137/4498 2492/3144/4507 2488/3138/4499
s 733
f 2488/3139/4500 2492/3145/4508 2493/3140/4501
s 729
f 2489/3134/4502 2493/3140/4510 2494/3141/4503
s 734
f 2487/3136/4497 2490/3135/4496 2494/3141/4504
s 731
f 2495/3143/4506 2496/3150/4515 2492/3144/4507
s 733
f 2492/3145/4508 2496/3151/4516 2497/3146/4509
s 729
f 2493/3140/4510 2497/3146/4518 2498/3147/4511
s 734
f 2491/3142/4505 2494/3141/4504 2498/3147/4512
s 731
f 2499/3149/4514 2500/3156/4523 2496/3150/4515
s 733
f 2496/3151/4516 2500/3157/4524 2501/3152/4517
s 729
f 2497/3146/4518 2501/3152/4526 2502/3153/4519
s 734
f 2495/3148/4513 2498/3147/4512 2502/3153/4520
s 731
f 2503/3155/4522 2504/3162/4531 2500/3156/4523
s 733
f 2500/3157/4524 2504/3163/4532 2505/3158/4525
s 729
f 2501/3152/4526 2505/3158/4534 2506/3159/4527
s 734
f 2499/3154/4521 2502/3153/4520 2506/3159/4528
s 731
f 2507/3161/4530 2508/3888/5764 2504/3162/4531
s 733
f 2504/3163/4532 2508/3169/4540 2509/3164/4533
s 729
f 2505/3158/4534 2509/3164/5765 2510/3165/4535
s 734
f 2503/3160/4529 2506/3159/4528 2510/3165/4536
s 731
f 2512/3167/4538 2508/3888/5764 2507/3161/4530
s 733
f 2508/3169/4540 2512/3174/4547 2513/3170/4541
s 729
f 2510/3165/4535 2509/3164/5765 2513/3170/4542
s 734
f 2507/3166/4537 2510/3165/4536 2514/3171/4544
s 731
f 2515/3173/4546 2516/3179/4553 2512/3167/4538
s 733
f 2512/3174/4547 2516/3180/4554 2517/3175/4548
s 729
f 2513/3170/4542 2517/3175/4556 2518/3176/4549
s 734
f 2511/3172/4545 2514/3171/4544 2518/3176/4550
s 731
f 2519/3178/4552 2520/3185/4561 2516/3179/4553
s 733
f 2516/3180/4554 2520/3186/4562 2521/3181/4555
s 729
f 2517/3175/4556 2521/3181/4564 2522/3182/4557
s 734
f 2515/3177/4551 2518/3176/4550 2522/3182/4558
s 731
f 2523/3184/4560 2524/3889/5766 2520/3185/4561
s 733
f 2520/3186/4562 2524/3192/4570 2525/3187/4563
s 729
f 2521/3181/4564 2525/3187/5767 2526/3188/4565
s 734
f 2519/3183/4559 2522/3182/4558 2526/3188/4566
s 731
f 2528/3190/4568 2524/3889/5766 2523/3184/4560
s 733
f 2524/3192/4570 2528/3218/4604 2529/3193/4571
s 729
f 2526/3188/4565 2525/3187/5767 2529/3193/4572
s 734
f 2523/3189/4567 2526/3188/4566 2530/3194/4574
s 731
f 2531/3196/4576 2532/3207/4589 2536/3197/4577
s 733
f 2536/3199/4579 2532/3208/4590 2533/3200/4580
s 729
f 2535/3201/4582 2533/3200/4592 2534/3202/4583
s 734
f 2537/3204/4585 2538/3203/4601 2534/3202/4586
s 731
f 2543/3206/4588 2544/3220/4607 2532/3207/4589
s 733
f 2532/3208/4590 2544/3221/4608 2545/3209/4591
s 729
f 2533/3200/4592 2545/3209/4610 2546/3210/4593
s 734
f 2531/3205/4587 2534/3202/4586 2546/3210/4594
s 733
f 2540/3212/4596 2536/3199/4579 2535/3201/4581
s 731
f 2537/3198/4578 2536/3197/4577 2540/3214/4598
s 734
f 2541/3216/4600 2542/3217/4605 2538/3203/4601
s 729
f 2539/3213/4602 2535/3201/4582 2538/3203/4584
s 733
f 2528/3218/4604 2540/3212/4596 2539/3213/4597
s 731
f 2540/3214/4598 2528/3190/4568 2527/3191/4569
s 734
f 2527/3195/4575 2530/3194/4574 2542/3217/4605
s 729
f 2530/3194/4573 2529/3193/4572 2539/3213/4602
s 731
f 2547/3219/4606 2548/3226/4615 2544/3220/4607
s 733
f 2544/3221/4608 2548/3227/4616 2549/3222/4609
s 729
f 2545/3209/4610 2549/3222/4618 2550/3223/4611
s 734
f 2543/3211/4595 2546/3210/4594 2550/3223/4612
s 731
f 2551/3225/4614 2552/3232/4623 2548/3226/4615
s 733
f 2548/3227/4616 2552/3233/2650 2553/3228/4617
s 729
f 2549/3222/4618 2553/3228/4625 2554/3229/4619
s 734
f 2547/3224/4613 2550/3223/4612 2554/3229/4620
s 731
f 2555/3231/4622 2556/3238/4630 2552/3232/4623
s 733
f 2552/3233/2650 2556/3239/4631 2557/3234/4624
s 729
f 2553/3228/4625 2557/3234/4633 2558/3235/4626
s 734
f 2551/3230/4621 2554/3229/4620 2558/3235/4627
s 731
f 2559/3237/4629 2560/3244/4638 2556/3238/4630
s 733
f 2556/3239/4631 2560/3245/4639 2561/3240/4632
s 729
f 2557/3234/4633 2561/3240/4626 2562/3241/4634
s 734
f 2555/3236/4628 2558/3235/4627 2562/3241/4635
s 731
f 2563/3243/4637 2564/3250/4645 2560/3244/4638
s 733
f 2560/3245/4639 2564/3251/4646 2565/3246/4640
s 729
f 2561/3240/4626 2565/3246/4648 2566/3247/4641
s 734
f 2559/3242/4636 2562/3241/4635 2566/3247/4642
s 731
f 2567/3249/4644 2568/3890/5768 2564/3250/4645
s 733
f 2564/3251/4646 2568/3257/4654 2569/3252/4647
s 729
f 2565/3246/4648 2569/3252/5769 2570/3253/4649
s 734
f 2563/3248/4643 2566/3247/4642 2570/3253/4650
s 731
f 2572/3255/4652 2568/3890/5768 2567/3249/4644
s 733
f 2568/3257/4654 2572/3263/4662 2573/3258/4655
s 729
f 2570/3253/4649 2569/3252/5769 2573/3258/4656
s 734
f 2567/3254/4651 2570/3253/4650 2574/3259/4658
s 731
f 2576/3261/4660 2572/3255/4652 2571/3256/4653
s 733
f 2572/3263/4662 2576/3269/4670 2577/3264/4663
s 729
f 2574/3259/4657 2573/3258/4656 2577/3264/4664
s 734
f 2571/3260/4659 2574/3259/4658 2578/3265/4666
s 731
f 2580/3267/4668 2576/3261/4660 2575/3262/4661
s 733
f 2576/3269/4670 2580/3275/4678 2581/3270/4671
s 729
f 2578/3265/4665 2577/3264/4664 2581/3270/4672
s 734
f 2575/3266/4667 2578/3265/4666 2582/3271/4674
s 731
f 2584/3273/4676 2580/3267/4668 2579/3268/4669
s 733
f 2580/3275/4678 2584/3280/4685 2585/3276/4679
s 729
f 2582/3271/4673 2581/3270/4672 2585/3276/4680
s 734
f 2579/3272/4675 2582/3271/4674 2586/3277/4682
s 731
f 2587/3279/4684 2588/3285/4691 2584/3273/4676
s 733
f 2584/3280/4685 2588/3286/4692 2589/3281/4686
s 729
f 2585/3276/4680 2589/3281/4694 2590/3282/4687
s 734
f 2583/3278/4683 2586/3277/4682 2590/3282/4688
s 731
f 2591/3284/4690 2592/3891/5770 2588/3285/4691
s 733
f 2588/3286/4692 2592/3292/4700 2593/3287/4693
s 729
f 2589/3281/4694 2593/3287/5771 2594/3288/4695
s 734
f 2587/3283/4689 2590/3282/4688 2594/3288/4696
s 731
f 2596/3290/4698 2592/3891/5770 2591/3284/4690
s 733
f 2592/3292/4700 2596/3297/4707 2597/3293/4701
s 729
f 2594/3288/4695 2593/3287/5771 2597/3293/4702
s 734
f 2591/3289/4697 2594/3288/4696 2598/3294/4704
s 731
f 2599/3296/4706 2600/3302/4713 2596/3290/4698
s 733
f 2596/3297/4707 2600/3303/4714 2601/3298/4708
s 729
f 2597/3293/4702 2601/3298/4716 2602/3299/4709
s 734
f 2595/3295/4705 2598/3294/4704 2602/3299/4710
s 731
f 2603/3301/4712 2604/3308/4721 2600/3302/4713
s 733
f 2600/3303/4714 2604/3309/4722 2605/3304/4715
s 729
f 2601/3298/4716 2605/3304/4724 2606/3305/4717
s 734
f 2599/3300/4711 2602/3299/4710 2606/3305/4718
s 731
f 2607/3307/4720 2608/3314/4728 2604/3308/4721
s 733
f 2604/3309/4722 2608/3315/4729 2609/3310/4723
s 729
f 2605/3304/4724 2609/3310/4731 2610/3311/4725
s 734
f 2603/3306/4719 2606/3305/4718 2610/3311/2044
s 731
f 2611/3313/4727 2612/3892/5772 2608/3314/4728
s 733
f 2608/3315/4729 2612/3319/4737 2613/3316/4730
s 729
f 2609/3310/4731 2613/3316/5773 2614/3317/4732
s 734
f 2607/3312/4726 2610/3311/2044 2614/3317/4733
s 731
f 2472/3110/4735 2612/3892/5772 2611/3313/4727
s 733
f 2612/3319/4737 2472/3893/4738 2470/3109/4738
s 729
f 2614/3317/4732 2613/3316/5773 2470/3109/4739
s 734
f 2611/3318/4734 2614/3317/4733 2469/3109/4741
s 735
f 2623/3321/4742 2624/3332/4756 2629/3322/4743
s 0
f 2617/3324/1585 2618/3534/1761 2620/3325/1762
s 737
f 2628/3326/4745 2625/3339/4759 2626/3327/4746
s 738
f 2621/3329/4748 2622/3894/4748 2616/3330/4748
s 739
f 2624/3332/4749 2625/3338/4758 2628/3333/4750
s 740
f 2623/3321/4752 2630/3323/4766 2627/3334/4753
s 735
f 2615/3336/4755 2616/3337/5774 2624/3332/4756
s 739
f 2616/3337/4757 2622/3895/4757 2625/3338/4758
s 737
f 2625/3339/4759 2622/3894/5775 2621/3329/4760
s 740
f 2615/3336/4761 2623/3321/4752 2626/3335/4754
s 737
f 2631/3341/4762 2632/3347/4769 2628/3326/4745
s 739
f 2629/3322/4751 2628/3333/4750 2632/3342/4763
s 735
f 2629/3322/4743 2633/3343/4771 2634/3344/4765
s 740
f 2630/3323/4766 2634/3344/4773 2631/3345/4767
s 737
f 2635/3346/4768 2636/3353/4776 2632/3347/4769
s 739
f 2633/3343/4764 2632/3342/4763 2636/3348/4770
s 735
f 2633/3343/4771 2637/3349/4779 2638/3350/4772
s 740
f 2634/3344/4773 2638/3350/4781 2635/3351/4774
s 737
f 2639/3352/4775 2640/3359/4784 2636/3353/4776
s 739
f 2637/3349/4770 2636/3348/4770 2640/3354/4777
s 735
f 2637/3349/4779 2641/3355/4787 2642/3356/4780
s 740
f 2638/3350/4781 2642/3356/4789 2639/3357/4782
s 737
f 2643/3358/4783 2644/3365/4792 2640/3359/4784
s 739
f 2641/3355/4778 2640/3354/4777 2644/3360/4785
s 735
f 2641/3355/4787 2645/3361/4795 2646/3362/4788
s 740
f 2642/3356/4789 2646/3362/4797 2643/3363/4790
s 737
f 2647/3364/4791 2648/3371/4800 2644/3365/4792
s 739
f 2645/3361/4786 2644/3360/4785 2648/3366/4793
s 735
f 2645/3361/4795 2649/3367/4803 2650/3368/4796
s 740
f 2646/3362/4797 2650/3368/4805 2647/3369/4798
s 737
f 2651/3370/4799 2652/3377/4808 2648/3371/4800
s 739
f 2649/3367/4794 2648/3366/4793 2652/3372/4801
s 735
f 2649/3367/4803 2653/3373/4811 2654/3374/4804
s 740
f 2650/3368/4805 2654/3374/4813 2651/3375/4806
s 737
f 2655/3376/4807 2656/3896/5776 2652/3377/4808
s 739
f 2653/3373/4802 2652/3372/4801 2656/3378/4809
s 735
f 2653/3373/4811 2657/3379/5777 2658/3380/4812
s 740
f 2654/3374/4813 2658/3380/4821 2655/3381/4814
s 737
f 2660/3382/4815 2656/3896/5776 2655/3376/4807
s 739
f 2657/3379/4810 2656/3378/4809 2660/3384/4817
s 735
f 2658/3380/4812 2657/3379/5777 2661/3385/4819
s 740
f 2658/3380/4821 2662/3386/4827 2659/3387/4822
s 737
f 2663/3388/4823 2664/3394/4830 2660/3382/4815
s 739
f 2661/3385/4818 2660/3384/4817 2664/3389/4824
s 735
f 2661/3385/4819 2665/3390/4833 2666/3391/4826
s 740
f 2662/3386/4827 2666/3391/4835 2663/3392/4828
s 737
f 2667/3393/4829 2668/3400/4838 2664/3394/4830
s 739
f 2665/3390/4825 2664/3389/4824 2668/3395/4831
s 735
f 2665/3390/4833 2669/3396/4841 2670/3397/4834
s 740
f 2666/3391/4835 2670/3397/4843 2667/3398/4836
s 737
f 2671/3399/4837 2672/3897/5778 2668/3400/4838
s 739
f 2669/3396/4832 2668/3395/4831 2672/3401/4839
s 735
f 2669/3396/4841 2673/3402/5779 2674/3403/4842
s 740
f 2670/3397/4843 2674/3403/4851 2671/3404/4844
s 737
f 2676/3405/4845 2672/3897/5778 2671/3399/4837
s 739
f 2673/3402/4840 2672/3401/4839 2676/3407/4847
s 735
f 2674/3403/4842 2673/3402/5779 2677/3408/4849
s 740
f 2674/3403/4851 2678/3409/4881 2675/3410/4852
s 737
f 2679/3411/4853 2680/3422/4865 2684/3412/4854
s 739
f 2683/3414/4856 2684/3428/4873 2680/3415/4857
s 735
f 2683/3414/4858 2681/3416/4868 2682/3417/4859
s 740
f 2686/3418/4861 2682/3417/4870 2679/3419/4862
s 737
f 2691/3421/4864 2692/3435/4883 2680/3422/4865
s 739
f 2681/3416/2512 2680/3415/4857 2692/3423/4866
s 735
f 2681/3416/4868 2693/3424/4886 2694/3425/4869
s 740
f 2682/3417/4870 2694/3425/4888 2691/3426/4871
s 739
f 2687/3427/4872 2688/3433/4880 2684/3428/4873
s 737
f 2685/3413/4855 2684/3412/4854 2688/3429/4874
s 740
f 2690/3431/4876 2686/3418/4861 2685/3420/4863
s 735
f 2687/3427/4878 2683/3414/4858 2686/3418/4860
s 739
f 2677/3408/4848 2676/3407/4847 2688/3433/4880
s 737
f 2688/3429/4874 2676/3405/4845 2675/3406/4846
s 740
f 2678/3409/4881 2690/3431/4876 2689/3432/4877
s 735
f 2678/3409/4850 2677/3408/4849 2687/3427/4878
s 737
f 2695/3434/4882 2696/3898/5780 2692/3435/4883
s 739
f 2693/3424/4867 2692/3423/4866 2696/3436/4884
s 735
f 2693/3424/4886 2697/3437/5781 2698/3438/4887
s 740
f 2694/3425/4888 2698/3438/4896 2695/3439/4889
s 737
f 2700/3440/4890 2696/3898/5780 2695/3434/4882
s 739
f 2697/3437/4885 2696/3436/4884 2700/3442/4892
s 735
f 2698/3438/4887 2697/3437/5781 2701/3443/4894
s 740
f 2698/3438/4896 2702/3444/4902 2699/3445/4897
s 737
f 2703/3446/4898 2704/3452/4905 2700/3440/4890
s 739
f 2701/3443/4893 2700/3442/4892 2704/3447/4899
s 735
f 2701/3443/4894 2705/3448/4908 2706/3449/4901
s 740
f 2702/3444/4902 2706/3449/4910 2703/3450/4903
s 737
f 2707/3451/4904 2708/3458/4913 2704/3452/4905
s 739
f 2705/3448/4900 2704/3447/4899 2708/3453/4906
s 735
f 2705/3448/4908 2709/3454/4916 2710/3455/4909
s 740
f 2706/3449/4910 2710/3455/4917 2707/3456/4911
s 737
f 2711/3457/4912 2712/3464/4920 2708/3458/4913
s 739
f 2709/3454/4907 2708/3453/4906 2712/3459/4914
s 735
f 2709/3454/4916 2713/3460/4923 2714/3461/4909
s 740
f 2710/3455/4917 2714/3461/4925 2711/3462/4918
s 737
f 2715/3463/4919 2716/3899/5782 2712/3464/4920
s 739
f 2713/3460/4915 2712/3459/4914 2716/3465/4921
s 735
f 2713/3460/4923 2717/3466/5783 2718/3467/4924
s 740
f 2714/3461/4925 2718/3467/4933 2715/3468/4926
s 737
f 2720/3469/4927 2716/3899/5782 2715/3463/4919
s 739
f 2717/3466/4922 2716/3465/4921 2720/3471/4929
s 735
f 2718/3467/4924 2717/3466/5783 2721/3472/4931
s 740
f 2718/3467/4933 2722/3473/4941 2719/3474/4934
s 737
f 2724/3475/4935 2720/3469/4927 2719/3470/4928
s 739
f 2721/3472/4930 2720/3471/4929 2724/3477/4937
s 735
f 2722/3473/4932 2721/3472/4931 2725/3478/4939
s 740
f 2722/3473/4941 2726/3479/4949 2723/3480/4942
s 737
f 2728/3481/4943 2724/3475/4935 2723/3476/4936
s 739
f 2725/3478/4938 2724/3477/4937 2728/3483/4945
s 735
f 2726/3479/4940 2725/3478/4939 2729/3484/4947
s 740
f 2726/3479/4949 2730/3485/4957 2727/3486/4950
s 737
f 2732/3487/4951 2728/3481/4943 2727/3482/4944
s 739
f 2729/3484/4946 2728/3483/4945 2732/3489/4953
s 735
f 2730/3485/4948 2729/3484/4947 2733/3490/4955
s 740
f 2730/3485/4957 2734/3491/4963 2731/3492/4958
s 737
f 2735/3493/4959 2736/3499/4966 2732/3487/4951
s 739
f 2733/3490/4954 2732/3489/4953 2736/3494/4960
s 735
f 2733/3490/4955 2737/3495/4969 2738/3496/4962
s 740
f 2734/3491/4963 2738/3496/4971 2735/3497/4964
s 737
f 2739/3498/4965 2740/3900/5784 2736/3499/4966
s 739
f 2737/3495/4961 2736/3494/4960 2740/3500/4967
s 735
f 2737/3495/4969 2741/3501/5785 2742/3502/4970
s 740
f 2738/3496/4971 2742/3502/4979 2739/3503/4972
s 737
f 2744/3504/4973 2740/3900/5784 2739/3498/4965
s 739
f 2741/3501/4968 2740/3500/4967 2744/3506/4975
s 735
f 2742/3502/4970 2741/3501/5785 2745/3507/4977
s 740
f 2742/3502/4979 2746/3508/4985 2743/3509/4980
s 737
f 2747/3510/4981 2748/3516/4988 2744/3504/4973
s 739
f 2745/3507/4976 2744/3506/4975 2748/3511/4982
s 735
f 2745/3507/4977 2749/3512/4991 2750/3513/4984
s 740
f 2746/3508/4985 2750/3513/4993 2747/3514/4986
s 737
f 2751/3515/4987 2752/3522/4996 2748/3516/4988
s 739
f 2749/3512/4983 2748/3511/4982 2752/3517/4989
s 735
f 2749/3512/4991 2753/3518/4999 2754/3519/4992
s 740
f 2750/3513/4993 2754/3519/5001 2751/3520/4994
s 737
f 2755/3521/4995 2756/3901/5786 2752/3522/4996
s 739
f 2753/3518/4990 2752/3517/4989 2756/3523/4997
s 735
f 2753/3518/4999 2757/3524/5787 2758/3525/5000
s 740
f 2754/3519/5001 2758/3525/5009 2755/3526/5002
s 737
f 2760/3527/5003 2756/3901/5786 2755/3521/4995
s 739
f 2757/3524/4998 2756/3523/4997 2760/3529/5005
s 735
f 2758/3525/5000 2757/3524/5787 2761/3530/5007
s 740
f 2758/3525/5009 2762/3531/5014 2759/3532/5010
s 737
f 2619/3325/5011 2620/3325/1597 2760/3527/5003
s 739
f 2761/3530/5006 2760/3529/5005 2620/3533/5012
s 735
f 2762/3531/5008 2761/3530/5007 2618/3534/5013
s 740
f 2762/3531/5014 2617/3324/5015 2619/3535/5015
s 741
f 2772/3536/5016 2777/3549/5040 2778/3537/5017
s 0
f 2765/3539/1585 2766/3539/1583 2768/3540/1584
s 743
f 2775/3542/5019 2776/3557/5037 2773/3543/5020
s 744
f 2770/3545/5022 2764/3902/5022 2763/3546/5022
s 745
f 2773/3548/5023 2776/3558/5038 2777/3549/5024
s 746
f 2774/3550/5026 2771/3538/5035 2778/3537/5027
s 741
f 2764/3552/5029 2772/3536/5016 2771/3538/5018
s 745
f 2770/3554/5031 2773/3548/5023 2772/3536/5025
s 743
f 2774/3544/5021 2773/3543/5020 2770/3545/5032
s 746
f 2769/3555/5034 2763/3553/5034 2771/3538/5035
s 743
f 2779/3556/5036 2780/3563/5045 2776/3557/5037
s 745
f 2776/3558/5038 2780/3564/5046 2781/3559/5039
s 741
f 2777/3549/5040 2781/3559/5048 2782/3560/5041
s 746
f 2775/3551/5028 2778/3537/5027 2782/3560/5042
s 743
f 2783/3562/5044 2784/3569/5053 2780/3563/5045
s 745
f 2780/3564/5046 2784/3570/5054 2785/3565/5047
s 741
f 2781/3559/5048 2785/3565/5056 2786/3566/5049
s 746
f 2779/3561/5043 2782/3560/5042 2786/3566/5050
s 743
f 2787/3568/5052 2788/3575/5061 2784/3569/5053
s 745
f 2784/3570/5054 2788/3576/5062 2789/3571/5055
s 741
f 2785/3565/5056 2789/3571/5064 2790/3572/5057
s 746
f 2783/3567/5051 2786/3566/5050 2790/3572/5058
s 743
f 2791/3574/5060 2792/3581/5068 2788/3575/5061
s 745
f 2788/3576/5062 2792/3582/5069 2793/3577/5063
s 741
f 2789/3571/5064 2793/3577/5071 2794/3578/5065
s 746
f 2787/3573/5059 2790/3572/5058 2794/3578/750
s 743
f 2795/3580/5067 2796/3587/5076 2792/3581/5068
s 745
f 2792/3582/5069 2796/3588/5077 2797/3583/5070
s 741
f 2793/3577/5071 2797/3583/5079 2798/3584/5072
s 746
f 2791/3579/5066 2794/3578/750 2798/3584/5073
s 743
f 2799/3586/5075 2800/3593/5084 2796/3587/5076
s 745
f 2796/3588/5077 2800/3594/5085 2801/3589/5078
s 741
f 2797/3583/5079 2801/3589/5087 2802/3590/5080
s 746
f 2795/3585/5074 2798/3584/5073 2802/3590/5081
s 743
f 2803/3592/5083 2804/3903/5788 2800/3593/5084
s 745
f 2800/3594/5085 2804/3600/5093 2805/3595/5086
s 741
f 2801/3589/5087 2805/3595/5789 2806/3596/5088
s 746
f 2799/3591/5082 2802/3590/5081 2806/3596/5089
s 743
f 2808/3598/5091 2804/3903/5788 2803/3592/5083
s 745
f 2804/3600/5093 2808/3605/5100 2809/3601/5094
s 741
f 2806/3596/5088 2805/3595/5789 2809/3601/5095
s 746
f 2803/3597/5090 2806/3596/5089 2810/3602/5097
s 743
f 2811/3604/5099 2812/3610/5106 2808/3598/5091
s 745
f 2808/3605/5100 2812/3611/5107 2813/3606/5101
s 741
f 2809/3601/5095 2813/3606/5109 2814/3607/5102
s 746
f 2807/3603/5098 2810/3602/5097 2814/3607/5103
s 743
f 2815/3609/5105 2816/3616/5114 2812/3610/5106
s 745
f 2812/3611/5107 2816/3617/5115 2817/3612/5108
s 741
f 2813/3606/5109 2817/3612/5117 2818/3613/5110
s 746
f 2811/3608/5104 2814/3607/5103 2818/3613/5111
s 743
f 2819/3615/5113 2820/3904/5790 2816/3616/5114
s 745
f 2816/3617/5115 2820/3623/5123 2821/3618/5116
s 741
f 2817/3612/5117 2821/3618/5791 2822/3619/5118
s 746
f 2815/3614/5112 2818/3613/5111 2822/3619/5119
s 743
f 2824/3621/5121 2820/3904/5790 2819/3615/5113
s 745
f 2820/3623/5123 2824/3649/5156 2825/3624/5124
s 741
f 2822/3619/5118 2821/3618/5791 2825/3624/5125
s 746
f 2819/3620/5120 2822/3619/5119 2826/3625/5127
s 743
f 2827/3627/5128 2828/3638/5141 2832/3628/5129
s 745
f 2832/3630/5131 2828/3639/5142 2829/3631/5132
s 741
f 2831/3632/5134 2829/3631/5144 2830/3633/5135
s 746
f 2833/3635/5137 2834/3634/5153 2830/3633/5138
s 743
f 2839/3637/5140 2840/3651/5159 2828/3638/5141
s 745
f 2828/3639/5142 2840/3652/5160 2841/3640/5143
s 741
f 2829/3631/5144 2841/3640/5162 2842/3641/5145
s 746
f 2827/3636/5139 2830/3633/5138 2842/3641/5146
s 745
f 2836/3643/5148 2832/3630/5131 2831/3632/5133
s 743
f 2833/3629/5130 2832/3628/5129 2836/3645/5150
s 746
f 2837/3647/5152 2838/3648/5157 2834/3634/5153
s 741
f 2835/3644/5154 2831/3632/5134 2834/3634/5136
s 745
f 2824/3649/5156 2836/3643/5148 2835/3644/5149
s 743
f 2836/3645/5150 2824/3621/5121 2823/3622/5122
s 746
f 2823/3626/460 2826/3625/5127 2838/3648/5157
s 741
f 2826/3625/5126 2825/3624/5125 2835/3644/5154
s 743
f 2843/3650/5158 2844/3657/5167 2840/3651/5159
s 745
f 2840/3652/5160 2844/3658/5168 2845/3653/5161
s 741
f 2841/3640/5162 2845/3653/5170 2846/3654/5163
s 746
f 2839/3642/5147 2842/3641/5146 2846/3654/5164
s 743
f 2847/3656/5166 2848/3663/5175 2844/3657/5167
s 745
f 2844/3658/5168 2848/3664/5176 2849/3659/5169
s 741
f 2845/3653/5170 2849/3659/5178 2850/3660/5171
s 746
f 2843/3655/5165 2846/3654/5164 2850/3660/5172
s 743
f 2851/3662/5174 2852/3669/5183 2848/3663/5175
s 745
f 2848/3664/5176 2852/3670/5184 2853/3665/5177
s 741
f 2849/3659/5178 2853/3665/5186 2854/3666/5179
s 746
f 2847/3661/5173 2850/3660/5172 2854/3666/5180
s 743
f 2855/3668/5182 2856/3675/5191 2852/3669/5183
s 745
f 2852/3670/5184 2856/3676/5192 2857/3671/5185
s 741
f 2853/3665/5186 2857/3671/5194 2858/3672/5187
s 746
f 2851/3667/5181 2854/3666/5180 2858/3672/5188
s 743
f 2859/3674/5190 2860/3681/5199 2856/3675/5191
s 745
f 2856/3676/5192 2860/3682/5200 2861/3677/5193
s 741
f 2857/3671/5194 2861/3677/5202 2862/3678/5195
s 746
f 2855/3673/5189 2858/3672/5188 2862/3678/5196
s 743
f 2863/3680/5198 2864/3905/5792 2860/3681/5199
s 745
f 2860/3682/5200 2864/3688/5207 2865/3683/5201
s 741
f 2861/3677/5202 2865/3683/5793 2866/3684/5203
s 746
f 2862/3678/5196 2866/3684/5794 2863/3685/5204
s 743
f 2868/3686/5205 2864/3905/5792 2863/3680/5198
s 745
f 2864/3688/5207 2868/3694/5215 2869/3689/5208
s 741
f 2866/3684/5203 2865/3683/5793 2869/3689/5209
s 746
f 2863/3685/5204 2866/3684/5794 2870/3690/5211
s 743
f 2872/3692/5213 2868/3686/5205 2867/3687/5206
s 745
f 2868/3694/5215 2872/3700/5222 2873/3695/1958
s 741
f 2870/3690/5210 2869/3689/5209 2873/3695/5216
s 746
f 2867/3691/5212 2870/3690/5211 2874/3696/5218
s 743
f 2876/3698/5220 2872/3692/5213 2871/3693/5214
s 745
f 2872/3700/5222 2876/3706/5230 2877/3701/5223
s 741
f 2874/3696/5217 2873/3695/5216 2877/3701/5224
s 746
f 2871/3697/5219 2874/3696/5218 2878/3702/5226
s 743
f 2880/3704/5228 2876/3698/5220 2875/3699/5221
s 745
f 2876/3706/5230 2880/3711/5237 2881/3707/5231
s 741
f 2878/3702/5225 2877/3701/5224 2881/3707/5232
s 746
f 2875/3703/5227 2878/3702/5226 2882/3708/5234
s 743
f 2883/3710/5236 2884/3716/5243 2880/3704/5228
s 745
f 2880/3711/5237 2884/3717/5244 2885/3712/5238
s 741
f 2881/3707/5232 2885/3712/5246 2886/3713/5239
s 746
f 2879/3709/5235 2882/3708/5234 2886/3713/5240
s 743
f 2887/3715/5242 2888/3906/5795 2884/3716/5243
s 745
f 2884/3717/5244 2888/3723/5252 2889/3718/5245
s 741
f 2885/3712/5246 2889/3718/5796 2890/3719/5247
s 746
f 2883/3714/5241 2886/3713/5240 2890/3719/5248
s 743
f 2892/3721/5250 2888/3906/5795 2887/3715/5242
s 745
f 2888/3723/5252 2892/3728/5259 2893/3724/5253
s 741
f 2890/3719/5247 2889/3718/5796 2893/3724/5254
s 746
f 2887/3720/5249 2890/3719/5248 2894/3725/5256
s 743
f 2895/3727/5258 2896/3733/5265 2892/3721/5250
s 745
f 2892/3728/5259 2896/3734/5266 2897/3729/5260
s 741
f 2893/3724/5254 2897/3729/5268 2898/3730/5261
s 746
f 2891/3726/5257 2894/3725/5256 2898/3730/5262
s 743
f 2899/3732/5264 2900/3739/5273 2896/3733/5265
s 745
f 2896/3734/5266 2900/3740/5274 2901/3735/5267
s 741
f 2897/3729/5268 2901/3735/5276 2902/3736/5269
s 746
f 2895/3731/5263 2898/3730/5262 2902/3736/5270
s 743
f 2903/3738/5272 2904/3745/5281 2900/3739/5273
s 745
f 2900/3740/5274 2904/3746/5282 2905/3741/5275
s 741
f 2901/3735/5276 2905/3741/5284 2906/3742/5277
s 746
f 2899/3737/5271 2902/3736/5270 2906/3742/5278
s 743
f 2907/3744/5280 2908/3750/5289 2904/3745/5281
s 745
f 2904/3746/5282 2908/3751/5290 2909/3747/5283
s 741
f 2905/3741/5284 2909/3747/5797 2910/3748/5285
s 746
f 2903/3743/5279 2906/3742/5278 2910/3748/5286
s 743
f 2767/3541/5288 2768/3540/1597 2908/3750/5289
s 745
f 2908/3751/5290 2768/3907/5291 2766/3539/5291
s 741
f 2910/3748/5285 2909/3747/5797 2766/3539/5292
s 746
f 2907/3749/5287 2910/3748/5286 2765/3539/5293
s 747
f 2933/3753/5294 2924/3775/5313 2925/3754/5295
s 748
f 2922/3756/1487 2914/3801/5297 2916/3757/5297
s 749
f 2927/3759/5298 2930/3794/5333 2931/3760/5299
s 750
f 2920/3762/5301 2918/3827/5302 2912/3763/5302
s 751
f 2925/3754/5304 2926/3835/5384 2931/3765/5305
s 752
f 2928/3766/5307 2923/3776/5798 2934/3767/5308
s 750
f 2920/3762/5301 2919/3764/5303 2911/3769/5309
s 749
f 2929/3771/5310 2930/3794/5333 2927/3759/5298
s 748
f 2922/3756/1487 2921/3758/1579 2915/3773/5312
s 747
f 2924/3775/5313 2933/3753/5294 2934/3767/5314
f 2959/3777/5316 2982/3838/5388 2983/3778/5317
f 2991/3780/5319 2992/3836/5385 2953/3781/5320
s 751
f 2961/3783/5322 2962/3842/5391 2957/3784/5323
s 749
f 2963/3786/5325 2956/3832/5381 2957/3787/5326
f 2955/3789/5328 2956/3832/5381 2963/3786/5325
s 752
f 2959/3777/5330 2954/3779/5799 2955/3791/5331
s 749
f 2935/3793/5332 2936/3799/5340 2930/3794/5333
f 2930/3794/5333 2936/3799/5340 2937/3795/5334
s 751
f 2931/3765/5305 2937/3800/5342 2938/3796/5335
s 747
f 2938/3796/5336 2939/3802/5344 2933/3753/5294
f 2933/3753/5294 2939/3802/5344 2940/3797/5337
s 752
f 2934/3767/5308 2940/3797/5348 2935/3798/5338
s 749
f 2915/3773/5339 2921/3758/5800 2936/3799/5340
f 2936/3799/5340 2921/3758/5800 2916/3757/5341
s 751
f 2937/3800/5342 2916/3908/5343 2914/3801/5343
s 747
f 2939/3802/5344 2938/3796/5336 2914/3801/5345
f 2939/3802/5344 2922/3756/5346 2913/3774/5347
s 752
f 2940/3797/5348 2913/3774/5349 2915/3803/5349
s 747
f 2947/3804/5350 2978/3821/5368 2979/3805/5351
f 2988/3807/5353 2942/3857/5407 2948/3808/5354
s 751
f 2950/3810/5356 2944/3858/5408 2943/3811/5357
s 749
f 2950/3813/5359 2951/3826/5372 2945/3814/5360
f 2945/3814/5360 2951/3826/5372 2952/3816/5362
s 752
f 2952/3818/5364 2947/3804/5377 2941/3806/5365
s 747
f 2912/3823/5370 2986/3825/5411 2987/3809/5355
f 2987/3809/5355 2948/3808/5354 2919/3822/5369
s 751
f 2986/3825/5371 2912/3823/5801 2918/3824/5371
f 2918/3824/5371 2950/3810/5356 2949/3812/5358
s 749
f 2951/3826/5372 2950/3813/5359 2918/3827/5373
f 2951/3826/5372 2920/3762/5374 2917/3770/5375
s 752
f 2952/3818/5364 2917/3909/5376 2911/3828/5376
f 2911/3828/5376 2977/3820/5802 2947/3804/5377
f 2955/3791/5331 2954/3779/5799 2984/3829/5379
s 749
f 2985/3831/5380 2928/3772/5311 2927/3759/5298
f 2927/3759/5298 2956/3832/5381 2955/3789/5328
f 2994/3833/5382 2957/3787/5326 2956/3832/5381
f 2956/3832/5381 2927/3759/5298 2926/3761/5300
s 751
f 2993/3834/5383 2994/3910/5383 2926/3835/5384
s 747
f 2993/3834/5386 2925/3754/5295 2924/3775/5313
f 2924/3775/5313 2953/3781/5320 2992/3836/5385
f 2965/3837/5387 2981/3859/5409 2982/3838/5388
f 2990/3839/5389 2991/3780/5319 2960/3782/5321
s 751
f 2967/3841/4871 2968/3852/5402 2962/3842/5391
s 749
f 2969/3843/5392 2963/3786/5325 2962/3788/5327
f 2964/3790/5329 2963/3786/5325 2969/3843/5392
s 752
f 2965/3837/5395 2959/3777/5330 2964/3792/5330
s 747
f 2980/3847/5397 2981/3859/5409 2965/3837/5387
f 2989/3849/5399 2990/3839/5389 2966/3840/5390
s 751
f 2973/3851/5401 2974/3911/5803 2968/3852/5402
s 749
f 2975/3853/5403 2969/3843/5392 2968/3844/5393
f 2970/3845/5394 2969/3843/5392 2975/3853/5403
s 752
f 2976/3856/5406 2971/3848/5804 2965/3837/5395
s 747
f 2979/3805/5351 2980/3847/5397 2971/3848/5398
f 2988/3807/5353 2989/3849/5399 2972/3850/5400
s 751
f 2944/3858/5408 2974/3911/5803 2973/3851/5401
s 749
f 2944/3815/5361 2945/3814/5360 2975/3853/5403
f 2976/3855/5405 2975/3853/5403 2945/3814/5360
s 752
f 2941/3806/5365 2971/3848/5804 2976/3856/5406
s 747
f 2977/3820/5367 2911/3828/5805 2919/3822/5369
f 2919/3822/5369 2948/3808/5354 2978/3821/5368
f 2979/3805/5351 2978/3821/5368 2948/3808/5354
f 2979/3805/5351 2942/3857/5407 2972/3850/5400
f 2980/3847/5397 2972/3850/5400 2966/3840/5390
f 2981/3859/5409 2966/3840/5390 2960/3782/5321
f 2982/3838/5388 2960/3782/5321 2953/3781/5320
f 2923/3776/5315 2984/3829/5378 2983/3778/5317
f 2983/3778/5317 2953/3781/5320 2924/3775/5313
s 752
f 2984/3829/5379 2923/3776/5798 2928/3766/5307
s 747
f 2988/3807/5353 2987/3809/5355 2949/3812/5410
f 2989/3849/5399 2988/3807/5353 2943/3811/5412
f 2967/3841/5414 2990/3839/5389 2989/3849/5399
f 2961/3783/5415 2991/3780/5319 2990/3839/5389
f 2992/3836/5385 2991/3780/5319 2961/3783/5415
s 751
f 2957/3784/5323 2994/3910/5383 2993/3834/5383
